Index,Quelle,Projektname,Webseite-Link,Organisation,Status,Kurzzusammenfassung,Lizenz,Lizenz-Organisation
0,https://codefor.de/projekte/2018-24-11-1000-lorawan-nodes-im-laendlichen-raum/,1000 LoRaWAN Nodes im ländlichen Raum von Schleswig-Holstein,https://codefor.de/projekte/2018-24-11-1000-lorawan-nodes-im-laendlichen-raum/,"OK Lab Kreis Schleswig-Flensburg, Code for Germany",In Planung,"Aufbau einer Schleswig-Holstein-weiten flächendeckenden Versorgung mit LoRaWAN-Technologie, welche durch vorausgehende Installation einer ausreichenden Anzahl von Gateways und anschließender …",CC-BY 4.0,https://codefor.de
1,https://codefor.de/projekte/fl-open-data-day/,2. Open Data Day in Flensburg,https://codefor.de/projekte/fl-open-data-day/,"OK Lab Flensburg, Code for Germany",In Planung,"Zum zweiten Mal nimmt das OK Lab Flensburg am weltweit stattfindenden Open Data Day teil und lädt alle Interessierten zu Workshops, Präsentationen sowie einem offenen Austausch und Networking ein. Wir …",CC-BY 4.0,https://codefor.de
2,https://codefor.de/projekte/chartchallenge/,30 Day Chart Challenge Bielefeld,https://codefor.de/projekte/chartchallenge/,"Code for Bielefeld, Code for Germany",In Planung,"Unter dem Hashtag #30DayChartChallenge teilen weltweit Designer:innen, Data Scientists, Journalist:innen, … jeden Tag im April eine Grafik. Jeder Tag hat ein Motto, zum Beispiel “Anteile”, …",CC-BY 4.0,https://codefor.de
3,https://codefor.de/projekte/abschiebungen/,Abschiebungen,https://codefor.de/projekte/abschiebungen/,"OK Lab Berlin, Code for Germany",Unbekannt,"2012 wurden in Deutschland 6919 Menschen auf dem Luftweg, 722 Menschen auf dem Landweg und 10 Menschen auf dem Seeweg abgeschoben. 3037 Menschen wurden in andere EU-Länder überstellt, darunter 456 …",CC-BY 4.0,https://codefor.de
4,https://codefor.de/projekte/accessmap/,Access Map,https://codefor.de/projekte/accessmap/,"OK Lab Berlin, Code for Germany",Unbekannt,Little project that aims at raising awareness for accessibility in public transport systems. It uses a simple slider to visualize how the public transport system looks like if all the non-accessible …,CC-BY 4.0,https://codefor.de
5,https://codefor.de/projekte/bn-air-quality-box/,Air Quality Box – Feinstaub und mehr messen,https://codefor.de/projekte/bn-air-quality-box/,"OK Lab Bonn-Rhein-Sieg, Code for Germany",In Planung,"Was ist die Air-Quality-Box? Auch Bonn hat ein Problem mit seiner Luftqualität. Leider gibt es bei uns nur eine einzige, offizielle Messstation für ganz Bonn und die steht auch noch am Stadtrand. Mit …",CC-BY 4.0,https://codefor.de
6,https://codefor.de/projekte/altglas/,Altglas Container,https://codefor.de/projekte/altglas/,"OK Lab Berlin, Code for Germany",In Planung,"Die Anwendungen zeigen die Positionen von Altglas-Containern auf einer Karte.
Die erste Version zeigt die Altglas-Container in Berlin Charlottenburg-Wilmersdorf. Hoffentlich veröffentlichen bald auch …",CC-BY 4.0,https://codefor.de
7,https://codefor.de/projekte/le-drl-amikeco/,Amikeco,https://codefor.de/projekte/le-drl-amikeco/,"OK Lab Leipzig, Code for Germany",In Betrieb,"Plattform, um Gleichgesinnte für allerlei Arten von Aktivitäten zu finden.
Amikeco ist das Esperanto-Wort für “Freundschaft”. Refugees und anderweitig Zugezogene haben oft das Problem, …",CC-BY 4.0,https://codefor.de
8,https://codefor.de/projekte/da-ars-tool/,ARS-Tool,https://codefor.de/projekte/da-ars-tool/,Code for Germany,In Planung,"Der Amtliche Regionalschlüssel (ARS) definiert eine eindeutige ID für jedes verwaltungspolitische Gebiet in Deutschland (Stadt, Gemeinde, Landkreis, Bundesland, etc.). Der ARS erweitert den Amtlichen …",CC-BY 4.0,https://codefor.de
9,https://codefor.de/projekte/aufbau-ostberlin/,Aufbau Ostberlin,https://codefor.de/projekte/aufbau-ostberlin/,"OK Lab Berlin, Code for Germany",In Planung,Unser digitaler Architekturführer arbeitet mit einem Datensatz aus dem Nachlass der Fotografin Gisela Dutschmann. Diese war 37 Jahre lang am Ostberliner Fotoarchiv mit der Dokumentation der …,CC-BY 4.0,https://codefor.de
10,https://codefor.de/projekte/2018-23-09-aufbau-von-lorawan-gateways-im-laendlichen-raum/,Aufbau von LoRaWAN Gateways im ländlichen Raum,https://codefor.de/projekte/2018-23-09-aufbau-von-lorawan-gateways-im-laendlichen-raum/,"OK Lab Kreis Schleswig-Flensburg, Code for Germany",In Planung,"Wir ermöglichen mit dem Aufbau von LoRaWAN Gateways in Schleswig-Holstein anderen Projekten, Firmen, Kommunen und der Landwirtschaft den Zugang zum größten IoT Netzwerk. Durch diese Gateways wird es …",CC-BY 4.0,https://codefor.de
11,https://codefor.de/projekte/badeseen-berlin/,Baden in Berlin,https://codefor.de/projekte/badeseen-berlin/,"OK Lab Berlin, Code for Germany",Unbekannt,"Die Badesaison hat eröffnet! Erfahre, wo gebadet werden kann und wie die Wasserqualität an den einzelnen Badestellen ist.",CC-BY 4.0,https://codefor.de
12,https://codefor.de/projekte/badeseen-hessen/,Badeseen in Hessen,https://codefor.de/projekte/badeseen-hessen/,"OK Lab Gießen, Code for Germany",In Betrieb,"Die App soll einen Überblick über alle Badeseen in Hessen bieten. Seien es aktuelle oder historische Messwerte, die Qualitätseinstufung der EU oder andere hilfreiche Informationen, wie das …",CC-BY 4.0,https://codefor.de
13,https://codefor.de/projekte/fl-open-bath-map/,Badestellenkarte Schleswig-Holstein,https://codefor.de/projekte/fl-open-bath-map/,"OK Lab Flensburg, Code for Germany",In Planung,"Die Badestellenkarte Schleswig-Holstein ist eine offene, webbasierte Kartenanwendung, die Badestellen und wassernahe Points of Interest in Schleswig-Holstein übersichtlich auf einer interaktiven Karte …",CC-BY 4.0,https://codefor.de
14,https://codefor.de/projekte/pricemap-eu/,Bahn- und Buspreiskarte,https://codefor.de/projekte/pricemap-eu/,"OK Lab Berlin, Code for Germany",In Planung,Preiskarte für Bahn- und Busreisen in Europa: Zeigt die günstigsten Verbindungen in viele europäische Städte.,CC-BY 4.0,https://codefor.de
15,https://codefor.de/projekte/bahn-guru/,Bahn-Guru,https://codefor.de/projekte/bahn-guru/,"OK Lab Berlin, Code for Germany",In Planung,Preiskalender für den Bahn-Fernverkehr: Zeigt die täglich günstigste Zugverbindung auf der gewählten Strecke für die kommenden Wochen.,CC-BY 4.0,https://codefor.de
16,https://codefor.de/projekte/baumbie_bielefeld/,BaumBie,https://codefor.de/projekte/baumbie_bielefeld/,"Code for Bielefeld, Code for Germany",In Planung,"BaumBie bringt Menschen mit der Natur in Verbindung. Die interaktive Karte zeigt Bäume an und bringt sie zum Sprechen. Für jeden Baum zeigt die App grundlegende Informationen an, etwa Alter, Baumart …",CC-BY 4.0,https://codefor.de
17,https://codefor.de/projekte/le-baumfilter/,Baumfilter,https://codefor.de/projekte/le-baumfilter/,"OK Lab Leipzig, Code for Germany",In Betrieb,"Auf dieser Webseite kannst Du Dich über die Straßenbäume in Leipzig informieren.
Die Bäume können nach Stadtteil oder für komplett Leipzig angezeigt werden. Die Anzeige lässt sich über die …",CC-BY 4.0,https://codefor.de
18,https://codefor.de/projekte/magdeburg-baumfreunde-md/,Baumfreunde-MD,https://codefor.de/projekte/magdeburg-baumfreunde-md/,"OK Lab Magdeburg, Code for Germany",In Planung,"Das Projekt “Baumfreunde-MD” informiert über aktuelle Baumfällungen der Landeshauptstadt Magdeburg. Diese Informationen werden offiziell auf der Homepage der Stadt veröffentlicht, sind …",CC-BY 4.0,https://codefor.de
19,https://codefor.de/projekte/cologne-baumkataster/,Baumkataster Köln Editor,https://codefor.de/projekte/cologne-baumkataster/,"OK Lab Köln, Code for Germany",In Betrieb,Mit dieser Web Anwendung könnt Ihr das Baumkataster der Stadt Köln pflegen. Das zugrunde liegende Baumkataster der Stadt Köln ist ein freier Datensatz (CC BY 3.0 DE) der Stadt vom Juni 2020. Leider …,CC-BY 4.0,https://codefor.de
20,https://codefor.de/projekte/hh-baumkataster/,Baumkataster nutzen,https://codefor.de/projekte/hh-baumkataster/,"OK Lab Hamburg, Code for Germany",Unbekannt,"Im Straßenbaumkataster der Stadt Hamburg sind rund 240.000 Straßenbäume mit Standort und Attributen wie Pflanzjahr, Baumart usw. erfasst. Das Projekt versucht, diese Daten kartografisch aufzubereiten …",CC-BY 4.0,https://codefor.de
21,https://codefor.de/projekte/bn-baustellen/,Baustellen Übersicht,https://codefor.de/projekte/bn-baustellen/,"OK Lab Bonn-Rhein-Sieg, Code for Germany",In Planung,"Transparenz über die existierenden und die geplanten Baustellen in und um Bonn. Eine spätere Erweiterung um Parkhausdaten (Belegung, Tendenz etc.) ist angedacht.",CC-BY 4.0,https://codefor.de
22,https://codefor.de/projekte/be-berliner-schulen/,Berliner Schulen,https://codefor.de/projekte/be-berliner-schulen/,"OK Lab Berlin, Code for Germany",In Planung,"Wir wissen, dass die Wahl der „richtigen“ Schule sehr wichtig ist, da sie ein prägendes Fundament für den Bildungsweg eines Menschen setzt. Entsprechend schwierig ist es auch eine Schule zu finden, …",CC-BY 4.0,https://codefor.de
23,https://codefor.de/projekte/vornamen-in-berlin/,Berliner Vornamen,https://codefor.de/projekte/vornamen-in-berlin/,"OK Lab Berlin, Code for Germany",Unbekannt,"Welche Vornamen wurden in den Jahren 2012 und 2013 in Berlin vergeben? Mithilfe der App kann nach Vornamen gesucht werden und es wird angezeigt, wie häufig der Name in den beiden Jahren - nach Bezirk …",CC-BY 4.0,https://codefor.de
24,https://codefor.de/projekte/fl-open-school-map/,Bildungsatlas Flensburg,https://codefor.de/projekte/fl-open-school-map/,"OK Lab Flensburg, Code for Germany",In Planung,"Die Idee, einen offenen Bildungsatlas für Flensburg zu entwickeln, ist aus der eigenen Suche nach einer Grundschule für den Lütten entstanden. Auf der städtischen Website finden sich zwar …",CC-BY 4.0,https://codefor.de
25,https://codefor.de/projekte/ruhrgebiet-blitzerkarte/,Blitzerkarte,https://codefor.de/projekte/ruhrgebiet-blitzerkarte/,"OK Lab Ruhrgebiet, Code for Germany",In Planung,"Die Blitzerkarte visualisiert täglich Straßen, auf denen die Stadt möglicherweise mobile Geschwindigkeitskontrollen durchführt. Die Daten werden freundlicherweise bereitgestellt durch das Ordnungsamt …",CC-BY 4.0,https://codefor.de
26,https://codefor.de/projekte/be-blume/,BLUME Messnetz API/Map,https://codefor.de/projekte/be-blume/,"OK Lab Berlin, Code for Germany",Unbekannt,"Feinstaub Daten aus dem BLUME Messnetzwerk verfügbar machen und visualisieren. Ziel sollte sein, eine gute API bereitzustellen, eine gute Visualisierung anzubieten und evtl. ein statistisches Modell …",CC-BY 4.0,https://codefor.de
27,https://codefor.de/projekte/fl-open-surface-map/,Bodenfläche nach Art der Nutzung,https://codefor.de/projekte/fl-open-surface-map/,"OK Lab Flensburg, Code for Germany",In Planung,Diese interaktive Karte zeigt die Verteilung der verschiedenen Flächennutzungsarten beim Klick auf die entsprechende Gemeinde an. So lässt sich in Kürze herausfinden in welchen Regionen der …,CC-BY 4.0,https://codefor.de
28,https://codefor.de/projekte/bodenrichtwerte/,Bodenrichtwerte im Zeitverlauf,https://codefor.de/projekte/bodenrichtwerte/,"OK Lab Berlin, Code for Germany",Unbekannt,"Bodenrichtwerte im Zeitverlauf - gefunden im FIS-Broker. Was sind Bodenrichtwerte? Laut Wikipedia ist “der Bodenrichtwert im deutschen Städtebaurecht ein durchschnittlicher Lagewert, ermittelt …",CC-BY 4.0,https://codefor.de
29,https://codefor.de/projekte/bn-bonn-o-mat/,BONN-O-MAT Wahlautomat für die Oberbürgermeisterwahl 2015,https://codefor.de/projekte/bn-bonn-o-mat/,"OK Lab Bonn-Rhein-Sieg, Code for Germany",In Betrieb,"Was ist der Bonn-O-Mat? Der Bonn-O-Mat ist eine Wahl-O-Mat, nach dem Vorbild der von Bundes- und Landeszentrale für politische Bildung eingesetzter Wahl-O-Maten. Der Bonn-O-Mat möchte den Nutzer mit …",CC-BY 4.0,https://codefor.de
30,https://codefor.de/projekte/p-brandengo/,BrandenGo,https://codefor.de/projekte/p-brandengo/,"OK Lab Potsdam, Code for Germany",In Planung,Was fährt an öffentlichem Nahverkehr in meiner Nähe? Nach dem Vorbild von MagdeGo. Derzeit noch in der Prototyphase.,CC-BY 4.0,https://codefor.de
31,https://codefor.de/projekte/hn-buga/,Buga2019-Visualisierung,https://codefor.de/projekte/hn-buga/,"Code for Heilbronn, Code for Germany",In Planung,"2019 findet die Bundesgartenschau in Heilbronn statt. Schon heute verändert sie das Stadtbild: Heilbronn bekommt ein neues Stadtquartier, den Neckarbogen. Die Stadt soll näher an den Fluss rücken, …",CC-BY 4.0,https://codefor.de
32,https://codefor.de/projekte/cctvwatch/,cctvwatch - big brother is watching you,https://codefor.de/projekte/cctvwatch/,"OK Lab Berlin, Code for Germany",Unbekannt,Berlin ist voll von CCTV Cams. Das visualisieren wir mit unserer interaktiven Karte ‘cctvwatch’. Neben der Darstellung der Kameras wird es für den Nutzer auch möglich sein neue Kameras …,CC-BY 4.0,https://codefor.de
33,https://codefor.de/projekte/hn-bad-wimpfen-app/,City-App für Bad Wimpfen,https://codefor.de/projekte/hn-bad-wimpfen-app/,"Code for Heilbronn, Code for Germany",In Betrieb,"Der Markt der CityApps ist sehr groß. Fast jede größere Stadt und vor allem Touristenorte bieten in den App Stores eigene Apps an, die den Besucher über das Geschehene vor Ort informieren sollen. …",CC-BY 4.0,https://codefor.de
34,https://codefor.de/projekte/le-cityconnect/,CityConnect,https://codefor.de/projekte/le-cityconnect/,"OK Lab Leipzig, Code for Germany",In Betrieb,"CityConnect sieht aus wie ein Computerspiel im Retro Style, ist aber kein Spiel, sondern ein virtueller Raum, in dem sich Menschen zufällig als Avatare treffen.
Ein virtueller Raum ist dabei einer …",CC-BY 4.0,https://codefor.de
35,https://codefor.de/projekte/hn-codeweek/,Code Week Heilbronn,https://codefor.de/projekte/hn-codeweek/,"Code for Heilbronn, Code for Germany",Unbekannt,Basierend auf einer Idee der Young Advisors Gruppe der EU Kommission ging die “EU Code Week” vom 10. – 18. Oktober 2015 bereits in die dritte Runde. Letztes Jahr haben in ganz Europa über 150.000 …,CC-BY 4.0,https://codefor.de
36,https://codefor.de/projekte/cologne-cute-pets/,CutePetsCologne,https://codefor.de/projekte/cologne-cute-pets/,"OK Lab Köln, Code for Germany",In Betrieb,"Ein Twitterbot, der süße Tiere aus den Kölner Tierheimen Dellbrück und Zollstock postet. Implementiert auf Basis von CutePetsChemnitz im Rahmen des #openimpact Marathon von DataLook.",CC-BY 4.0,https://codefor.de
37,https://codefor.de/projekte/dus-cycledorf/,CycleDorf,https://codefor.de/projekte/dus-cycledorf/,"OK Lab Düsseldorf, Code for Germany",In Planung,"CycleDorf ist eine App, die Deine Fahrradtouren aufnimmt. Dadurch gesammelte Daten können für die kommunale Verkahrsplanung verwendet werden, um Düsseldorf zu einer besseren Stadt für Fahrradfahrer zu …",CC-BY 4.0,https://codefor.de
38,https://codefor.de/projekte/le-damals/,damals in Leipzig,https://codefor.de/projekte/le-damals/,"OK Lab Leipzig, Code for Germany",In Betrieb,"Dieses Projekt ist als Beitrag für den Kulturhackathon Coding da Vinci Ost entstanden.
Die Bilder wurden bereitgestellt vom Stadtgeschichtlichen Museum Leipzig und dem Stadtarchiv Leipzig im Rahmen …",CC-BY 4.0,https://codefor.de
39,https://codefor.de/projekte/fis-broker/,Daten aus dem Geoportal Berlin,https://codefor.de/projekte/fis-broker/,"OK Lab Berlin, Code for Germany",Unbekannt,"Berlin veröffentlicht Datensätze über das Geoportal Berlin, den sog. FIS Broker. Die Daten sind über WMS und WFS Schnittstellen erreichbar und daher nicht ohne weiteres für eigene Webanwendungen …",CC-BY 4.0,https://codefor.de
40,https://codefor.de/projekte/rberlindata/,daten.berlin.de für R,https://codefor.de/projekte/rberlindata/,"OK Lab Berlin, Code for Germany",Unbekannt,"Ein R Paket, um einfach auf die Daten von daten.berlin.de zuzugreifen. Führ nähere Infos, folgt den Links unten:",CC-BY 4.0,https://codefor.de
41,https://codefor.de/projekte/be-datenwaben/,Datenwaben,https://codefor.de/projekte/be-datenwaben/,"OK Lab Berlin, Code for Germany",In Planung,Die moderne Art ein Datenportal darzustellen: Pro Datensatz wird eine Wabe dargestellt. Mit einem bunten Hintergrund und kurzem Text können sowohl statische als auch Live-Daten angezeigt werden. …,CC-BY 4.0,https://codefor.de
42,https://codefor.de/projekte/dbpediaplacesberlin/,DBpedia Places Berlin,https://codefor.de/projekte/dbpediaplacesberlin/,"OK Lab Berlin, Code for Germany",Unbekannt,"Eine Webseite/WebApp, die Wikipediaseiten mit Berliner Koordinaten auf einer Karte markiert und beim Anklicken Titel, Bild, Zusammenfassung und Wikipedialink anzeigt. Die Koordinaten stammen aus …",CC-BY 4.0,https://codefor.de
43,https://codefor.de/projekte/aedmap/,Defibrillatoren in Köln,https://codefor.de/projekte/aedmap/,"OK Lab Köln, Code for Germany",In Betrieb,Defibrillatoren können im Fall eines plötzlichen Herzstillstandes Leben retten. Deshalb werden im öffentlichen Raum immer mehr sogenannte Laiendefibrillatoren oder AEDs (Automatisierte Externe …,CC-BY 4.0,https://codefor.de
44,https://codefor.de/projekte/muc-defis/,Defibrillatoren in OpenStreetMap eintragen (für FinderApp),https://codefor.de/projekte/muc-defis/,"OK Lab München, Code for Germany",In Betrieb,"Die Standorte der Defis (AEDs) werden von diversen öffentlichen Stellen erfragt und in OpenStreetMap gemappt. Als zweiter Schritt soll die FinderApp damit gefüllt werden.
Auf Der Projektseite im …",CC-BY 4.0,https://codefor.de
45,https://codefor.de/projekte/hh-demogenerator/,Demogenerator,https://codefor.de/projekte/hh-demogenerator/,"OK Lab Hamburg, Code for Germany",Unbekannt,Deine Montagsdemo wurde abgesagt? Kein Problem - es gibt Alternativen. Finde deine Lieblingsdemo mit dem Demogenerator!,CC-BY 4.0,https://codefor.de
46,https://codefor.de/projekte/cologne-denkmal4d/,Denkmal 4D Köln,https://codefor.de/projekte/cologne-denkmal4d/,"OK Lab Köln, Code for Germany",In Planung,Mit dieser Web-Anwendung könnt Ihr Metadaten über die Denkmäler der Stadt Köln pflegen. Der besondere Fokus liegt auf der Verlinkung von existierenden 3D-Modellen und der Erfassung geplanter Modelle. …,CC-BY 4.0,https://codefor.de
47,https://codefor.de/projekte/cologne-denkmaeler/,Denkmal in Köln,https://codefor.de/projekte/cologne-denkmaeler/,"OK Lab Köln, Code for Germany",In Betrieb,"Du interessierst Dich für Baudenkmäler? Du wolltest auch schon immer mal wissen, ob es welche in Deiner Umgebung gibt? Diese Webapp zeigt sie Dir alle. Wähle aus, in welchem Zeitraum das Baujahr …",CC-BY 4.0,https://codefor.de
48,https://codefor.de/projekte/denkmal-magdeburg/,Denkmal Magdeburg,https://codefor.de/projekte/denkmal-magdeburg/,"OK Lab Magdeburg, Code for Germany",Eingestellt,Denkmal Magdeburg zeigt dir Informationen zu Denkmälern in deiner Umgebung an. Das Projekt ist gerade nur ein Minimum Viaable Prodct (MVP) und es sind herzlichst Mistreiter*innen gesucht es zu …,CC-BY 4.0,https://codefor.de
49,https://codefor.de/projekte/hh-kitakarte/,Die passende Kita in Hamburg finden,https://codefor.de/projekte/hh-kitakarte/,"OK Lab Hamburg, Code for Germany",Unbekannt,Visualisierung aller Hamburger Kitas auf einer Karte mit der Möglichkeit nach einer Bestimmten zu suchen.,CC-BY 4.0,https://codefor.de
50,https://codefor.de/projekte/hh-zuwendungen/,Die Zuwendungen der Hamburger Behörden.,https://codefor.de/projekte/hh-zuwendungen/,"OK Lab Hamburg, Code for Germany",Eingestellt,Die Zuwendungen der Hamburger Behörden als filterbare Tabelle. Weitere Features kommen noch dazu.,CC-BY 4.0,https://codefor.de
51,https://codefor.de/projekte/hn-crimemap/,Diebstähle Region Heilbronn,https://codefor.de/projekte/hn-crimemap/,"Code for Heilbronn, Code for Germany",In Betrieb,"Visualisierung der Einbrüche in der Region Heilbronn, Daten aus den Polizeimeldungen seit November 2013. Entwickelt am Open Data Day 2014 in Zusammenarbeit mit der Heilbronner Stimme.",CC-BY 4.0,https://codefor.de
52,https://codefor.de/projekte/fl-open-monuments-map/,Digitale Denkmalkarte für Schleswig-Holstein,https://codefor.de/projekte/fl-open-monuments-map/,"OK Lab Flensburg, Code for Germany",In Planung,Die digitale Denkmalkarte stellt Kulturdenkmäler in Schleswig-Holstein interaktiv dar. Sie bietet eine Übersicht über Kulturdenkmäler und deren Merkmale auf einer digitalen Karte. Durch das Anklicken …,CC-BY 4.0,https://codefor.de
53,https://codefor.de/projekte/disabled-railway/,Disabled Railway,https://codefor.de/projekte/disabled-railway/,"OK Lab Berlin, Code for Germany",Unbekannt,"Eine Karte, auf der man sehen kann, von wo auf der Welt schnell ein Bahnhof erreicht werden kann – und wie sich die Situation ändert, sobald man im Rollstuhl sitzt. Vergleicht mal Paris und Berlin!",CC-BY 4.0,https://codefor.de
54,https://codefor.de/projekte/le-dresdenrallye/,Dresden Rallye,https://codefor.de/projekte/le-dresdenrallye/,"OK Lab Leipzig, Code for Germany",In Betrieb,"Über Gamification (Nudging, Serious Game) die verschiedenen Mobilitätsangebote der Stadt bekannt machen.
Die Nutzer sollen dazu gebracht werden, von ihrem gewohnten Mobilitätsverhalten abzuweichen und …",CC-BY 4.0,https://codefor.de
55,https://codefor.de/projekte/datennutzung/,Einführung Datennutzung mit R und Python,https://codefor.de/projekte/datennutzung/,"Code for Bielefeld, Code for Germany",In Planung,"Gemeinsam erarbeiten wir uns die Grundlagen in R und Python und werden erste einfache Datenanalysen damit durchführen. Ziel ist es, den Teilnehmer:innen eine Einführung in die Nutzung von Daten und …",CC-BY 4.0,https://codefor.de
56,https://codefor.de/projekte/le-einwohner/,Einwohner-Daten Leipzig,https://codefor.de/projekte/le-einwohner/,"OK Lab Leipzig, Code for Germany",In Betrieb,"Dieses Projekt ist entstanden für ein Schritt-für-Schritt-Tutorial für das Erstellen von Karten-Anwendungen mit Leaflet.
Jede der enthaltenen HTML-Dateien lässt sich einzeln im Browser öffnen, sie …",CC-BY 4.0,https://codefor.de
57,https://codefor.de/projekte/be-drl-empower-rangers/,Empower Rangers,https://codefor.de/projekte/be-drl-empower-rangers/,"OK Lab Berlin, Code for Germany",In Planung,"Wir wollen den Verein Refugees Emancipation dabei unterstützen, noch bekannter zu werden. Deshalb wollen wir eine neue Webseite bauen, auf der sich der Verein präsentiert und auf der sich …",CC-BY 4.0,https://codefor.de
58,https://codefor.de/projekte/ms-wahlkarte/,Ergebnisse der Kommunalwahl 2014,https://codefor.de/projekte/ms-wahlkarte/,"Code for Münster, Code for Germany",Unbekannt,Die Ergebnisse je Wahlbezirk live gemappt währen die Stimmzettel ausgefüllt wurden. Dargestellt werden die Gewinner der Direktmandate.,CC-BY 4.0,https://codefor.de
59,https://codefor.de/projekte/ernteteilen/,Ernte Teilen,https://codefor.de/projekte/ernteteilen/,"OK Lab Berlin, Code for Germany",Unbekannt,"Ernte-teilen.org bietet eine Plattform, die Landwirte und Verbraucherinnen, die sich an Solidarischer Landwirtschaft beteiligen möchten, zusammenfinden lässt.",CC-BY 4.0,https://codefor.de
60,https://codefor.de/projekte/p-hiddenkosmos/,Exploring the Hidden Kosmos,https://codefor.de/projekte/p-hiddenkosmos/,"OK Lab Potsdam, Code for Germany",In Betrieb,Entdecke Alexander von Humboldts Kosmos-Vorlesungen aus den Jahren 1827/28. Die Seite entstand 2017 auf dem Kultur-Hackathon Coding da Vinci.,CC-BY 4.0,https://codefor.de
61,https://codefor.de/projekte/le-fancylvbot/,fancyLVBot,https://codefor.de/projekte/le-fancylvbot/,"OK Lab Leipzig, Code for Germany",In Planung,"Telegram-Chat-Bot, den man unter dem Namen “fancyLVBot” als Kontakt hinzufügen und nach der aktuellen Abfahrtzeiten fragen kann.
Unsere Zielgruppe sind Einheimische, die Streckenverbindung …",CC-BY 4.0,https://codefor.de
62,https://codefor.de/projekte/hn-farmbot/,Farmbot // Code for Buga 2019,https://codefor.de/projekte/hn-farmbot/,"Code for Heilbronn, Code for Germany",Unbekannt,"Der Mensch ist seit seiner Existenz ein Selbstversorger. Durch den rasanten Fortschritt im Bereich der Software und Hardware erreichen wir einen Punkt, wo Maschinen Selbstversorger beim Anbau von Obst …",CC-BY 4.0,https://codefor.de
63,https://codefor.de/projekte/stgt-dust-sensor/,Feinstaubsensoren,https://codefor.de/projekte/stgt-dust-sensor/,"OK Lab Stuttgart, Code for Germany",Unbekannt,"Wir entwickeln und bauen bezahlbare open source DIY Feinstaub-Sensoren. Stand Anfang 2021 messen weltweit über 14.000 Sensoren in über 70 Ländern, um ein genaueres Bild der Feinstaubverteilung zu …",CC-BY 4.0,https://codefor.de
64,https://codefor.de/projekte/be-tempelhof/,Feld - die Bebauung des Tempelhofer Felds in 3D,https://codefor.de/projekte/be-tempelhof/,"OK Lab Berlin, Code for Germany",In Betrieb,"Am 25. Mai 2014 ist Volksabstimmung zur Bebauung des Tempelhofer Felds. Was wo gebaut werden soll erklärt dieses Projekt des OK Lab Berlin.
Die Morgenpost hat das Projekt aufgegriffen und mit ein …",CC-BY 4.0,https://codefor.de
65,https://codefor.de/projekte/flaechengerechtigkeit/,Flächengerechtigkeits-Tool,https://codefor.de/projekte/flaechengerechtigkeit/,"OK Lab Berlin, Code for Germany",Unbekannt,Bürger können ihre Straßen vermessen und die Frage nach der Gerechtigkeit im Verkehr quadratmeter-scharf diskutieren.,CC-BY 4.0,https://codefor.de
66,https://codefor.de/projekte/flaechentool/,Flächentool,https://codefor.de/projekte/flaechentool/,"OK Lab Berlin, Code for Germany",Unbekannt,"Das Tool berrechnet die Nutzung der Flächen, basierend auf OpenStreetMap (OSM) Daten. Die OSM Daten wurden von verschiedenen Nutzern zusammengetragen. Es kommt zu Ungenauigkeiten, wenn die Daten …",CC-BY 4.0,https://codefor.de
67,https://codefor.de/projekte/dd-freieparkplaetze/,Freie Parkplätze Dresden,https://codefor.de/projekte/dd-freieparkplaetze/,"Open Data Dresden, Code for Germany",Unbekannt,Die Stadt Dresden bietet auf https://www.dresden.de/freie-parkplaetze eine Übersicht der freien Parkplätze in der Stadt Dresden an. Leider nicht maschinenlesbar (barrierefrei). Darum haben wir uns …,CC-BY 4.0,https://codefor.de
68,https://codefor.de/projekte/ffpb-nodes/,Freifunk Knotenliste,https://codefor.de/projekte/ffpb-nodes/,"CodeforPB, Code for Germany",Unbekannt,Der Beginn einer Freifunk Companion App. Aktuell wird nur die Knotenliste dargestellt und man kann die Details der Knoten anzeigen lassen. Später soll die Darstellung der Knoten auch auf einer Karte …,CC-BY 4.0,https://codefor.de
69,https://codefor.de/projekte/le-gentrifizierung/,Gebäude-Entwicklung in Leipzig,https://codefor.de/projekte/le-gentrifizierung/,"OK Lab Leipzig, Code for Germany",In Betrieb,"Leipzig ist eine stark wachsende Stadt, was sich entsprechend im Haus- und Wohnungsbau niederschlägt.
Dieses Projekt möchte das zunehmende Schließen von Baulücken und Wachstum an den Rändern in …",CC-BY 4.0,https://codefor.de
70,https://codefor.de/projekte/gedenktafelnberlin/,Gedenktafeln in Berlin,https://codefor.de/projekte/gedenktafelnberlin/,"OK Lab Berlin, Code for Germany",Unbekannt,"Eine Webseite, die vorhandene und, auf Wunsch entfernte Tafeln zu historischen Orten in Berlin anzeigt. Viele davon sind der Erinnerung an jene Menschen gewidmet, die sich der nationalsozialistischen …",CC-BY 4.0,https://codefor.de
71,https://codefor.de/projekte/geodata-time/,Geodaten mit Zeitdimension,https://codefor.de/projekte/geodata-time/,"OK Lab Berlin, Code for Germany",Unbekannt,"Ich möchte eine Datenbank bauen, in der ich mehrere Versionen des gleichen Geodatensatzes ablegen kann. Ich möchte damit den zeitlichen Verlauf, also Änderungen am Datensatz festhalten. Die API soll …",CC-BY 4.0,https://codefor.de
72,https://codefor.de/projekte/bn-veranstaltungskalender/,Geographischer Veranstaltungskalender,https://codefor.de/projekte/bn-veranstaltungskalender/,"OK Lab Bonn-Rhein-Sieg, Code for Germany",In Planung,In Anlehnung an das Projekt “Wo steppt der Bär in Wien heute?” soll es einen heatmap-artigen Veranstaltungskalender auch für Bonn geben.,CC-BY 4.0,https://codefor.de
73,https://codefor.de/projekte/hn-geojson-utilities/,Geojson Utilities,https://codefor.de/projekte/hn-geojson-utilities/,"Code for Heilbronn, Code for Germany",In Betrieb,"Dieses Projekt ermöglicht einen schnellen Export der Gemeindeflächen, Landkreisflächen und Bundeslandflächen in Deutschland im .geojson Format. Dies ist besonders hilfreich für Journalisten und …",CC-BY 4.0,https://codefor.de
74,https://codefor.de/projekte/cologne-giesst/,GießtKölle,https://codefor.de/projekte/cologne-giesst/,"OK Lab Köln, Code for Germany",In Betrieb,Mit dieser Web Karte kannst Du Dich über den Wasserbedarf der Bäume in deiner Nachbarschaft informieren und Deinen Nachbar*innen mitteilen ob Du die Bäume gegossen hast.,CC-BY 4.0,https://codefor.de
75,https://codefor.de/projekte/le-glaeserne-klaeranlage/,Gläsernes Klärwerk,https://codefor.de/projekte/le-glaeserne-klaeranlage/,"OK Lab Leipzig, Code for Germany",In Betrieb,"Interaktive Visualisierungen über die Funktionsweise einer Kläranlage.
Beim OpenDataDay am 4. März 2017 wurde mit Hilfe der Anwesenden sowie der Unterstützung der OEWA, der Gesellschaft für Informatik …",CC-BY 4.0,https://codefor.de
76,https://codefor.de/projekte/grossstadtbaum/,Großstadt-Baum,https://codefor.de/projekte/grossstadtbaum/,"OK Lab Berlin, Code for Germany",In Betrieb,"Berlin veröffentlicht Datensätze zu Anlagenbäumen, Straßenbäumen und Uferbäumen. In unserer Stadt stehen über 1 Million Bäume. Ich habe den typischen Berliner Baum gesucht und habe ihn gefunden.",CC-BY 4.0,https://codefor.de
77,https://codefor.de/projekte/c-haltestellen/,Haltestellen in Chemnitz & Umland,https://codefor.de/projekte/c-haltestellen/,"OK Lab Chemnitz, Code for Germany",In Betrieb,Die Karte Zeigt die von der CVAG zur Verfügung gestellten Haltestellendaten. Man sieht deutliche Abweichungen der Koordinaten zu den Punkten auf der OSM Karte.,CC-BY 4.0,https://codefor.de
78,https://codefor.de/projekte/hh-echtzeit/,Hamburg in Zahlen,https://codefor.de/projekte/hh-echtzeit/,"OK Lab Hamburg, Code for Germany",Unbekannt,Was verändert sich gerade (durchschtnittlich) in Hamburg? Eine Übersicht interessanter Zahlen.,CC-BY 4.0,https://codefor.de
79,https://codefor.de/projekte/p-haushalt/,Haushalt Potsdam 2018/2019,https://codefor.de/projekte/p-haushalt/,"OK Lab Potsdam, Code for Germany",In Betrieb,Erkunde interaktiv den Doppelhaushalt von Potsdam für die Jahre 2018 und 2019.,CC-BY 4.0,https://codefor.de
80,https://codefor.de/projekte/historic-berlin/,Historische Entwicklung Berlins,https://codefor.de/projekte/historic-berlin/,"OK Lab Berlin, Code for Germany",Unbekannt,Historische Berlin-Karten aus dem FIS-Broker zur Benutzung in anderen Projekten.,CC-BY 4.0,https://codefor.de
81,https://codefor.de/projekte/muc-ddj/,How-To Datenjournalismus,https://codefor.de/projekte/muc-ddj/,"OK Lab München, Code for Germany",In Betrieb,,CC-BY 4.0,https://codefor.de
82,https://codefor.de/projekte/vortrag_bielefeld_io/,Innovationen durch Open Data bei der Bielefeld.IO 2021,https://codefor.de/projekte/vortrag_bielefeld_io/,"Code for Bielefeld, Code for Germany",Unbekannt,"Vortrag und Workshop zu „Innovationen durch Open Data“ im Rahmen der Bielfeld.IO am Freitag, 3. September 2021. Anmeldung und weitere Infos auf eventbrite.",CC-BY 4.0,https://codefor.de
83,https://codefor.de/projekte/le-intelligentes-rathaus/,Intelligentes Rathaus Leipzig,https://codefor.de/projekte/le-intelligentes-rathaus/,"OK Lab Leipzig, Code for Germany",In Planung,"Durchsuche das Ratsinformationssystem der Stadt Leipzig und abboniere deine Suchergebnisse!
Durchsuche das Ratsinformationssystem der Stadt Leipzig per Volltextsuche oder über detailierte Filter. …",CC-BY 4.0,https://codefor.de
84,https://codefor.de/projekte/fl-open-biotope-map/,Interaktive Biotopkarte mit Wertbiotopen und Nichtwertbiotopen,https://codefor.de/projekte/fl-open-biotope-map/,"OK Lab Flensburg, Code for Germany",In Planung,Diese kleine interaktive Biotopkarte ist nach einem Spaziergang durch Salzwiesen und an der Steilküste in Holnis entstanden. Nach mehrfacher Begehung der einzigartigen Landschaft an der Ostsee …,CC-BY 4.0,https://codefor.de
85,https://codefor.de/projekte/fl-open-parcel-map/,Interaktive Flurstücksauskunft für Schleswig-Holstein,https://codefor.de/projekte/fl-open-parcel-map/,"OK Lab Flensburg, Code for Germany",In Planung,"Diese interaktive nicht amtliche Flurstücksauskunft ohne Eigentümerangaben für Schleswig-Holstein entstand nach Gesprächen mit Bürgerinitiativen durch das OK Lab Flensburg um Verwaltungs-, Kreis-, …",CC-BY 4.0,https://codefor.de
86,https://codefor.de/projekte/interessante-orte/,Interessante Orte,https://codefor.de/projekte/interessante-orte/,"OK Lab Köln, Code for Germany",In Betrieb,"Schritt für Schritt wirst Du eine einfache Kartenanwendung erstellen, mit der Du interessante Orte visualisieren kannst. Programmierkenntnisse sind nicht erforderlich.
Besonderer Fokus liegt dabei …",CC-BY 4.0,https://codefor.de
87,https://codefor.de/projekte/le-schulinternet/,Internetgeschwindigkeit in Sachsens Schulen,https://codefor.de/projekte/le-schulinternet/,"OK Lab Leipzig, Code for Germany",In Betrieb,"Stellt Internetverbindungen von Schulen in Sachsen auf einer Karte dar und soll damit den weiteren Breitbandausbau vor allem im Bildungssektor anregen.
Nutzt cheerio.js zum Scrapen der Web-Seiten, …",CC-BY 4.0,https://codefor.de
88,https://codefor.de/projekte/jedeschule-2/,jedeschule.de API,https://codefor.de/projekte/jedeschule-2/,"OK Lab Berlin, Code for Germany",Unbekannt,"jedeschule.de startete 2015 als Projekt der Open Knowledge Foundation Deutschland in Zusammenarbeit mit dem Verein BildsungsCent e.V.. Ziel war es, alle Schulen Deutschlands auf einer Platform zu …",CC-BY 4.0,https://codefor.de
89,https://codefor.de/projekte/baustellen-chemnitz/,Karte Chemnitzer Baustellen,https://codefor.de/projekte/baustellen-chemnitz/,"OK Lab Chemnitz, Code for Germany",In Betrieb,Auf einer Karte werden die Baustellen in Chemnitz übersichtlich dargestellt. Die Daten werden von der Stadt Chemnitz als Text veröffentlicht.,CC-BY 4.0,https://codefor.de
90,https://codefor.de/projekte/blitzerkarte-chemnitz/,Karte Chemnitzer Blitzer,https://codefor.de/projekte/blitzerkarte-chemnitz/,"OK Lab Chemnitz, Code for Germany",Unbekannt,Auf einer Karte werden die monatlich veröffentlichten Geschwindigkeitskontrollen in Chemnitz übersichtlich dargestellt. Die Daten werden von der Stadt Chemnitz als Text veröffentlicht.,CC-BY 4.0,https://codefor.de
91,https://codefor.de/projekte/bn-opendatamap-nrw/,Karte der Open Data – Angebote in NRW,https://codefor.de/projekte/bn-opendatamap-nrw/,"OK Lab Bonn-Rhein-Sieg, Code for Germany",In Betrieb,Welche Kommunen in NRW besitzen ein Open Data-Portal? Welches System oder Lizenz verwenden sie? Gibt es eine Anbindung an das Open.NRW-Portal? Die Karte bildet eine Übersicht aller aktuellen …,CC-BY 4.0,https://codefor.de
92,https://codefor.de/projekte/fl-open-recycling-map/,Karte der Recyclingcontainer in Flensburg,https://codefor.de/projekte/fl-open-recycling-map/,"OK Lab Flensburg, Code for Germany",In Planung,"Karte der Standorte von Recycling Containern für Altkleidung und Altglas vom Technisches Betriebszentrum Flensburg AöR. Es werden nur Standorte auf städtischen Flächen angezeigt. Unser Ziel ist es, …",CC-BY 4.0,https://codefor.de
93,https://codefor.de/projekte/fl-open-cultural-map/,Karte mit Verantstaltungsorten der Kulturnacht Flensburg,https://codefor.de/projekte/fl-open-cultural-map/,"OK Lab Flensburg, Code for Germany",In Betrieb,"Am 14. September 2024 haben die Flensburger Kulturakteure zur Kulturnacht eingeladen. Dabei haben sie sich an verschiedenen Orten der Stadt präsentiert, um diese kulturellen Orte bekannter zu machen. …",CC-BY 4.0,https://codefor.de
94,https://codefor.de/projekte/wpt-kartenkarte/,KartenKarte,https://codefor.de/projekte/wpt-kartenkarte/,"OK Lab Wuppertal, Code for Germany",In Planung,"KartenKarte ließt vorhandene Daten aus OpenStreetMap aus und stellt diese auf eine andere Art und Weise dar. Viele Informationen sind in der OSM Datenbank vorhanden, werden aber nicht auf der Karte …",CC-BY 4.0,https://codefor.de
95,https://codefor.de/projekte/hn-kastanienapp/,Kastanienapp,https://codefor.de/projekte/hn-kastanienapp/,"Code for Heilbronn, Code for Germany",In Betrieb,Vor ein paar Monaten hat die Stadt Hamburg auf ihrem Transparenzportal das Baumkataster als Open Data veröffentlicht. Passend zur Zeit der Herbstsparziergänge drängte sich uns bei einem Code For …,CC-BY 4.0,https://codefor.de
96,https://codefor.de/projekte/berlin-lichtenberg/,Kiez-Karte Berlin,https://codefor.de/projekte/berlin-lichtenberg/,"OK Lab Berlin, Code for Germany",In Planung,"In Berlin gibt es einen Haufen offener Daten. Wie kann man diese sinnvoll auf einer Karte anzeigen? Und kann man Bürgerbeteilungsmöglichkeiten sinnvoll einbinden (Bürgerhaushalt, Maerker, Stadtbäume, …",CC-BY 4.0,https://codefor.de
97,https://codefor.de/projekte/le-kieznotiz/,KiezNotiz Leipziger Osten,https://codefor.de/projekte/le-kieznotiz/,"OK Lab Leipzig, Code for Germany",In Betrieb,"Dieses Projekt ist in Zusammenarbeit mit Leipziger / FabLab Leipzig sowie Studio Johey für den Aufbau eines Wissenschaftsladens entstanden.
In einem Schaufenster sollen die Akteure im Kiez (speziell …",CC-BY 4.0,https://codefor.de
98,https://codefor.de/projekte/bn-kinderbonn/,"kinderbonn.de – Das Portal für Eltern, Kinder und Jugendliche aus Bonn und Umgebung",https://codefor.de/projekte/bn-kinderbonn/,"OK Lab Bonn-Rhein-Sieg, Code for Germany",In Planung,"Was ist KinderBonn? KinderBonn möchte sämtliche Einrichtungen, Orte und Organisationen sichtbar machen, die für Eltern, Kinder und Jugendliche wichtig sind. Dazu gehören auf Kinder und Jugendliche …",CC-BY 4.0,https://codefor.de
99,https://codefor.de/projekte/fl-open-kita-map/,Kitafinder Flensburg,https://codefor.de/projekte/fl-open-kita-map/,"OK Lab Flensburg, Code for Germany",In Planung,"Die Idee, einen Kitafinder für Flensburg zu entwickeln, ist aus der eigenen Suche nach einer Kita für den Kleinen entstanden. Auf der städtischen Website finden sich zwar Kontaktdetails zu den …",CC-BY 4.0,https://codefor.de
100,https://codefor.de/projekte/dd-kitakarte/,Kitakarte Dresden,https://codefor.de/projekte/dd-kitakarte/,"Open Data Dresden, Code for Germany",Unbekannt,"Die Kitakarte zeigt eine Übersicht aller Kindergärten, Krippen und Horte in Dresden. Alle Einträge werden mit Daten ergänzt, die von der Stadt unter http://www.dresden.de/kindertagesstaetten/ …",CC-BY 4.0,https://codefor.de
101,https://codefor.de/projekte/p-kitarechner/,Kitarechner für Potsdam,https://codefor.de/projekte/p-kitarechner/,"OK Lab Potsdam, Code for Germany",In Planung,"Mit dem Kitarechner kann jeder schnell sehen, wieviel Kitagebühren er/sie monatlich pro Kind bei einer Hort-, Kita-, oder Krippenbetreuung in Potsdam zahlen muss. Die Gebührentabelle der Stadt wurde …",CC-BY 4.0,https://codefor.de
102,https://codefor.de/projekte/le-kitas_und_schulen_in_leipzig/,Kitas und Schulen Verzeichnis Leipzig,https://codefor.de/projekte/le-kitas_und_schulen_in_leipzig/,"OK Lab Leipzig, Code for Germany",In Betrieb,"Eine kleine App zur Darstellung aller Kitas, Schulen und Spielplätzen in Leipzig. Die Nutzer sollen später die jeweiligen Orte bewerten können.
Umsetzung Daten: OpenStreetMap extrahiert / selbst …",CC-BY 4.0,https://codefor.de
103,https://codefor.de/projekte/hn-klickde/,Klick Deutschland,https://codefor.de/projekte/hn-klickde/,"Code for Heilbronn, Code for Germany",In Betrieb,Click that Hood für alle Gemeinden Deutschlands!,CC-BY 4.0,https://codefor.de
104,https://codefor.de/projekte/le-klimabot/,Klimabot,https://codefor.de/projekte/le-klimabot/,"OK Lab Leipzig, Code for Germany",In Betrieb,"Bot, der auf natürlich-sprachige Fragen rund um den Klimawandel mit Fakten antwortet, Z.B. “Wie viel Tonnen CO2 wurden 2012 in Sachsen emittiert?” - “47,5 Tonnen CO2”
Umsetzung …",CC-BY 4.0,https://codefor.de
105,https://codefor.de/projekte/le-klimadashboard/,Klimadashboard Sachsen,https://codefor.de/projekte/le-klimadashboard/,"OK Lab Leipzig, Code for Germany",In Planung,"Das Projekt „Klimadashboard Sachsen“ möchte den Fortschritt der Energie-, Verkehrs- und Landwirtschaftswende dokumentieren.
Dazu werden Daten aus verschiedenen Quellen und Sektoren zusammengetragen …",CC-BY 4.0,https://codefor.de
106,https://codefor.de/projekte/klimawatch/,Klimawatch,https://codefor.de/projekte/klimawatch/,"Code for Münster, Code for Germany",In Planung,"Klimawatch visualisiert reale und geplante CO2-Emissionen einzelner Kommunen und erlaubt es, einfach neue Kommunen hinzuzufügen.",CC-BY 4.0,https://codefor.de
107,https://codefor.de/projekte/le-klimawatch/,Klimawatch Leipzig,https://codefor.de/projekte/le-klimawatch/,"OK Lab Leipzig, Code for Germany",In Planung,"Wie sieht es aus mit dem gesetzten und den tatsächlich erreichten Klimaschutzzielen hinsichtlich CO2-Reduktion in Leipzig?
Sind bei diesem Kurven-Verlauf die Klimaschutzziele für 2030 / 2040 / 2050 zu …",CC-BY 4.0,https://codefor.de
108,https://codefor.de/projekte/le-klimawatch-leipzig/,Klimawatch Leipzig 2.0,https://codefor.de/projekte/le-klimawatch-leipzig/,"OK Lab Leipzig, Code for Germany",In Betrieb,"Wie sieht es aus mit dem gesetzten und den tatsächlich erreichten Klimaschutzzielen in Leipzig?
Sind bei diesem Kurven-Verlauf die Klimaschutzziele für 2030 / 2040 / 2050 zu erreichen oder muss Druck …",CC-BY 4.0,https://codefor.de
109,https://codefor.de/projekte/cologne-daten-in-3d/,Kölner Daten in 3D,https://codefor.de/projekte/cologne-daten-in-3d/,"OK Lab Köln, Code for Germany",In Betrieb,"Wie macht man offene Daten greifbar? Indem man sie ausdruckt. Hier gibt es das Projekt zum Nachmachen. Im OK Lab Köln haben wir die Idee entwickelt, aus offenen Daten der Stadt Köln “Daten zum …",CC-BY 4.0,https://codefor.de
110,https://codefor.de/projekte/le-kompreni/,Kompreni,https://codefor.de/projekte/le-kompreni/,"OK Lab Leipzig, Code for Germany",In Betrieb,"Dieses kleine Tool soll eine statistische Analyse der Kommentare auf LVZ.de durchführen.
Hintergrund: Auf dem Online-Angebot der Leipziger Volkszeitung (LVZ) treten gehäuft Hasskommentare und die …",CC-BY 4.0,https://codefor.de
111,https://codefor.de/projekte/ffpb-krombel/,Krombels Dash auf Android,https://codefor.de/projekte/ffpb-krombel/,"CodeforPB, Code for Germany",Unbekannt,Die erste unter hoffentlich vielen Apps mit Daten von Freifunk Paderborn. Diese App bringt Krombels Dashboard auf Android. Diese App ist ein erster Prototyp und wurde noch nicht “hübsch” …,CC-BY 4.0,https://codefor.de
112,https://codefor.de/projekte/cologne-kulturpfade/,Kulturpfade Köln,https://codefor.de/projekte/cologne-kulturpfade/,"OK Lab Köln, Code for Germany",In Planung,Das Projekt soll die Informationen zu den Kulturpfaden Köln zusammentragen und in einer nutzbaren Form darstellen. Es handelt sich dabei um eine Reihe von Rad- bzw. Wanderwegen im Kölner Stadtgebiet. …,CC-BY 4.0,https://codefor.de
113,https://codefor.de/projekte/cologne-kvbrad/,KVB Fahrräder in Köln,https://codefor.de/projekte/cologne-kvbrad/,"OK Lab Köln, Code for Germany",In Planung,"Die Webapplikation KVB Fahrräder stellt eine mögliche Nutzung Kölns durch Fahrräder dar. Grundlage hierfür sind die Daten, die durch KVB-Rad Köln zur Verfügung gestellt werden in Kombination des …",CC-BY 4.0,https://codefor.de
114,https://codefor.de/projekte/hh-laenderfinanzausgleich/,Länderfinanzausgleich visualisieren,https://codefor.de/projekte/hh-laenderfinanzausgleich/,"OK Lab Hamburg, Code for Germany",Unbekannt,Im Länderfinanzausgleich werden jährlich riesige Summen bewegt. Daten über die Höhe der Zahlungen liegen seit 1950 durchgehend vor. In dem Projekt sollen verschiedene Visualisierungsansätze und -tools …,CC-BY 4.0,https://codefor.de
115,https://codefor.de/projekte/da-leika-tool/,LeiKa-Tool,https://codefor.de/projekte/da-leika-tool/,Code for Germany,In Planung,"Der Leistungskatalog der öffentlichen Verwaltung (LeiKa) ist ein Verzeichnis aller Verwaltungsleistungen, die von Bund, Ländern und den Kommunen erbracht werden. Der LeiKa definiert für jede …",CC-BY 4.0,https://codefor.de
116,https://codefor.de/projekte/le-leipziggiesst/,Leipzig giesst,https://codefor.de/projekte/le-leipziggiesst/,"OK Lab Leipzig, Code for Germany",In Planung,"Auf dieser Plattform kannst Du Dich über Bäume in deiner Nachbarschaft und ihren Wasserbedarf informieren.
Du kannst einzelne Bäume adoptieren und markieren, wenn Du sie gegossen hast.
Dieses Projekt …",CC-BY 4.0,https://codefor.de
117,https://codefor.de/projekte/leipzig-maps/,Leipzig Maps,https://codefor.de/projekte/leipzig-maps/,"OK Lab Leipzig, Code for Germany",In Betrieb,"Eine Karte von Leipzig die Daten zur Stadt wiedergibt.
Die Karte gibt u.a. folgende Daten wieder:
Leipzig - Schwimmhallen (leipzig.de) Leipzig - Freibäder (leipzig.de) Leipzig - Spielplätze …",CC-BY 4.0,https://codefor.de
118,https://codefor.de/projekte/le-leipzigpumpt/,Leipzig pumpt,https://codefor.de/projekte/le-leipzigpumpt/,"OK Lab Leipzig, Code for Germany",In Betrieb,"Auf dieser Webseite kannst Du Dich über die Handschwengelpumpen (inklusive abgebaute und inaktive) in Leipzig informieren.
Das Projekt nutzt die Daten von Wikipedia als auch die Daten aus …",CC-BY 4.0,https://codefor.de
119,https://codefor.de/projekte/le-rallymap/,Leipzig Rally Map,https://codefor.de/projekte/le-rallymap/,"OK Lab Leipzig, Code for Germany",In Betrieb,"Das Projekt Rally Map (vormaliger Name war Mobmap 🙂) stellt das Versammlungsgeschehen in Leipzig auf einer interaktiven Karte dar. Dabei werden die Orte und Straßen, auf den Versammlungen stattfinden, …",CC-BY 4.0,https://codefor.de
120,https://codefor.de/projekte/dus-ruhr-lernmedien-buddy/,Lernmedien-Buddy,https://codefor.de/projekte/dus-ruhr-lernmedien-buddy/,"OK Lab Ruhrgebiet, Code for Germany",In Planung,"Der Lernmedien-Buddy ist eine App (iOS und Android) für Schüler*innen, mit deren hilfe spielerisch nach Lernmaterialien gesucht werden kann. Durch “social logins” bringt die App Suchende …",CC-BY 4.0,https://codefor.de
121,https://codefor.de/projekte/lieblingsplatz/,Lieblingsplatz,https://codefor.de/projekte/lieblingsplatz/,"OK Lab Berlin, Code for Germany",Unbekannt,"Finde einen Lieblingsplatz in einer KiTa in Berlin! Auf einer Karte siehst Du KiTas und Tagesmütter in eurer Nähe und kannst sie filtern nach Dingen, die Dir wichtig sind.",CC-BY 4.0,https://codefor.de
122,https://codefor.de/projekte/jena-linkedopenhaushalt/,Linked Open Haushalt,https://codefor.de/projekte/jena-linkedopenhaushalt/,"OK Lab Jena, Code for Germany",Unbekannt,Der offene Haushalt mit seiner wohlbekannten TreeMap-Visualisierung ist natürlich der interessanteste Datensatz jeder offenen Stadt. Wir gehen einen Schritt weiter und setzen den Haushalt direkt mit …,CC-BY 4.0,https://codefor.de
123,https://codefor.de/projekte/bie-linked-data/,Linked Open Statistical Data,https://codefor.de/projekte/bie-linked-data/,"Code for Bielefeld, Code for Germany",In Planung,"Im Projekt Linked Data haben wir uns zunächst mit Linked Open Statistical Data beschäftigt. Dafür haben wir die Daten des Bielefelder Statistikamtes in Linked Data transformiert, also statt in …",CC-BY 4.0,https://codefor.de
124,https://codefor.de/projekte/hn-lorawan/,LoRaWAN Gateways in Heilbronn,https://codefor.de/projekte/hn-lorawan/,"Code for Heilbronn, Code for Germany",Unbekannt,Das Internet der Dinge setzt neue Anforderungen an die Datenübertragungen in Städten und auf dem Land. Neue Funktechniken setzten auf immer schnellere Übetragungsraten zulasten der Reichweite. …,CC-BY 4.0,https://codefor.de
125,https://codefor.de/projekte/le-luftqualitaet_sachsen/,Luftqualität Sachsen,https://codefor.de/projekte/le-luftqualitaet_sachsen/,"OK Lab Leipzig, Code for Germany",In Betrieb,"Eine übersichtliche Darstellung der Messwerte aller sächsischen Messstationen zur Luftqualität. Zu jeder Messstation werden die Daten detailliert als Tabelle und Diagramm dargestellt.
Umsetzung Daten: …",CC-BY 4.0,https://codefor.de
126,https://codefor.de/projekte/le-madmemory/,Mad Memory,https://codefor.de/projekte/le-madmemory/,"OK Lab Leipzig, Code for Germany",In Betrieb,"Online-Memory-Spiel, das dazu einlädt, sich genauer mit Wörtern aus dem Rheinischen Mitmachwörterbuch und dem Sächsischen Wörterbuch zu beschäftigen.
Das Projekt als Beitrag zum Coding da Vinci West …",CC-BY 4.0,https://codefor.de
127,https://codefor.de/projekte/magdeburg-magd-o-mat/,Magd-O-Mat 2019,https://codefor.de/projekte/magdeburg-magd-o-mat/,"OK Lab Magdeburg, Code for Germany",In Betrieb,"Der Magd-O-Mat ist ein Magdeburger Wahl-O-Mat nach dem Vorbild des von der Bundes- und Landeszentrale für politische Bildung eingesetzten Wahl-o-Maten.
Er wird für die Kommunalwahlen von Magdeburg …",CC-BY 4.0,https://codefor.de
128,https://codefor.de/projekte/magdeburg-magd-o-mat-2024/,Magd-O-Mat 2024,https://codefor.de/projekte/magdeburg-magd-o-mat-2024/,"OK Lab Magdeburg, Code for Germany",In Planung,"Der Magd-O-Mat ist ein Magdeburger Wahl-O-Mat nach dem Vorbild des von der Bundes- und Landeszentrale für politische Bildung eingesetzten Wahl-o-Maten.
Er wird für die Kommunalwahlen von Magdeburg …",CC-BY 4.0,https://codefor.de
129,https://codefor.de/projekte/magdeburg-giesst/,Magdeburg gießt,https://codefor.de/projekte/magdeburg-giesst/,"OK Lab Magdeburg, Code for Germany",In Planung,"Auf dieser Plattform kannst Du Dich über Bäume in Deiner Nachbarschaft und ihren Wasserbedarf informieren. Du kannst einzelne Bäume adoptieren und markieren, wenn Du sie gegossen hast. Wenn Du die …",CC-BY 4.0,https://codefor.de
130,https://codefor.de/projekte/magdeburg-magdego/,MagdeGo,https://codefor.de/projekte/magdeburg-magdego/,"OK Lab Magdeburg, Code for Germany",Eingestellt,"UPDATE: Aufgrund Druck von Dritter (wir nennen keine Namen) musste MagdeGo offline genommen werden. Wir planen aber einen Relaunch.
Kein lästiges Warten mehr auf deine Straßenbahn, die ausgerechnet …",CC-BY 4.0,https://codefor.de
131,https://codefor.de/projekte/maifeuer-chemnitz/,Maifeuer 2014 in Chemnitz,https://codefor.de/projekte/maifeuer-chemnitz/,"OK Lab Chemnitz, Code for Germany",In Betrieb,Auf einer Karte werden die Maifeuer in Chemnitz übersichtlich dargestellt. Die Daten wurden von der Stadt Chemnitz als Text veröffentlicht.,CC-BY 4.0,https://codefor.de
132,https://codefor.de/projekte/le-villamajorelle/,Majorelle Mystery,https://codefor.de/projekte/le-villamajorelle/,"OK Lab Leipzig, Code for Germany",In Betrieb,"Online Escape-Game, das in der berühmten Jugendstil-Villa Majorelle in Nancy spielt – samt deren ehemaligen Besitzer:innen und Erbauer:innen.
Umsetzung Das Spiel wurde mit der Game-Engine Godot in …",CC-BY 4.0,https://codefor.de
133,https://codefor.de/projekte/meine-stadt-transparent/,Meine Stadt Transparent,https://codefor.de/projekte/meine-stadt-transparent/,"OK Lab München, Code for Germany",In Planung,"Meine Stadt Transparent ist ein vom Prototype Fund gefördertes Projekt. Mit dieser Förderung können wir für 6 Monate, vom September 2017 bis Februar 2018, an dem Projekt arbeiten. Wir hatten uns unter …",CC-BY 4.0,https://codefor.de
134,https://codefor.de/projekte/stgt-efa-meta-api/,Meta API für Elektronische Fahrplanauskunft,https://codefor.de/projekte/stgt-efa-meta-api/,"OK Lab Stuttgart, Code for Germany",In Betrieb,"Im Rahmen des Open VVS Day der Stuttgarter Zeitung wurde ein JSON-API entwickelt, welches das Application Programming Interface (API) der Elektronischen Fahrplanauskunft (EFA) in eine RESTful API …",CC-BY 4.0,https://codefor.de
135,https://codefor.de/projekte/metacollect/,metacollect,https://codefor.de/projekte/metacollect/,"OK Lab Berlin, Code for Germany",In Planung,"metacollect stellt eine zentrale Datenbank für zivilgesellschaftliche Projekte zur Verfügung, die sich mit anderen Plattformen synchronisiert. Derzeit liegt der Fokus im Bereich der Geflüchtetenhilfe. …",CC-BY 4.0,https://codefor.de
136,https://codefor.de/projekte/muc-mietpreisspiegel/,Mietpreisspiegel,https://codefor.de/projekte/muc-mietpreisspiegel/,"OK Lab München, Code for Germany",Eingestellt,Ziel ist ein faktenbasierter Mietspiegel für München.,CC-BY 4.0,https://codefor.de
137,https://codefor.de/projekte/gi-mietspiegel/,Mietspiegel Gießen,https://codefor.de/projekte/gi-mietspiegel/,"OK Lab Gießen, Code for Germany",In Planung,"Eine Interaktive Karte mit den aktuellen Mietpreisen pro Quadratmeter in verschiedene Bereiche aufgeteilt.
Dieses Projekt sucht aktuell dringend Leute die mitmachen wollen.",CC-BY 4.0,https://codefor.de
138,https://codefor.de/projekte/gi-muellkalender/,Müllkalender App Gießen,https://codefor.de/projekte/gi-muellkalender/,"OK Lab Gießen, Code for Germany",In Planung,"Wann wird welcher Abfall in meiner Straße abgeholt? Mit dieser App sieht man alles auf einen Blick und erhält auch Push-Nachrichten für die jeweilige Straße.
Dieses Projekt sucht aktuell dringend …",CC-BY 4.0,https://codefor.de
139,https://codefor.de/projekte/muenchen-transparent/,München Transparent,https://codefor.de/projekte/muenchen-transparent/,"OK Lab München, Code for Germany",Unbekannt,"München Transparent ist eine Plattform, die es Münchner BürgerInnen ermöglicht, schnell und einfach Einblicke in die Kommunalpolitik zu bekommen. Dazu werden die normalerweise nur schwer zugängliche …",CC-BY 4.0,https://codefor.de
140,https://codefor.de/projekte/le-museen/,Museen Mitteldeutschlands,https://codefor.de/projekte/le-museen/,"OK Lab Leipzig, Code for Germany",In Betrieb,"Alle Museen Mitteldeutschlands auf einer Leaflet-Karte.
Dazu wurde aus OpenStreetMap alle Elemente, die einen Schlüssel “amenity” mit dem Wert “museum” haben, extrahiert.
Die …",CC-BY 4.0,https://codefor.de
141,https://codefor.de/projekte/mvg-rad-citybikes/,MVG Rad für citybik.es,https://codefor.de/projekte/mvg-rad-citybikes/,"OK Lab München, Code for Germany",Unbekannt,"Da MVG Rad - das stadteigene Mietfahrradsystem - zwar wie in vielen anderen Städten auf Nextbike basiert, in München aber tatsächlich eine White-Label-Lösung zu sein scheint, konnte man bislang mit …",CC-BY 4.0,https://codefor.de
142,https://codefor.de/projekte/newcomer/,Newcomer in der Region Mittelhessen,https://codefor.de/projekte/newcomer/,"OK Lab Gießen, Code for Germany",In Planung,"Die App hilft Neuankömmlingen nach dem Umzug in die Stadt Gießen. Seien es behördliche Erledigungen, die nach einem Umzug anfallen, dem Finden von gemeinnützigen und sozialen Projekten in Gießen oder …",CC-BY 4.0,https://codefor.de
143,https://codefor.de/projekte/fl-open-emergency-map/,Notfallkarte Schleswig-Holstein,https://codefor.de/projekte/fl-open-emergency-map/,"OK Lab Flensburg, Code for Germany",In Planung,"Die Notfallkarte Schleswig-Holstein ist eine offene, webbasierte Kartenanwendung, mit der Nutzer:innen Polizeidienststellen in Schleswig-Holstein schnell und einfach in ihrer Nähe finden können. Über …",CC-BY 4.0,https://codefor.de
144,https://codefor.de/projekte/offener-haushalt-muenster/,Offener Haushalt Münster 2009-2013,https://codefor.de/projekte/offener-haushalt-muenster/,"Code for Münster, Code for Germany",In Betrieb,Der Haushalt der Stadt Münster von 2009-2013 in OpenSpending integriert und auf offenerhaushalt.de veröffentlicht.,CC-BY 4.0,https://codefor.de
145,https://codefor.de/projekte/wpt-offenerhaushalt/,Offener Haushalt Wuppertal,https://codefor.de/projekte/wpt-offenerhaushalt/,"OK Lab Wuppertal, Code for Germany",In Planung,"Interaktive Visualisierung des Wuppertaler Haushalts, damit sich engagierte BürgerInnen leicht einen Überblick verschaffen können.",CC-BY 4.0,https://codefor.de
146,https://codefor.de/projekte/offenerrat/,Offener Rat Münster,https://codefor.de/projekte/offenerrat/,"Code for Münster, Code for Germany",Unbekannt,Ein Tool um die aktuellen Vorlagen und Sitzungen des Rates Münster zu sehen. Besser durchsuchbar und übersichtlicher als das Ratsinformationssystem der Stadt,CC-BY 4.0,https://codefor.de
147,https://codefor.de/projekte/jena-offenesratsinformationssystem/,Offener Stadtrat,https://codefor.de/projekte/jena-offenesratsinformationssystem/,"OK Lab Jena, Code for Germany",Unbekannt,"Das Ratsinformationssystem der Stadt Jena ist zwar ganz nett, aber wenig zu einer umfassenden und vor allem automatischen Information der Bürger geeignet. Mit diesem Projekt sollen die Inhalte besser …",CC-BY 4.0,https://codefor.de
148,https://codefor.de/projekte/be-oparl/,OParl,https://codefor.de/projekte/be-oparl/,"OK Lab Berlin, Code for Germany",In Betrieb,"OParl ist eine Initiative zur Standardisierung des offenen Zugriffs auf parlamentarische Informationssysteme in Deutschland.
Das Ziel von OParl ist die Schaffung einer Standard-API für den Zugang zu …",CC-BY 4.0,https://codefor.de
149,https://codefor.de/projekte/fl-open-data-api/,Open Data API,https://codefor.de/projekte/fl-open-data-api/,"OK Lab Flensburg, Code for Germany",In Planung,"Die Open Data API ist eine Programmierschnittstelle, die vom OK Lab Flensburg entwickelt wird, um den einfachen Zugriff auf öffentliche Daten zu ermöglichen. Diese Daten können von Gemeinden, …",CC-BY 4.0,https://codefor.de
150,https://codefor.de/projekte/od-atlas/,Open Data Atlas,https://codefor.de/projekte/od-atlas/,"OK Lab Berlin, Code for Germany",In Planung,"Übersicht über alle Open Data Angebote in Deutschland.
Alle Open Data Portal aus Deutschland, Österreich und der Schweiz. Sowohl die staatlichen Portale als auch die zivilgesellschaftlich betriebenen …",CC-BY 4.0,https://codefor.de
151,https://codefor.de/projekte/open_data_rallye/,Open Data Rallye,https://codefor.de/projekte/open_data_rallye/,"Code for Bielefeld, Code for Germany",Unbekannt,Im Rahmen des Digitaltags 2021 haben wir für dich eine OpenData-Rallye entlang der Promenade initiiert. Du wirst auf dieser Strecke verschiedene QR-Codes und auch eine Beschreibung des Weges finden. …,CC-BY 4.0,https://codefor.de
152,https://codefor.de/projekte/open-legal-data/,Open Legal Data,https://codefor.de/projekte/open-legal-data/,"OK Lab Berlin, Code for Germany",In Planung,"Open Legal Data ist eine freie juristische Datenbank für Gesetze und Urteile.
Obwohl Urteile im Namen des Volkes ergehen, werden sie oft nur in kommerziellen Datenbanken oder gar nicht veröffentlicht. …",CC-BY 4.0,https://codefor.de
153,https://codefor.de/projekte/cologne-openair/,OpenAir Cologne,https://codefor.de/projekte/cologne-openair/,"OK Lab Köln, Code for Germany",In Planung,"OpenAir Cologne ist ein gemeinsames Projekt von Teilnehmern des Oklab Cologne, der Stadt Köln und Everykey. Wir wollen gemeinsam in Köln 20 Sensoren in einem Pilotprojekt aufstellen, um zu sehen wie …",CC-BY 4.0,https://codefor.de
154,https://codefor.de/projekte/wpt-openbus/,OpenBus,https://codefor.de/projekte/wpt-openbus/,"OK Lab Wuppertal, Code for Germany",In Planung,Entstanden als Techdemo für einen OpenDataDay in Wuppertal. Greift die Daten vom Abfahrtsmonitor ab und visualisiert sie auf Google Maps.,CC-BY 4.0,https://codefor.de
155,https://codefor.de/projekte/opendatawizzard/,OpenDataWizzard,https://codefor.de/projekte/opendatawizzard/,"OK Lab Köln, Code for Germany",In Betrieb,"Eine kleine Hilfestellung um Daten und deren Sammlungen optimal für alle verfügbar zu machen.
Schritt für Schritt werden im Folgenden die Unterschiede zwischen Daten, Datensätzen, Datenbanken und …",CC-BY 4.0,https://codefor.de
156,https://codefor.de/projekte/cologne-opennoise-map/,OpenNoise Map,https://codefor.de/projekte/cologne-opennoise-map/,"OK Lab Köln, Code for Germany",Unbekannt,Mit dieser Web-Karte lassen sich tägliche Überschreitungswerte des maximal gemessenen Schalldruckes aus den Daten der Sensor Community interaktiv darstellen.,CC-BY 4.0,https://codefor.de
157,https://codefor.de/projekte/hn-osm-editor/,OpenStreetMap QA Editor,https://codefor.de/projekte/hn-osm-editor/,"Code for Heilbronn, Code for Germany",In Betrieb,"Dieses Tool hilft bei der Verbesserung der Qualität von OpenStreetMap Daten.
Es ermöglicht die schnelle Anzeige und Bearbeitung von:
Tracks ohne tracktype Straßen ohne sidewalk oder footway Tag Tracks …",CC-BY 4.0,https://codefor.de
158,https://codefor.de/projekte/bn-oepnv-tracking/,ÖPNV Tracking in Echtzeit,https://codefor.de/projekte/bn-oepnv-tracking/,"OK Lab Bonn-Rhein-Sieg, Code for Germany",In Planung,"Der Verkehrsverbund Rhein/Sieg hat eine Programmierschnittstelle (API), für die man sich als Entwickler (auf Nachfrage) einen API Key geben lassen kann. Im ersten Schritt gibt es darüber erst einmal …",CC-BY 4.0,https://codefor.de
159,https://codefor.de/projekte/pb-kneipen/,Paderborner Kneipenplan,https://codefor.de/projekte/pb-kneipen/,"CodeforPB, Code for Germany",Unbekannt,"Der Kneipenplan ist ca. 1990 nach einer Vision von Kim und Tö entstanden. Ursprünglich noch auf Papier gezeichnet und fotokopiert, steht der Kneipenplan aktuell auf den Seiten der Fachschaft …",CC-BY 4.0,https://codefor.de
160,https://codefor.de/projekte/pb-parking/,Parken in Paderborn,https://codefor.de/projekte/pb-parking/,"CodeforPB, Code for Germany",In Betrieb,Inspiriert von Parkplätze Dresden. Stellt die Informationen des Parkleitsystems der Stadt Paderborn übersichtlich und schnell erfassbar auf einer Karte dar. Des Weiteren gibt es einen Log der …,CC-BY 4.0,https://codefor.de
161,https://codefor.de/projekte/ms-parkleit-api/,Parkleitsystem API Münster,https://codefor.de/projekte/ms-parkleit-api/,"Code for Münster, Code for Germany",Unbekannt,Ein Wrapper für das Parkleitsystem des Tiefbauamts Münster,CC-BY 4.0,https://codefor.de
162,https://codefor.de/projekte/cologne-pegelbot/,Pegelbot,https://codefor.de/projekte/cologne-pegelbot/,"OK Lab Köln, Code for Germany",In Betrieb,"Wasserstand mit kölschem Flair - Der Pegelbot Die Stadtentwässerungsbetriebe Köln stellen Daten zum aktuellen Pegelstand des Rheins über eine offene Schnittstelle zur Verfügung.
Der …",CC-BY 4.0,https://codefor.de
163,https://codefor.de/projekte/hn-poetryslam/,Poetry Slam,https://codefor.de/projekte/hn-poetryslam/,"Code for Heilbronn, Code for Germany",Unbekannt,"Für die Landesmeisterschaften im Poetry Slam (BWSLAM 2016) hat Code for Heilbronn ehrenamtlich eine Präsentationssoftware entwickelt. Die Webanwendung ermöglicht, Teilnehmer, Wettbewerbe, Gruppen und …",CC-BY 4.0,https://codefor.de
164,https://codefor.de/projekte/portable-linked-profiles/,Portable Linked Profiles,https://codefor.de/projekte/portable-linked-profiles/,"OK Lab Berlin, Code for Germany",Unbekannt,"PLP proposes a pattern for the creation, storage, listing and representation of public profile data for people, groups, organizations, venues and a large etcetera.
Based on Open Web Standards, Common …",CC-BY 4.0,https://codefor.de
165,https://codefor.de/projekte/p-trinkwasser/,Potsdamer Leitungswasser,https://codefor.de/projekte/p-trinkwasser/,"OK Lab Potsdam, Code for Germany",In Planung,Leitungswasser gehört zu den am strengsten kontrollierten Lebensmitteln in Deutschland. Regelmäßig veröffentlichen die Wasserwerke ihre Messwerte. Danke an das OpendataLab in Heilbronn für die …,CC-BY 4.0,https://codefor.de
166,https://codefor.de/projekte/ulm-projekte/,Projekte rund um Ulm,https://codefor.de/projekte/ulm-projekte/,"OK Lab Ulm, Code for Germany",Unbekannt,"Du wolltest schon immer wissen, wie weit Dich der Ulmer Nahverkehr in einer Viertelstunde bringt? Ob Dein Vorname wirklich kein zweites Mal an der Uni Ulm vorkommt? Oder suchst am Sonn- oder Feiertag …",CC-BY 4.0,https://codefor.de
167,https://codefor.de/projekte/quereinsteigende/,Quereinsteigende,https://codefor.de/projekte/quereinsteigende/,"OK Lab Berlin, Code for Germany",In Betrieb,"Verteilung von Lehrkräfte-Quereinsteigenden über Berliner Bezirke
Die Daten aus der Kleinen Anfrage „Lehrkräfte-Quereinsteigende in den Berliner Schulen im Schuljahr 2018/2019“ wurde auf dieser Karte …",CC-BY 4.0,https://codefor.de
168,https://codefor.de/projekte/radlquartier/,Radlquartier München,https://codefor.de/projekte/radlquartier/,"OK Lab München, Code for Germany",In Planung,"Aufbereitung und Auswertung von Bikesharing Daten. Im Moment können MVG Rad Daten ausgewertet werden, das Ziel des Projekts ist es ein einheitliches Datenformat für die Aufbereitung von …",CC-BY 4.0,https://codefor.de
169,https://codefor.de/projekte/dd-ratskarte/,Ratskarte Dresden,https://codefor.de/projekte/dd-ratskarte/,"Open Data Dresden, Code for Germany",Unbekannt,Finde Dokumente aus dem städtischen Ratsinfosystem welche Straßen in deiner Umgebung erwähnen.,CC-BY 4.0,https://codefor.de
170,https://codefor.de/projekte/dus-raumamateur/,Raumamateur,https://codefor.de/projekte/dus-raumamateur/,"OK Lab Düsseldorf, Code for Germany",In Planung,"Der Raumamateur ist eine App, die Dich durch einen Klick, einen Kommentar oder einen visuellen Beitrag (Foto oder Video) am Prozess der Stadtgestaltung teilhaben lässt. Die App stellt die Planungen …",CC-BY 4.0,https://codefor.de
171,https://codefor.de/projekte/frankfurt-parkendd/,Real-time parking lot app for Frankfurt am Main,https://codefor.de/projekte/frankfurt-parkendd/,"OK Lab Frankfurt, Code for Germany",In Betrieb,"Displaying parking lot information for Frankfurt in a 5 min interval.
The city of Frankfurt displays parking lot information on its website But it’s list form is hardly helpful, so we’ve …",CC-BY 4.0,https://codefor.de
172,https://codefor.de/projekte/magdeburg-rechte-gewalt/,Rechte Gewalt in Deutschland,https://codefor.de/projekte/magdeburg-rechte-gewalt/,"OK Lab Magdeburg, Code for Germany",Eingestellt,"Berichte von Übergriffen rechter Gewalt werden kartiert, um die Allgegenwärtigkeit von rechten Straftaten aufzuzeigen. Achtung: Das Lesen der Berichte ist nichts für schwache Nerven.",CC-BY 4.0,https://codefor.de
173,https://codefor.de/projekte/hn-muellabfuhrtermine/,Recyclinghof-Finder,https://codefor.de/projekte/hn-muellabfuhrtermine/,"Code for Heilbronn, Code for Germany",In Planung,"Mobiloptimierte Karte aller Recyclinghöfe im Stadt- und Landkreis Heilbronn + Kalender-Dateien (ICS) nach Wohnort mit den Müllabfuhrterminen zum Download in den eigenen Kalender.
Alle Recyclinghöfe …",CC-BY 4.0,https://codefor.de
174,https://codefor.de/projekte/ruhrgebiet-recyclingkarte/,Recyclingkarte,https://codefor.de/projekte/ruhrgebiet-recyclingkarte/,"OK Lab Ruhrgebiet, Code for Germany",In Planung,"Die Recyclingkarte zeigt alle Altkleider-, Altpapier- und Altglas-Container in Essen.",CC-BY 4.0,https://codefor.de
175,https://codefor.de/projekte/refugeeapp/,Refugees Gießen,https://codefor.de/projekte/refugeeapp/,"OK Lab Gießen, Code for Germany",Unbekannt,Das Thema Flüchtlinge interessiert uns alle und das OK Lab Gießen hat sich entschlossen eine sogenannte RefugeeApp zu entwickeln. Mit Hilfe dieser App sollen die ersten Monate für neu angekommene …,CC-BY 4.0,https://codefor.de
176,https://codefor.de/projekte/be-drl-refugeeworks/,RefugeesWork,https://codefor.de/projekte/be-drl-refugeeworks/,"OK Lab Berlin, Code for Germany",In Planung,"RefugeesWork ist das Projekt eines interationalen Teams, das einen schnellen Einstieg ins Berufsleben für Newcomer ermöglichen will. Aus eigener Erfahrung konzentrieren sie sich dabei auf Angebote für …",CC-BY 4.0,https://codefor.de
177,https://codefor.de/projekte/cologne-sagsunskoeln/,Sag's uns App Köln,https://codefor.de/projekte/cologne-sagsunskoeln/,"OK Lab Köln, Code for Germany",In Planung,"Den Service Sag’s uns der Stadt Köln nutzen Bürger, um ihre Probleme mit dem Kölner Stadtbild zu melden. Dazu gehören z.B. wilder Müll, Schrotträder, kaputte Straßenlaternen und mehr. Das klappt …",CC-BY 4.0,https://codefor.de
178,https://codefor.de/projekte/jena-save-o-meter/,Save-O-Meter,https://codefor.de/projekte/jena-save-o-meter/,"OK Lab Jena, Code for Germany",Unbekannt,"Messe, visualisiere und beeinflusse Deinen Strom- und Wasserbedarf und die Menge deines Mülls!
Die Idee für dieses Projekt entstammt dem ‘In/Visible Cities: Prototyping Lab’, welches als …",CC-BY 4.0,https://codefor.de
179,https://codefor.de/projekte/cologne-schulen-in-koeln/,Schulen in Köln,https://codefor.de/projekte/cologne-schulen-in-koeln/,"OK Lab Köln, Code for Germany",In Planung,"Ziel dieses Projektes ist es Schulen und Schüler bezogen auf Stadtteile in Köln anzuzeigen. Beim Überfahren der farblich durch die Anzahl der Schüler unterschiedenen Stadtteile, wird die Anzahl der …",CC-BY 4.0,https://codefor.de
180,https://codefor.de/projekte/schulen-in-nrw/,Schulen in NRW,https://codefor.de/projekte/schulen-in-nrw/,"OK Lab Ruhrgebiet, Code for Germany",In Planung,Eine Karte mit allen Schulen in ganz NRW. Dieses Projekt ist beim Open Data Day 2016 entstanden.,CC-BY 4.0,https://codefor.de
181,https://codefor.de/projekte/schulradar-ruhrgebiet/,Schulradar Ruhrgebiet,https://codefor.de/projekte/schulradar-ruhrgebiet/,"OK Lab Ruhrgebiet, Code for Germany",In Planung,"Dieses Projekt ist eine Webseite, auf der die Schulen im Ruhrgebiet zu finden sind. Es gibt statistische Berechnungen zu den Städten, Karten für einzelne Städte und eine Karte für das gesamte …",CC-BY 4.0,https://codefor.de
182,https://codefor.de/projekte/cologne-s5p-no2-map/,Sentinel-5P NO2 Map,https://codefor.de/projekte/cologne-s5p-no2-map/,"OK Lab Köln, Code for Germany",In Betrieb,Seit Januar 2024 gibt es den Copernicus Browser. Damit lassen sich Sentinel Daten global in einer Karte visualisieren. Dies umfasst auch die NO2 Daten. Sämtliche Daten der Sentinel-5P Mission können …,CC-BY 4.0,https://codefor.de
183,https://codefor.de/projekte/bodenfeuchtigkeit/,Sichtbarmachung von Bodenfeuchtigkeit im Teutoburger Wald,https://codefor.de/projekte/bodenfeuchtigkeit/,"Code for Bielefeld, Code for Germany",In Planung,"Was wir machen:
Wir messen die Bodenfeuchte an verschiedenen Stellen in und um Bielefeld. Dafür nutzen wir Open-Source-Hardware zum selbst zusammenbauen, und die Funktechnologie LoRaWAN. Diese …",CC-BY 4.0,https://codefor.de
184,https://codefor.de/projekte/be-feinstaub-sos/,SOS für Feinstaub-Daten,https://codefor.de/projekte/be-feinstaub-sos/,"OK Lab Berlin, Code for Germany",In Planung,"Feinstaub-Daten über den SOS-Standard als API zur Verfügung stellen - als Karte und Diagramme darstellen.
Der Sensor Observation Service (SOS) ist ein vom OGC spezifizierter Standard zur Speicherung …",CC-BY 4.0,https://codefor.de
185,https://codefor.de/projekte/fl-open-social-map/,Sozialatlas der Stadt Flensburg,https://codefor.de/projekte/fl-open-social-map/,"OK Lab Flensburg, Code for Germany",In Planung,Der digitale Sozialatlas soll eine Grundlage für verschiedene Planungsaktivitäten der Stadt Flensburg und deren Büger:innen anbieten. Ziel ist die differenzierte Beobachtung von relevanten …,CC-BY 4.0,https://codefor.de
186,https://codefor.de/projekte/cologne-spielplaetze/,Spielplätze in Köln,https://codefor.de/projekte/cologne-spielplaetze/,"OK Lab Köln, Code for Germany",In Planung,Eine Auflistung von Spiel- und Sportplätzen in Köln auf einer Openstreetmap. Die Liste kann nach Stadtbezirken und Stadtteilen gefiltert werden. Diese Seite wurde nur mit html und javascript …,CC-BY 4.0,https://codefor.de
187,https://codefor.de/projekte/fl-open-playgrounds-map/,Spielplatzkarte der Stadt Flensburg,https://codefor.de/projekte/fl-open-playgrounds-map/,"OK Lab Flensburg, Code for Germany",In Planung,"Diese webbasierte Karte ist auf Basis der Daten des TBZ Flensburg entstanden. Diese Institution führt zwar selbst eine Karte der “Spielflächen”, wie sie im Amtsdeutsch bezeichnet werden, …",CC-BY 4.0,https://codefor.de
188,https://codefor.de/projekte/hh-spielplatzwuesten/,Spielplatzwüsten kartieren,https://codefor.de/projekte/hh-spielplatzwuesten/,"OK Lab Hamburg, Code for Germany",Unbekannt,"Wie gerecht sind eigentlich die Spielplätze in Hamburg räumlich verteilt? In dem Projekt sollen verschiedene Auswertungen durchgeführt werden, die mit Spielplätzen ggf. unterversorgte Bereiche in …",CC-BY 4.0,https://codefor.de
189,https://codefor.de/projekte/fl-open-transport-map/,Stadtplan mit dem Nahverkehr in Flensburg,https://codefor.de/projekte/fl-open-transport-map/,"OK Lab Flensburg, Code for Germany",In Planung,"Der Nahverkehr spielt eine entscheidende Rolle in unserem täglichen Leben. Er ermöglicht es uns, zur Arbeit zu gelangen, Freunde und Familie zu besuchen und unsere Stadt zu erkunden. Ein effizienter …",CC-BY 4.0,https://codefor.de
190,https://codefor.de/projekte/ms-stadtradeln-vis/,Stadtradeln Heatmap,https://codefor.de/projekte/ms-stadtradeln-vis/,"Code for Münster, Code for Germany",In Betrieb,"Das Projekt “Stadtradeln-Vis” zeigt eine so genannte Heatmap-Visualisierung der Fahrten, die während der der Stadtradeln-Aktion in den Jahren 2018, 2019 und 2020 in Münster gemacht worden …",CC-BY 4.0,https://codefor.de
191,https://codefor.de/projekte/le-ratskarte_leipzig/,Stadtratmonitor Leipzig,https://codefor.de/projekte/le-ratskarte_leipzig/,"OK Lab Leipzig, Code for Germany",In Betrieb,"Durchsuche das Ratsinformationssystem der Stadt Leipzig und abboniere deine Suchergebnisse!
Durchsuche das Ratsinformationssystem der Stadt Leipzig per Volltextsuche oder über detailierte Filter. …",CC-BY 4.0,https://codefor.de
192,https://codefor.de/projekte/stolpersteine-app/,Stolpersteine App,https://codefor.de/projekte/stolpersteine-app/,"OK Lab Berlin, Code for Germany",Unbekannt,Stolpersteine sind kleine Gedenktafeln im Straßenpflaster zur Erinnerung an die Opfer des Nationalsozialismus. Mehr als 40.000 davon hat der Künstler Gunter Demnig mittlerweile in ganz Europa verlegt. …,CC-BY 4.0,https://codefor.de
193,https://codefor.de/projekte/hn-stolpersteine/,Stolpersteine in Heilbronn,https://codefor.de/projekte/hn-stolpersteine/,"Code for Heilbronn, Code for Germany",In Betrieb,"In den letzten Monaten ist im Rahmen des OKLabs und in Zusammenarbeit mit dem Stadtarchiv in Heilbronn eine Website für die Stolperstein-Aktion in Heilbronn entstanden.
Stolpersteine sind Denkmäler …",CC-BY 4.0,https://codefor.de
194,https://codefor.de/projekte/fl-open-trees-map/,Straßenbäume der Stadt Flensburg,https://codefor.de/projekte/fl-open-trees-map/,"OK Lab Flensburg, Code for Germany",In Planung,"Im ersten Schritt haben wir einen vorhandenen Datensatz der Straßenbäume der Stadt Flensburg genutzt, um eine einfache Darstellung auf der Karte als transparente Anlaufstelle für Interessierte zu …",CC-BY 4.0,https://codefor.de
195,https://codefor.de/projekte/md-strassennamen/,Straßennamen Magdeburg,https://codefor.de/projekte/md-strassennamen/,"OK Lab Magdeburg, Code for Germany",In Betrieb,Stellt die nach Personen benannten Magdeburger Straßen aufgeschlüsselt nach deren jeweiligem Geschlecht dar.,CC-BY 4.0,https://codefor.de
196,https://codefor.de/projekte/be-street-trees-api/,Street Trees API,https://codefor.de/projekte/be-street-trees-api/,"OK Lab Berlin, Code for Germany",In Planung,"The street trees project aims at providing an API for street tree data. We build a RESTful API on top of geospatially referenced tree data.
The API acts as the foundation for various client …",CC-BY 4.0,https://codefor.de
197,https://codefor.de/projekte/wpt-talso/,"Tal, so?",https://codefor.de/projekte/wpt-talso/,"OK Lab Wuppertal, Code for Germany",In Betrieb,"Suchmaschine, von und für Wuppertal!",CC-BY 4.0,https://codefor.de
198,https://codefor.de/projekte/wpt-talomat/,Talomat,https://codefor.de/projekte/wpt-talomat/,"OK Lab Wuppertal, Code for Germany",In Planung,"Der Talomat ist ein Wuppertaler Wahl-O-Mat nach dem Vorbild des von der Bundes- und Landeszentrale für politische Bildung eingesetzten Wahl-o-Maten.
Er wurde für die Kommunalwahlen 2014 eingesetzt. …",CC-BY 4.0,https://codefor.de
199,https://codefor.de/projekte/wpt-talradparken/,Talradparken,https://codefor.de/projekte/wpt-talradparken/,"OK Lab Wuppertal, Code for Germany",In Betrieb,"Talradparken zeigt, wo man sicher sein Fahrrad in Wuppertal anschließen kann.",CC-BY 4.0,https://codefor.de
200,https://codefor.de/projekte/hh-thingsonbikelanes/,Things On Bikelanes,https://codefor.de/projekte/hh-thingsonbikelanes/,"OK Lab Hamburg, Code for Germany",Unbekannt,Hamburg ist nicht gerade die fahrradfreundlichste Stadt Deutschlands. Das monothematische Blog Things On Bikelanes sammelt Beispiele für Behinderungen auf Hamburgs Radwegen. CodeforHH hat aus den …,CC-BY 4.0,https://codefor.de
201,https://codefor.de/projekte/ffm-toiletsforthedisabled/,Toilets for the Disabled,https://codefor.de/projekte/ffm-toiletsforthedisabled/,"OK Lab Frankfurt, Code for Germany",In Planung,Toilets for the Disabled zeigt ca. 1800 behindertengerechte Toiletten auf der Karte von Frankfurt. Die einzelnen Punkte sind mit sehr ausführlichen Informationen versehen. Etwa der Türbreite und der …,CC-BY 4.0,https://codefor.de
202,https://codefor.de/projekte/be-trinkwasser/,Trinkwasser Berlin,https://codefor.de/projekte/be-trinkwasser/,"OK Lab Berlin, Code for Germany",Unbekannt,"Trinkwasser gilt als das am besten kontrollierte Lebensmittel in Deutschland. Und trotzdem wissen wir sehr wenig über das Wasser, das bei uns aus dem Hahn kommt. Selbst wenn die Zahlen auf den …",CC-BY 4.0,https://codefor.de
203,https://codefor.de/projekte/trinkwasser/,Trinkwasser in Köln,https://codefor.de/projekte/trinkwasser/,"OK Lab Köln, Code for Germany",Unbekannt,"Trinkwasser, wir alle nutzen es täglich. Es liegt daher nahe, sich über das Trinkwasser Gedanken zu machen und sich zu fragen: “Woraus setzt sich mein Trinkwasser zusammen und wie schneidet es …",CC-BY 4.0,https://codefor.de
204,https://codefor.de/projekte/twitterdashboard/,Twitter Dashboard,https://codefor.de/projekte/twitterdashboard/,"OK Lab Bonn-Rhein-Sieg, Code for Germany",In Planung,"Ein Dashboard mit analogen Zeigern signalisiert die Frequenz von Tweets, die über die einzelnen Parteien abgesetzt werden.",CC-BY 4.0,https://codefor.de
205,https://codefor.de/projekte/umweltzone/,Umweltzone Android app,https://codefor.de/projekte/umweltzone/,"OK Lab Berlin, Code for Germany",Unbekannt,The Umweltzone app enables citizens to look up the areas of cities which are restricted for being used by cars limited by their specific emission profile. The app shows the outline of the low emission …,CC-BY 4.0,https://codefor.de
206,https://codefor.de/projekte/fl-open-accident-map/,Unfallkarte der Stadt Flensburg,https://codefor.de/projekte/fl-open-accident-map/,"OK Lab Flensburg, Code for Germany",In Planung,Während einer kleinen Brainstorming Session ist diese interaktive webbasierte Karte mit den Daten des Bundesamtes für Kartographie und Geodäsie entstanden. Nach einigen Stunden der maschinellen …,CC-BY 4.0,https://codefor.de
207,https://codefor.de/projekte/vbb-api/,VBB-API-Schnittstelle,https://codefor.de/projekte/vbb-api/,"OK Lab Berlin, Code for Germany",In Planung,Im Rahmen dieses Projekts sind eine entwicklerfreundliche HTTP-API für Echtzeitdaten und mehrere Module für statische Daten entstanden. Außerdem habe ich einen Telegram-Bot geschrieben und möchte eine …,CC-BY 4.0,https://codefor.de
208,https://codefor.de/projekte/cologne-veranstaltungen/,Veranstaltungen in Köln,https://codefor.de/projekte/cologne-veranstaltungen/,"OK Lab Köln, Code for Germany",In Planung,Mithilfe dieser doppelten Visualisierung auf Karte und Kalender kann man Veranstaltungen der Stadt Köln sowohl nach dem Kriterium Ort wie auch Datum suchen. Zu jeder Veranstaltung werden Infos und …,CC-BY 4.0,https://codefor.de
209,https://codefor.de/projekte/cologne-verkehr/,Verkehrsmeldungen Köln,https://codefor.de/projekte/cologne-verkehr/,"OK Lab Köln, Code for Germany",In Planung,"Wer in Köln wissen will, wann in der Umgebung seines Auto-Parkplatzes eine verkehsbezogene Meldung ist - um z.B. zu verhindern, dass das Auto abgeschlept wird - hat in der App die Möglichkeit seine …",CC-BY 4.0,https://codefor.de
210,https://codefor.de/projekte/cologne-verteilte-daten-vernetzen/,Verteilte Daten vernetzen mit JSON-LD,https://codefor.de/projekte/cologne-verteilte-daten-vernetzen/,"OK Lab Köln, Code for Germany",In Betrieb,"Die Idee zu diesem Prototyp ist es, Daten dezentral auf Servern zu speichern und diese via JSON-LD zu vernetzen. WebCrawler können die Daten dann indexieren und für spezielle Anwendungen aufbereiten. …",CC-BY 4.0,https://codefor.de
211,https://codefor.de/projekte/jena-virtuellesjena/,Virtuelles Jena,https://codefor.de/projekte/jena-virtuellesjena/,"OK Lab Jena, Code for Germany",Unbekannt,"Stellenweise ist Jena in der Open-Street-Map noch unentdecktes Land. Vor allem Gebäudeumrisse und Hausnummern, aber auch viele gastronomische, touristische Point-of-Interests fehlen um ein brauchbares …",CC-BY 4.0,https://codefor.de
212,https://codefor.de/projekte/bn-stolpersteine/,Visualisierung der Bonner Stolpersteine,https://codefor.de/projekte/bn-stolpersteine/,"OK Lab Bonn-Rhein-Sieg, Code for Germany",In Betrieb,Die bekannten Stolpersteine jetzt auch für Bonn.,CC-BY 4.0,https://codefor.de
213,https://codefor.de/projekte/le-lvz_polizeiticker_visualisierung/,Visualisierung der Polizeiticker Meldungen der Leipziger Volkszeitung,https://codefor.de/projekte/le-lvz_polizeiticker_visualisierung/,"OK Lab Leipzig, Code for Germany",In Betrieb,"Eine Weboberfläche zur Visualisierung von Tickermeldungen aus der Leipziger Volkszeitung samt Crawler, Named Entity Recognition, Elastic Search und LeafletJS.
Umsetzung die Server-seitige Anwendung …",CC-BY 4.0,https://codefor.de
214,https://codefor.de/projekte/be-drl-volunteer-planner/,Volunteer-Planner,https://codefor.de/projekte/be-drl-volunteer-planner/,"OK Lab Berlin, Code for Germany",In Planung,Der Volunteer-Planner ist eine Schichtplanungsplattform von Ehrenamtlichen fuer Ehrenamtliche. Mit ihm koennen organisationsuebergreifend bisher ungebundene Ehrenamtliche sich einfach und kurzfristig …,CC-BY 4.0,https://codefor.de
215,https://codefor.de/projekte/vornamen/,Vornamen App,https://codefor.de/projekte/vornamen/,"OK Lab Berlin, Code for Germany",In Betrieb,"Ein Namenslexikon für werdende Eltern mit offenen Daten aus ganz Deutschland.
Für die Smartphone-App habe ich alle Open Data Portale abgegrast und nachgefragt nach Vornamen-Statistiken. Mittlerweile …",CC-BY 4.0,https://codefor.de
216,https://codefor.de/projekte/wahlometer/,Wahl-O-Meter,https://codefor.de/projekte/wahlometer/,"OK Lab Ruhrgebiet, Code for Germany",In Planung,"Im Rahmen der Wahlsalons soll im Datenschatz der Wahl-O-Maten der Bundeszentrale für politische Bildung geschürft werden: Die Daten werden aufbereitet und zueinander in Beziehung gesetzt, ein offenes …",CC-BY 4.0,https://codefor.de
217,https://codefor.de/projekte/wahlbeteiligung/,Wahlbeteiligung,https://codefor.de/projekte/wahlbeteiligung/,"OK Lab Köln, Code for Germany",In Planung,Das Projekt wahlbeteiligung soll die Wahlbeteiligung auf einer Karte veranschaulichen. Es soll darüber hinaus Eigenschaften der Umgebung dazu in Bezug setzen.,CC-BY 4.0,https://codefor.de
218,https://codefor.de/projekte/wahldatentransparenzranking/,Wahldatentransparenzranking,https://codefor.de/projekte/wahldatentransparenzranking/,"OK Lab Berlin, Code for Germany",In Planung,"With the Wahldatentransparenzranking, we will examine the information offerings by the Statistische Landesämter in the case of election data. A focus will be on the (missing) openness of election data …",CC-BY 4.0,https://codefor.de
219,https://codefor.de/projekte/wahlkompass-digitales/,Wahlkompass Digitales,https://codefor.de/projekte/wahlkompass-digitales/,"OK Lab Berlin, Code for Germany",In Planung,"Der Wahlkompass Digitales schafft Transparenz im Wahlkampf und zeigt, welche Antworten die deutschen Parteien auf digitalpolitische Fragen haben. Das Tool ermöglicht, Wahlprogramme zu Digitalthemen in …",CC-BY 4.0,https://codefor.de
220,https://codefor.de/projekte/le-wahldaten/,Wahlkreise in Sachsen,https://codefor.de/projekte/le-wahldaten/,"OK Lab Leipzig, Code for Germany",In Betrieb,"Das Projekt hat sich zum Ziel gesetzt, die Wahlkreise in Sachsen zur Landtagswahl maschinenlesbar bereitstellen.
Da keine Shapefile mit den sächsischen Wahlkreisen gefunden werden konnte, sondern nur …",CC-BY 4.0,https://codefor.de
221,https://codefor.de/projekte/p-wahllokalfinder/,Wahllokale Potsdam,https://codefor.de/projekte/p-wahllokalfinder/,"OK Lab Potsdam, Code for Germany",In Betrieb,Wo sind die Potsdamer Wahllokale zur Bundestagswahl 2017?,CC-BY 4.0,https://codefor.de
222,https://codefor.de/projekte/wahllokalfinder/,Wahllokalfinder,https://codefor.de/projekte/wahllokalfinder/,"OK Lab Köln, Code for Germany",In Planung,"Am Sonntag, den 14. Mai, wählte NRW einen neuen Landtag. Der von der Stadt Köln, Railslove und „Kölner Stadt-Anzeiger“ präsentierte Wahllokalfinder #Köln zeigt alle 240 Wahllokale an, und lotste die …",CC-BY 4.0,https://codefor.de
223,https://codefor.de/projekte/wahlprogramm-matrix/,Wahlprogramm-Matrix Kommunalwahl Münster 2014,https://codefor.de/projekte/wahlprogramm-matrix/,"Code for Münster, Code for Germany",Unbekannt,Ein Tool zum Vergleich von Abschnitten in Wahlprogrammen. Per Klick werden ähnliche Abschnitte zum Ausgewählten farblich hervorgehoben. Die Auswertung geschieht automatisiert mit NLP.,CC-BY 4.0,https://codefor.de
224,https://codefor.de/projekte/wahlprogrammat/,Wahlprogrammquiz,https://codefor.de/projekte/wahlprogrammat/,"OK Lab Berlin, Code for Germany",In Planung,Ein Quiz zu den Inhalten der Wahlprogramme der sechs Parteien.,CC-BY 4.0,https://codefor.de
225,https://codefor.de/projekte/be-wahlversprechen/,Wahlversprechen2013,https://codefor.de/projekte/be-wahlversprechen/,"OK Lab Berlin, Code for Germany",Unbekannt,"wahlversprechen2013.de dokumentiert alle Wahlversprechen der Bundesregierung, d.h. die Inhalte des Koalitionsvertrags und die Inhalte der Wahlprogramme von SPD und CDU. Wir möchten im Verlauf der …",CC-BY 4.0,https://codefor.de
226,https://codefor.de/projekte/be-wartezeit-moers/,Wartezeit Moers,https://codefor.de/projekte/be-wartezeit-moers/,"OK Lab Berlin, Code for Germany",In Betrieb,"Zeigt die durchschnittlichen Wartezeiten für den Bürgerservice in Moers nach Stunden und Tagen. Größere Kreise bedeuten längere, kleinere Kreise kürzere Wartezeiten. Mittwoch bis Samstag Vormittag …",CC-BY 4.0,https://codefor.de
227,https://codefor.de/projekte/hn-lk-wartezeiten/,Wartezeiten KFZ-Zulassungsstelle Heilbronn,https://codefor.de/projekte/hn-lk-wartezeiten/,"Code for Heilbronn, Code for Germany",In Betrieb,"Zeigt die durchschnittlichen Wartezeiten für die KFZ-Zulassungsstelle in Heilbronn nach Stunden und Tagen.
Bei diesem Projekt handelt es sich um ein Redeployment der Wartezeiten-Anwendung für das …",CC-BY 4.0,https://codefor.de
228,https://codefor.de/projekte/frankfurt-was-bekomme-ich-fuer-meine-miete/,Was bekomme ich in Frankfurt für meine Miete?,https://codefor.de/projekte/frankfurt-was-bekomme-ich-fuer-meine-miete/,"OK Lab Frankfurt, Code for Germany",In Betrieb,"Visualisierung, die die Abhängigkeiten von verschiedenen Parametern wie Baumdichte, Ärztedichte und Kitplätzen zum Mietpreis anzeigt.",CC-BY 4.0,https://codefor.de
229,https://codefor.de/projekte/hn-landtag/,Was macht mein Landtagsabgeordneter?,https://codefor.de/projekte/hn-landtag/,"Code for Heilbronn, Code for Germany",In Planung,Die Abgeordneten im Landtag von Baden-Württemberg starten jeden Monat viele Initiativen und Anfragen zu ganz unterschiedlichen Themen. Wir wollen diese Daten besser zugängig machen und aufbereiten. …,CC-BY 4.0,https://codefor.de
230,https://codefor.de/projekte/le-trinkwasser/,Was steckt in meinem Leitungswasser?,https://codefor.de/projekte/le-trinkwasser/,"OK Lab Leipzig, Code for Germany",In Betrieb,"Qualitätswerte des Trinkwassers aus dem Versorgungsgebiet der MIDEWA schematisch und als Karte.
Trinkwasser gilt als das am besten kontrollierte Lebensmittel in Deutschland. Und trotzdem wissen wir …",CC-BY 4.0,https://codefor.de
231,https://codefor.de/projekte/hn-trinkwasser/,Was steckt in meinem Leitungswasser?,https://codefor.de/projekte/hn-trinkwasser/,"Code for Heilbronn, Code for Germany",In Planung,"Trinkwasser gilt als das am besten kontrollierte Lebensmittel in Deutschland. Und trotzdem wissen wir sehr wenig über das Wasser, das bei uns aus dem Hahn kommt.
Selbst wenn die Zahlen auf den …",CC-BY 4.0,https://codefor.de
232,https://codefor.de/projekte/bundestagswahl/,was wäre wenn,https://codefor.de/projekte/bundestagswahl/,"OK Lab Köln, Code for Germany",In Betrieb,"Die Forderung nach einem Gesetz, daß die Wahl ab 16 Jahren erlaubt, ist schon seit langem ein Programmpunkt bei vielen Parteien. Wie würden sich aber die Ergebnisse verändern, wenn auch die junge …",CC-BY 4.0,https://codefor.de
233,https://codefor.de/projekte/muc-finder/,Web-App zum Finden von bestimmten Orten (u.a. Defibrilatoren) in der Umgebung,https://codefor.de/projekte/muc-finder/,"OK Lab München, Code for Germany",In Planung,"Ziel des Projekts ist eine Web-App, die aus Open-Street-Map-Daten Orte einer bestimmten Kategorie, z.B. öffentliche Toiletten, Spielplätze oder Defibrilatoren in der Umgebung findet und dazu …",CC-BY 4.0,https://codefor.de
234,https://codefor.de/projekte/ms-weihnachtsmarkt/,Weihnachtsmarkt-App Münster 2014,https://codefor.de/projekte/ms-weihnachtsmarkt/,"Code for Münster, Code for Germany",Unbekannt,Weihnachtsmarkt-App Münster 2014 mit Warenangebotssuche auf einer Karte!,CC-BY 4.0,https://codefor.de
235,https://codefor.de/projekte/be-xmas/,Weihnachtsmärkte,https://codefor.de/projekte/be-xmas/,"OK Lab Berlin, Code for Germany",In Betrieb,"Alle Weihnachtsmärkte aus Berlin in einer App. Man nehme die Open Data-Liste aus Berlin, ein paar Pressetext und -bilder und baue eine App zusammen. Die App ist soweit fertig, muss aber jedes Jahr mit …",CC-BY 4.0,https://codefor.de
236,https://codefor.de/projekte/wepublic/,Wepublic,https://codefor.de/projekte/wepublic/,"OK Lab Berlin, Code for Germany",In Planung,"Mit dem Projekt Wepublic möchten wir die digitale Kommunikation zwischen Bürgern und Politikern grundsätzlich verändern - hin zu mehr Dialog, mehr Verständnis und mehr konstruktive Kritik.
Starten …",CC-BY 4.0,https://codefor.de
237,https://codefor.de/projekte/hh-baualterskarte/,Wie alt sind die Hamburger Gebäude?,https://codefor.de/projekte/hh-baualterskarte/,"OK Lab Hamburg, Code for Germany",In Betrieb,In den öffentlichen Geodaten der Stadt stecken einige interessante Datensätze: Auf dieser Karte sind beispielsweise die Baualtersklassen der Hamburger Gebäude (soweit bekannt) dargestellt.,CC-BY 4.0,https://codefor.de
238,https://codefor.de/projekte/hh-bruecken/,Wie viele Brücken hat Hamburg?,https://codefor.de/projekte/hh-bruecken/,"OK Lab Hamburg, Code for Germany",In Betrieb,"Wie viele Brücken hat Hamburg? Rund 2500 soll es laut Behörde sein. Das wären mehr als Venedig, Amsterdam und Stockholm zusammen. Damit steht Hamburg als brückenreichste Stadt Europas im Guinness Buch …",CC-BY 4.0,https://codefor.de
239,https://codefor.de/projekte/wecount/,Wir zählen,https://codefor.de/projekte/wecount/,"OK Lab Berlin, Code for Germany",In Planung,“Wir zählen” möchte Verkehrszählungen aus dem Datenschatz des Projektes “Berlin zählt Mobilität” und darüber hinaus sichtbar machen. Das Ziel ist die Entwicklung eines …,CC-BY 4.0,https://codefor.de
240,https://codefor.de/projekte/le-woistmarkt/,Wo ist Markt?,https://codefor.de/projekte/le-woistmarkt/,"OK Lab Leipzig, Code for Germany",In Betrieb,"Wo ist gerade Wochenmarkt in Leipzig auf einer Karte dargestellt. Man kann für den aktuellen Tag filtern oder alle anzeigen. Die gerade stattfindenden Märkte werden grün gekennzeichnet.
Umsetzung …",CC-BY 4.0,https://codefor.de
241,https://codefor.de/projekte/be-woistmarkt/,Wo ist Markt?,https://codefor.de/projekte/be-woistmarkt/,"OK Lab Berlin, Code for Germany",In Betrieb,"Dieses Projekt visualisiert auf einer Karte wo gerade Wochenmarkt, Flohmarkt oder Gemüsemarkt ist. Über die Detailinformationen erfährst du, wann Markt ist. Über das Menü kannst du auswählen, ob alle …",CC-BY 4.0,https://codefor.de
242,https://codefor.de/projekte/wo-ist-testzentrum/,Wo ist Testzentrum?,https://codefor.de/projekte/wo-ist-testzentrum/,"OK Lab Leipzig, Code for Germany",In Betrieb,"Auf einer Karte werden die Standorte von Corona-Test-Zentren in verschiedenen deutschen Städten und Gemeinden angezeigt. Durch einen Klick auf einen Kartenpin erfährst du, wann ein Test-Zentrum …",CC-BY 4.0,https://codefor.de
243,https://codefor.de/projekte/le-weihnachtsmarktkarte/,Wo ist Weihnachtsmarkt?,https://codefor.de/projekte/le-weihnachtsmarktkarte/,"OK Lab Leipzig, Code for Germany",In Betrieb,"Auf dieser Webseite kannst Du Dich über die Weihnachtsmärkte in Leipzig und näherere Umgebung informieren (Stand November bis Dezember 2022).
Dieses Projekt ist eine Adpation des Berliner …",CC-BY 4.0,https://codefor.de
244,https://codefor.de/projekte/be-schulsanierung/,Wo unsere Kinder lernen,https://codefor.de/projekte/be-schulsanierung/,"OK Lab Berlin, Code for Germany",In Betrieb,"Viele Schulen in Berlin sind marode. Wie teuer die Sanierung wirklich wird, können Sie auf der Karte erkunden.
Die Toiletten stinken, Wasser tropft von der Decke, der Putz bröckelt von der Wand. …",CC-BY 4.0,https://codefor.de
245,https://codefor.de/projekte/zug-direktverbindungen/,Zug-Direktverbindungen,https://codefor.de/projekte/zug-direktverbindungen/,"OK Lab Berlin, Code for Germany",In Betrieb,Eine Karte mit allen Zug-Direktverbindungen aus deiner Stadt.,CC-BY 4.0,https://codefor.de
246,https://codefor.de/projekte/zuwendungen/,Zuwendungsdatenbank,https://codefor.de/projekte/zuwendungen/,Code for Germany,In Betrieb,"Die Zuwendungsdatenbank sammelt länderübergreifend frei zugängliche Daten über Zuwendungen, überführt sie in ein einheitliches Format und macht sie durchsuchbar.",CC-BY 4.0,https://codefor.de
247,https://ok-lab-karlsruhe.de/projekte/odd26followup,HackDays Follow-Up,https://ok-lab-karlsruhe.de/projekte/odd26followup,"OK Lab Karlsruhe, Code for Germany",In Planung,"Nach dem Hack ist vor dem Hack ...Die HackDays sind vorbei und, wie angekündigt, gibt es ein Follow-Up. Am Samstag, 11.April 2026, können Netzwerke, Ideen und Projekte weiter entwickelt werden. Von  ...",CC-BY 4.0,https://codefor.de
248,https://ok-lab-karlsruhe.de/projekte/odd26,Open Data HackDays am 14. und 15.3.2026,https://ok-lab-karlsruhe.de/projekte/odd26,"OK Lab Karlsruhe, Code for Germany",In Planung,"Was sind die HackDays?Der Open Data Day ist ein jährlich stattfindendes, internationales Event, das weltweit die Bedeutung offener Daten in den Fokus rückt. Überall organisieren lokale Gruppen eigene ...",CC-BY 4.0,https://codefor.de
249,https://ok-lab-karlsruhe.de/projekte/platachat,Hat eigentlich jemand mal die Platanen gefragt?,https://ok-lab-karlsruhe.de/projekte/platachat,"OK Lab Karlsruhe, Code for Germany",In Planung,"Wie man mit einem Umwelt-Chatbot über Politik sprechen kannHabt ihr schon mal mit einem Baum gesprochen? Die „plaudernde Platane“ ist ein Projekt, das zeigt, wie Künstliche Intelligenz zur Erforschu ...",CC-BY 4.0,https://codefor.de
250,https://ok-lab-karlsruhe.de/projekte/workshop25sbib,"Workshop Daten und Code, Stadtbibliothek",https://ok-lab-karlsruhe.de/projekte/workshop25sbib,"OK Lab Karlsruhe, Code for Germany",In Betrieb,"Bild inspiriert von Pierre le Riche, The Worshipping, RonewaCODE WEEK: Workshop: Daten, Coding & Visualisierung – mit Blick auf gesellschaftliche LückenWas: Einführung in Coding, Daten, Visualisieru ...",CC-BY 4.0,https://codefor.de
251,https://ok-lab-karlsruhe.de/projekte/effekte25,Underständ the Länd,https://ok-lab-karlsruhe.de/projekte/effekte25,"OK Lab Karlsruhe, Code for Germany",In Betrieb,"Effekte: Underständ the Länd Daten prägen unseren Alltagund liefern wertvolleErkenntnisse zuStromverbrauch,Mietpreisen, Luftbelastung,Ernteerträgen und vielenweiteren Bereichen unseresLebens.  ...",CC-BY 4.0,https://codefor.de
252,https://ok-lab-karlsruhe.de/projekte/odd25,Open Data HackDays am 14. und 15.3.2025,https://ok-lab-karlsruhe.de/projekte/odd25,"OK Lab Karlsruhe, Code for Germany",In Betrieb,"Was sind die HackDays?Der Open Data Day ist ein jährlich stattfindendes, internationales Event, das weltweit die Bedeutung offener Daten in den Fokus rückt. Überall organisieren lokale Gruppen eigene ...",CC-BY 4.0,https://codefor.de
253,https://ok-lab-karlsruhe.de/projekte/rollirad24,RolliRad,https://ok-lab-karlsruhe.de/projekte/rollirad24,"OK Lab Karlsruhe, Code for Germany",In Planung,Leichter Rollstuhlantrieb zum SelbstbauKommerzielle Rollstuhlantriebe sind entweder zu schwer oder zu groß für kleine Rollstuhle.Ziel dieses Projekts ist der Entwurf eines leichtgewichtigen Antriebs ...,CC-BY 4.0,https://codefor.de
254,https://ok-lab-karlsruhe.de/projekte/fest24,DAS FEST - Klima Akademie,https://ok-lab-karlsruhe.de/projekte/fest24,"OK Lab Karlsruhe, Code for Germany",In Planung,"OK Lab Karlsruhe beim DAS FEST 2024Am Sonntag, 21. Juli 2024 sind wir mit einem Stand auf Süddeutschlands größtemFamilien- und Musikfestival vertreten, um über offene Daten und unsere spannenden Pro ...",CC-BY 4.0,https://codefor.de
255,https://ok-lab-karlsruhe.de/projekte/bunte-nacht24,Bunte Nacht der Digitalisierung am 7.6.2024,https://ok-lab-karlsruhe.de/projekte/bunte-nacht24,"OK Lab Karlsruhe, Code for Germany",In Planung,"ProgrammUnser Stand auf dem Marktplatz (links von der Rathaustreppe) ist von 15:00 bis 21:00 Uhr besetzt. Wir haben kurze Demos zu offenen Daten, Sensoren, Coding, digitalem Ehrenamt und weiteren The ...",CC-BY 4.0,https://codefor.de
256,https://ok-lab-karlsruhe.de/projekte/odd24,Open Data HackDays am 1. und 2.3.2024,https://ok-lab-karlsruhe.de/projekte/odd24,"OK Lab Karlsruhe, Code for Germany",Unbekannt,"Der Open Data Day am 1. Samstag im März ist ein jährlich stattfindendes Ereignis, um international auf die Bedeutung offener Daten hinzuweisen. Video der Abschlusspräsentationen. ![](/projects/karl ...",CC-BY 4.0,https://codefor.de
257,https://ok-lab-karlsruhe.de/projekte/kai,"CoDaKaI - Coding, Daten und Ka-I",https://ok-lab-karlsruhe.de/projekte/kai,"OK Lab Karlsruhe, Code for Germany",In Planung,"Was hat es mit Coding, Daten und KI auf sich?Wir nutzen Ka-I (Karlsruher Intelligenz) um Licht ins digitale Dunkel zu bringen.In einer lockeren Workshopreihe könnt Ihr Euch mit den wichtigsten Grund ...",CC-BY 4.0,https://codefor.de
258,https://ok-lab-karlsruhe.de/projekte/datencafe,Daten.Cafe,https://ok-lab-karlsruhe.de/projekte/datencafe,"OK Lab Karlsruhe, Code for Germany",In Planung,Daten.Cafe möchte auf einfache Art grundlegende Kenntnisse in Datenkompetenz vermitteln. Dafür bilden ein freier Zugang zur Anwendung und den Ergebnissen die Basis. Die Anwendung erlaubt das Erlernen  ...,CC-BY 4.0,https://codefor.de
259,https://ok-lab-karlsruhe.de/projekte/sensors23-1,Sensor Workshop 2023-1,https://ok-lab-karlsruhe.de/projekte/sensors23-1,"OK Lab Karlsruhe, Code for Germany",Unbekannt,"Im April und Mai 2023 finden wieder Sensor-Workshops statt am ZKM: Programmieren mit UmweltsensorenTermine, jeweils 15:00-18:00 Uhr:21.4.202312.5.2023Anmeldung über das ZKM. UmgebungssensorenS ...",CC-BY 4.0,https://codefor.de
260,https://ok-lab-karlsruhe.de/projekte/odd23,Open Data Day am 4.3.2023,https://ok-lab-karlsruhe.de/projekte/odd23,"OK Lab Karlsruhe, Code for Germany",In Betrieb,"Der Open Data Day ist eine jährlich stattfindende Veranstaltung, um international auf die Bedeutung offener Daten hinzuweisen. An diesem Aktionstag stellen lokale Gruppen selbst organisierte Veranstal ...",CC-BY 4.0,https://codefor.de
261,https://ok-lab-karlsruhe.de/projekte/sensors22-2,Sensor Workshop 2022-2,https://ok-lab-karlsruhe.de/projekte/sensors22-2,"OK Lab Karlsruhe, Code for Germany",Unbekannt,"Im September 2022 startet eine neue Reihe Sensor-Workshops am ZKM: Programmieren mit UmweltsensorenTermine, jeweils 15:00-18:00 Uhr:23.9.202214.10.202225.11.2022Anmeldung über das ZKM. Umgebun ...",CC-BY 4.0,https://codefor.de
262,https://ok-lab-karlsruhe.de/projekte/green-it,Nachhaltige Digitalisierung,https://ok-lab-karlsruhe.de/projekte/green-it,"OK Lab Karlsruhe, Code for Germany",Unbekannt,"Bei der Community Convention stellen wir aktuelle Projekte vor, die den Nutzen offener Daten für den Klimaschutz verdeultichenKlimawatchCO2AppEine geplante App zur energetischen SanierungAm 1. ...",CC-BY 4.0,https://codefor.de
263,https://ok-lab-karlsruhe.de/projekte/klimadashboard,Klima-Dashboard und App,https://ok-lab-karlsruhe.de/projekte/klimadashboard,"OK Lab Karlsruhe, Code for Germany",In Planung,Klimafestival24.9.2022Nutzung der Apps für Klima Karlsruhe => App und DashBunte Nacht der Digitalisierung1.7.2022Start der CO2-App und des DashboardsDie Klima-Apps der werden weiter entwickelt.  ...,CC-BY 4.0,https://codefor.de
264,https://ok-lab-karlsruhe.de/projekte/bunte-nacht22,Bunte Nacht der Digitalisierung am 1.7.2022,https://ok-lab-karlsruhe.de/projekte/bunte-nacht22,"OK Lab Karlsruhe, Code for Germany",Unbekannt,"ProgrammZwischen 15:00Uhr und 21:00Uhr wird unser Stand im Rathaus besetzt sein. Wir freuen uns auf Ihren Besuch und Austausch zu offenen Daten, Sensoren, Coding, digitalem Ehrenamt und weiteren The ...",CC-BY 4.0,https://codefor.de
265,https://ok-lab-karlsruhe.de/projekte/gpn,"GPN, 21.5.2022",https://ok-lab-karlsruhe.de/projekte/gpn,"OK Lab Karlsruhe, Code for Germany",Unbekannt,"Bei der Gulaschprogrammiernacht im ZKM wird sich die Code for Germany Community mit Berichten aus den Labs in Darmstadt, Karlsruhe, Köln, Leipzig und Münster vorstellen. Für alle, die nicht dabei sei ...",CC-BY 4.0,https://codefor.de
266,https://ok-lab-karlsruhe.de/projekte/odd22,Open Data Day am 5.3.2022,https://ok-lab-karlsruhe.de/projekte/odd22,"OK Lab Karlsruhe, Code for Germany",Unbekannt,"Der Open Data Day ist eine jährlich stattfindende Veranstaltung, um international auf die Bedeutung offener Daten hinzuweisen. An diesem Aktionstag stellen lokale Gruppen selbst organisierte Veranstal ...",CC-BY 4.0,https://codefor.de
267,https://ok-lab-karlsruhe.de/projekte/sensors22-1,Sensor Workshop 2022-1,https://ok-lab-karlsruhe.de/projekte/sensors22-1,"OK Lab Karlsruhe, Code for Germany",Unbekannt,"Im Januar 2022 startet eine neue Reihe Sensor-Workshops am ZKM, im Rahmen der Ausstellung Biomedien.Anmeldung über das ZKM:14.1.2022 4.2.202218.3.2022UmgebungssensorenDie Ausstellung »BioMedie ...",CC-BY 4.0,https://codefor.de
268,https://ok-lab-karlsruhe.de/projekte/piazza,Piazza Konferenz - Haushaltspläne für Viele,https://ok-lab-karlsruhe.de/projekte/piazza,"OK Lab Karlsruhe, Code for Germany",Unbekannt,Kommunale Selbstbestimmung manifestiert sich u. a. durch die kommunale Haushaltsplanung. Viele Kommunen publizieren ihre Haushaltspläne im Internet als offene Daten – meist jedoch lediglich als pdf-Da ...,CC-BY 4.0,https://codefor.de
269,https://ok-lab-karlsruhe.de/projekte/odportals,Open Data Portale,https://ok-lab-karlsruhe.de/projekte/odportals,"OK Lab Karlsruhe, Code for Germany",In Betrieb,CKAN ist ein verbreitetes System für Open-Data Portale. Es bietet zusätzlich zur Web-Anwendung den automatisierten Abruf über eine Programmierschnittstelle (CKAN-API). Über diese API können die verfüg ...,CC-BY 4.0,https://codefor.de
270,https://ok-lab-karlsruhe.de/projekte/watering,Smarter Friedrichsplatz,https://ok-lab-karlsruhe.de/projekte/watering,"OK Lab Karlsruhe, Code for Germany",In Betrieb,"Am Friedrichsplatz wird ein Projekt zur ""intelligenten"" Bewässerung installiert.Die Bodenfeuchte in verschiedenen Tiefen sowie weitere Klimawerte werden regelmäßig gemessen und per Funk zum IoT-Syste ...",CC-BY 4.0,https://codefor.de
271,https://ok-lab-karlsruhe.de/projekte/sensors21,Critical Sensors Workshop 2021,https://ok-lab-karlsruhe.de/projekte/sensors21,"OK Lab Karlsruhe, Code for Germany",Unbekannt,Wir planen eine Reihe von Workshops zu verschiedenen Themen im Zusammenhang mit der Ausstellung Critical-Zones. Anmeldung über das ZKM:12.3.202123.4.202114.5.2021Umgebungssensorensind das erste ...,CC-BY 4.0,https://codefor.de
272,https://ok-lab-karlsruhe.de/projekte/odd21,Open Data Day am 6.3.2021,https://ok-lab-karlsruhe.de/projekte/odd21,"OK Lab Karlsruhe, Code for Germany",In Betrieb,"Der Open Data Day ist eine jährlich stattfindende Veranstaltung, um international auf die Bedeutung offener Daten hinzuweisen. An diesem Aktionstag stellen lokale Gruppen selbst organisierte Veranstal ...",CC-BY 4.0,https://codefor.de
273,https://ok-lab-karlsruhe.de/projekte/haushalt,Offene Daten für Viele zugänglich machen,https://ok-lab-karlsruhe.de/projekte/haushalt,"OK Lab Karlsruhe, Code for Germany",In Betrieb,Können kommunale Haushaltspläne analysiert und ausgewertet werden ohne erst programmieren lernen zu müssen?Wir haben zu dieser Frage mehrere Veranstaltungen in verschiedenen Formaten durchgeführt und ...,CC-BY 4.0,https://codefor.de
274,https://ok-lab-karlsruhe.de/projekte/cz,"Critical Zones Führung - Offene Daten, 24.10.2020",https://ok-lab-karlsruhe.de/projekte/cz,"OK Lab Karlsruhe, Code for Germany",Unbekannt,"Führung/Workshop zur Ausstellung Critical Zones am ZKMWie können wir die kritische Zone besser verstehen? Wie können wir die zahlreichen, oft für uns nicht sichtbaren Prozesse begreifen, die ihr frag ...",CC-BY 4.0,https://codefor.de
275,https://ok-lab-karlsruhe.de/projekte/odd20,Open Data Day am 7.3.2020,https://ok-lab-karlsruhe.de/projekte/odd20,"OK Lab Karlsruhe, Code for Germany",In Betrieb,"Der Open Data Day ist eine jährlich stattfindende Veranstaltung, um international auf die Bedeutung offener Daten hinzuweisen. An diesem Aktionstag stellen lokale Gruppen selbst organisierte Veranstal ...",CC-BY 4.0,https://codefor.de
276,https://ok-lab-karlsruhe.de/projekte/klimawatch,Klimawatch,https://ok-lab-karlsruhe.de/projekte/klimawatch,"OK Lab Karlsruhe, Code for Germany",In Planung,"Die codefor Community strebt an, die Klimadaten möglichst vieler Städte auf einer übersichtlichen Webseite zu veröffentlichen.Wir beteiligen uns an diesem Projekt mit den Daten aus Karlsruhe.",CC-BY 4.0,https://codefor.de
277,https://ok-lab-karlsruhe.de/projekte/rogl,ROGL - Regionale Open Government Labore,https://ok-lab-karlsruhe.de/projekte/rogl,"OK Lab Karlsruhe, Code for Germany",In Betrieb,"In 2020 plant das Bundesministerium des Innern, für Bau und Heimat eine Initiative für Regionale Open Government Labore (ROGL). In bis zu 16 Laboren sollen neue Kooperationen von Verwaltung, Politik,  ...",CC-BY 4.0,https://codefor.de
278,https://ok-lab-karlsruhe.de/projekte/klimakonzept,Klimakonzept Karlsruhe,https://ok-lab-karlsruhe.de/projekte/klimakonzept,"OK Lab Karlsruhe, Code for Germany",In Betrieb,Die Stadt Karlsruhe hat den Entwurf des Klimaschutzkonzepts 2030 in einem Beteiligungsverfahren der Bevölkerung vorgelegt.Wir wollen die zugehörigen Berechnungsmodelle und den Fortschritt der Massnah ...,CC-BY 4.0,https://codefor.de
279,https://ok-lab-karlsruhe.de/projekte/baumkataster,Baumkataster,https://ok-lab-karlsruhe.de/projekte/baumkataster,"OK Lab Karlsruhe, Code for Germany",In Betrieb,"Das Baumkatatster der Stadt Karslruhe enthält die Geokoordinaten und Art aller städtischen Bäume. Die Karte zeigt die Positionen auf einer Karte, in der ebenfalls für alle Stadtteile Einwohnerzahl und ...",CC-BY 4.0,https://codefor.de
280,https://ok-lab-karlsruhe.de/projekte/sensors19,Umweltsensoren,https://ok-lab-karlsruhe.de/projekte/sensors19,"OK Lab Karlsruhe, Code for Germany",In Betrieb,"Wir können auch selbst offene Daten erzeugen, indem wir mit verschiedenen Sensoren Messwerte aufnehmen und mit anderen teilen. In offenen Workshops zeigen wir immer wieder, wir z.B. die TeilnehmerInne ...",CC-BY 4.0,https://codefor.de
281,https://ok-lab-karlsruhe.de/projekte/transparenzcafe,Transparenz.Cafe,https://ok-lab-karlsruhe.de/projekte/transparenzcafe,"OK Lab Karlsruhe, Code for Germany",Unbekannt,"Das Transparenzportal der Stadt Karlsruhe richtet sich in erster Linie an inter­es­sierte Spezia­lis­ten, die mit den Daten Projekte verwirk­li­chen wollen, welche dann auch für die Allge­mein­heit in ...",CC-BY 4.0,https://codefor.de
282,https://ok-lab-karlsruhe.de/projekte/direktvermarkter-karte,farmshops.eu Direktvermarkter Karte,https://ok-lab-karlsruhe.de/projekte/direktvermarkter-karte,"OK Lab Karlsruhe, Code for Germany",In Betrieb,"Übersichtskarte von Hofläden, Märkten, Milchautomaten und anderen Direktvermarktern aus der DACH-Region (Deutschland, Österreich, Schweiz). Die Karte erhält alle ihre Daten über ein Script von Openstr ...",CC-BY 4.0,https://codefor.de
283,https://ok-lab-karlsruhe.de/projekte/ka-open-sense,Open Sense,https://ok-lab-karlsruhe.de/projekte/ka-open-sense,"OK Lab Karlsruhe, Code for Germany",In Betrieb,"Open Sense stellt Android Sensor-Widgets für das openSenseMap-Projekt (https://opensensemap.org) bereit. Die App ermöglicht es von über 800 Messstationen die offenen Sensordaten wie Temperatur, Emissi ...",CC-BY 4.0,https://codefor.de
284,https://ok-lab-karlsruhe.de/projekte/karlsruhe-btw2017-stadtteile,Die Bundestagswahl 2017 in den Karlsruher Stadtteilen,https://ok-lab-karlsruhe.de/projekte/karlsruhe-btw2017-stadtteile,"OK Lab Karlsruhe, Code for Germany",In Betrieb,Jeder Karlsruher Stadtteil ist anders — wie hat sich das auf die Wahl ausgewirkt? Wir haben uns das an Hand verschiedener Statistiken genauer angeschaut.,CC-BY 4.0,https://codefor.de
285,https://ok-lab-karlsruhe.de/projekte/wahlkarte-ka,Karlsruher Wahlanzeiger 2017,https://ok-lab-karlsruhe.de/projekte/wahlkarte-ka,"OK Lab Karlsruhe, Code for Germany",Unbekannt,Verschiedenste spannende Visualisierungen der Karlsruher Wahldaten für die Bundestagswahl 2017. Interaktive Karte und Analysen.,CC-BY 4.0,https://codefor.de
286,https://ok-lab-karlsruhe.de/projekte/ka-kommunale-haushalte-bw,Kommunale Haushalte Baden-Württemberg,https://ok-lab-karlsruhe.de/projekte/ka-kommunale-haushalte-bw,"OK Lab Karlsruhe, Code for Germany",In Betrieb,Maschinenlesbare Varianten des kommunalen Produktplans Baden-Württemberg und der Verwaltungsvorschrift Produkt- und Kontenrahmen,CC-BY 4.0,https://codefor.de
287,https://ok-lab-karlsruhe.de/projekte/ka-mietmap,Mietpreise in Karlsruhe,https://ok-lab-karlsruhe.de/projekte/ka-mietmap,"OK Lab Karlsruhe, Code for Germany",In Betrieb,Dieses Projekt visualisiert auf einer Karte die Mietpreise in Karlsruhe auf Basis von Immobilienanzeigen.,CC-BY 4.0,https://codefor.de
288,https://ok-lab-karlsruhe.de/projekte/ka-woistmarkt,Wo ist Markt?,https://ok-lab-karlsruhe.de/projekte/ka-woistmarkt,"OK Lab Karlsruhe, Code for Germany",In Betrieb,Dieses Projekt visualisiert auf einer Karte wo gerade Wochenmarkt in Karlsruhe ist. Man kann für den aktuellen Tag filtern oder alle anzeigen. Die gerade stattfindenden Märkte werden grün gekennzeichn ...,CC-BY 4.0,https://codefor.de
289,https://ok-lab-karlsruhe.de/projekte/ka-accessmap,Access Map,https://ok-lab-karlsruhe.de/projekte/ka-accessmap,"OK Lab Karlsruhe, Code for Germany",In Betrieb,"Kleines Projekt aus Berlin, das mit einem Slider visualisiert, wie barrierefrei Nahverkehrssysteme sind, indem nicht barrierefreie Stationen ausradiert werden. Jetzt auch in Karlsruhe.",CC-BY 4.0,https://codefor.de
290,https://ok-lab-karlsruhe.de/projekte/ka-strassennamen,Straßennamen,https://ok-lab-karlsruhe.de/projekte/ka-strassennamen,"OK Lab Karlsruhe, Code for Germany",In Betrieb,Visualisiert die nach Menschen benannten Karlsruher Straßen und deren Geschlechter.,CC-BY 4.0,https://codefor.de
