Index;Quelle;Projektname;Webseite-Link;Organisation;Status;Kurzzusammenfassung;Lizenz;Lizenz-Organisation;Projekt-Abkürzung;Art;Einsatzbereich
0;https://codefor.de/projekte/2018-24-11-1000-lorawan-nodes-im-laendlichen-raum/;1000 LoRaWAN Nodes im ländlichen Raum von Schleswig-Holstein;https://codefor.de/projekte/2018-24-11-1000-lorawan-nodes-im-laendlichen-raum/;OK Lab Kreis Schleswig-Flensburg, Code for Germany;In Planung;Aufbau einer Schleswig-Holstein-weiten flächendeckenden Versorgung mit LoRaWAN-Technologie, welche durch vorausgehende Installation einer ausreichenden Anzahl von Gateways und anschließender …;CC-BY 4.0;https://codefor.de;;Technologie, Internet der Dinge;Ländlicher Raum, Technologie
1;https://codefor.de/projekte/fl-open-data-day/;2. Open Data Day in Flensburg;https://codefor.de/projekte/fl-open-data-day/;OK Lab Flensburg, Code for Germany;In Planung;Zum zweiten Mal nimmt das OK Lab Flensburg am weltweit stattfindenden Open Data Day teil und lädt alle Interessierten zu Workshops, Präsentationen sowie einem offenen Austausch und Networking ein. Wir …;CC-BY 4.0;https://codefor.de;;Workshops, Webseite;Open Data, Vernetzung, Stadt
2;https://codefor.de/projekte/chartchallenge/;30 Day Chart Challenge Bielefeld;https://codefor.de/projekte/chartchallenge/;Code for Bielefeld, Code for Germany;In Planung;Unter dem Hashtag #30DayChartChallenge teilen weltweit Designer:innen, Data Scientists, Journalist:innen, … jeden Tag im April eine Grafik. Jeder Tag hat ein Motto, zum Beispiel “Anteile”, …;CC-BY 4.0;https://codefor.de;;Datenvisualisierung, Open Data, Vernetzung, Partizipation;Stadt, Open Data, Zivilgesellschaft, Nachhaltigkeit, Umweltschutz, Datenanalyse
3;https://codefor.de/projekte/abschiebungen/;Abschiebungen;https://codefor.de/projekte/abschiebungen/;OK Lab Berlin, Code for Germany;Unbekannt;2012 wurden in Deutschland 6919 Menschen auf dem Luftweg, 722 Menschen auf dem Landweg und 10 Menschen auf dem Seeweg abgeschoben. 3037 Menschen wurden in andere EU-Länder überstellt, darunter 456 …;CC-BY 4.0;https://codefor.de;;Datensatz;Migration, Flucht und Migration, Transparenz
4;https://codefor.de/projekte/accessmap/;Access Map;https://codefor.de/projekte/accessmap/;OK Lab Berlin, Code for Germany;Unbekannt;Little project that aims at raising awareness for accessibility in public transport systems. It uses a simple slider to visualize how the public transport system looks like if all the non-accessible …;CC-BY 4.0;https://codefor.de;;Web-App, Datenvisualisierung, Interaktive Karte, Open-Source;Barrierefreiheit, Öffentlicher Nahverkehr
5;https://codefor.de/projekte/bn-air-quality-box/;Air Quality Box – Feinstaub und mehr messen;https://codefor.de/projekte/bn-air-quality-box/;OK Lab Bonn-Rhein-Sieg, Code for Germany;In Planung;Was ist die Air-Quality-Box? Auch Bonn hat ein Problem mit seiner Luftqualität. Leider gibt es bei uns nur eine einzige, offizielle Messstation für ganz Bonn und die steht auch noch am Stadtrand. Mit …;CC-BY 4.0;https://codefor.de;;Monitoring, Analyse von Sensordaten, Maschinelles Lernen, Datenvisualisierung, Verzeichnis / Karte, Prozessautomatisierung;Umwelt, Klimaschutz, Umweltschutz, Klima, Stadtplanung, Stadt
6;https://codefor.de/projekte/altglas/;Altglas Container;https://codefor.de/projekte/altglas/;OK Lab Berlin, Code for Germany;In Planung;"Die Anwendungen zeigen die Positionen von Altglas-Containern auf einer Karte.
Die erste Version zeigt die Altglas-Container in Berlin Charlottenburg-Wilmersdorf. Hoffentlich veröffentlichen bald auch …";CC-BY 4.0;https://codefor.de;;Open-Source, Web-App, Kartenanwendung;Abfallwirtschaft, Umweltschutz, Open Data
7;https://codefor.de/projekte/le-drl-amikeco/;Amikeco;https://codefor.de/projekte/le-drl-amikeco/;OK Lab Leipzig, Code for Germany;In Betrieb;"Plattform, um Gleichgesinnte für allerlei Arten von Aktivitäten zu finden.
Amikeco ist das Esperanto-Wort für “Freundschaft”. Refugees und anderweitig Zugezogene haben oft das Problem, …";CC-BY 4.0;https://codefor.de;;Plattform, Web-App, Vernetzung;Flucht und Migration, Integration, Zivilgesellschaft
8;https://codefor.de/projekte/da-ars-tool/;ARS-Tool;https://codefor.de/projekte/da-ars-tool/;Code for Germany;In Planung;Der Amtliche Regionalschlüssel (ARS) definiert eine eindeutige ID für jedes verwaltungspolitische Gebiet in Deutschland (Stadt, Gemeinde, Landkreis, Bundesland, etc.). Der ARS erweitert den Amtlichen …;CC-BY 4.0;https://codefor.de;ARS;Web-App, Datenportal;Verwaltung, Offene Daten, Datenanalyse
9;https://codefor.de/projekte/aufbau-ostberlin/;Aufbau Ostberlin;https://codefor.de/projekte/aufbau-ostberlin/;OK Lab Berlin, Code for Germany;In Planung;Unser digitaler Architekturführer arbeitet mit einem Datensatz aus dem Nachlass der Fotografin Gisela Dutschmann. Diese war 37 Jahre lang am Ostberliner Fotoarchiv mit der Dokumentation der …;CC-BY 4.0;https://codefor.de;;Datenportal, Web-App, Datenanwendung für Öffentlichkeit;Stadtplanung, Kultur, Stadt
10;https://codefor.de/projekte/2018-23-09-aufbau-von-lorawan-gateways-im-laendlichen-raum/;Aufbau von LoRaWAN Gateways im ländlichen Raum;https://codefor.de/projekte/2018-23-09-aufbau-von-lorawan-gateways-im-laendlichen-raum/;OK Lab Kreis Schleswig-Flensburg, Code for Germany;In Planung;Wir ermöglichen mit dem Aufbau von LoRaWAN Gateways in Schleswig-Holstein anderen Projekten, Firmen, Kommunen und der Landwirtschaft den Zugang zum größten IoT Netzwerk. Durch diese Gateways wird es …;CC-BY 4.0;https://codefor.de;;Prozessautomatisierung, Plattform;Ländlicher Raum, Landwirtschaft, Technologie
11;https://codefor.de/projekte/badeseen-berlin/;Baden in Berlin;https://codefor.de/projekte/badeseen-berlin/;OK Lab Berlin, Code for Germany;Unbekannt;Die Badesaison hat eröffnet! Erfahre, wo gebadet werden kann und wie die Wasserqualität an den einzelnen Badestellen ist.;CC-BY 4.0;https://codefor.de;;Web-App, Datenvisualisierung, Datenportal, Open-Source;Stadtplanung, Umweltschutz, Gesundheit, Transparenz
12;https://codefor.de/projekte/badeseen-hessen/;Badeseen in Hessen;https://codefor.de/projekte/badeseen-hessen/;OK Lab Gießen, Code for Germany;In Betrieb;Die App soll einen Überblick über alle Badeseen in Hessen bieten. Seien es aktuelle oder historische Messwerte, die Qualitätseinstufung der EU oder andere hilfreiche Informationen, wie das …;CC-BY 4.0;https://codefor.de;;Web-App, Datenvisualisierung, Datenportal, Open-Source, API;Umwelt, Klimaschutz, Datenanalyse, Open Data, Nachhaltigkeit
13;https://codefor.de/projekte/pricemap-eu/;Bahn- und Buspreiskarte;https://codefor.de/projekte/pricemap-eu/;OK Lab Berlin, Code for Germany;In Planung;Preiskarte für Bahn- und Busreisen in Europa: Zeigt die günstigsten Verbindungen in viele europäische Städte.;CC-BY 4.0;https://codefor.de;;Web-App, Kartenanwendung, Datenvisualisierung, Interaktive Datenexploration;Mobilität, Europa
14;https://codefor.de/projekte/bahn-guru/;Bahn-Guru;https://codefor.de/projekte/bahn-guru/;OK Lab Berlin, Code for Germany;In Planung;Preiskalender für den Bahn-Fernverkehr: Zeigt die täglich günstigste Zugverbindung auf der gewählten Strecke für die kommenden Wochen.;CC-BY 4.0;https://codefor.de;;Web-App, Datenvisualisierung;Mobilität, Offene Daten
15;https://codefor.de/projekte/baumbie_bielefeld/;BaumBie;https://codefor.de/projekte/baumbie_bielefeld/;Code for Bielefeld, Code for Germany;In Planung;BaumBie bringt Menschen mit der Natur in Verbindung. Die interaktive Karte zeigt Bäume an und bringt sie zum Sprechen. Für jeden Baum zeigt die App grundlegende Informationen an, etwa Alter, Baumart …;CC-BY 4.0;https://codefor.de;BaumBie;Interaktive Karte, Web-App, Datenanwendung für Öffentlichkeit, Open Data, Vernetzung;Umwelt, Klimaschutz, Stadt, Zivilgesellschaft, Nachhaltigkeit
16;https://codefor.de/projekte/le-baumfilter/;Baumfilter;https://codefor.de/projekte/le-baumfilter/;OK Lab Leipzig, Code for Germany;In Betrieb;"Auf dieser Webseite kannst Du Dich über die Straßenbäume in Leipzig informieren.
Die Bäume können nach Stadtteil oder für komplett Leipzig angezeigt werden. Die Anzeige lässt sich über die …";CC-BY 4.0;https://codefor.de;;Web-App, Datenportal, Datenvisualisierung;Stadtplanung, Umwelt, Nachhaltigkeit
17;https://codefor.de/projekte/magdeburg-baumfreunde-md/;Baumfreunde-MD;https://codefor.de/projekte/magdeburg-baumfreunde-md/;OK Lab Magdeburg, Code for Germany;In Planung;Das Projekt “Baumfreunde-MD” informiert über aktuelle Baumfällungen der Landeshauptstadt Magdeburg. Diese Informationen werden offiziell auf der Homepage der Stadt veröffentlicht, sind …;CC-BY 4.0;https://codefor.de;;Web-App, Plattform, Monitoring, Datenvisualisierung;Umwelt, Stadtplanung, Umweltschutz, Transparenz
18;https://codefor.de/projekte/cologne-baumkataster/;Baumkataster Köln Editor;https://codefor.de/projekte/cologne-baumkataster/;OK Lab Köln, Code for Germany;In Betrieb;Mit dieser Web Anwendung könnt Ihr das Baumkataster der Stadt Köln pflegen. Das zugrunde liegende Baumkataster der Stadt Köln ist ein freier Datensatz (CC BY 3.0 DE) der Stadt vom Juni 2020. Leider …;CC-BY 4.0;https://codefor.de;;Web-App, Datenmanagement;Stadt, Umweltschutz, Open Data
19;https://codefor.de/projekte/hh-baumkataster/;Baumkataster nutzen;https://codefor.de/projekte/hh-baumkataster/;OK Lab Hamburg, Code for Germany;Unbekannt;Im Straßenbaumkataster der Stadt Hamburg sind rund 240.000 Straßenbäume mit Standort und Attributen wie Pflanzjahr, Baumart usw. erfasst. Das Projekt versucht, diese Daten kartografisch aufzubereiten …;CC-BY 4.0;https://codefor.de;;Karten, Visualisierung mit Karten;Umwelt, Stadtplanung
20;https://codefor.de/projekte/bn-baustellen/;Baustellen Übersicht;https://codefor.de/projekte/bn-baustellen/;OK Lab Bonn-Rhein-Sieg, Code for Germany;In Planung;Transparenz über die existierenden und die geplanten Baustellen in und um Bonn. Eine spätere Erweiterung um Parkhausdaten (Belegung, Tendenz etc.) ist angedacht.;CC-BY 4.0;https://codefor.de;;Datenanwendung für Öffentlichkeit, Web-App, Datenvisualisierung, Monitoring, Open Data;Stadtplanung, Transparenz, Datenanalyse, Stadt
21;https://codefor.de/projekte/be-berliner-schulen/;Berliner Schulen;https://codefor.de/projekte/be-berliner-schulen/;OK Lab Berlin, Code for Germany;In Planung;Wir wissen, dass die Wahl der „richtigen“ Schule sehr wichtig ist, da sie ein prägendes Fundament für den Bildungsweg eines Menschen setzt. Entsprechend schwierig ist es auch eine Schule zu finden, …;CC-BY 4.0;https://codefor.de;;Web-App, Kartenanwendung, Datenanwendung für Öffentlichkeit, Interaktive Datenexploration, Open-Source;Bildung, Jugendarbeit, Stadt
22;https://codefor.de/projekte/vornamen-in-berlin/;Berliner Vornamen;https://codefor.de/projekte/vornamen-in-berlin/;OK Lab Berlin, Code for Germany;Unbekannt;Welche Vornamen wurden in den Jahren 2012 und 2013 in Berlin vergeben? Mithilfe der App kann nach Vornamen gesucht werden und es wird angezeigt, wie häufig der Name in den beiden Jahren - nach Bezirk …;CC-BY 4.0;https://codefor.de;;Web-App, Datenvisualisierung, Interaktive Datenexploration, Datenanwendung für Öffentlichkeit;Stadt, Datenanalyse, Open Data
23;https://codefor.de/projekte/fl-open-school-map/;Bildungsatlas Flensburg;https://codefor.de/projekte/fl-open-school-map/;OK Lab Flensburg, Code for Germany;In Planung;Die Idee, einen offenen Bildungsatlas für Flensburg zu entwickeln, ist aus der eigenen Suche nach einer Grundschule für den Lütten entstanden. Auf der städtischen Website finden sich zwar …;CC-BY 4.0;https://codefor.de;;Datenanwendung für Öffentlichkeit, Web-App, Open Data, Kartenanwendung, Datenvisualisierung;Bildung, Stadtplanung, Stadt, Karten, Open Data
24;https://codefor.de/projekte/ruhrgebiet-blitzerkarte/;Blitzerkarte;https://codefor.de/projekte/ruhrgebiet-blitzerkarte/;OK Lab Ruhrgebiet, Code for Germany;In Planung;Die Blitzerkarte visualisiert täglich Straßen, auf denen die Stadt möglicherweise mobile Geschwindigkeitskontrollen durchführt. Die Daten werden freundlicherweise bereitgestellt durch das Ordnungsamt …;CC-BY 4.0;https://codefor.de;;Kartenanwendung, Datenvisualisierung, Web-App, Open Data, Interaktive Karte;Verkehr, Mobilität
25;https://codefor.de/projekte/be-blume/;BLUME Messnetz API/Map;https://codefor.de/projekte/be-blume/;OK Lab Berlin, Code for Germany;Unbekannt;Feinstaub Daten aus dem BLUME Messnetzwerk verfügbar machen und visualisieren. Ziel sollte sein, eine gute API bereitzustellen, eine gute Visualisierung anzubieten und evtl. ein statistisches Modell …;CC-BY 4.0;https://codefor.de;BLUME;Datenportal, Datenvisualisierung, API, Datenanalyse, Web-App;Umwelt, Klima, Stadt, Zivilgesellschaft, Transparenz
26;https://codefor.de/projekte/fl-open-surface-map/;Bodenfläche nach Art der Nutzung;https://codefor.de/projekte/fl-open-surface-map/;OK Lab Flensburg, Code for Germany;In Planung;Diese interaktive Karte zeigt die Verteilung der verschiedenen Flächennutzungsarten beim Klick auf die entsprechende Gemeinde an. So lässt sich in Kürze herausfinden in welchen Regionen der …;CC-BY 4.0;https://codefor.de;;Kartenanwendung, Interaktive Datenexploration;Stadtplanung, Umweltschutz, Open Data, Datenanalyse, Datenanwendung für Öffentlichkeit
27;https://codefor.de/projekte/bodenrichtwerte/;Bodenrichtwerte im Zeitverlauf;https://codefor.de/projekte/bodenrichtwerte/;OK Lab Berlin, Code for Germany;Unbekannt;Bodenrichtwerte im Zeitverlauf - gefunden im FIS-Broker. Was sind Bodenrichtwerte? Laut Wikipedia ist “der Bodenrichtwert im deutschen Städtebaurecht ein durchschnittlicher Lagewert, ermittelt …;CC-BY 4.0;https://codefor.de;;Datenvisualisierung, Web-App, Datenanwendung für Öffentlichkeit;Stadtplanung, Wohnen
28;https://codefor.de/projekte/bn-bonn-o-mat/;BONN-O-MAT Wahlautomat für die Oberbürgermeisterwahl 2015;https://codefor.de/projekte/bn-bonn-o-mat/;OK Lab Bonn-Rhein-Sieg, Code for Germany;In Betrieb;Was ist der Bonn-O-Mat? Der Bonn-O-Mat ist eine Wahl-O-Mat, nach dem Vorbild der von Bundes- und Landeszentrale für politische Bildung eingesetzter Wahl-O-Maten. Der Bonn-O-Mat möchte den Nutzer mit …;CC-BY 4.0;https://codefor.de;BONN-O-MAT;Open-Source, Web-App, Plattform für Wahlentscheidungen;Demokratie, Politische Bildung, Stadt
29;https://codefor.de/projekte/p-brandengo/;BrandenGo;https://codefor.de/projekte/p-brandengo/;OK Lab Potsdam, Code for Germany;In Planung;Was fährt an öffentlichem Nahverkehr in meiner Nähe? Nach dem Vorbild von MagdeGo. Derzeit noch in der Prototyphase.;CC-BY 4.0;https://codefor.de;;Web-App, Open-Source;Mobilität, Öffentlicher Nahverkehr
30;https://codefor.de/projekte/hn-buga/;Buga2019-Visualisierung;https://codefor.de/projekte/hn-buga/;Code for Heilbronn, Code for Germany;In Planung;2019 findet die Bundesgartenschau in Heilbronn statt. Schon heute verändert sie das Stadtbild: Heilbronn bekommt ein neues Stadtquartier, den Neckarbogen. Die Stadt soll näher an den Fluss rücken, …;CC-BY 4.0;https://codefor.de;;Datenvisualisierung, Web-App, Partizipation, Visualisierung;Stadtplanung, Partizipation, Stadt, Kultur
31;https://codefor.de/projekte/cctvwatch/;cctvwatch - big brother is watching you;https://codefor.de/projekte/cctvwatch/;OK Lab Berlin, Code for Germany;Unbekannt;Berlin ist voll von CCTV Cams. Das visualisieren wir mit unserer interaktiven Karte ‘cctvwatch’. Neben der Darstellung der Kameras wird es für den Nutzer auch möglich sein neue Kameras …;CC-BY 4.0;https://codefor.de;;Interaktive Karte, Web-App, Crowd-Sourced Daten, Open-Source;Transparenz, Datenschutz
32;https://codefor.de/projekte/hn-bad-wimpfen-app/;City-App für Bad Wimpfen;https://codefor.de/projekte/hn-bad-wimpfen-app/;Code for Heilbronn, Code for Germany;In Betrieb;Der Markt der CityApps ist sehr groß. Fast jede größere Stadt und vor allem Touristenorte bieten in den App Stores eigene Apps an, die den Besucher über das Geschehene vor Ort informieren sollen. …;CC-BY 4.0;https://codefor.de;;Web-App, Kartenanwendung;Tourismus, Stadt
33;https://codefor.de/projekte/le-cityconnect/;CityConnect;https://codefor.de/projekte/le-cityconnect/;OK Lab Leipzig, Code for Germany;In Betrieb;"CityConnect sieht aus wie ein Computerspiel im Retro Style, ist aber kein Spiel, sondern ein virtueller Raum, in dem sich Menschen zufällig als Avatare treffen.
Ein virtueller Raum ist dabei einer …";CC-BY 4.0;https://codefor.de;;Web-App, Vernetzung, Kartenanwendung, Plattform;Vernetzung, Stadt
34;https://codefor.de/projekte/hn-codeweek/;Code Week Heilbronn;https://codefor.de/projekte/hn-codeweek/;Code for Heilbronn, Code for Germany;Unbekannt;Basierend auf einer Idee der Young Advisors Gruppe der EU Kommission ging die “EU Code Week” vom 10. – 18. Oktober 2015 bereits in die dritte Runde. Letztes Jahr haben in ganz Europa über 150.000 …;CC-BY 4.0;https://codefor.de;;Workshops, E-Learning, Web-Entwicklung, Hackday;Bildung, Technologie, Offene Daten, Zivilgesellschaft, Jugendarbeit, Demokratie
35;https://codefor.de/projekte/cologne-cute-pets/;CutePetsCologne;https://codefor.de/projekte/cologne-cute-pets/;OK Lab Köln, Code for Germany;In Betrieb;Ein Twitterbot, der süße Tiere aus den Kölner Tierheimen Dellbrück und Zollstock postet. Implementiert auf Basis von CutePetsChemnitz im Rahmen des #openimpact Marathon von DataLook.;CC-BY 4.0;https://codefor.de;;Web-App, Open-Source;Soziale Arbeit, Wohlfahrt, Stadt
36;https://codefor.de/projekte/dus-cycledorf/;CycleDorf;https://codefor.de/projekte/dus-cycledorf/;OK Lab Düsseldorf, Code for Germany;In Planung;CycleDorf ist eine App, die Deine Fahrradtouren aufnimmt. Dadurch gesammelte Daten können für die kommunale Verkahrsplanung verwendet werden, um Düsseldorf zu einer besseren Stadt für Fahrradfahrer zu …;CC-BY 4.0;https://codefor.de;;Web-App, Open-Source, Datenanwendung für Öffentlichkeit, Datenanalyse, Datenmanagement;Mobilität, Stadtplanung, Umweltschutz, Nachhaltigkeit
37;https://codefor.de/projekte/le-damals/;damals in Leipzig;https://codefor.de/projekte/le-damals/;OK Lab Leipzig, Code for Germany;In Betrieb;"Dieses Projekt ist als Beitrag für den Kulturhackathon Coding da Vinci Ost entstanden.
Die Bilder wurden bereitgestellt vom Stadtgeschichtlichen Museum Leipzig und dem Stadtarchiv Leipzig im Rahmen …";CC-BY 4.0;https://codefor.de;;Web-App, Interaktive Karte, Online-Spiel, Interaktive Datenexploration;Kultur, Stadt
38;https://codefor.de/projekte/fis-broker/;Daten aus dem Geoportal Berlin;https://codefor.de/projekte/fis-broker/;OK Lab Berlin, Code for Germany;Unbekannt;Berlin veröffentlicht Datensätze über das Geoportal Berlin, den sog. FIS Broker. Die Daten sind über WMS und WFS Schnittstellen erreichbar und daher nicht ohne weiteres für eigene Webanwendungen …;CC-BY 4.0;https://codefor.de;FIS;Datenportal, Open Data, Web-App, Datenanwendung für Öffentlichkeit, Visualisierung;Stadtplanung, Umwelt, Open Data
39;https://codefor.de/projekte/rberlindata/;daten.berlin.de für R;https://codefor.de/projekte/rberlindata/;OK Lab Berlin, Code for Germany;Unbekannt;Ein R Paket, um einfach auf die Daten von daten.berlin.de zuzugreifen. Führ nähere Infos, folgt den Links unten:;CC-BY 4.0;https://codefor.de;;R-Paket, Open Data;Berlin, Datenanalyse, Open Data
40;https://codefor.de/projekte/be-datenwaben/;Datenwaben;https://codefor.de/projekte/be-datenwaben/;OK Lab Berlin, Code for Germany;In Planung;Die moderne Art ein Datenportal darzustellen: Pro Datensatz wird eine Wabe dargestellt. Mit einem bunten Hintergrund und kurzem Text können sowohl statische als auch Live-Daten angezeigt werden. …;CC-BY 4.0;https://codefor.de;;Datenportal, Datenvisualisierung, Plattform;Open Data, Datenanalyse, Visualisierung, Transparenz, Datenmanagement
41;https://codefor.de/projekte/dbpediaplacesberlin/;DBpedia Places Berlin;https://codefor.de/projekte/dbpediaplacesberlin/;OK Lab Berlin, Code for Germany;Unbekannt;Eine Webseite/WebApp, die Wikipediaseiten mit Berliner Koordinaten auf einer Karte markiert und beim Anklicken Titel, Bild, Zusammenfassung und Wikipedialink anzeigt. Die Koordinaten stammen aus …;CC-BY 4.0;https://codefor.de;;Web-App, Datenanwendung für Öffentlichkeit, Kartenanwendung, Open Source, Datenvisualisierung;Stadt, Open Data, Stadtplanung, Kultur
42;https://codefor.de/projekte/aedmap/;Defibrillatoren in Köln;https://codefor.de/projekte/aedmap/;OK Lab Köln, Code for Germany;In Betrieb;Defibrillatoren können im Fall eines plötzlichen Herzstillstandes Leben retten. Deshalb werden im öffentlichen Raum immer mehr sogenannte Laiendefibrillatoren oder AEDs (Automatisierte Externe …;CC-BY 4.0;https://codefor.de;aedmap;Verzeichnis / Karte, Interaktive Karte;Gesundheit, Transparenz, Zugänglichkeit
43;https://codefor.de/projekte/muc-defis/;Defibrillatoren in OpenStreetMap eintragen (für FinderApp);https://codefor.de/projekte/muc-defis/;OK Lab München, Code for Germany;In Betrieb;"Die Standorte der Defis (AEDs) werden von diversen öffentlichen Stellen erfragt und in OpenStreetMap gemappt. Als zweiter Schritt soll die FinderApp damit gefüllt werden.
Auf Der Projektseite im …";CC-BY 4.0;https://codefor.de;;Open-Source, Web-App, Karten, Open Data, Datenportal;Gesundheit
44;https://codefor.de/projekte/hh-demogenerator/;Demogenerator;https://codefor.de/projekte/hh-demogenerator/;OK Lab Hamburg, Code for Germany;Unbekannt;Deine Montagsdemo wurde abgesagt? Kein Problem - es gibt Alternativen. Finde deine Lieblingsdemo mit dem Demogenerator!;CC-BY 4.0;https://codefor.de;;Web-App, Interaktive App;Demokratie, Partizipation, Zivilgesellschaft
45;https://codefor.de/projekte/cologne-denkmal4d/;Denkmal 4D Köln;https://codefor.de/projekte/cologne-denkmal4d/;OK Lab Köln, Code for Germany;In Planung;Mit dieser Web-Anwendung könnt Ihr Metadaten über die Denkmäler der Stadt Köln pflegen. Der besondere Fokus liegt auf der Verlinkung von existierenden 3D-Modellen und der Erfassung geplanter Modelle. …;CC-BY 4.0;https://codefor.de;;Web-App, Webseite, Datenmanagement, Datenvisualisierung, Plattform;Kultur, Open Data, Stadt
46;https://codefor.de/projekte/cologne-denkmaeler/;Denkmal in Köln;https://codefor.de/projekte/cologne-denkmaeler/;OK Lab Köln, Code for Germany;In Betrieb;Du interessierst Dich für Baudenkmäler? Du wolltest auch schon immer mal wissen, ob es welche in Deiner Umgebung gibt? Diese Webapp zeigt sie Dir alle. Wähle aus, in welchem Zeitraum das Baujahr …;CC-BY 4.0;https://codefor.de;;Web-App, Kartenanwendung, Datenanwendung für Öffentlichkeit, Interaktive Datenexploration;Stadtplanung, Kultur, Köln
47;https://codefor.de/projekte/denkmal-magdeburg/;Denkmal Magdeburg;https://codefor.de/projekte/denkmal-magdeburg/;OK Lab Magdeburg, Code for Germany;Eingestellt;Denkmal Magdeburg zeigt dir Informationen zu Denkmälern in deiner Umgebung an. Das Projekt ist gerade nur ein Minimum Viaable Prodct (MVP) und es sind herzlichst Mistreiter*innen gesucht es zu …;CC-BY 4.0;https://codefor.de;;Web-App;Stadtplanung, Kultur
48;https://codefor.de/projekte/hh-kitakarte/;Die passende Kita in Hamburg finden;https://codefor.de/projekte/hh-kitakarte/;OK Lab Hamburg, Code for Germany;Unbekannt;Visualisierung aller Hamburger Kitas auf einer Karte mit der Möglichkeit nach einer Bestimmten zu suchen.;CC-BY 4.0;https://codefor.de;hh-kitakarte;Karten, Web-App, Open Data, Datenanwendung für Öffentlichkeit;Kinder- und Jugendhilfe, Stadt
49;https://codefor.de/projekte/hh-zuwendungen/;Die Zuwendungen der Hamburger Behörden.;https://codefor.de/projekte/hh-zuwendungen/;OK Lab Hamburg, Code for Germany;Eingestellt;Die Zuwendungen der Hamburger Behörden als filterbare Tabelle. Weitere Features kommen noch dazu.;CC-BY 4.0;https://codefor.de;hh-zuwendungen;Datenportal, Datenanwendung für Öffentlichkeit, Web-App;Verwaltung, Transparenz, Open Data
50;https://codefor.de/projekte/hn-crimemap/;Diebstähle Region Heilbronn;https://codefor.de/projekte/hn-crimemap/;Code for Heilbronn, Code for Germany;In Betrieb;Visualisierung der Einbrüche in der Region Heilbronn, Daten aus den Polizeimeldungen seit November 2013. Entwickelt am Open Data Day 2014 in Zusammenarbeit mit der Heilbronner Stimme.;CC-BY 4.0;https://codefor.de;;Datenvisualisierung, Webseite;Gewalt, Open Data
51;https://codefor.de/projekte/fl-open-monuments-map/;Digitale Denkmalkarte für Schleswig-Holstein;https://codefor.de/projekte/fl-open-monuments-map/;OK Lab Flensburg, Code for Germany;In Planung;Die digitale Denkmalkarte stellt Kulturdenkmäler in Schleswig-Holstein interaktiv dar. Sie bietet eine Übersicht über Kulturdenkmäler und deren Merkmale auf einer digitalen Karte. Durch das Anklicken …;CC-BY 4.0;https://codefor.de;;Kartenanwendung, Interaktive Datenexploration, Open Data, Datenportal;Kultur
52;https://codefor.de/projekte/disabled-railway/;Disabled Railway;https://codefor.de/projekte/disabled-railway/;OK Lab Berlin, Code for Germany;Unbekannt;Eine Karte, auf der man sehen kann, von wo auf der Welt schnell ein Bahnhof erreicht werden kann – und wie sich die Situation ändert, sobald man im Rollstuhl sitzt. Vergleicht mal Paris und Berlin!;CC-BY 4.0;https://codefor.de;;Kartenanwendung, Interaktive Datenexploration, Datenanalyse, Interaktive Karte, Visualisierung;Barrierefreiheit, Inklusion, Mobilität, International, Stadtplanung, Wirkungsmessung
53;https://codefor.de/projekte/le-dresdenrallye/;Dresden Rallye;https://codefor.de/projekte/le-dresdenrallye/;OK Lab Leipzig, Code for Germany;In Betrieb;"Über Gamification (Nudging, Serious Game) die verschiedenen Mobilitätsangebote der Stadt bekannt machen.
Die Nutzer sollen dazu gebracht werden, von ihrem gewohnten Mobilitätsverhalten abzuweichen und …";CC-BY 4.0;https://codefor.de;;Online-Spiel, Mobilität;Mobilität, Umweltschutz, Open Data, Stadt, Klimaschutz
54;https://codefor.de/projekte/datennutzung/;Einführung Datennutzung mit R und Python;https://codefor.de/projekte/datennutzung/;Code for Bielefeld, Code for Germany;In Planung;Gemeinsam erarbeiten wir uns die Grundlagen in R und Python und werden erste einfache Datenanalysen damit durchführen. Ziel ist es, den Teilnehmer:innen eine Einführung in die Nutzung von Daten und …;CC-BY 4.0;https://codefor.de;;Workshop, Datenanalyse;Bildung
55;https://codefor.de/projekte/le-einwohner/;Einwohner-Daten Leipzig;https://codefor.de/projekte/le-einwohner/;OK Lab Leipzig, Code for Germany;In Betrieb;"Dieses Projekt ist entstanden für ein Schritt-für-Schritt-Tutorial für das Erstellen von Karten-Anwendungen mit Leaflet.
Jede der enthaltenen HTML-Dateien lässt sich einzeln im Browser öffnen, sie …";CC-BY 4.0;https://codefor.de;;E-Learning, Kartenanwendung;Open Data, Datenanalyse
56;https://codefor.de/projekte/be-drl-empower-rangers/;Empower Rangers;https://codefor.de/projekte/be-drl-empower-rangers/;OK Lab Berlin, Code for Germany;In Planung;Wir wollen den Verein Refugees Emancipation dabei unterstützen, noch bekannter zu werden. Deshalb wollen wir eine neue Webseite bauen, auf der sich der Verein präsentiert und auf der sich …;CC-BY 4.0;https://codefor.de;;Webseite, Workshops, Plattform, Vernetzung, Open-Source, Datenanwendung für Öffentlichkeit;Integration, Geflüchtete, Soziale Arbeit, Inklusion, Vernetzung, Stadt
57;https://codefor.de/projekte/ms-wahlkarte/;Ergebnisse der Kommunalwahl 2014;https://codefor.de/projekte/ms-wahlkarte/;Code for Münster, Code for Germany;Unbekannt;Die Ergebnisse je Wahlbezirk live gemappt währen die Stimmzettel ausgefüllt wurden. Dargestellt werden die Gewinner der Direktmandate.;CC-BY 4.0;https://codefor.de;;Web-App, Datenvisualisierung, Interaktive Karte, Monitoring;Wahlen, Datenanalyse, Open Data, Transparenz
58;https://codefor.de/projekte/ernteteilen/;Ernte Teilen;https://codefor.de/projekte/ernteteilen/;OK Lab Berlin, Code for Germany;Unbekannt;Ernte-teilen.org bietet eine Plattform, die Landwirte und Verbraucherinnen, die sich an Solidarischer Landwirtschaft beteiligen möchten, zusammenfinden lässt.;CC-BY 4.0;https://codefor.de;;Plattform, Web-App, Vernetzung;Landwirtschaft, Nachhaltigkeit
59;https://codefor.de/projekte/p-hiddenkosmos/;Exploring the Hidden Kosmos;https://codefor.de/projekte/p-hiddenkosmos/;OK Lab Potsdam, Code for Germany;In Betrieb;Entdecke Alexander von Humboldts Kosmos-Vorlesungen aus den Jahren 1827/28. Die Seite entstand 2017 auf dem Kultur-Hackathon Coding da Vinci.;CC-BY 4.0;https://codefor.de;;Explorative Analyse, Webseite;Kultur
60;https://codefor.de/projekte/le-fancylvbot/;fancyLVBot;https://codefor.de/projekte/le-fancylvbot/;OK Lab Leipzig, Code for Germany;In Planung;"Telegram-Chat-Bot, den man unter dem Namen “fancyLVBot” als Kontakt hinzufügen und nach der aktuellen Abfahrtzeiten fragen kann.
Unsere Zielgruppe sind Einheimische, die Streckenverbindung …";CC-BY 4.0;https://codefor.de;fancyLVBot;Web-App, Information Retrieval, Interaktive Datenexploration;Mobilität, Öffentlicher Nahverkehr, Leipzig
61;https://codefor.de/projekte/hn-farmbot/;Farmbot // Code for Buga 2019;https://codefor.de/projekte/hn-farmbot/;Code for Heilbronn, Code for Germany;Unbekannt;Der Mensch ist seit seiner Existenz ein Selbstversorger. Durch den rasanten Fortschritt im Bereich der Software und Hardware erreichen wir einen Punkt, wo Maschinen Selbstversorger beim Anbau von Obst …;CC-BY 4.0;https://codefor.de;;Robotik, Open Source, Workshops, Prozessautomatisierung, Analyse von Sensordaten, Automatisierung;Bildung, Technologie, Jugendarbeit, Nachhaltigkeit
62;https://codefor.de/projekte/stgt-dust-sensor/;Feinstaubsensoren;https://codefor.de/projekte/stgt-dust-sensor/;OK Lab Stuttgart, Code for Germany;Unbekannt;Wir entwickeln und bauen bezahlbare open source DIY Feinstaub-Sensoren. Stand Anfang 2021 messen weltweit über 14.000 Sensoren in über 70 Ländern, um ein genaueres Bild der Feinstaubverteilung zu …;CC-BY 4.0;https://codefor.de;;Open-Source, Monitoring, Datenportal, Datenanalyse, Analyse von Sensordaten, Datenvisualisierung, Web-App;Umwelt, Open Data
63;https://codefor.de/projekte/be-tempelhof/;Feld - die Bebauung des Tempelhofer Felds in 3D;https://codefor.de/projekte/be-tempelhof/;OK Lab Berlin, Code for Germany;In Betrieb;"Am 25. Mai 2014 ist Volksabstimmung zur Bebauung des Tempelhofer Felds. Was wo gebaut werden soll erklärt dieses Projekt des OK Lab Berlin.
Die Morgenpost hat das Projekt aufgegriffen und mit ein …";CC-BY 4.0;https://codefor.de;;Datenvisualisierung, Interaktive Datenexploration;Stadtplanung, Partizipation, Transparenz
64;https://codefor.de/projekte/flaechengerechtigkeit/;Flächengerechtigkeits-Tool;https://codefor.de/projekte/flaechengerechtigkeit/;OK Lab Berlin, Code for Germany;Unbekannt;Bürger können ihre Straßen vermessen und die Frage nach der Gerechtigkeit im Verkehr quadratmeter-scharf diskutieren.;CC-BY 4.0;https://codefor.de;;Web-App, Interaktive Datenexploration, Kartenanwendung, Open Data, Datenvisualisierung, Datenanalyse, Visualisierung;Verkehr, Stadtplanung, Partizipation, Chancengleichheit, Demokratie
65;https://codefor.de/projekte/flaechentool/;Flächentool;https://codefor.de/projekte/flaechentool/;OK Lab Berlin, Code for Germany;Unbekannt;Das Tool berrechnet die Nutzung der Flächen, basierend auf OpenStreetMap (OSM) Daten. Die OSM Daten wurden von verschiedenen Nutzern zusammengetragen. Es kommt zu Ungenauigkeiten, wenn die Daten …;CC-BY 4.0;https://codefor.de;Flächentool;Web-App, Datenvisualisierung, Plattform, Interaktive Datenexploration, Open Data;Stadtplanung, Umwelt, Nachhaltigkeit, Datenanalyse, Zivilgesellschaft, Karten, Datenstandards
66;https://codefor.de/projekte/dd-freieparkplaetze/;Freie Parkplätze Dresden;https://codefor.de/projekte/dd-freieparkplaetze/;Open Data Dresden, Code for Germany;Unbekannt;Die Stadt Dresden bietet auf https://www.dresden.de/freie-parkplaetze eine Übersicht der freien Parkplätze in der Stadt Dresden an. Leider nicht maschinenlesbar (barrierefrei). Darum haben wir uns …;CC-BY 4.0;https://codefor.de;ParkenDD;Datenportal, Maschinelles Lernen, API, Interaktive Karte, Datenvisualisierung, Web-App;Mobilität, Stadtplanung, Umweltschutz, Tourismus, Verkehr
67;https://codefor.de/projekte/ffpb-nodes/;Freifunk Knotenliste;https://codefor.de/projekte/ffpb-nodes/;CodeforPB, Code for Germany;Unbekannt;Der Beginn einer Freifunk Companion App. Aktuell wird nur die Knotenliste dargestellt und man kann die Details der Knoten anzeigen lassen. Später soll die Darstellung der Knoten auch auf einer Karte …;CC-BY 4.0;https://codefor.de;;Web-App, Datenportal;Technologie, Open Data
68;https://codefor.de/projekte/le-gentrifizierung/;Gebäude-Entwicklung in Leipzig;https://codefor.de/projekte/le-gentrifizierung/;OK Lab Leipzig, Code for Germany;In Betrieb;"Leipzig ist eine stark wachsende Stadt, was sich entsprechend im Haus- und Wohnungsbau niederschlägt.
Dieses Projekt möchte das zunehmende Schließen von Baulücken und Wachstum an den Rändern in …";CC-BY 4.0;https://codefor.de;;Datenvisualisierung, Web-App, Open Data;Stadtplanung, Wohnen
69;https://codefor.de/projekte/gedenktafelnberlin/;Gedenktafeln in Berlin;https://codefor.de/projekte/gedenktafelnberlin/;OK Lab Berlin, Code for Germany;Unbekannt;Eine Webseite, die vorhandene und, auf Wunsch entfernte Tafeln zu historischen Orten in Berlin anzeigt. Viele davon sind der Erinnerung an jene Menschen gewidmet, die sich der nationalsozialistischen …;CC-BY 4.0;https://codefor.de;;Webseite, Plattform, Open-Source, Datenportal, Interaktive Datenexploration, Open Data;Menschenrechte, Stadt, Antidiskriminierung, Kultur
70;https://codefor.de/projekte/geodata-time/;Geodaten mit Zeitdimension;https://codefor.de/projekte/geodata-time/;OK Lab Berlin, Code for Germany;Unbekannt;Ich möchte eine Datenbank bauen, in der ich mehrere Versionen des gleichen Geodatensatzes ablegen kann. Ich möchte damit den zeitlichen Verlauf, also Änderungen am Datensatz festhalten. Die API soll …;CC-BY 4.0;https://codefor.de;;Datenbank, API;Open Data, Datenanalyse
71;https://codefor.de/projekte/bn-veranstaltungskalender/;Geographischer Veranstaltungskalender;https://codefor.de/projekte/bn-veranstaltungskalender/;OK Lab Bonn-Rhein-Sieg, Code for Germany;In Planung;In Anlehnung an das Projekt “Wo steppt der Bär in Wien heute?” soll es einen heatmap-artigen Veranstaltungskalender auch für Bonn geben.;CC-BY 4.0;https://codefor.de;;Kalender, Datenvisualisierung;Stadt, Vernetzung
72;https://codefor.de/projekte/hn-geojson-utilities/;Geojson Utilities;https://codefor.de/projekte/hn-geojson-utilities/;Code for Heilbronn, Code for Germany;In Betrieb;Dieses Projekt ermöglicht einen schnellen Export der Gemeindeflächen, Landkreisflächen und Bundeslandflächen in Deutschland im .geojson Format. Dies ist besonders hilfreich für Journalisten und …;CC-BY 4.0;https://codefor.de;;Open Source, Web-App, Datenvisualisierung, Datenanalyse;Visualisierung, Datenanalyse, Open Data, Karten
73;https://codefor.de/projekte/cologne-giesst/;GießtKölle;https://codefor.de/projekte/cologne-giesst/;OK Lab Köln, Code for Germany;In Betrieb;Mit dieser Web Karte kannst Du Dich über den Wasserbedarf der Bäume in deiner Nachbarschaft informieren und Deinen Nachbar*innen mitteilen ob Du die Bäume gegossen hast.;CC-BY 4.0;https://codefor.de;;Web-App, Kartenanwendung;Umwelt, Stadt, Nachhaltigkeit, Vernetzung, Zivilgesellschaft, Klimaschutz
74;https://codefor.de/projekte/le-glaeserne-klaeranlage/;Gläsernes Klärwerk;https://codefor.de/projekte/le-glaeserne-klaeranlage/;OK Lab Leipzig, Code for Germany;In Betrieb;"Interaktive Visualisierungen über die Funktionsweise einer Kläranlage.
Beim OpenDataDay am 4. März 2017 wurde mit Hilfe der Anwesenden sowie der Unterstützung der OEWA, der Gesellschaft für Informatik …";CC-BY 4.0;https://codefor.de;;Datenvisualisierung, Interaktive Datenexploration, Web-App, Open Data;Umweltschutz, Klimaschutz, Datenanalyse, Visualisierung
75;https://codefor.de/projekte/grossstadtbaum/;Großstadt-Baum;https://codefor.de/projekte/grossstadtbaum/;OK Lab Berlin, Code for Germany;In Betrieb;Berlin veröffentlicht Datensätze zu Anlagenbäumen, Straßenbäumen und Uferbäumen. In unserer Stadt stehen über 1 Million Bäume. Ich habe den typischen Berliner Baum gesucht und habe ihn gefunden.;CC-BY 4.0;https://codefor.de;;Datenanalyse, Visualisierung;Stadtplanung, Umweltschutz, Open Data
76;https://codefor.de/projekte/c-haltestellen/;Haltestellen in Chemnitz & Umland;https://codefor.de/projekte/c-haltestellen/;OK Lab Chemnitz, Code for Germany;In Betrieb;Die Karte Zeigt die von der CVAG zur Verfügung gestellten Haltestellendaten. Man sieht deutliche Abweichungen der Koordinaten zu den Punkten auf der OSM Karte.;CC-BY 4.0;https://codefor.de;;Karten, Datenanalyse, Visualisierung mit Karten;Mobilität, Open Data
77;https://codefor.de/projekte/hh-echtzeit/;Hamburg in Zahlen;https://codefor.de/projekte/hh-echtzeit/;OK Lab Hamburg, Code for Germany;Unbekannt;Was verändert sich gerade (durchschtnittlich) in Hamburg? Eine Übersicht interessanter Zahlen.;CC-BY 4.0;https://codefor.de;;Datenvisualisierung, Web-App, Interaktives Dashboard, Open Source, Datenanalyse, Statistik;Stadt, Zivilgesellschaft, Open Data
78;https://codefor.de/projekte/p-haushalt/;Haushalt Potsdam 2018/2019;https://codefor.de/projekte/p-haushalt/;OK Lab Potsdam, Code for Germany;In Betrieb;Erkunde interaktiv den Doppelhaushalt von Potsdam für die Jahre 2018 und 2019.;CC-BY 4.0;https://codefor.de;;Web-App, Webseite, Datenvisualisierung, Interaktive Datenexploration, Open-Source;Stadt, Transparenz, Datenanalyse
79;https://codefor.de/projekte/historic-berlin/;Historische Entwicklung Berlins;https://codefor.de/projekte/historic-berlin/;OK Lab Berlin, Code for Germany;Unbekannt;Historische Berlin-Karten aus dem FIS-Broker zur Benutzung in anderen Projekten.;CC-BY 4.0;https://codefor.de;;Datenportal, Datenanwendung für Öffentlichkeit, Karten, Open-Source;Kultur, Stadtplanung, Open Data
80;https://codefor.de/projekte/muc-ddj/;How-To Datenjournalismus;https://codefor.de/projekte/muc-ddj/;OK Lab München, Code for Germany;In Betrieb;;CC-BY 4.0;https://codefor.de;;E-Learning, Bericht;Medienaufsicht, Datenanalyse, Bildung
81;https://codefor.de/projekte/vortrag_bielefeld_io/;Innovationen durch Open Data bei der Bielefeld.IO 2021;https://codefor.de/projekte/vortrag_bielefeld_io/;Code for Bielefeld, Code for Germany;Unbekannt;Vortrag und Workshop zu „Innovationen durch Open Data“ im Rahmen der Bielfeld.IO am Freitag, 3. September 2021. Anmeldung und weitere Infos auf eventbrite.;CC-BY 4.0;https://codefor.de;;Vortrag, Workshop;Open Data
82;https://codefor.de/projekte/le-intelligentes-rathaus/;Intelligentes Rathaus Leipzig;https://codefor.de/projekte/le-intelligentes-rathaus/;OK Lab Leipzig, Code for Germany;In Planung;"Durchsuche das Ratsinformationssystem der Stadt Leipzig und abboniere deine Suchergebnisse!
Durchsuche das Ratsinformationssystem der Stadt Leipzig per Volltextsuche oder über detailierte Filter. …";CC-BY 4.0;https://codefor.de;;Web-App, Knowledge Graph, Datenanalyse, Datenvisualisierung, Open Data;Stadt, Transparenz, Datenanalyse, Open Data
83;https://codefor.de/projekte/fl-open-biotope-map/;Interaktive Biotopkarte mit Wertbiotopen und Nichtwertbiotopen;https://codefor.de/projekte/fl-open-biotope-map/;OK Lab Flensburg, Code for Germany;In Planung;Diese kleine interaktive Biotopkarte ist nach einem Spaziergang durch Salzwiesen und an der Steilküste in Holnis entstanden. Nach mehrfacher Begehung der einzigartigen Landschaft an der Ostsee …;CC-BY 4.0;https://codefor.de;;Interaktive Karte, Web-App, Datenvisualisierung;Umweltschutz, Klimaschutz, Open Data
84;https://codefor.de/projekte/fl-open-parcel-map/;Interaktive Flurstücksauskunft für Schleswig-Holstein;https://codefor.de/projekte/fl-open-parcel-map/;OK Lab Flensburg, Code for Germany;In Planung;Diese interaktive nicht amtliche Flurstücksauskunft ohne Eigentümerangaben für Schleswig-Holstein entstand nach Gesprächen mit Bürgerinitiativen durch das OK Lab Flensburg um Verwaltungs-, Kreis-, …;CC-BY 4.0;https://codefor.de;;Interaktive Datenexploration, Kartenanwendung, Web-App, Interaktive Karte, Datenvisualisierung;Transparenz, Stadtplanung, Open Data, Karten
85;https://codefor.de/projekte/interessante-orte/;Interessante Orte;https://codefor.de/projekte/interessante-orte/;OK Lab Köln, Code for Germany;In Betrieb;"Schritt für Schritt wirst Du eine einfache Kartenanwendung erstellen, mit der Du interessante Orte visualisieren kannst. Programmierkenntnisse sind nicht erforderlich.
Besonderer Fokus liegt dabei …";CC-BY 4.0;https://codefor.de;;Kartenanwendung, Web-App;Kultur, Zivilgesellschaft
86;https://codefor.de/projekte/le-schulinternet/;Internetgeschwindigkeit in Sachsens Schulen;https://codefor.de/projekte/le-schulinternet/;OK Lab Leipzig, Code for Germany;In Betrieb;"Stellt Internetverbindungen von Schulen in Sachsen auf einer Karte dar und soll damit den weiteren Breitbandausbau vor allem im Bildungssektor anregen.
Nutzt cheerio.js zum Scrapen der Web-Seiten, …";CC-BY 4.0;https://codefor.de;;Web-App, Kartenanwendung, Datenvisualisierung;Bildung
87;https://codefor.de/projekte/jedeschule-2/;jedeschule.de API;https://codefor.de/projekte/jedeschule-2/;OK Lab Berlin, Code for Germany;Unbekannt;jedeschule.de startete 2015 als Projekt der Open Knowledge Foundation Deutschland in Zusammenarbeit mit dem Verein BildsungsCent e.V.. Ziel war es, alle Schulen Deutschlands auf einer Platform zu …;CC-BY 4.0;https://codefor.de;;Open Data, Datenportal, Datenmanagement, Plattform, Datenanwendung;Bildung, Open Data, Datenanalyse
88;https://codefor.de/projekte/baustellen-chemnitz/;Karte Chemnitzer Baustellen;https://codefor.de/projekte/baustellen-chemnitz/;OK Lab Chemnitz, Code for Germany;In Betrieb;Auf einer Karte werden die Baustellen in Chemnitz übersichtlich dargestellt. Die Daten werden von der Stadt Chemnitz als Text veröffentlicht.;CC-BY 4.0;https://codefor.de;;Kartenanwendung, Web-App;Stadtplanung, Transparenz, Open Data
89;https://codefor.de/projekte/blitzerkarte-chemnitz/;Karte Chemnitzer Blitzer;https://codefor.de/projekte/blitzerkarte-chemnitz/;OK Lab Chemnitz, Code for Germany;Unbekannt;Auf einer Karte werden die monatlich veröffentlichten Geschwindigkeitskontrollen in Chemnitz übersichtlich dargestellt. Die Daten werden von der Stadt Chemnitz als Text veröffentlicht.;CC-BY 4.0;https://codefor.de;;Kartenanwendung, Web-App, Datenanwendung für Öffentlichkeit, Open Data;Verkehr, Transparenz, Datenanalyse
90;https://codefor.de/projekte/bn-opendatamap-nrw/;Karte der Open Data – Angebote in NRW;https://codefor.de/projekte/bn-opendatamap-nrw/;OK Lab Bonn-Rhein-Sieg, Code for Germany;In Betrieb;Welche Kommunen in NRW besitzen ein Open Data-Portal? Welches System oder Lizenz verwenden sie? Gibt es eine Anbindung an das Open.NRW-Portal? Die Karte bildet eine Übersicht aller aktuellen …;CC-BY 4.0;https://codefor.de;;Karten, Datenportal;Open Data
91;https://codefor.de/projekte/fl-open-recycling-map/;Karte der Recyclingcontainer in Flensburg;https://codefor.de/projekte/fl-open-recycling-map/;OK Lab Flensburg, Code for Germany;In Planung;Karte der Standorte von Recycling Containern für Altkleidung und Altglas vom Technisches Betriebszentrum Flensburg AöR. Es werden nur Standorte auf städtischen Flächen angezeigt. Unser Ziel ist es, …;CC-BY 4.0;https://codefor.de;;Karten, Kartenanwendung, Plattform, Web-App, Webseite, Open Data;Abfallwirtschaft, Umweltschutz, Karte, Stadt, Nachhaltigkeit, Umwelt, Transparenz
92;https://codefor.de/projekte/fl-open-cultural-map/;Karte mit Verantstaltungsorten der Kulturnacht Flensburg;https://codefor.de/projekte/fl-open-cultural-map/;OK Lab Flensburg, Code for Germany;In Betrieb;Am 14. September 2024 haben die Flensburger Kulturakteure zur Kulturnacht eingeladen. Dabei haben sie sich an verschiedenen Orten der Stadt präsentiert, um diese kulturellen Orte bekannter zu machen. …;CC-BY 4.0;https://codefor.de;;Kartenanwendung, Interaktive Karte;Kultur, Stadt
93;https://codefor.de/projekte/wpt-kartenkarte/;KartenKarte;https://codefor.de/projekte/wpt-kartenkarte/;OK Lab Wuppertal, Code for Germany;In Planung;KartenKarte ließt vorhandene Daten aus OpenStreetMap aus und stellt diese auf eine andere Art und Weise dar. Viele Informationen sind in der OSM Datenbank vorhanden, werden aber nicht auf der Karte …;CC-BY 4.0;https://codefor.de;;Web-App, Kartenanwendung, Datenvisualisierung, Open Data;Open Data, Karten, Datenanalyse, Visualisierung
94;https://codefor.de/projekte/hn-kastanienapp/;Kastanienapp;https://codefor.de/projekte/hn-kastanienapp/;Code for Heilbronn, Code for Germany;In Betrieb;Vor ein paar Monaten hat die Stadt Hamburg auf ihrem Transparenzportal das Baumkataster als Open Data veröffentlicht. Passend zur Zeit der Herbstsparziergänge drängte sich uns bei einem Code For …;CC-BY 4.0;https://codefor.de;;Web-App, Open Data, Datenanwendung für Öffentlichkeit;Umwelt, Stadtplanung, Transparenz
95;https://codefor.de/projekte/berlin-lichtenberg/;Kiez-Karte Berlin;https://codefor.de/projekte/berlin-lichtenberg/;OK Lab Berlin, Code for Germany;In Planung;In Berlin gibt es einen Haufen offener Daten. Wie kann man diese sinnvoll auf einer Karte anzeigen? Und kann man Bürgerbeteilungsmöglichkeiten sinnvoll einbinden (Bürgerhaushalt, Maerker, Stadtbäume, …;CC-BY 4.0;https://codefor.de;;Open Data, Interaktive Karte, Datenvisualisierung, Web-App;Partizipation, Stadt
96;https://codefor.de/projekte/le-kieznotiz/;KiezNotiz Leipziger Osten;https://codefor.de/projekte/le-kieznotiz/;OK Lab Leipzig, Code for Germany;In Betrieb;"Dieses Projekt ist in Zusammenarbeit mit Leipziger / FabLab Leipzig sowie Studio Johey für den Aufbau eines Wissenschaftsladens entstanden.
In einem Schaufenster sollen die Akteure im Kiez (speziell …";CC-BY 4.0;https://codefor.de;KiezNotiz;Datenportal, Web-App, Kartenanwendung, Datenvisualisierung;Stadtplanung, Umweltschutz, Vernetzung
97;https://codefor.de/projekte/bn-kinderbonn/;kinderbonn.de – Das Portal für Eltern, Kinder und Jugendliche aus Bonn und Umgebung;https://codefor.de/projekte/bn-kinderbonn/;OK Lab Bonn-Rhein-Sieg, Code for Germany;In Planung;Was ist KinderBonn? KinderBonn möchte sämtliche Einrichtungen, Orte und Organisationen sichtbar machen, die für Eltern, Kinder und Jugendliche wichtig sind. Dazu gehören auf Kinder und Jugendliche …;CC-BY 4.0;https://codefor.de;;Datenportal, Verzeichnis / Karte;Kinder- und Jugendhilfe, Stadt
98;https://codefor.de/projekte/fl-open-kita-map/;Kitafinder Flensburg;https://codefor.de/projekte/fl-open-kita-map/;OK Lab Flensburg, Code for Germany;In Planung;Die Idee, einen Kitafinder für Flensburg zu entwickeln, ist aus der eigenen Suche nach einer Kita für den Kleinen entstanden. Auf der städtischen Website finden sich zwar Kontaktdetails zu den …;CC-BY 4.0;https://codefor.de;;Interaktive Karte, Web-App, Open-Source, Vernetzung;Wohlfahrt, Soziale Arbeit
99;https://codefor.de/projekte/dd-kitakarte/;Kitakarte Dresden;https://codefor.de/projekte/dd-kitakarte/;Open Data Dresden, Code for Germany;Unbekannt;Die Kitakarte zeigt eine Übersicht aller Kindergärten, Krippen und Horte in Dresden. Alle Einträge werden mit Daten ergänzt, die von der Stadt unter http://www.dresden.de/kindertagesstaetten/ …;CC-BY 4.0;https://codefor.de;;Datenvisualisierung, Kartenanwendung, Open Data;Kinder- und Jugendhilfe, Stadtplanung
100;https://codefor.de/projekte/p-kitarechner/;Kitarechner für Potsdam;https://codefor.de/projekte/p-kitarechner/;OK Lab Potsdam, Code for Germany;In Planung;Mit dem Kitarechner kann jeder schnell sehen, wieviel Kitagebühren er/sie monatlich pro Kind bei einer Hort-, Kita-, oder Krippenbetreuung in Potsdam zahlen muss. Die Gebührentabelle der Stadt wurde …;CC-BY 4.0;https://codefor.de;;Web-App, Datenanwendung für Öffentlichkeit;Transparenz, Datenanalyse
101;https://codefor.de/projekte/le-kitas_und_schulen_in_leipzig/;Kitas und Schulen Verzeichnis Leipzig;https://codefor.de/projekte/le-kitas_und_schulen_in_leipzig/;OK Lab Leipzig, Code for Germany;In Betrieb;"Eine kleine App zur Darstellung aller Kitas, Schulen und Spielplätzen in Leipzig. Die Nutzer sollen später die jeweiligen Orte bewerten können.
Umsetzung Daten: OpenStreetMap extrahiert / selbst …";CC-BY 4.0;https://codefor.de;;Web-App, Verzeichnis;Bildung, Stadtplanung
102;https://codefor.de/projekte/hn-klickde/;Klick Deutschland;https://codefor.de/projekte/hn-klickde/;Code for Heilbronn, Code for Germany;In Betrieb;Click that Hood für alle Gemeinden Deutschlands!;CC-BY 4.0;https://codefor.de;;Web-App;Partizipation
103;https://codefor.de/projekte/le-klimabot/;Klimabot;https://codefor.de/projekte/le-klimabot/;OK Lab Leipzig, Code for Germany;In Betrieb;"Bot, der auf natürlich-sprachige Fragen rund um den Klimawandel mit Fakten antwortet, Z.B. “Wie viel Tonnen CO2 wurden 2012 in Sachsen emittiert?” - “47,5 Tonnen CO2”
Umsetzung …";CC-BY 4.0;https://codefor.de;;Maschinelles Lernen, KI Anwendung, Open-Source, Web-App, Information Retrieval, Datenanalyse, Interaktive App;Klima, Klimaschutz, Open Data, Nachhaltigkeit, Zivilgesellschaft, Datenanalyse, Wissensmanagement
104;https://codefor.de/projekte/le-klimadashboard/;Klimadashboard Sachsen;https://codefor.de/projekte/le-klimadashboard/;OK Lab Leipzig, Code for Germany;In Planung;"Das Projekt „Klimadashboard Sachsen“ möchte den Fortschritt der Energie-, Verkehrs- und Landwirtschaftswende dokumentieren.
Dazu werden Daten aus verschiedenen Quellen und Sektoren zusammengetragen …";CC-BY 4.0;https://codefor.de;;Datenvisualisierung, Interaktives Dashboard, Web-App;Klimaschutz, Nachhaltigkeit
105;https://codefor.de/projekte/klimawatch/;Klimawatch;https://codefor.de/projekte/klimawatch/;Code for Münster, Code for Germany;In Planung;Klimawatch visualisiert reale und geplante CO2-Emissionen einzelner Kommunen und erlaubt es, einfach neue Kommunen hinzuzufügen.;CC-BY 4.0;https://codefor.de;;Datenvisualisierung, Web-App, Plattform, Interaktive Datenexploration;Klimaschutz, Umweltschutz, Datenanalyse, Stadtplanung
106;https://codefor.de/projekte/le-klimawatch/;Klimawatch Leipzig;https://codefor.de/projekte/le-klimawatch/;OK Lab Leipzig, Code for Germany;In Planung;"Wie sieht es aus mit dem gesetzten und den tatsächlich erreichten Klimaschutzzielen hinsichtlich CO2-Reduktion in Leipzig?
Sind bei diesem Kurven-Verlauf die Klimaschutzziele für 2030 / 2040 / 2050 zu …";CC-BY 4.0;https://codefor.de;;Monitoring, Web-App, Open Data, Datenanalyse, Datenvisualisierung;Klimaschutz, Klimawandel, Umweltschutz, Nachhaltigkeit, Stadt, Transparenz
107;https://codefor.de/projekte/le-klimawatch-leipzig/;Klimawatch Leipzig 2.0;https://codefor.de/projekte/le-klimawatch-leipzig/;OK Lab Leipzig, Code for Germany;In Betrieb;"Wie sieht es aus mit dem gesetzten und den tatsächlich erreichten Klimaschutzzielen in Leipzig?
Sind bei diesem Kurven-Verlauf die Klimaschutzziele für 2030 / 2040 / 2050 zu erreichen oder muss Druck …";CC-BY 4.0;https://codefor.de;;Datenportal, Datenvisualisierung, Open Data, Web-App, Monitoring;Klimaschutz, Klimawandel, Umweltschutz, Stadt
108;https://codefor.de/projekte/cologne-daten-in-3d/;Kölner Daten in 3D;https://codefor.de/projekte/cologne-daten-in-3d/;OK Lab Köln, Code for Germany;In Betrieb;Wie macht man offene Daten greifbar? Indem man sie ausdruckt. Hier gibt es das Projekt zum Nachmachen. Im OK Lab Köln haben wir die Idee entwickelt, aus offenen Daten der Stadt Köln “Daten zum …;CC-BY 4.0;https://codefor.de;;Datenvisualisierung, Open Data;Open Data, Datenanalyse
109;https://codefor.de/projekte/le-kompreni/;Kompreni;https://codefor.de/projekte/le-kompreni/;OK Lab Leipzig, Code for Germany;In Betrieb;"Dieses kleine Tool soll eine statistische Analyse der Kommentare auf LVZ.de durchführen.
Hintergrund: Auf dem Online-Angebot der Leipziger Volkszeitung (LVZ) treten gehäuft Hasskommentare und die …";CC-BY 4.0;https://codefor.de;Kompreni;Datenanalyse, Web-App, Open-Source;Antidiskriminierung, Medienaufsicht
110;https://codefor.de/projekte/ffpb-krombel/;Krombels Dash auf Android;https://codefor.de/projekte/ffpb-krombel/;CodeforPB, Code for Germany;Unbekannt;Die erste unter hoffentlich vielen Apps mit Daten von Freifunk Paderborn. Diese App bringt Krombels Dashboard auf Android. Diese App ist ein erster Prototyp und wurde noch nicht “hübsch” …;CC-BY 4.0;https://codefor.de;;Web-App, Open-Source, Interaktive Datenexploration;Open Data, Technologie
111;https://codefor.de/projekte/cologne-kulturpfade/;Kulturpfade Köln;https://codefor.de/projekte/cologne-kulturpfade/;OK Lab Köln, Code for Germany;In Planung;Das Projekt soll die Informationen zu den Kulturpfaden Köln zusammentragen und in einer nutzbaren Form darstellen. Es handelt sich dabei um eine Reihe von Rad- bzw. Wanderwegen im Kölner Stadtgebiet. …;CC-BY 4.0;https://codefor.de;;Web-App, Kartenanwendung, Datenvisualisierung;Kultur, Stadt
112;https://codefor.de/projekte/cologne-kvbrad/;KVB Fahrräder in Köln;https://codefor.de/projekte/cologne-kvbrad/;OK Lab Köln, Code for Germany;In Planung;Die Webapplikation KVB Fahrräder stellt eine mögliche Nutzung Kölns durch Fahrräder dar. Grundlage hierfür sind die Daten, die durch KVB-Rad Köln zur Verfügung gestellt werden in Kombination des …;CC-BY 4.0;https://codefor.de;;Web-App, Datenvisualisierung, Open Data;Mobilität, Köln
113;https://codefor.de/projekte/hh-laenderfinanzausgleich/;Länderfinanzausgleich visualisieren;https://codefor.de/projekte/hh-laenderfinanzausgleich/;OK Lab Hamburg, Code for Germany;Unbekannt;Im Länderfinanzausgleich werden jährlich riesige Summen bewegt. Daten über die Höhe der Zahlungen liegen seit 1950 durchgehend vor. In dem Projekt sollen verschiedene Visualisierungsansätze und -tools …;CC-BY 4.0;https://codefor.de;;Datenvisualisierung, Open-Source, Web-App, Interaktives Dashboard;Verwaltung, Transparenz, Open Data, Zivilgesellschaft, Datenanalyse
114;https://codefor.de/projekte/da-leika-tool/;LeiKa-Tool;https://codefor.de/projekte/da-leika-tool/;Code for Germany;In Planung;Der Leistungskatalog der öffentlichen Verwaltung (LeiKa) ist ein Verzeichnis aller Verwaltungsleistungen, die von Bund, Ländern und den Kommunen erbracht werden. Der LeiKa definiert für jede …;CC-BY 4.0;https://codefor.de;LeiKa;Verzeichnis / Karte, Web-App, Open-Source;Verwaltung, Transparenz, Open Data
115;https://codefor.de/projekte/le-leipziggiesst/;Leipzig giesst;https://codefor.de/projekte/le-leipziggiesst/;OK Lab Leipzig, Code for Germany;In Planung;"Auf dieser Plattform kannst Du Dich über Bäume in deiner Nachbarschaft und ihren Wasserbedarf informieren.
Du kannst einzelne Bäume adoptieren und markieren, wenn Du sie gegossen hast.
Dieses Projekt …";CC-BY 4.0;https://codefor.de;;Web-App, Plattform, Open Data, Vernetzung;Umwelt, Stadtplanung, Stadt, Zivilgesellschaft, Open Data, Nachhaltigkeit
116;https://codefor.de/projekte/leipzig-maps/;Leipzig Maps;https://codefor.de/projekte/leipzig-maps/;OK Lab Leipzig, Code for Germany;In Betrieb;"Eine Karte von Leipzig die Daten zur Stadt wiedergibt.
Die Karte gibt u.a. folgende Daten wieder:
Leipzig - Schwimmhallen (leipzig.de) Leipzig - Freibäder (leipzig.de) Leipzig - Spielplätze …";CC-BY 4.0;https://codefor.de;;Kartenanwendung, Interaktive Karte;Stadt, Datenanalyse, Open Data
117;https://codefor.de/projekte/le-leipzigpumpt/;Leipzig pumpt;https://codefor.de/projekte/le-leipzigpumpt/;OK Lab Leipzig, Code for Germany;In Betrieb;"Auf dieser Webseite kannst Du Dich über die Handschwengelpumpen (inklusive abgebaute und inaktive) in Leipzig informieren.
Das Projekt nutzt die Daten von Wikipedia als auch die Daten aus …";CC-BY 4.0;https://codefor.de;;Verzeichnis / Karte, Datenportal, Open Data;Stadt, Umweltschutz, Nachhaltigkeit, Kultur
118;https://codefor.de/projekte/le-rallymap/;Leipzig Rally Map;https://codefor.de/projekte/le-rallymap/;OK Lab Leipzig, Code for Germany;In Betrieb;Das Projekt Rally Map (vormaliger Name war Mobmap 🙂) stellt das Versammlungsgeschehen in Leipzig auf einer interaktiven Karte dar. Dabei werden die Orte und Straßen, auf den Versammlungen stattfinden, …;CC-BY 4.0;https://codefor.de;;Interaktive Karte, Web-App, Open Data, Datenvisualisierung, Workshop;Stadt, Demokratie
119;https://codefor.de/projekte/dus-ruhr-lernmedien-buddy/;Lernmedien-Buddy;https://codefor.de/projekte/dus-ruhr-lernmedien-buddy/;OK Lab Ruhrgebiet, Code for Germany;In Planung;Der Lernmedien-Buddy ist eine App (iOS und Android) für Schüler*innen, mit deren hilfe spielerisch nach Lernmaterialien gesucht werden kann. Durch “social logins” bringt die App Suchende …;CC-BY 4.0;https://codefor.de;;E-Learning, Web-App, Vernetzung, Interaktive App;Bildung
120;https://codefor.de/projekte/lieblingsplatz/;Lieblingsplatz;https://codefor.de/projekte/lieblingsplatz/;OK Lab Berlin, Code for Germany;Unbekannt;Finde einen Lieblingsplatz in einer KiTa in Berlin! Auf einer Karte siehst Du KiTas und Tagesmütter in eurer Nähe und kannst sie filtern nach Dingen, die Dir wichtig sind.;CC-BY 4.0;https://codefor.de;;Kartenanwendung, Web-App;Kinder- und Jugendhilfe, Stadtplanung, Zugänglichkeit
121;https://codefor.de/projekte/jena-linkedopenhaushalt/;Linked Open Haushalt;https://codefor.de/projekte/jena-linkedopenhaushalt/;OK Lab Jena, Code for Germany;Unbekannt;Der offene Haushalt mit seiner wohlbekannten TreeMap-Visualisierung ist natürlich der interessanteste Datensatz jeder offenen Stadt. Wir gehen einen Schritt weiter und setzen den Haushalt direkt mit …;CC-BY 4.0;https://codefor.de;;Datenvisualisierung, Open Data, Open-Source;Transparenz, Stadt, Datenanalyse
122;https://codefor.de/projekte/bie-linked-data/;Linked Open Statistical Data;https://codefor.de/projekte/bie-linked-data/;Code for Bielefeld, Code for Germany;In Planung;Im Projekt Linked Data haben wir uns zunächst mit Linked Open Statistical Data beschäftigt. Dafür haben wir die Daten des Bielefelder Statistikamtes in Linked Data transformiert, also statt in …;CC-BY 4.0;https://codefor.de;;Datenportal, Open Data, Statistik;Datenanalyse, Open Data, Statistik
123;https://codefor.de/projekte/hn-lorawan/;LoRaWAN Gateways in Heilbronn;https://codefor.de/projekte/hn-lorawan/;Code for Heilbronn, Code for Germany;Unbekannt;Das Internet der Dinge setzt neue Anforderungen an die Datenübertragungen in Städten und auf dem Land. Neue Funktechniken setzten auf immer schnellere Übetragungsraten zulasten der Reichweite. …;CC-BY 4.0;https://codefor.de;;Monitoring, Datenportal;Stadtplanung, Ländlicher Raum, Technologie, Datenanalyse, Zivilgesellschaft
124;https://codefor.de/projekte/le-luftqualitaet_sachsen/;Luftqualität Sachsen;https://codefor.de/projekte/le-luftqualitaet_sachsen/;OK Lab Leipzig, Code for Germany;In Betrieb;"Eine übersichtliche Darstellung der Messwerte aller sächsischen Messstationen zur Luftqualität. Zu jeder Messstation werden die Daten detailliert als Tabelle und Diagramm dargestellt.
Umsetzung Daten: …";CC-BY 4.0;https://codefor.de;;Datenportal, Datenvisualisierung, Web-App, Open-Source;Umweltschutz, Klima, Datenanalyse
125;https://codefor.de/projekte/le-madmemory/;Mad Memory;https://codefor.de/projekte/le-madmemory/;OK Lab Leipzig, Code for Germany;In Betrieb;"Online-Memory-Spiel, das dazu einlädt, sich genauer mit Wörtern aus dem Rheinischen Mitmachwörterbuch und dem Sächsischen Wörterbuch zu beschäftigen.
Das Projekt als Beitrag zum Coding da Vinci West …";CC-BY 4.0;https://codefor.de;;Web-App, Online-Spiel, Datenanwendung für Öffentlichkeit;Kultur, Technologie, Open Data
126;https://codefor.de/projekte/magdeburg-magd-o-mat/;Magd-O-Mat 2019;https://codefor.de/projekte/magdeburg-magd-o-mat/;OK Lab Magdeburg, Code for Germany;In Betrieb;"Der Magd-O-Mat ist ein Magdeburger Wahl-O-Mat nach dem Vorbild des von der Bundes- und Landeszentrale für politische Bildung eingesetzten Wahl-o-Maten.
Er wird für die Kommunalwahlen von Magdeburg …";CC-BY 4.0;https://codefor.de;Magd-O-Mat;Web-App, Plattform für Wahlentscheidungen;Wahlen, Demokratie
127;https://codefor.de/projekte/magdeburg-magd-o-mat-2024/;Magd-O-Mat 2024;https://codefor.de/projekte/magdeburg-magd-o-mat-2024/;OK Lab Magdeburg, Code for Germany;In Planung;"Der Magd-O-Mat ist ein Magdeburger Wahl-O-Mat nach dem Vorbild des von der Bundes- und Landeszentrale für politische Bildung eingesetzten Wahl-o-Maten.
Er wird für die Kommunalwahlen von Magdeburg …";CC-BY 4.0;https://codefor.de;Magd-O-Mat;Plattform für Wahlentscheidungen, Web-App;Wahlen, Stadt, Demokratie, Politische Bildung, Partizipation
128;https://codefor.de/projekte/magdeburg-giesst/;Magdeburg gießt;https://codefor.de/projekte/magdeburg-giesst/;OK Lab Magdeburg, Code for Germany;In Planung;Auf dieser Plattform kannst Du Dich über Bäume in Deiner Nachbarschaft und ihren Wasserbedarf informieren. Du kannst einzelne Bäume adoptieren und markieren, wenn Du sie gegossen hast. Wenn Du die …;CC-BY 4.0;https://codefor.de;;Plattform, Interaktive Karte;Umwelt, Stadtplanung
129;https://codefor.de/projekte/magdeburg-magdego/;MagdeGo;https://codefor.de/projekte/magdeburg-magdego/;OK Lab Magdeburg, Code for Germany;Eingestellt;"UPDATE: Aufgrund Druck von Dritter (wir nennen keine Namen) musste MagdeGo offline genommen werden. Wir planen aber einen Relaunch.
Kein lästiges Warten mehr auf deine Straßenbahn, die ausgerechnet …";CC-BY 4.0;https://codefor.de;;Web-App, Monitoring;Mobilität, Öffentlicher Nahverkehr
130;https://codefor.de/projekte/maifeuer-chemnitz/;Maifeuer 2014 in Chemnitz;https://codefor.de/projekte/maifeuer-chemnitz/;OK Lab Chemnitz, Code for Germany;In Betrieb;Auf einer Karte werden die Maifeuer in Chemnitz übersichtlich dargestellt. Die Daten wurden von der Stadt Chemnitz als Text veröffentlicht.;CC-BY 4.0;https://codefor.de;;Kartenanwendung, Visualisierung, Web-App;Kultur, Stadtplanung
131;https://codefor.de/projekte/le-villamajorelle/;Majorelle Mystery;https://codefor.de/projekte/le-villamajorelle/;OK Lab Leipzig, Code for Germany;In Betrieb;"Online Escape-Game, das in der berühmten Jugendstil-Villa Majorelle in Nancy spielt – samt deren ehemaligen Besitzer:innen und Erbauer:innen.
Umsetzung Das Spiel wurde mit der Game-Engine Godot in …";CC-BY 4.0;https://codefor.de;;Web-App, E-Learning;Kultur, Bildung
132;https://codefor.de/projekte/meine-stadt-transparent/;Meine Stadt Transparent;https://codefor.de/projekte/meine-stadt-transparent/;OK Lab München, Code for Germany;In Planung;Meine Stadt Transparent ist ein vom Prototype Fund gefördertes Projekt. Mit dieser Förderung können wir für 6 Monate, vom September 2017 bis Februar 2018, an dem Projekt arbeiten. Wir hatten uns unter …;CC-BY 4.0;https://codefor.de;;Plattform, Open Source;Stadt, Verwaltung
133;https://codefor.de/projekte/stgt-efa-meta-api/;Meta API für Elektronische Fahrplanauskunft;https://codefor.de/projekte/stgt-efa-meta-api/;OK Lab Stuttgart, Code for Germany;In Betrieb;Im Rahmen des Open VVS Day der Stuttgarter Zeitung wurde ein JSON-API entwickelt, welches das Application Programming Interface (API) der Elektronischen Fahrplanauskunft (EFA) in eine RESTful API …;CC-BY 4.0;https://codefor.de;;Open-Source, Plattform;Mobilität, Open Data
134;https://codefor.de/projekte/metacollect/;metacollect;https://codefor.de/projekte/metacollect/;OK Lab Berlin, Code for Germany;In Planung;metacollect stellt eine zentrale Datenbank für zivilgesellschaftliche Projekte zur Verfügung, die sich mit anderen Plattformen synchronisiert. Derzeit liegt der Fokus im Bereich der Geflüchtetenhilfe. …;CC-BY 4.0;https://codefor.de;metacollect;Datenbank, Plattform, Open Source, Datenportal, Vernetzung;Flucht und Migration, Geflüchtete, Berlin, Zivilgesellschaft
135;https://codefor.de/projekte/muc-mietpreisspiegel/;Mietpreisspiegel;https://codefor.de/projekte/muc-mietpreisspiegel/;OK Lab München, Code for Germany;Eingestellt;Ziel ist ein faktenbasierter Mietspiegel für München.;CC-BY 4.0;https://codefor.de;;Datenanwendung für Öffentlichkeit, Datenanalyse, Datenportal;Wohnen, Stadt
136;https://codefor.de/projekte/gi-mietspiegel/;Mietspiegel Gießen;https://codefor.de/projekte/gi-mietspiegel/;OK Lab Gießen, Code for Germany;In Planung;"Eine Interaktive Karte mit den aktuellen Mietpreisen pro Quadratmeter in verschiedene Bereiche aufgeteilt.
Dieses Projekt sucht aktuell dringend Leute die mitmachen wollen.";CC-BY 4.0;https://codefor.de;;Interaktive Karte, Kartenanwendung, Datenanalyse, Datenvisualisierung, Open-Source, Vernetzung;Stadtplanung, Wohnen, Datenanalyse, Open Data, Stadt
137;https://codefor.de/projekte/gi-muellkalender/;Müllkalender App Gießen;https://codefor.de/projekte/gi-muellkalender/;OK Lab Gießen, Code for Germany;In Planung;"Wann wird welcher Abfall in meiner Straße abgeholt? Mit dieser App sieht man alles auf einen Blick und erhält auch Push-Nachrichten für die jeweilige Straße.
Dieses Projekt sucht aktuell dringend …";CC-BY 4.0;https://codefor.de;;Web-App, Datenanwendung für Öffentlichkeit;Abfallwirtschaft, Stadt
138;https://codefor.de/projekte/muenchen-transparent/;München Transparent;https://codefor.de/projekte/muenchen-transparent/;OK Lab München, Code for Germany;Unbekannt;München Transparent ist eine Plattform, die es Münchner BürgerInnen ermöglicht, schnell und einfach Einblicke in die Kommunalpolitik zu bekommen. Dazu werden die normalerweise nur schwer zugängliche …;CC-BY 4.0;https://codefor.de;;Plattform, Datenportal;Transparenz, Open Data
139;https://codefor.de/projekte/le-museen/;Museen Mitteldeutschlands;https://codefor.de/projekte/le-museen/;OK Lab Leipzig, Code for Germany;In Betrieb;"Alle Museen Mitteldeutschlands auf einer Leaflet-Karte.
Dazu wurde aus OpenStreetMap alle Elemente, die einen Schlüssel “amenity” mit dem Wert “museum” haben, extrahiert.
Die …";CC-BY 4.0;https://codefor.de;;Kartenanwendung, Web-App, Datenvisualisierung, Workshop;Kultur, Open Data
140;https://codefor.de/projekte/mvg-rad-citybikes/;MVG Rad für citybik.es;https://codefor.de/projekte/mvg-rad-citybikes/;OK Lab München, Code for Germany;Unbekannt;Da MVG Rad - das stadteigene Mietfahrradsystem - zwar wie in vielen anderen Städten auf Nextbike basiert, in München aber tatsächlich eine White-Label-Lösung zu sein scheint, konnte man bislang mit …;CC-BY 4.0;https://codefor.de;;Open Source, Datenportal;Mobilität, Umwelt
141;https://codefor.de/projekte/newcomer/;Newcomer in der Region Mittelhessen;https://codefor.de/projekte/newcomer/;OK Lab Gießen, Code for Germany;In Planung;Die App hilft Neuankömmlingen nach dem Umzug in die Stadt Gießen. Seien es behördliche Erledigungen, die nach einem Umzug anfallen, dem Finden von gemeinnützigen und sozialen Projekten in Gießen oder …;CC-BY 4.0;https://codefor.de;;Web-App, Vernetzung, Information Retrieval;Integration, Stadt, Verwaltung, Inklusion, Soziale Arbeit
142;https://codefor.de/projekte/offener-haushalt-muenster/;Offener Haushalt Münster 2009-2013;https://codefor.de/projekte/offener-haushalt-muenster/;Code for Münster, Code for Germany;In Betrieb;Der Haushalt der Stadt Münster von 2009-2013 in OpenSpending integriert und auf offenerhaushalt.de veröffentlicht.;CC-BY 4.0;https://codefor.de;;Webseite, Datenportal;Open Data, Datenanalyse
143;https://codefor.de/projekte/wpt-offenerhaushalt/;Offener Haushalt Wuppertal;https://codefor.de/projekte/wpt-offenerhaushalt/;OK Lab Wuppertal, Code for Germany;In Planung;Interaktive Visualisierung des Wuppertaler Haushalts, damit sich engagierte BürgerInnen leicht einen Überblick verschaffen können.;CC-BY 4.0;https://codefor.de;;Datenvisualisierung, Interaktive Datenexploration, Web-App;Transparenz, Zivilgesellschaft, Stadt
144;https://codefor.de/projekte/offenerrat/;Offener Rat Münster;https://codefor.de/projekte/offenerrat/;Code for Münster, Code for Germany;Unbekannt;Ein Tool um die aktuellen Vorlagen und Sitzungen des Rates Münster zu sehen. Besser durchsuchbar und übersichtlicher als das Ratsinformationssystem der Stadt;CC-BY 4.0;https://codefor.de;;Open-Source, Web-App, Datenportal;Open Data, Transparenz, Stadt
145;https://codefor.de/projekte/jena-offenesratsinformationssystem/;Offener Stadtrat;https://codefor.de/projekte/jena-offenesratsinformationssystem/;OK Lab Jena, Code for Germany;Unbekannt;Das Ratsinformationssystem der Stadt Jena ist zwar ganz nett, aber wenig zu einer umfassenden und vor allem automatischen Information der Bürger geeignet. Mit diesem Projekt sollen die Inhalte besser …;CC-BY 4.0;https://codefor.de;;Prozessautomatisierung, Datenportal, Open Data;Stadt, Transparenz, Datenanalyse
146;https://codefor.de/projekte/be-oparl/;OParl;https://codefor.de/projekte/be-oparl/;OK Lab Berlin, Code for Germany;In Betrieb;"OParl ist eine Initiative zur Standardisierung des offenen Zugriffs auf parlamentarische Informationssysteme in Deutschland.
Das Ziel von OParl ist die Schaffung einer Standard-API für den Zugang zu …";CC-BY 4.0;https://codefor.de;OParl;Datenstandards, Open Data, API;Open Data, Transparenz, Datenanalyse, Politische Bildung
147;https://codefor.de/projekte/fl-open-data-api/;Open Data API;https://codefor.de/projekte/fl-open-data-api/;OK Lab Flensburg, Code for Germany;In Planung;Die Open Data API ist eine Programmierschnittstelle, die vom OK Lab Flensburg entwickelt wird, um den einfachen Zugriff auf öffentliche Daten zu ermöglichen. Diese Daten können von Gemeinden, …;CC-BY 4.0;https://codefor.de;;Datenportal, Open Data;Open Data, Datenanalyse, Transparenz
148;https://codefor.de/projekte/od-atlas/;Open Data Atlas;https://codefor.de/projekte/od-atlas/;OK Lab Berlin, Code for Germany;In Planung;"Übersicht über alle Open Data Angebote in Deutschland.
Alle Open Data Portal aus Deutschland, Österreich und der Schweiz. Sowohl die staatlichen Portale als auch die zivilgesellschaftlich betriebenen …";CC-BY 4.0;https://codefor.de;OD Atlas;Open Data, Verzeichnis / Karte;Open Data, Transparenz, Europa
149;https://codefor.de/projekte/open_data_rallye/;Open Data Rallye;https://codefor.de/projekte/open_data_rallye/;Code for Bielefeld, Code for Germany;Unbekannt;Im Rahmen des Digitaltags 2021 haben wir für dich eine OpenData-Rallye entlang der Promenade initiiert. Du wirst auf dieser Strecke verschiedene QR-Codes und auch eine Beschreibung des Weges finden. …;CC-BY 4.0;https://codefor.de;;Workshop;Open Data, Bildung, Stadt
150;https://codefor.de/projekte/open-legal-data/;Open Legal Data;https://codefor.de/projekte/open-legal-data/;OK Lab Berlin, Code for Germany;In Planung;"Open Legal Data ist eine freie juristische Datenbank für Gesetze und Urteile.
Obwohl Urteile im Namen des Volkes ergehen, werden sie oft nur in kommerziellen Datenbanken oder gar nicht veröffentlicht. …";CC-BY 4.0;https://codefor.de;;Datenbank, Open Data, Datenanalyse, API;Recht, Transparenz, Open Data
151;https://codefor.de/projekte/cologne-openair/;OpenAir Cologne;https://codefor.de/projekte/cologne-openair/;OK Lab Köln, Code for Germany;In Planung;OpenAir Cologne ist ein gemeinsames Projekt von Teilnehmern des Oklab Cologne, der Stadt Köln und Everykey. Wir wollen gemeinsam in Köln 20 Sensoren in einem Pilotprojekt aufstellen, um zu sehen wie …;CC-BY 4.0;https://codefor.de;;Datenanalyse, Monitoring, Datenvisualisierung, Open Data;Köln, Umwelt, Partizipation, Stadtplanung, Open Data
152;https://codefor.de/projekte/wpt-openbus/;OpenBus;https://codefor.de/projekte/wpt-openbus/;OK Lab Wuppertal, Code for Germany;In Planung;Entstanden als Techdemo für einen OpenDataDay in Wuppertal. Greift die Daten vom Abfahrtsmonitor ab und visualisiert sie auf Google Maps.;CC-BY 4.0;https://codefor.de;;Datenvisualisierung, Web-App;Öffentlicher Nahverkehr, Open Data, Transparenz
153;https://codefor.de/projekte/opendatawizzard/;OpenDataWizzard;https://codefor.de/projekte/opendatawizzard/;OK Lab Köln, Code for Germany;In Betrieb;"Eine kleine Hilfestellung um Daten und deren Sammlungen optimal für alle verfügbar zu machen.
Schritt für Schritt werden im Folgenden die Unterschiede zwischen Daten, Datensätzen, Datenbanken und …";CC-BY 4.0;https://codefor.de;;Open Data, Datenstandard, Web-App;Open Data
154;https://codefor.de/projekte/cologne-opennoise-map/;OpenNoise Map;https://codefor.de/projekte/cologne-opennoise-map/;OK Lab Köln, Code for Germany;Unbekannt;Mit dieser Web-Karte lassen sich tägliche Überschreitungswerte des maximal gemessenen Schalldruckes aus den Daten der Sensor Community interaktiv darstellen.;CC-BY 4.0;https://codefor.de;;Web-App, Kartenanwendung, Interaktive Datenexploration, Visualisierung mit Karten, Datenvisualisierung;Umwelt, Umweltschutz
155;https://codefor.de/projekte/hn-osm-editor/;OpenStreetMap QA Editor;https://codefor.de/projekte/hn-osm-editor/;Code for Heilbronn, Code for Germany;In Betrieb;"Dieses Tool hilft bei der Verbesserung der Qualität von OpenStreetMap Daten.
Es ermöglicht die schnelle Anzeige und Bearbeitung von:
Tracks ohne tracktype Straßen ohne sidewalk oder footway Tag Tracks …";CC-BY 4.0;https://codefor.de;;Web-App, Open-Source, Datenanalyse;Barrierefreiheit, Open Data
156;https://codefor.de/projekte/bn-oepnv-tracking/;ÖPNV Tracking in Echtzeit;https://codefor.de/projekte/bn-oepnv-tracking/;OK Lab Bonn-Rhein-Sieg, Code for Germany;In Planung;Der Verkehrsverbund Rhein/Sieg hat eine Programmierschnittstelle (API), für die man sich als Entwickler (auf Nachfrage) einen API Key geben lassen kann. Im ersten Schritt gibt es darüber erst einmal …;CC-BY 4.0;https://codefor.de;;API, Datenvisualisierung, Plattform;Mobilität, Open Data
157;https://codefor.de/projekte/pb-kneipen/;Paderborner Kneipenplan;https://codefor.de/projekte/pb-kneipen/;CodeforPB, Code for Germany;Unbekannt;Der Kneipenplan ist ca. 1990 nach einer Vision von Kim und Tö entstanden. Ursprünglich noch auf Papier gezeichnet und fotokopiert, steht der Kneipenplan aktuell auf den Seiten der Fachschaft …;CC-BY 4.0;https://codefor.de;;Kartenanwendung, Web-App;Tourismus, Zivilgesellschaft, Stadt
158;https://codefor.de/projekte/pb-parking/;Parken in Paderborn;https://codefor.de/projekte/pb-parking/;CodeforPB, Code for Germany;In Betrieb;Inspiriert von Parkplätze Dresden. Stellt die Informationen des Parkleitsystems der Stadt Paderborn übersichtlich und schnell erfassbar auf einer Karte dar. Des Weiteren gibt es einen Log der …;CC-BY 4.0;https://codefor.de;;Web-App, Datenvisualisierung, Prototyp;Stadtplanung, Mobilität, Open Data
159;https://codefor.de/projekte/ms-parkleit-api/;Parkleitsystem API Münster;https://codefor.de/projekte/ms-parkleit-api/;Code for Münster, Code for Germany;Unbekannt;Ein Wrapper für das Parkleitsystem des Tiefbauamts Münster;CC-BY 4.0;https://codefor.de;;API, Web-App;Stadtplanung, Mobilität
160;https://codefor.de/projekte/cologne-pegelbot/;Pegelbot;https://codefor.de/projekte/cologne-pegelbot/;OK Lab Köln, Code for Germany;In Betrieb;"Wasserstand mit kölschem Flair - Der Pegelbot Die Stadtentwässerungsbetriebe Köln stellen Daten zum aktuellen Pegelstand des Rheins über eine offene Schnittstelle zur Verfügung.
Der …";CC-BY 4.0;https://codefor.de;;Web-App, Automatisierung, Datenvisualisierung;Umwelt, Stadt, Datenanalyse
161;https://codefor.de/projekte/hn-poetryslam/;Poetry Slam;https://codefor.de/projekte/hn-poetryslam/;Code for Heilbronn, Code for Germany;Unbekannt;Für die Landesmeisterschaften im Poetry Slam (BWSLAM 2016) hat Code for Heilbronn ehrenamtlich eine Präsentationssoftware entwickelt. Die Webanwendung ermöglicht, Teilnehmer, Wettbewerbe, Gruppen und …;CC-BY 4.0;https://codefor.de;;Web-App;Kultur
162;https://codefor.de/projekte/portable-linked-profiles/;Portable Linked Profiles;https://codefor.de/projekte/portable-linked-profiles/;OK Lab Berlin, Code for Germany;Unbekannt;"PLP proposes a pattern for the creation, storage, listing and representation of public profile data for people, groups, organizations, venues and a large etcetera.
Based on Open Web Standards, Common …";CC-BY 4.0;https://codefor.de;PLP;Open Source, Open Data;Datenmanagement, Open Data
163;https://codefor.de/projekte/p-trinkwasser/;Potsdamer Leitungswasser;https://codefor.de/projekte/p-trinkwasser/;OK Lab Potsdam, Code for Germany;In Planung;Leitungswasser gehört zu den am strengsten kontrollierten Lebensmitteln in Deutschland. Regelmäßig veröffentlichen die Wasserwerke ihre Messwerte. Danke an das OpendataLab in Heilbronn für die …;CC-BY 4.0;https://codefor.de;;Datenportal, Datenvisualisierung, Web-App;Gesundheit, Umwelt, Open Data
164;https://codefor.de/projekte/ulm-projekte/;Projekte rund um Ulm;https://codefor.de/projekte/ulm-projekte/;OK Lab Ulm, Code for Germany;Unbekannt;Du wolltest schon immer wissen, wie weit Dich der Ulmer Nahverkehr in einer Viertelstunde bringt? Ob Dein Vorname wirklich kein zweites Mal an der Uni Ulm vorkommt? Oder suchst am Sonn- oder Feiertag …;CC-BY 4.0;https://codefor.de;;Datenvisualisierung, Interaktive Datenexploration, Web-App, Datenportal, Kartenanwendung, Open Data, Datenanalyse;Stadt, Mobilität, Öffentlicher Nahverkehr, Open Data, Datenanalyse, Nachhaltigkeit, Zugänglichkeit
165;https://codefor.de/projekte/quereinsteigende/;Quereinsteigende;https://codefor.de/projekte/quereinsteigende/;OK Lab Berlin, Code for Germany;In Betrieb;"Verteilung von Lehrkräfte-Quereinsteigenden über Berliner Bezirke
Die Daten aus der Kleinen Anfrage „Lehrkräfte-Quereinsteigende in den Berliner Schulen im Schuljahr 2018/2019“ wurde auf dieser Karte …";CC-BY 4.0;https://codefor.de;;Datenvisualisierung, Interaktive Karte, Datenanalyse, Open-Source;Bildung, Stadtplanung, Berlin
166;https://codefor.de/projekte/radlquartier/;Radlquartier München;https://codefor.de/projekte/radlquartier/;OK Lab München, Code for Germany;In Planung;Aufbereitung und Auswertung von Bikesharing Daten. Im Moment können MVG Rad Daten ausgewertet werden, das Ziel des Projekts ist es ein einheitliches Datenformat für die Aufbereitung von …;CC-BY 4.0;https://codefor.de;;Datenanalyse, Web-App, Datenvisualisierung, Datenstandards;Mobilität
167;https://codefor.de/projekte/dd-ratskarte/;Ratskarte Dresden;https://codefor.de/projekte/dd-ratskarte/;Open Data Dresden, Code for Germany;Unbekannt;Finde Dokumente aus dem städtischen Ratsinfosystem welche Straßen in deiner Umgebung erwähnen.;CC-BY 4.0;https://codefor.de;;Web-App, Datenportal, Kartenanwendung, Open-Source;Stadtplanung, Transparenz, Stadt, Open Data
168;https://codefor.de/projekte/dus-raumamateur/;Raumamateur;https://codefor.de/projekte/dus-raumamateur/;OK Lab Düsseldorf, Code for Germany;In Planung;Der Raumamateur ist eine App, die Dich durch einen Klick, einen Kommentar oder einen visuellen Beitrag (Foto oder Video) am Prozess der Stadtgestaltung teilhaben lässt. Die App stellt die Planungen …;CC-BY 4.0;https://codefor.de;;Web-App, Partizipation, Plattform, Datenanwendung für Öffentlichkeit;Stadtplanung, Partizipation, Inklusion
169;https://codefor.de/projekte/frankfurt-parkendd/;Real-time parking lot app for Frankfurt am Main;https://codefor.de/projekte/frankfurt-parkendd/;OK Lab Frankfurt, Code for Germany;In Betrieb;"Displaying parking lot information for Frankfurt in a 5 min interval.
The city of Frankfurt displays parking lot information on its website But it’s list form is hardly helpful, so we’ve …";CC-BY 4.0;https://codefor.de;parkendd;Web-App, Maschinelles Lernen, Datenanwendung für Öffentlichkeit;Mobilität, Stadtplanung, Open Data
170;https://codefor.de/projekte/magdeburg-rechte-gewalt/;Rechte Gewalt in Deutschland;https://codefor.de/projekte/magdeburg-rechte-gewalt/;OK Lab Magdeburg, Code for Germany;Eingestellt;Berichte von Übergriffen rechter Gewalt werden kartiert, um die Allgegenwärtigkeit von rechten Straftaten aufzuzeigen. Achtung: Das Lesen der Berichte ist nichts für schwache Nerven.;CC-BY 4.0;https://codefor.de;;Karten, Web-App, Monitoring;Gewalt
171;https://codefor.de/projekte/hn-muellabfuhrtermine/;Recyclinghof-Finder;https://codefor.de/projekte/hn-muellabfuhrtermine/;Code for Heilbronn, Code for Germany;In Planung;"Mobiloptimierte Karte aller Recyclinghöfe im Stadt- und Landkreis Heilbronn + Kalender-Dateien (ICS) nach Wohnort mit den Müllabfuhrterminen zum Download in den eigenen Kalender.
Alle Recyclinghöfe …";CC-BY 4.0;https://codefor.de;;Kartenanwendung, Web-App, Prozessautomatisierung;Abfallwirtschaft, Umweltschutz, Stadt
172;https://codefor.de/projekte/ruhrgebiet-recyclingkarte/;Recyclingkarte;https://codefor.de/projekte/ruhrgebiet-recyclingkarte/;OK Lab Ruhrgebiet, Code for Germany;In Planung;Die Recyclingkarte zeigt alle Altkleider-, Altpapier- und Altglas-Container in Essen.;CC-BY 4.0;https://codefor.de;;Karten, Verzeichnis / Karte, Open-Source;Abfallwirtschaft, Umweltschutz, Open Data
173;https://codefor.de/projekte/refugeeapp/;Refugees Gießen;https://codefor.de/projekte/refugeeapp/;OK Lab Gießen, Code for Germany;Unbekannt;Das Thema Flüchtlinge interessiert uns alle und das OK Lab Gießen hat sich entschlossen eine sogenannte RefugeeApp zu entwickeln. Mit Hilfe dieser App sollen die ersten Monate für neu angekommene …;CC-BY 4.0;https://codefor.de;;Web-App, Kartenanwendung, Datenportal;Flucht und Migration, Integration, Inklusion, Gesundheit, Verwaltung, Stadt, Zivilgesellschaft
174;https://codefor.de/projekte/be-drl-refugeeworks/;RefugeesWork;https://codefor.de/projekte/be-drl-refugeeworks/;OK Lab Berlin, Code for Germany;In Planung;RefugeesWork ist das Projekt eines interationalen Teams, das einen schnellen Einstieg ins Berufsleben für Newcomer ermöglichen will. Aus eigener Erfahrung konzentrieren sie sich dabei auf Angebote für …;CC-BY 4.0;https://codefor.de;;Beratung, Plattform, Web-App;Integration, Arbeit, Flucht und Migration, Geflüchtete, Soziale Arbeit, Migration
175;https://codefor.de/projekte/cologne-sagsunskoeln/;Sag's uns App Köln;https://codefor.de/projekte/cologne-sagsunskoeln/;OK Lab Köln, Code for Germany;In Planung;Den Service Sag’s uns der Stadt Köln nutzen Bürger, um ihre Probleme mit dem Kölner Stadtbild zu melden. Dazu gehören z.B. wilder Müll, Schrotträder, kaputte Straßenlaternen und mehr. Das klappt …;CC-BY 4.0;https://codefor.de;;Bericht, Web-App;Umweltschutz, Stadtplanung
176;https://codefor.de/projekte/jena-save-o-meter/;Save-O-Meter;https://codefor.de/projekte/jena-save-o-meter/;OK Lab Jena, Code for Germany;Unbekannt;"Messe, visualisiere und beeinflusse Deinen Strom- und Wasserbedarf und die Menge deines Mülls!
Die Idee für dieses Projekt entstammt dem ‘In/Visible Cities: Prototyping Lab’, welches als …";CC-BY 4.0;https://codefor.de;;Workshops, Open Data, Datenvisualisierung, Festival und Studie, Datenanalyse, Interaktive Datenexploration;Umweltschutz, Nachhaltigkeit, Energie, Wasserversorgung, Bildung, Stadtplanung
177;https://codefor.de/projekte/cologne-schulen-in-koeln/;Schulen in Köln;https://codefor.de/projekte/cologne-schulen-in-koeln/;OK Lab Köln, Code for Germany;In Planung;Ziel dieses Projektes ist es Schulen und Schüler bezogen auf Stadtteile in Köln anzuzeigen. Beim Überfahren der farblich durch die Anzahl der Schüler unterschiedenen Stadtteile, wird die Anzahl der …;CC-BY 4.0;https://codefor.de;;Web-App, Datenvisualisierung, Datenportal, Open Data;Bildung, Schulen, Köln, Stadt, Datenanalyse
178;https://codefor.de/projekte/schulen-in-nrw/;Schulen in NRW;https://codefor.de/projekte/schulen-in-nrw/;OK Lab Ruhrgebiet, Code for Germany;In Planung;Eine Karte mit allen Schulen in ganz NRW. Dieses Projekt ist beim Open Data Day 2016 entstanden.;CC-BY 4.0;https://codefor.de;;Karten, Open Data;Bildung
179;https://codefor.de/projekte/schulradar-ruhrgebiet/;Schulradar Ruhrgebiet;https://codefor.de/projekte/schulradar-ruhrgebiet/;OK Lab Ruhrgebiet, Code for Germany;In Planung;Dieses Projekt ist eine Webseite, auf der die Schulen im Ruhrgebiet zu finden sind. Es gibt statistische Berechnungen zu den Städten, Karten für einzelne Städte und eine Karte für das gesamte …;CC-BY 4.0;https://codefor.de;;Webseite, Karten, Datenanalyse, Datenvisualisierung;Bildung, Stadtplanung
180;https://codefor.de/projekte/cologne-s5p-no2-map/;Sentinel-5P NO2 Map;https://codefor.de/projekte/cologne-s5p-no2-map/;OK Lab Köln, Code for Germany;In Betrieb;Seit Januar 2024 gibt es den Copernicus Browser. Damit lassen sich Sentinel Daten global in einer Karte visualisieren. Dies umfasst auch die NO2 Daten. Sämtliche Daten der Sentinel-5P Mission können …;CC-BY 4.0;https://codefor.de;;Interaktive Karte, Web-App, Datenvisualisierung, Open Data;Umwelt, Klimaschutz, Luftqualität, Karten
181;https://codefor.de/projekte/bodenfeuchtigkeit/;Sichtbarmachung von Bodenfeuchtigkeit im Teutoburger Wald;https://codefor.de/projekte/bodenfeuchtigkeit/;Code for Bielefeld, Code for Germany;In Planung;"Was wir machen:
Wir messen die Bodenfeuchte an verschiedenen Stellen in und um Bielefeld. Dafür nutzen wir Open-Source-Hardware zum selbst zusammenbauen, und die Funktechnologie LoRaWAN. Diese …";CC-BY 4.0;https://codefor.de;;Open-Source, Datenvisualisierung, Interaktive Karte, Monitoring;Klima, Umweltschutz, Klimaschutz, Zivilgesellschaft
182;https://codefor.de/projekte/be-feinstaub-sos/;SOS für Feinstaub-Daten;https://codefor.de/projekte/be-feinstaub-sos/;OK Lab Berlin, Code for Germany;In Planung;"Feinstaub-Daten über den SOS-Standard als API zur Verfügung stellen - als Karte und Diagramme darstellen.
Der Sensor Observation Service (SOS) ist ein vom OGC spezifizierter Standard zur Speicherung …";CC-BY 4.0;https://codefor.de;;Open Source, Datenportal, Datenvisualisierung, Web-App;Umwelt, Open Data, Klimaschutz
183;https://codefor.de/projekte/fl-open-social-map/;Sozialatlas der Stadt Flensburg;https://codefor.de/projekte/fl-open-social-map/;OK Lab Flensburg, Code for Germany;In Planung;Der digitale Sozialatlas soll eine Grundlage für verschiedene Planungsaktivitäten der Stadt Flensburg und deren Büger:innen anbieten. Ziel ist die differenzierte Beobachtung von relevanten …;CC-BY 4.0;https://codefor.de;;Datenportal, Kartenanwendung;Stadtplanung, Soziale Arbeit
184;https://codefor.de/projekte/cologne-spielplaetze/;Spielplätze in Köln;https://codefor.de/projekte/cologne-spielplaetze/;OK Lab Köln, Code for Germany;In Planung;Eine Auflistung von Spiel- und Sportplätzen in Köln auf einer Openstreetmap. Die Liste kann nach Stadtbezirken und Stadtteilen gefiltert werden. Diese Seite wurde nur mit html und javascript …;CC-BY 4.0;https://codefor.de;;Webseite, Verzeichnis / Karte, Interaktive Karte, Web-App;Stadtplanung, Stadt, Köln
185;https://codefor.de/projekte/fl-open-playgrounds-map/;Spielplatzkarte der Stadt Flensburg;https://codefor.de/projekte/fl-open-playgrounds-map/;OK Lab Flensburg, Code for Germany;In Planung;Diese webbasierte Karte ist auf Basis der Daten des TBZ Flensburg entstanden. Diese Institution führt zwar selbst eine Karte der “Spielflächen”, wie sie im Amtsdeutsch bezeichnet werden, …;CC-BY 4.0;https://codefor.de;;Web-App, Kartenanwendung, Open Data, Datenstandards, Prozessautomatisierung, Vernetzung, Karte;Stadtplanung, Kinder- und Jugendhilfe, Stadt, Zugänglichkeit, Open Data, Verwaltung, Datenanalyse
186;https://codefor.de/projekte/hh-spielplatzwuesten/;Spielplatzwüsten kartieren;https://codefor.de/projekte/hh-spielplatzwuesten/;OK Lab Hamburg, Code for Germany;Unbekannt;Wie gerecht sind eigentlich die Spielplätze in Hamburg räumlich verteilt? In dem Projekt sollen verschiedene Auswertungen durchgeführt werden, die mit Spielplätzen ggf. unterversorgte Bereiche in …;CC-BY 4.0;https://codefor.de;;Datenanalyse, Visualisierung mit Karten, Open Data;Stadtplanung, Chancengleichheit, Hamburg
187;https://codefor.de/projekte/fl-open-transport-map/;Stadtplan mit dem Nahverkehr in Flensburg;https://codefor.de/projekte/fl-open-transport-map/;OK Lab Flensburg, Code for Germany;In Planung;Der Nahverkehr spielt eine entscheidende Rolle in unserem täglichen Leben. Er ermöglicht es uns, zur Arbeit zu gelangen, Freunde und Familie zu besuchen und unsere Stadt zu erkunden. Ein effizienter …;CC-BY 4.0;https://codefor.de;;Kartenanwendung, Datenvisualisierung, Open Data;Mobilität, Stadt, Open Data
188;https://codefor.de/projekte/ms-stadtradeln-vis/;Stadtradeln Heatmap;https://codefor.de/projekte/ms-stadtradeln-vis/;Code for Münster, Code for Germany;In Betrieb;Das Projekt “Stadtradeln-Vis” zeigt eine so genannte Heatmap-Visualisierung der Fahrten, die während der der Stadtradeln-Aktion in den Jahren 2018, 2019 und 2020 in Münster gemacht worden …;CC-BY 4.0;https://codefor.de;;Datenvisualisierung, Web-App;Mobilität, Stadtplanung
189;https://codefor.de/projekte/le-ratskarte_leipzig/;Stadtratmonitor Leipzig;https://codefor.de/projekte/le-ratskarte_leipzig/;OK Lab Leipzig, Code for Germany;In Betrieb;"Durchsuche das Ratsinformationssystem der Stadt Leipzig und abboniere deine Suchergebnisse!
Durchsuche das Ratsinformationssystem der Stadt Leipzig per Volltextsuche oder über detailierte Filter. …";CC-BY 4.0;https://codefor.de;;Web-App, Datenportal, Interaktive Datenexploration, Open Source, Monitoring, Datenanwendung für Öffentlichkeit;Stadt, Datenanalyse
190;https://codefor.de/projekte/stolpersteine-app/;Stolpersteine App;https://codefor.de/projekte/stolpersteine-app/;OK Lab Berlin, Code for Germany;Unbekannt;Stolpersteine sind kleine Gedenktafeln im Straßenpflaster zur Erinnerung an die Opfer des Nationalsozialismus. Mehr als 40.000 davon hat der Künstler Gunter Demnig mittlerweile in ganz Europa verlegt. …;CC-BY 4.0;https://codefor.de;;Web-App, Kartenanwendung, Datenvisualisierung;Geschichte, Erinnerungskultur, Kultur
191;https://codefor.de/projekte/hn-stolpersteine/;Stolpersteine in Heilbronn;https://codefor.de/projekte/hn-stolpersteine/;Code for Heilbronn, Code for Germany;In Betrieb;"In den letzten Monaten ist im Rahmen des OKLabs und in Zusammenarbeit mit dem Stadtarchiv in Heilbronn eine Website für die Stolperstein-Aktion in Heilbronn entstanden.
Stolpersteine sind Denkmäler …";CC-BY 4.0;https://codefor.de;;Webseite, Verzeichnis;Geschichtsschreibung, Stadtplanung, Erinnerungskultur
192;https://codefor.de/projekte/fl-open-trees-map/;Straßenbäume der Stadt Flensburg;https://codefor.de/projekte/fl-open-trees-map/;OK Lab Flensburg, Code for Germany;In Planung;Im ersten Schritt haben wir einen vorhandenen Datensatz der Straßenbäume der Stadt Flensburg genutzt, um eine einfache Darstellung auf der Karte als transparente Anlaufstelle für Interessierte zu …;CC-BY 4.0;https://codefor.de;;Kartenanwendung, Datenvisualisierung, Interaktive Karte;Klima, Umweltschutz, Stadtplanung
193;https://codefor.de/projekte/md-strassennamen/;Straßennamen Magdeburg;https://codefor.de/projekte/md-strassennamen/;OK Lab Magdeburg, Code for Germany;In Betrieb;Stellt die nach Personen benannten Magdeburger Straßen aufgeschlüsselt nach deren jeweiligem Geschlecht dar.;CC-BY 4.0;https://codefor.de;;Web-App, Datenvisualisierung;Geschlechtergerechtigkeit, Stadtplanung
194;https://codefor.de/projekte/be-street-trees-api/;Street Trees API;https://codefor.de/projekte/be-street-trees-api/;OK Lab Berlin, Code for Germany;In Planung;"The street trees project aims at providing an API for street tree data. We build a RESTful API on top of geospatially referenced tree data.
The API acts as the foundation for various client …";CC-BY 4.0;https://codefor.de;;API, Open-Source, Datenanwendung;Umweltschutz, Stadtplanung, Öffentlicher Nahverkehr
195;https://codefor.de/projekte/wpt-talso/;Tal, so?;https://codefor.de/projekte/wpt-talso/;OK Lab Wuppertal, Code for Germany;In Betrieb;Suchmaschine, von und für Wuppertal!;CC-BY 4.0;https://codefor.de;;Webseite, Suchmaschine;Stadtplanung, Öffentlicher Nahverkehr, Wohnen, Mobilität
196;https://codefor.de/projekte/wpt-talomat/;Talomat;https://codefor.de/projekte/wpt-talomat/;OK Lab Wuppertal, Code for Germany;In Planung;"Der Talomat ist ein Wuppertaler Wahl-O-Mat nach dem Vorbild des von der Bundes- und Landeszentrale für politische Bildung eingesetzten Wahl-o-Maten.
Er wurde für die Kommunalwahlen 2014 eingesetzt. …";CC-BY 4.0;https://codefor.de;;Plattform für Wahlentscheidungen, Webseite;Politische Bildung, Wahlen, Partizipation
197;https://codefor.de/projekte/wpt-talradparken/;Talradparken;https://codefor.de/projekte/wpt-talradparken/;OK Lab Wuppertal, Code for Germany;In Betrieb;Talradparken zeigt, wo man sicher sein Fahrrad in Wuppertal anschließen kann.;CC-BY 4.0;https://codefor.de;;Kartenanwendung, Web-App;Mobilität, Stadtplanung, Wuppertal
198;https://codefor.de/projekte/hh-thingsonbikelanes/;Things On Bikelanes;https://codefor.de/projekte/hh-thingsonbikelanes/;OK Lab Hamburg, Code for Germany;Unbekannt;Hamburg ist nicht gerade die fahrradfreundlichste Stadt Deutschlands. Das monothematische Blog Things On Bikelanes sammelt Beispiele für Behinderungen auf Hamburgs Radwegen. CodeforHH hat aus den …;CC-BY 4.0;https://codefor.de;;Blog, Kartenanwendung;Mobilität, Stadtplanung
199;https://codefor.de/projekte/ffm-toiletsforthedisabled/;Toilets for the Disabled;https://codefor.de/projekte/ffm-toiletsforthedisabled/;OK Lab Frankfurt, Code for Germany;In Planung;Toilets for the Disabled zeigt ca. 1800 behindertengerechte Toiletten auf der Karte von Frankfurt. Die einzelnen Punkte sind mit sehr ausführlichen Informationen versehen. Etwa der Türbreite und der …;CC-BY 4.0;https://codefor.de;;Kartenanwendung, Verzeichnis, Open Data;Barrierefreiheit, Inklusion, Stadtplanung
200;https://codefor.de/projekte/be-trinkwasser/;Trinkwasser Berlin;https://codefor.de/projekte/be-trinkwasser/;OK Lab Berlin, Code for Germany;Unbekannt;Trinkwasser gilt als das am besten kontrollierte Lebensmittel in Deutschland. Und trotzdem wissen wir sehr wenig über das Wasser, das bei uns aus dem Hahn kommt. Selbst wenn die Zahlen auf den …;CC-BY 4.0;https://codefor.de;;Datenvisualisierung, Web-App;Umweltschutz, Wasserversorgung, Öffentlicher Nahverkehr, Stadtplanung
201;https://codefor.de/projekte/trinkwasser/;Trinkwasser in Köln;https://codefor.de/projekte/trinkwasser/;OK Lab Köln, Code for Germany;Unbekannt;Trinkwasser, wir alle nutzen es täglich. Es liegt daher nahe, sich über das Trinkwasser Gedanken zu machen und sich zu fragen: “Woraus setzt sich mein Trinkwasser zusammen und wie schneidet es …;CC-BY 4.0;https://codefor.de;;Web-App, Datenanalyse, Kartenanwendung;Umweltschutz, Wasserversorgung, Köln
202;https://codefor.de/projekte/twitterdashboard/;Twitter Dashboard;https://codefor.de/projekte/twitterdashboard/;OK Lab Bonn-Rhein-Sieg, Code for Germany;In Planung;Ein Dashboard mit analogen Zeigern signalisiert die Frequenz von Tweets, die über die einzelnen Parteien abgesetzt werden.;CC-BY 4.0;https://codefor.de;;Dashboard;Politische Bildung, Politik
203;https://codefor.de/projekte/umweltzone/;Umweltzone Android app;https://codefor.de/projekte/umweltzone/;OK Lab Berlin, Code for Germany;Unbekannt;The Umweltzone app enables citizens to look up the areas of cities which are restricted for being used by cars limited by their specific emission profile. The app shows the outline of the low emission …;CC-BY 4.0;https://codefor.de;;Web-App, Open-Source;Umweltschutz, Mobilität, Verkehr
204;https://codefor.de/projekte/fl-open-accident-map/;Unfallkarte der Stadt Flensburg;https://codefor.de/projekte/fl-open-accident-map/;OK Lab Flensburg, Code for Germany;In Planung;Während einer kleinen Brainstorming Session ist diese interaktive webbasierte Karte mit den Daten des Bundesamtes für Kartographie und Geodäsie entstanden. Nach einigen Stunden der maschinellen …;CC-BY 4.0;https://codefor.de;;Kartenanwendung, Interaktive Karte, Datenbank;Stadtplanung, Verkehr, Mobilität
205;https://codefor.de/projekte/vbb-api/;VBB-API-Schnittstelle;https://codefor.de/projekte/vbb-api/;OK Lab Berlin, Code for Germany;In Planung;Im Rahmen dieses Projekts sind eine entwicklerfreundliche HTTP-API für Echtzeitdaten und mehrere Module für statische Daten entstanden. Außerdem habe ich einen Telegram-Bot geschrieben und möchte eine …;CC-BY 4.0;https://codefor.de;VBB-API;API, Open-Source, Datenanwendung;Mobilität, Öffentlicher Nahverkehr, Verkehr, Open Data
206;https://codefor.de/projekte/cologne-veranstaltungen/;Veranstaltungen in Köln;https://codefor.de/projekte/cologne-veranstaltungen/;OK Lab Köln, Code for Germany;In Planung;Mithilfe dieser doppelten Visualisierung auf Karte und Kalender kann man Veranstaltungen der Stadt Köln sowohl nach dem Kriterium Ort wie auch Datum suchen. Zu jeder Veranstaltung werden Infos und …;CC-BY 4.0;https://codefor.de;;Kartenanwendung, Kalender, Webseite;Stadtplanung, Köln, Teilhabe
207;https://codefor.de/projekte/cologne-verkehr/;Verkehrsmeldungen Köln;https://codefor.de/projekte/cologne-verkehr/;OK Lab Köln, Code for Germany;In Planung;Wer in Köln wissen will, wann in der Umgebung seines Auto-Parkplatzes eine verkehsbezogene Meldung ist - um z.B. zu verhindern, dass das Auto abgeschlept wird - hat in der App die Möglichkeit seine …;CC-BY 4.0;https://codefor.de;;Webseite, Kartenanwendung;Mobilität, Verkehr, Köln, Stadtplanung
208;https://codefor.de/projekte/cologne-verteilte-daten-vernetzen/;Verteilte Daten vernetzen mit JSON-LD;https://codefor.de/projekte/cologne-verteilte-daten-vernetzen/;OK Lab Köln, Code for Germany;In Betrieb;Die Idee zu diesem Prototyp ist es, Daten dezentral auf Servern zu speichern und diese via JSON-LD zu vernetzen. WebCrawler können die Daten dann indexieren und für spezielle Anwendungen aufbereiten. …;CC-BY 4.0;https://codefor.de;;Webseite, Verzeichnis;KI, Technologie, Open Data
209;https://codefor.de/projekte/jena-virtuellesjena/;Virtuelles Jena;https://codefor.de/projekte/jena-virtuellesjena/;OK Lab Jena, Code for Germany;Unbekannt;Stellenweise ist Jena in der Open-Street-Map noch unentdecktes Land. Vor allem Gebäudeumrisse und Hausnummern, aber auch viele gastronomische, touristische Point-of-Interests fehlen um ein brauchbares …;CC-BY 4.0;https://codefor.de;;Open-Source, Kartenanwendung, Datenvisualisierung;Stadtplanung, Mobilität, Open Data
210;https://codefor.de/projekte/bn-stolpersteine/;Visualisierung der Bonner Stolpersteine;https://codefor.de/projekte/bn-stolpersteine/;OK Lab Bonn-Rhein-Sieg, Code for Germany;In Betrieb;Die bekannten Stolpersteine jetzt auch für Bonn.;CC-BY 4.0;https://codefor.de;;Visualisierung, Kartenanwendung;Geschichtswissenschaften, Stadtplanung, Erinnerungskultur
211;https://codefor.de/projekte/le-lvz_polizeiticker_visualisierung/;Visualisierung der Polizeiticker Meldungen der Leipziger Volkszeitung;https://codefor.de/projekte/le-lvz_polizeiticker_visualisierung/;OK Lab Leipzig, Code for Germany;In Betrieb;"Eine Weboberfläche zur Visualisierung von Tickermeldungen aus der Leipziger Volkszeitung samt Crawler, Named Entity Recognition, Elastic Search und LeafletJS.
Umsetzung die Server-seitige Anwendung …";CC-BY 4.0;https://codefor.de;;Datenvisualisierung, Web-App, Kartenanwendung, Named Entity Recognition, Elastic Search;Kriminalität, Polizei, Stadtplanung, Öffentliche Sicherheit
212;https://codefor.de/projekte/be-drl-volunteer-planner/;Volunteer-Planner;https://codefor.de/projekte/be-drl-volunteer-planner/;OK Lab Berlin, Code for Germany;In Planung;Der Volunteer-Planner ist eine Schichtplanungsplattform von Ehrenamtlichen fuer Ehrenamtliche. Mit ihm koennen organisationsuebergreifend bisher ungebundene Ehrenamtliche sich einfach und kurzfristig …;CC-BY 4.0;https://codefor.de;;Plattform, Open-Source;Geflüchtete, Zivilgesellschaft, Öffentlicher Nahverkehr
213;https://codefor.de/projekte/vornamen/;Vornamen App;https://codefor.de/projekte/vornamen/;OK Lab Berlin, Code for Germany;In Betrieb;"Ein Namenslexikon für werdende Eltern mit offenen Daten aus ganz Deutschland.
Für die Smartphone-App habe ich alle Open Data Portale abgegrast und nachgefragt nach Vornamen-Statistiken. Mittlerweile …";CC-BY 4.0;https://codefor.de;;Web-App, Datenanalyse, Open Data;Familie, Verwaltung, Open Data, Partizipation
214;https://codefor.de/projekte/wahlometer/;Wahl-O-Meter;https://codefor.de/projekte/wahlometer/;OK Lab Ruhrgebiet, Code for Germany;In Planung;Im Rahmen der Wahlsalons soll im Datenschatz der Wahl-O-Maten der Bundeszentrale für politische Bildung geschürft werden: Die Daten werden aufbereitet und zueinander in Beziehung gesetzt, ein offenes …;CC-BY 4.0;https://codefor.de;;Datenanalyse, Open Data, Plattform für Wahlentscheidungen;Politische Bildung, Wahlen, Demokratie, Partizipation
215;https://codefor.de/projekte/wahlbeteiligung/;Wahlbeteiligung;https://codefor.de/projekte/wahlbeteiligung/;OK Lab Köln, Code for Germany;In Planung;Das Projekt wahlbeteiligung soll die Wahlbeteiligung auf einer Karte veranschaulichen. Es soll darüber hinaus Eigenschaften der Umgebung dazu in Bezug setzen.;CC-BY 4.0;https://codefor.de;;Kartenanwendung, Visualisierung mit Karten;Demokratie, Partizipation, Wahlen
216;https://codefor.de/projekte/wahldatentransparenzranking/;Wahldatentransparenzranking;https://codefor.de/projekte/wahldatentransparenzranking/;OK Lab Berlin, Code for Germany;In Planung;With the Wahldatentransparenzranking, we will examine the information offerings by the Statistische Landesämter in the case of election data. A focus will be on the (missing) openness of election data …;CC-BY 4.0;https://codefor.de;;Datenanalyse, Open Data, Monitoring;Wahlen, Politische Bildung, Transparenz
217;https://codefor.de/projekte/wahlkompass-digitales/;Wahlkompass Digitales;https://codefor.de/projekte/wahlkompass-digitales/;OK Lab Berlin, Code for Germany;In Planung;Der Wahlkompass Digitales schafft Transparenz im Wahlkampf und zeigt, welche Antworten die deutschen Parteien auf digitalpolitische Fragen haben. Das Tool ermöglicht, Wahlprogramme zu Digitalthemen in …;CC-BY 4.0;https://codefor.de;;Plattform für Wahlentscheidungen, Web-App;Politische Bildung, Partizipation, Transparenz
218;https://codefor.de/projekte/le-wahldaten/;Wahlkreise in Sachsen;https://codefor.de/projekte/le-wahldaten/;OK Lab Leipzig, Code for Germany;In Betrieb;"Das Projekt hat sich zum Ziel gesetzt, die Wahlkreise in Sachsen zur Landtagswahl maschinenlesbar bereitstellen.
Da keine Shapefile mit den sächsischen Wahlkreisen gefunden werden konnte, sondern nur …";CC-BY 4.0;https://codefor.de;;Datenvisualisierung, Kartenanwendung, Open Data;Wahlen, Politische Bildung, Partizipation
219;https://codefor.de/projekte/p-wahllokalfinder/;Wahllokale Potsdam;https://codefor.de/projekte/p-wahllokalfinder/;OK Lab Potsdam, Code for Germany;In Betrieb;Wo sind die Potsdamer Wahllokale zur Bundestagswahl 2017?;CC-BY 4.0;https://codefor.de;;Webseite, Kartenanwendung;Wahlen, Politische Bildung, Partizipation
220;https://codefor.de/projekte/wahllokalfinder/;Wahllokalfinder;https://codefor.de/projekte/wahllokalfinder/;OK Lab Köln, Code for Germany;In Planung;Am Sonntag, den 14. Mai, wählte NRW einen neuen Landtag. Der von der Stadt Köln, Railslove und „Kölner Stadt-Anzeiger“ präsentierte Wahllokalfinder #Köln zeigt alle 240 Wahllokale an, und lotste die …;CC-BY 4.0;https://codefor.de;;Plattform für Wahlentscheidungen, Kartenanwendung;Wahlen, Köln, Partizipation
221;https://codefor.de/projekte/wahlprogramm-matrix/;Wahlprogramm-Matrix Kommunalwahl Münster 2014;https://codefor.de/projekte/wahlprogramm-matrix/;Code for Münster, Code for Germany;Unbekannt;Ein Tool zum Vergleich von Abschnitten in Wahlprogrammen. Per Klick werden ähnliche Abschnitte zum Ausgewählten farblich hervorgehoben. Die Auswertung geschieht automatisiert mit NLP.;CC-BY 4.0;https://codefor.de;;Webseite, Natural Language Processing;Wahlen, Stadtplanung, Partizipation
222;https://codefor.de/projekte/wahlprogrammat/;Wahlprogrammquiz;https://codefor.de/projekte/wahlprogrammat/;OK Lab Berlin, Code for Germany;In Planung;Ein Quiz zu den Inhalten der Wahlprogramme der sechs Parteien.;CC-BY 4.0;https://codefor.de;;Web-App, Interaktiver Fragebogen;Politische Bildung, Wahlen, Partizipation
223;https://codefor.de/projekte/be-wahlversprechen/;Wahlversprechen2013;https://codefor.de/projekte/be-wahlversprechen/;OK Lab Berlin, Code for Germany;Unbekannt;wahlversprechen2013.de dokumentiert alle Wahlversprechen der Bundesregierung, d.h. die Inhalte des Koalitionsvertrags und die Inhalte der Wahlprogramme von SPD und CDU. Wir möchten im Verlauf der …;CC-BY 4.0;https://codefor.de;;Plattform, Webseite, Monitoring;Politische Bildung, Verwaltung, Transparenz
224;https://codefor.de/projekte/be-wartezeit-moers/;Wartezeit Moers;https://codefor.de/projekte/be-wartezeit-moers/;OK Lab Berlin, Code for Germany;In Betrieb;Zeigt die durchschnittlichen Wartezeiten für den Bürgerservice in Moers nach Stunden und Tagen. Größere Kreise bedeuten längere, kleinere Kreise kürzere Wartezeiten. Mittwoch bis Samstag Vormittag …;CC-BY 4.0;https://codefor.de;;Datenvisualisierung, Kartenanwendung;Verwaltung, Öffentlicher Nahverkehr, Stadtplanung
225;https://codefor.de/projekte/hn-lk-wartezeiten/;Wartezeiten KFZ-Zulassungsstelle Heilbronn;https://codefor.de/projekte/hn-lk-wartezeiten/;Code for Heilbronn, Code for Germany;In Betrieb;"Zeigt die durchschnittlichen Wartezeiten für die KFZ-Zulassungsstelle in Heilbronn nach Stunden und Tagen.
Bei diesem Projekt handelt es sich um ein Redeployment der Wartezeiten-Anwendung für das …";CC-BY 4.0;https://codefor.de;;Datenvisualisierung, Web-App;Mobilität, Verwaltung, Öffentlicher Nahverkehr
226;https://codefor.de/projekte/frankfurt-was-bekomme-ich-fuer-meine-miete/;Was bekomme ich in Frankfurt für meine Miete?;https://codefor.de/projekte/frankfurt-was-bekomme-ich-fuer-meine-miete/;OK Lab Frankfurt, Code for Germany;In Betrieb;Visualisierung, die die Abhängigkeiten von verschiedenen Parametern wie Baumdichte, Ärztedichte und Kitplätzen zum Mietpreis anzeigt.;CC-BY 4.0;https://codefor.de;;Visualisierung, Kartenanwendung;Stadtplanung, Wohnen, Öffentlicher Nahverkehr
227;https://codefor.de/projekte/hn-landtag/;Was macht mein Landtagsabgeordneter?;https://codefor.de/projekte/hn-landtag/;Code for Heilbronn, Code for Germany;In Planung;Die Abgeordneten im Landtag von Baden-Württemberg starten jeden Monat viele Initiativen und Anfragen zu ganz unterschiedlichen Themen. Wir wollen diese Daten besser zugängig machen und aufbereiten. …;CC-BY 4.0;https://codefor.de;;Datenvisualisierung, Web-App, Datenanalyse;Politische Bildung, Transparenz, Politik
228;https://codefor.de/projekte/le-trinkwasser/;Was steckt in meinem Leitungswasser?;https://codefor.de/projekte/le-trinkwasser/;OK Lab Leipzig, Code for Germany;In Betrieb;"Qualitätswerte des Trinkwassers aus dem Versorgungsgebiet der MIDEWA schematisch und als Karte.
Trinkwasser gilt als das am besten kontrollierte Lebensmittel in Deutschland. Und trotzdem wissen wir …";CC-BY 4.0;https://codefor.de;;Kartenanwendung, Datenvisualisierung, Web-App;Umweltschutz, Wasserversorgung, Transparenz
229;https://codefor.de/projekte/hn-trinkwasser/;Was steckt in meinem Leitungswasser?;https://codefor.de/projekte/hn-trinkwasser/;Code for Heilbronn, Code for Germany;In Planung;"Trinkwasser gilt als das am besten kontrollierte Lebensmittel in Deutschland. Und trotzdem wissen wir sehr wenig über das Wasser, das bei uns aus dem Hahn kommt.
Selbst wenn die Zahlen auf den …";CC-BY 4.0;https://codefor.de;;Webseite, Datenvisualisierung, Open Data;Umweltschutz, Wasserversorgung, Trinkwasser, Open Data
230;https://codefor.de/projekte/bundestagswahl/;was wäre wenn;https://codefor.de/projekte/bundestagswahl/;OK Lab Köln, Code for Germany;In Betrieb;Die Forderung nach einem Gesetz, daß die Wahl ab 16 Jahren erlaubt, ist schon seit langem ein Programmpunkt bei vielen Parteien. Wie würden sich aber die Ergebnisse verändern, wenn auch die junge …;CC-BY 4.0;https://codefor.de;;Plattform für Wahlentscheidungen, Webseite;Politische Bildung, Jugendbeteiligung, Demokratie
231;https://codefor.de/projekte/muc-finder/;Web-App zum Finden von bestimmten Orten (u.a. Defibrilatoren) in der Umgebung;https://codefor.de/projekte/muc-finder/;OK Lab München, Code for Germany;In Planung;Ziel des Projekts ist eine Web-App, die aus Open-Street-Map-Daten Orte einer bestimmten Kategorie, z.B. öffentliche Toiletten, Spielplätze oder Defibrilatoren in der Umgebung findet und dazu …;CC-BY 4.0;https://codefor.de;;Web-App, Kartenanwendung, Open Data;Gesundheit, Mobilität, Kinder- und Jugendhilfe, Öffentlicher Nahverkehr
232;https://codefor.de/projekte/ms-weihnachtsmarkt/;Weihnachtsmarkt-App Münster 2014;https://codefor.de/projekte/ms-weihnachtsmarkt/;Code for Münster, Code for Germany;Unbekannt;Weihnachtsmarkt-App Münster 2014 mit Warenangebotssuche auf einer Karte!;CC-BY 4.0;https://codefor.de;;Kartenanwendung, Web-App;Stadtplanung, Mobilität
233;https://codefor.de/projekte/be-xmas/;Weihnachtsmärkte;https://codefor.de/projekte/be-xmas/;OK Lab Berlin, Code for Germany;In Betrieb;Alle Weihnachtsmärkte aus Berlin in einer App. Man nehme die Open Data-Liste aus Berlin, ein paar Pressetext und -bilder und baue eine App zusammen. Die App ist soweit fertig, muss aber jedes Jahr mit …;CC-BY 4.0;https://codefor.de;;Web-App, Open Data;Stadtplanung, Mobilität, Open Data
234;https://codefor.de/projekte/wepublic/;Wepublic;https://codefor.de/projekte/wepublic/;OK Lab Berlin, Code for Germany;In Planung;"Mit dem Projekt Wepublic möchten wir die digitale Kommunikation zwischen Bürgern und Politikern grundsätzlich verändern - hin zu mehr Dialog, mehr Verständnis und mehr konstruktive Kritik.
Starten …";CC-BY 4.0;https://codefor.de;Wepublic;Plattform für Wahlentscheidungen, Web-App, Interaktive App;Politische Bildung, Partizipation, Demokratie
235;https://codefor.de/projekte/hh-baualterskarte/;Wie alt sind die Hamburger Gebäude?;https://codefor.de/projekte/hh-baualterskarte/;OK Lab Hamburg, Code for Germany;In Betrieb;In den öffentlichen Geodaten der Stadt stecken einige interessante Datensätze: Auf dieser Karte sind beispielsweise die Baualtersklassen der Hamburger Gebäude (soweit bekannt) dargestellt.;CC-BY 4.0;https://codefor.de;;Karten, Visualisierung mit Karten, Interaktive Karte;Stadtplanung, Umweltschutz, Open Data
236;https://codefor.de/projekte/hh-bruecken/;Wie viele Brücken hat Hamburg?;https://codefor.de/projekte/hh-bruecken/;OK Lab Hamburg, Code for Germany;In Betrieb;Wie viele Brücken hat Hamburg? Rund 2500 soll es laut Behörde sein. Das wären mehr als Venedig, Amsterdam und Stockholm zusammen. Damit steht Hamburg als brückenreichste Stadt Europas im Guinness Buch …;CC-BY 4.0;https://codefor.de;;Datenanalyse, Datenvisualisierung, Web-App;Stadtplanung, Mobilität, Open Data
237;https://codefor.de/projekte/wecount/;Wir zählen;https://codefor.de/projekte/wecount/;OK Lab Berlin, Code for Germany;In Planung;“Wir zählen” möchte Verkehrszählungen aus dem Datenschatz des Projektes “Berlin zählt Mobilität” und darüber hinaus sichtbar machen. Das Ziel ist die Entwicklung eines …;CC-BY 4.0;https://codefor.de;;Dashboard, Datenvisualisierung, Interaktive Datenexploration;Mobilität, Verkehr, Stadtplanung
238;https://codefor.de/projekte/le-woistmarkt/;Wo ist Markt?;https://codefor.de/projekte/le-woistmarkt/;OK Lab Leipzig, Code for Germany;In Betrieb;"Wo ist gerade Wochenmarkt in Leipzig auf einer Karte dargestellt. Man kann für den aktuellen Tag filtern oder alle anzeigen. Die gerade stattfindenden Märkte werden grün gekennzeichnet.
Umsetzung …";CC-BY 4.0;https://codefor.de;;Kartenanwendung, Web-App, Open Source;Stadtplanung, Mobilität, Open Data
239;https://codefor.de/projekte/be-woistmarkt/;Wo ist Markt?;https://codefor.de/projekte/be-woistmarkt/;OK Lab Berlin, Code for Germany;In Betrieb;Dieses Projekt visualisiert auf einer Karte wo gerade Wochenmarkt, Flohmarkt oder Gemüsemarkt ist. Über die Detailinformationen erfährst du, wann Markt ist. Über das Menü kannst du auswählen, ob alle …;CC-BY 4.0;https://codefor.de;;Kartenanwendung, Visualisierung, Open Data;Stadtplanung, Mobilität, Open Data
240;https://codefor.de/projekte/wo-ist-testzentrum/;Wo ist Testzentrum?;https://codefor.de/projekte/wo-ist-testzentrum/;OK Lab Leipzig, Code for Germany;In Betrieb;Auf einer Karte werden die Standorte von Corona-Test-Zentren in verschiedenen deutschen Städten und Gemeinden angezeigt. Durch einen Klick auf einen Kartenpin erfährst du, wann ein Test-Zentrum …;CC-BY 4.0;https://codefor.de;;Kartenanwendung, Open Source, Visualisierung mit Karten;Gesundheit, COVID-19-Testzentren, Öffentlicher Nahverkehr
241;https://codefor.de/projekte/le-weihnachtsmarktkarte/;Wo ist Weihnachtsmarkt?;https://codefor.de/projekte/le-weihnachtsmarktkarte/;OK Lab Leipzig, Code for Germany;In Betrieb;"Auf dieser Webseite kannst Du Dich über die Weihnachtsmärkte in Leipzig und näherere Umgebung informieren (Stand November bis Dezember 2022).
Dieses Projekt ist eine Adpation des Berliner …";CC-BY 4.0;https://codefor.de;;Kartenanwendung, Webseite, Open Data;Stadtplanung, Weihnachtsmarkt, Leipzig, Open Data, ÖPNV
242;https://codefor.de/projekte/be-schulsanierung/;Wo unsere Kinder lernen;https://codefor.de/projekte/be-schulsanierung/;OK Lab Berlin, Code for Germany;In Betrieb;"Viele Schulen in Berlin sind marode. Wie teuer die Sanierung wirklich wird, können Sie auf der Karte erkunden.
Die Toiletten stinken, Wasser tropft von der Decke, der Putz bröckelt von der Wand. …";CC-BY 4.0;https://codefor.de;;Kartenanwendung, Visualisierung mit Karten, Web-App;Bildung, Stadtplanung, Öffentlicher Nahverkehr
243;https://codefor.de/projekte/zug-direktverbindungen/;Zug-Direktverbindungen;https://codefor.de/projekte/zug-direktverbindungen/;OK Lab Berlin, Code for Germany;In Betrieb;Eine Karte mit allen Zug-Direktverbindungen aus deiner Stadt.;CC-BY 4.0;https://codefor.de;;Kartenanwendung, Verzeichnis / Karte, Webseite;Mobilität, Verkehr, Öffentlicher Nahverkehr
244;https://codefor.de/projekte/zuwendungen/;Zuwendungsdatenbank;https://codefor.de/projekte/zuwendungen/;Code for Germany;In Betrieb;Die Zuwendungsdatenbank sammelt länderübergreifend frei zugängliche Daten über Zuwendungen, überführt sie in ein einheitliches Format und macht sie durchsuchbar.;CC-BY 4.0;https://codefor.de;;Datenbank, Open Data, Datenauswertung;Transparenz, Open Data, Verwaltung
