Index;Quelle;Projektname;Webseite-Link;Organisation;Status;Kurzzusammenfassung;Lizenz;Lizenz-Organisation;Projekt-Abkürzung;Art;Einsatzbereich
0;https://codefor.de/projekte/2018-24-11-1000-lorawan-nodes-im-laendlichen-raum/;1000 LoRaWAN Nodes im ländlichen Raum von Schleswig-Holstein;https://iot-usergroup.de/projekte/1000-lorawan-nodes-im-laendlichen-raum-von-schleswig-holstein/, https://gitlab.com/iotssl/nucleon-nodes;OK Lab Kreis Schleswig-Flensburg, Code for Germany;Laufend;Aufbau einer Schleswig-Holstein-weiten flächendeckenden Versorgung mit LoRaWAN-Technologie, welche durch vorausgehende Installation einer ausreichenden Anzahl von Gateways und anschließender …;CC-BY 4.0;https://codefor.de;;Monitoring, Datenvisualisierung, Datenanalyse;Technologie, Umweltschutz
1;https://codefor.de/projekte/fl-open-data-day/;2. Open Data Day in Flensburg;https://github.com/oklabflensburg/oddfl, https://opendataday.org/de/, https://opendataday-flensburg.de;OK Lab Flensburg, Code for Germany;Laufend;Zum zweiten Mal nimmt das OK Lab Flensburg am weltweit stattfindenden Open Data Day teil und lädt alle Interessierten zu Workshops, Präsentationen sowie einem offenen Austausch und Networking ein. Wir …;CC-BY 4.0;https://codefor.de;;Workshops, Open Data;Partizipation, Technologie, Datenanalyse
2;https://codefor.de/projekte/chartchallenge/;30 Day Chart Challenge Bielefeld;https://bsky.app/profile/codeforbielefeld.bsky.social;Code for Bielefeld, Code for Germany;Laufend;Unter dem Hashtag #30DayChartChallenge teilen weltweit Designer:innen, Data Scientists, Journalist:innen, … jeden Tag im April eine Grafik. Jeder Tag hat ein Motto, zum Beispiel “Anteile”, …;CC-BY 4.0;https://codefor.de;;Visualisierung, Partizipation, Datenanalyse;Stadt, Open Data, Partizipation
3;https://codefor.de/projekte/abschiebungen/;Abschiebungen;https://github.com/jochenklar/abschiebungen;OK Lab Berlin, Code for Germany;Unbekannt;2012 wurden in Deutschland 6919 Menschen auf dem Luftweg, 722 Menschen auf dem Landweg und 10 Menschen auf dem Seeweg abgeschoben. 3037 Menschen wurden in andere EU-Länder überstellt, darunter 456 …;CC-BY 4.0;https://codefor.de;;Open-Source, Datenportal;Flucht und Migration, Migration, Menschenrechte
4;https://codefor.de/projekte/accessmap/;Access Map;http://arduina.github.io/access_map/;OK Lab Berlin, Code for Germany;Unbekannt;Little project that aims at raising awareness for accessibility in public transport systems. It uses a simple slider to visualize how the public transport system looks like if all the non-accessible …;CC-BY 4.0;https://codefor.de;;Web-App, Datenvisualisierung, Kartenanwendung;Barrierefreiheit, Mobilität
5;https://codefor.de/projekte/bn-air-quality-box/;Air Quality Box – Feinstaub und mehr messen;https://codefor.de/projekte/bn-air-quality-box/;OK Lab Bonn-Rhein-Sieg, Code for Germany;Laufend;Was ist die Air-Quality-Box? Auch Bonn hat ein Problem mit seiner Luftqualität. Leider gibt es bei uns nur eine einzige, offizielle Messstation für ganz Bonn und die steht auch noch am Stadtrand. Mit …;CC-BY 4.0;https://codefor.de;;Monitoring, Datenvisualisierung, Datenportal, Web-App;Luftqualität, Umweltschutz, Stadtplanung
6;https://codefor.de/projekte/altglas/;Altglas Container;https://bitbucket.org/tbsprs/altglas, https://github.com/k-nut/altglas, http://k-nut.github.io/altglas;OK Lab Berlin, Code for Germany;Abgeschlossen;"Die Anwendungen zeigen die Positionen von Altglas-Containern auf einer Karte.
Die erste Version zeigt die Altglas-Container in Berlin Charlottenburg-Wilmersdorf. Hoffentlich veröffentlichen bald auch …";CC-BY 4.0;https://codefor.de;;Karten, Webseite, Web-App, Open Data, Datenvisualisierung, Interaktive Karte, Kartenanwendung;Stadtplanung, Umweltschutz, Nachhaltigkeit
7;https://codefor.de/projekte/le-drl-amikeco/;Amikeco;http://jrlover.github.io/amikeco, https://github.com/CodeforLeipzig/amikeco;OK Lab Leipzig, Code for Germany;Abgeschlossen;"Plattform, um Gleichgesinnte für allerlei Arten von Aktivitäten zu finden.
Amikeco ist das Esperanto-Wort für “Freundschaft”. Refugees und anderweitig Zugezogene haben oft das Problem, …";CC-BY 4.0;https://codefor.de;;Plattform, Web-App;Integration, Flucht und Migration, Geflüchtete, Soziale Arbeit, Stadt
8;https://codefor.de/projekte/da-ars-tool/;ARS-Tool;https://opengovtech.de/ars/, https://github.com/codedust/ars-tool/;Code for Germany;Laufend;Der Amtliche Regionalschlüssel (ARS) definiert eine eindeutige ID für jedes verwaltungspolitische Gebiet in Deutschland (Stadt, Gemeinde, Landkreis, Bundesland, etc.). Der ARS erweitert den Amtlichen …;CC-BY 4.0;https://codefor.de;ARS-Tool;Web-App;Datenanalyse, Open Data
9;https://codefor.de/projekte/aufbau-ostberlin/;Aufbau Ostberlin;http://www.aufbau-ostberlin.de, https://github.com/zfhui/CodingDaVinci;OK Lab Berlin, Code for Germany;Laufend;Unser digitaler Architekturführer arbeitet mit einem Datensatz aus dem Nachlass der Fotografin Gisela Dutschmann. Diese war 37 Jahre lang am Ostberliner Fotoarchiv mit der Dokumentation der …;CC-BY 4.0;https://codefor.de;;Webseite, Datenvisualisierung, Datenportal;Stadtplanung, Kultur, Open Data
10;https://codefor.de/projekte/2018-23-09-aufbau-von-lorawan-gateways-im-laendlichen-raum/;Aufbau von LoRaWAN Gateways im ländlichen Raum;https://nucleon-ev.eu/best-of-digital-2018/;OK Lab Kreis Schleswig-Flensburg, Code for Germany;Laufend;Wir ermöglichen mit dem Aufbau von LoRaWAN Gateways in Schleswig-Holstein anderen Projekten, Firmen, Kommunen und der Landwirtschaft den Zugang zum größten IoT Netzwerk. Durch diese Gateways wird es …;CC-BY 4.0;https://codefor.de;;Plattform;Landwirtschaft, Technologie
11;https://codefor.de/projekte/badeseen-berlin/;Baden in Berlin;https://badestellen.berlin.codefor.de, https://github.com/MagdaN/berliner-badestellen;OK Lab Berlin, Code for Germany;Unbekannt;Die Badesaison hat eröffnet! Erfahre, wo gebadet werden kann und wie die Wasserqualität an den einzelnen Badestellen ist.;CC-BY 4.0;https://codefor.de;;Webseite;Stadt, Tourismus, Umweltschutz
12;https://codefor.de/projekte/badeseen-hessen/;Badeseen in Hessen;https://play.google.com/store/apps/details?id=de.codefor.giessen.Badeseenapp, https://github.com/CodeForGiessen/badeseenapp, https://github.com/CodeForGiessen/badeseenservice, http://badeseen.hlug.de/;OK Lab Gießen, Code for Germany;Abgeschlossen;Die App soll einen Überblick über alle Badeseen in Hessen bieten. Seien es aktuelle oder historische Messwerte, die Qualitätseinstufung der EU oder andere hilfreiche Informationen, wie das …;CC-BY 4.0;https://codefor.de;;Web-App, Datenportal;Umweltschutz, Umwelt, Klima
13;https://codefor.de/projekte/pricemap-eu/;Bahn- und Buspreiskarte;https://pricemap.eu, https://github.com/juliuste/pricemap.eu;OK Lab Berlin, Code for Germany;Laufend;Preiskarte für Bahn- und Busreisen in Europa: Zeigt die günstigsten Verbindungen in viele europäische Städte.;CC-BY 4.0;https://codefor.de;;Webseite, Kartenanwendung;Mobilität, Verkehr, Tourismus, Open Data
14;https://codefor.de/projekte/bahn-guru/;Bahn-Guru;https://bahn.guru, https://github.com/juliuste/bahn.guru, https://github.com/derhuerst/db-prices-cli, https://github.com/juliuste/db-prices;OK Lab Berlin, Code for Germany;Laufend;Preiskalender für den Bahn-Fernverkehr: Zeigt die täglich günstigste Zugverbindung auf der gewählten Strecke für die kommenden Wochen.;CC-BY 4.0;https://codefor.de;;Open-Source, Datenanwendung für Öffentlichkeit, API, Datenportal;Mobilität, Verkehr, Tourismus
15;https://codefor.de/projekte/baumbie_bielefeld/;BaumBie;https://github.com/codeforbielefeld/baumbie;Code for Bielefeld, Code for Germany;Laufend;BaumBie bringt Menschen mit der Natur in Verbindung. Die interaktive Karte zeigt Bäume an und bringt sie zum Sprechen. Für jeden Baum zeigt die App grundlegende Informationen an, etwa Alter, Baumart …;CC-BY 4.0;https://codefor.de;BaumBie;Web-App, Kartenanwendung, Interaktive Karte, Datenvisualisierung, Open-Source, Plattform;Stadtplanung, Umwelt, Klima, Nachhaltigkeit, Vernetzung
16;https://codefor.de/projekte/le-baumfilter/;Baumfilter;https://codeforleipzig.github.io/giessdeibohm/, https://github.com/CodeforLeipzig/giessdeibohm;OK Lab Leipzig, Code for Germany;Abgeschlossen;"Auf dieser Webseite kannst Du Dich über die Straßenbäume in Leipzig informieren.
Die Bäume können nach Stadtteil oder für komplett Leipzig angezeigt werden. Die Anzeige lässt sich über die …";CC-BY 4.0;https://codefor.de;;Webseite;Stadtplanung, Umwelt, Open Data, Datenvisualisierung
17;https://codefor.de/projekte/magdeburg-baumfreunde-md/;Baumfreunde-MD;https://www.baumfreunde-md.de, https://www.magdeburg.de/Start/B%C3%BCrger-Stadt/Stadt/Aktionen/index.php?NavID=37.452&object=tx%7C37.9220.1&La=1;OK Lab Magdeburg, Code for Germany;Laufend;Das Projekt “Baumfreunde-MD” informiert über aktuelle Baumfällungen der Landeshauptstadt Magdeburg. Diese Informationen werden offiziell auf der Homepage der Stadt veröffentlicht, sind …;CC-BY 4.0;https://codefor.de;Baumfreunde-MD;Webseite, Interaktive Karte, Datenvisualisierung;Stadtplanung, Umweltschutz, Nachhaltigkeit, Klima, Partizipation
18;https://codefor.de/projekte/cologne-baumkataster/;Baumkataster Köln Editor;https://giesst.koeln/editor/, https://github.com/codeforcologne/baumkataster;OK Lab Köln, Code for Germany;Abgeschlossen;Mit dieser Web Anwendung könnt Ihr das Baumkataster der Stadt Köln pflegen. Das zugrunde liegende Baumkataster der Stadt Köln ist ein freier Datensatz (CC BY 3.0 DE) der Stadt vom Juni 2020. Leider …;CC-BY 4.0;https://codefor.de;;Web-App;Stadtplanung, Umwelt, Nachhaltigkeit, Klimaschutz
19;https://codefor.de/projekte/hh-baumkataster/;Baumkataster nutzen;"http://achim-tack.de/projects/strassenbaeume/hh_strassenbaumkataster.html, http://www.hmdk.de/portal/_ns:YTU4fGMwfGQwfGVwbHVnaWQ9MT0vaW5ncmlkLWdyb3VwOmRzYy1zY3JpcHRlZC1pbnRlcm5ldHxlZG9jdXVpZD0xPUQzRkE3OTZGLTNEMTItNDc4NC1CN0YyLUUxOTg1NTQ3MkQyQQ__/search-detail.psml;jsessionid=7079CB7853A5FFD7B935CBEFFF66AD8F";OK Lab Hamburg, Code for Germany;Unbekannt;Im Straßenbaumkataster der Stadt Hamburg sind rund 240.000 Straßenbäume mit Standort und Attributen wie Pflanzjahr, Baumart usw. erfasst. Das Projekt versucht, diese Daten kartografisch aufzubereiten …;CC-BY 4.0;https://codefor.de;;Web-App, Kartenanwendung, Datenvisualisierung;Stadtplanung, Umweltschutz, Klima
20;https://codefor.de/projekte/bn-baustellen/;Baustellen Übersicht;http://wipokar.de/maps/bonn_baustelle/;OK Lab Bonn-Rhein-Sieg, Code for Germany;Laufend;Transparenz über die existierenden und die geplanten Baustellen in und um Bonn. Eine spätere Erweiterung um Parkhausdaten (Belegung, Tendenz etc.) ist angedacht.;CC-BY 4.0;https://codefor.de;;Webseite;Stadtplanung, Verkehr
21;https://codefor.de/projekte/be-berliner-schulen/;Berliner Schulen;http://berlinerschulen.ini20.de, https://github.com/ini20/berliner-schulen;OK Lab Berlin, Code for Germany;Laufend;Wir wissen, dass die Wahl der „richtigen“ Schule sehr wichtig ist, da sie ein prägendes Fundament für den Bildungsweg eines Menschen setzt. Entsprechend schwierig ist es auch eine Schule zu finden, …;CC-BY 4.0;https://codefor.de;;Web-App, Kartenanwendung, Datenvisualisierung;Bildung, Stadt
22;https://codefor.de/projekte/vornamen-in-berlin/;Berliner Vornamen;https://codefor.de/projekte/vornamen-in-berlin/;OK Lab Berlin, Code for Germany;Unbekannt;Welche Vornamen wurden in den Jahren 2012 und 2013 in Berlin vergeben? Mithilfe der App kann nach Vornamen gesucht werden und es wird angezeigt, wie häufig der Name in den beiden Jahren - nach Bezirk …;CC-BY 4.0;https://codefor.de;;Web-App;Datenanalyse, Open Data, Stadt
23;https://codefor.de/projekte/fl-open-school-map/;Bildungsatlas Flensburg;https://github.com/oklabflensburg/open-school-map, https://www.statistik-nord.de/fileadmin/Dokumente/Verzeichnisse/Schulverzeichnis_A_22-23.pdf, https://schulkarte.oklabflensburg.de;OK Lab Flensburg, Code for Germany;Laufend;Die Idee, einen offenen Bildungsatlas für Flensburg zu entwickeln, ist aus der eigenen Suche nach einer Grundschule für den Lütten entstanden. Auf der städtischen Website finden sich zwar …;CC-BY 4.0;https://codefor.de;;Datenportal, Karte, Datenvisualisierung, Web-App, Open Data, Interaktive Karte;Bildung
24;https://codefor.de/projekte/ruhrgebiet-blitzerkarte/;Blitzerkarte;https://blitzerkarte.openruhr.de, https://github.com/CodeForRuhrgebiet/speed-cam-map;OK Lab Ruhrgebiet, Code for Germany;Laufend;Die Blitzerkarte visualisiert täglich Straßen, auf denen die Stadt möglicherweise mobile Geschwindigkeitskontrollen durchführt. Die Daten werden freundlicherweise bereitgestellt durch das Ordnungsamt …;CC-BY 4.0;https://codefor.de;;Karten;Verkehr, Mobilität
25;https://codefor.de/projekte/be-blume/;BLUME Messnetz API/Map;https://github.com/dirkschumacher/blume_messnet_api, https://github.com/dirkschumacher/blume_crawler;OK Lab Berlin, Code for Germany;Unbekannt;Feinstaub Daten aus dem BLUME Messnetzwerk verfügbar machen und visualisieren. Ziel sollte sein, eine gute API bereitzustellen, eine gute Visualisierung anzubieten und evtl. ein statistisches Modell …;CC-BY 4.0;https://codefor.de;;Web-App, Datenportal, Datenvisualisierung, API;Luftqualität, Stadtplanung, Umwelt
26;https://codefor.de/projekte/fl-open-surface-map/;Bodenfläche nach Art der Nutzung;https://github.com/oklabflensburg/open-surface-map, https://service.destatis.de/DE/karten/flaechenatlas2019daten.xlsx, https://bodennutzung.oklabflensburg.de;OK Lab Flensburg, Code for Germany;Laufend;Diese interaktive Karte zeigt die Verteilung der verschiedenen Flächennutzungsarten beim Klick auf die entsprechende Gemeinde an. So lässt sich in Kürze herausfinden in welchen Regionen der …;CC-BY 4.0;https://codefor.de;;Interaktive Karte, Web-App, Datenvisualisierung, Kartenanwendung;Stadtplanung, Umwelt, Nachhaltigkeit, Datenanalyse, Open Data
27;https://codefor.de/projekte/bodenrichtwerte/;Bodenrichtwerte im Zeitverlauf;http://hanshans.ursa.uberspace.de/bodenrichtwerte/bodenrichtwerte.html;OK Lab Berlin, Code for Germany;Unbekannt;Bodenrichtwerte im Zeitverlauf - gefunden im FIS-Broker. Was sind Bodenrichtwerte? Laut Wikipedia ist “der Bodenrichtwert im deutschen Städtebaurecht ein durchschnittlicher Lagewert, ermittelt …;CC-BY 4.0;https://codefor.de;;Datenportal, Webseite;Stadtplanung, Wohnen
28;https://codefor.de/projekte/bn-bonn-o-mat/;BONN-O-MAT Wahlautomat für die Oberbürgermeisterwahl 2015;http://bonn-o-mat.de/, https://github.com/OKLabBonn/bonn-o-mat;OK Lab Bonn-Rhein-Sieg, Code for Germany;Abgeschlossen;Was ist der Bonn-O-Mat? Der Bonn-O-Mat ist eine Wahl-O-Mat, nach dem Vorbild der von Bundes- und Landeszentrale für politische Bildung eingesetzter Wahl-O-Maten. Der Bonn-O-Mat möchte den Nutzer mit …;CC-BY 4.0;https://codefor.de;BONN-O-MAT;Web-App;Wahlen, Demokratie, Partizipation
29;https://codefor.de/projekte/p-brandengo/;BrandenGo;https://brandengo.de, https://github.com/open-data-potsdam/brandengo;OK Lab Potsdam, Code for Germany;Laufend;Was fährt an öffentlichem Nahverkehr in meiner Nähe? Nach dem Vorbild von MagdeGo. Derzeit noch in der Prototyphase.;CC-BY 4.0;https://codefor.de;BrandenGo;Webseite;Öffentlicher Nahverkehr, Verkehr, Mobilität
30;https://codefor.de/projekte/hn-buga/;Buga2019-Visualisierung;http://opendata-heilbronn.github.io/feld/, https://github.com/opendata-heilbronn/feld;Code for Heilbronn, Code for Germany;Laufend;2019 findet die Bundesgartenschau in Heilbronn statt. Schon heute verändert sie das Stadtbild: Heilbronn bekommt ein neues Stadtquartier, den Neckarbogen. Die Stadt soll näher an den Fluss rücken, …;CC-BY 4.0;https://codefor.de;Buga2019;Webseite, Datenvisualisierung;Stadtplanung, Partizipation
31;https://codefor.de/projekte/cctvwatch/;cctvwatch - big brother is watching you;http://cctv.antares.uberspace.de, https://github.com/moklick/cctvwatch, https://github.com/moklick/cctvwatch-api;OK Lab Berlin, Code for Germany;Laufend;Berlin ist voll von CCTV Cams. Das visualisieren wir mit unserer interaktiven Karte ‘cctvwatch’. Neben der Darstellung der Kameras wird es für den Nutzer auch möglich sein neue Kameras …;CC-BY 4.0;https://codefor.de;cctvwatch;Web-App, Kartenanwendung, Interaktive Karte, Open-Source, Datenvisualisierung, Open Data;Stadtplanung, Verkehr, Technologie, Öffentlicher Nahverkehr
32;https://codefor.de/projekte/hn-bad-wimpfen-app/;City-App für Bad Wimpfen;http://blog.opendatalab.de/opendata/2015/04/29/bad-wimpfen-app/, https://itunes.apple.com/app/apple-store/id989719442?pt=74937800&ct=ODL&mt=8;Code for Heilbronn, Code for Germany;Abgeschlossen;Der Markt der CityApps ist sehr groß. Fast jede größere Stadt und vor allem Touristenorte bieten in den App Stores eigene Apps an, die den Besucher über das Geschehene vor Ort informieren sollen. …;CC-BY 4.0;https://codefor.de;;Web-App;Tourismus, Stadt, Kultur
33;https://codefor.de/projekte/le-cityconnect/;CityConnect;https://cityconnect.now.sh/index, https://github.com/CityConnect11/app, https://devpost.com/software/1_025_e-kulturangebote_virtuelles_pizzaessen/;OK Lab Leipzig, Code for Germany;Abgeschlossen;"CityConnect sieht aus wie ein Computerspiel im Retro Style, ist aber kein Spiel, sondern ein virtueller Raum, in dem sich Menschen zufällig als Avatare treffen.
Ein virtueller Raum ist dabei einer …";CC-BY 4.0;https://codefor.de;;Web-App, Plattform, Open-Source, Webseite, Interaktive App;Stadt, Kultur, Tourismus, Partizipation, Technologie
34;https://codefor.de/projekte/hn-codeweek/;Code Week Heilbronn;http://coworking-heilbronn.org/code-week-heilbronn-2015/, http://blog.opendatalab.de/opendata/2016/01/18/code-week-2015;Code for Heilbronn, Code for Germany;Abgeschlossen;Basierend auf einer Idee der Young Advisors Gruppe der EU Kommission ging die “EU Code Week” vom 10. – 18. Oktober 2015 bereits in die dritte Runde. Letztes Jahr haben in ganz Europa über 150.000 …;CC-BY 4.0;https://codefor.de;;Webseite, Workshop, Blog;Bildung, Jugend, Open Data, Technologie, Partizipation
35;https://codefor.de/projekte/cologne-cute-pets/;CutePetsCologne;https://github.com/karen-sch/CutePetsCologne;OK Lab Köln, Code for Germany;Abgeschlossen;Ein Twitterbot, der süße Tiere aus den Kölner Tierheimen Dellbrück und Zollstock postet. Implementiert auf Basis von CutePetsChemnitz im Rahmen des #openimpact Marathon von DataLook.;CC-BY 4.0;https://codefor.de;;Automatisierung, Web-App;Wohlfahrt
36;https://codefor.de/projekte/dus-cycledorf/;CycleDorf;http://www.cycledorf.de/, https://github.com/codefordus/CycleDorf-iOS, https://github.com/codefordus/CycleDorf-Android, https://codefordus.hackpad.com/collection/FvUzMKdDmvA;OK Lab Düsseldorf, Code for Germany;Laufend;CycleDorf ist eine App, die Deine Fahrradtouren aufnimmt. Dadurch gesammelte Daten können für die kommunale Verkahrsplanung verwendet werden, um Düsseldorf zu einer besseren Stadt für Fahrradfahrer zu …;CC-BY 4.0;https://codefor.de;;Open-Source, Web-App, Interaktive App, Datenanalyse;Stadtplanung, Verkehr, Mobilität, Nachhaltigkeit
37;https://codefor.de/projekte/le-damals/;damals in Leipzig;http://damals.codeforleipzig.de/leipzig/, https://github.com/CodeforLeipzig/codingdavinciost2018;OK Lab Leipzig, Code for Germany;Abgeschlossen;"Dieses Projekt ist als Beitrag für den Kulturhackathon Coding da Vinci Ost entstanden.
Die Bilder wurden bereitgestellt vom Stadtgeschichtlichen Museum Leipzig und dem Stadtarchiv Leipzig im Rahmen …";CC-BY 4.0;https://codefor.de;;Kartenanwendung, Webseite;Stadt, Tourismus
38;https://codefor.de/projekte/fis-broker/;Daten aus dem Geoportal Berlin;https://berlin.codefor.de/luftbilder/, https://github.com/jochenklar/berlin-aerial, https://berlin.codefor.de/maps/, https://github.com/jochenklar/berlin-maps;OK Lab Berlin, Code for Germany;Unbekannt;Berlin veröffentlicht Datensätze über das Geoportal Berlin, den sog. FIS Broker. Die Daten sind über WMS und WFS Schnittstellen erreichbar und daher nicht ohne weiteres für eigene Webanwendungen …;CC-BY 4.0;https://codefor.de;FIS Broker;Datenportal, Web-App, Datenvisualisierung, Open Data;Stadtplanung, Open Data, Datenanalyse
39;https://codefor.de/projekte/rberlindata/;daten.berlin.de für R;http://dirkschumacher.github.io/RBerlinData, https://github.com/dirkschumacher/RBerlinData, http://cran.r-project.org/web/packages/BerlinData/index.html;OK Lab Berlin, Code for Germany;Unbekannt;Ein R Paket, um einfach auf die Daten von daten.berlin.de zuzugreifen. Führ nähere Infos, folgt den Links unten:;CC-BY 4.0;https://codefor.de;;Open-Source, Datenportal, Datenanwendung für Öffentlichkeit, Datenmanagement;Open Data, Stadt, Verwaltung, Datenanalyse
40;https://codefor.de/projekte/be-datenwaben/;Datenwaben;http://daten-waben.tursics.de/, https://github.com/tursics/data-dashboard;OK Lab Berlin, Code for Germany;Laufend;Die moderne Art ein Datenportal darzustellen: Pro Datensatz wird eine Wabe dargestellt. Mit einem bunten Hintergrund und kurzem Text können sowohl statische als auch Live-Daten angezeigt werden. …;CC-BY 4.0;https://codefor.de;;Datenportal;Open Data, Stadt, Verwaltung, Datenanalyse
41;https://codefor.de/projekte/dbpediaplacesberlin/;DBpedia Places Berlin;https://github.com/notapirate/dbpediaplacesberlin;OK Lab Berlin, Code for Germany;Unbekannt;Eine Webseite/WebApp, die Wikipediaseiten mit Berliner Koordinaten auf einer Karte markiert und beim Anklicken Titel, Bild, Zusammenfassung und Wikipedialink anzeigt. Die Koordinaten stammen aus …;CC-BY 4.0;https://codefor.de;;Web-App, Kartenanwendung, Datenvisualisierung;Stadt, Kultur, Tourismus, Open Data, Datenanalyse
42;https://codefor.de/projekte/aedmap/;Defibrillatoren in Köln;https://github.com/KoelnAPI/aedmap;OK Lab Köln, Code for Germany;Abgeschlossen;Defibrillatoren können im Fall eines plötzlichen Herzstillstandes Leben retten. Deshalb werden im öffentlichen Raum immer mehr sogenannte Laiendefibrillatoren oder AEDs (Automatisierte Externe …;CC-BY 4.0;https://codefor.de;AED;Kartenanwendung, Interaktive Karte, Web-App, Datenportal, Datenvisualisierung;Gesundheit, Stadt, Köln
43;https://codefor.de/projekte/muc-defis/;Defibrillatoren in OpenStreetMap eintragen (für FinderApp);http://wiki.osm.org/M%c3%bcnchen/Defi;OK Lab München, Code for Germany;Abgeschlossen;"Die Standorte der Defis (AEDs) werden von diversen öffentlichen Stellen erfragt und in OpenStreetMap gemappt. Als zweiter Schritt soll die FinderApp damit gefüllt werden.
Auf Der Projektseite im …";CC-BY 4.0;https://codefor.de;Defis;Open-Source, Karten, Open Data, Datenvisualisierung;Gesundheit, Stadt, Technologie
44;https://codefor.de/projekte/hh-demogenerator/;Demogenerator;http://achim-tack.de/projects/Demofinder/index.html, https://github.com/ATack/demofinder;OK Lab Hamburg, Code for Germany;Unbekannt;Deine Montagsdemo wurde abgesagt? Kein Problem - es gibt Alternativen. Finde deine Lieblingsdemo mit dem Demogenerator!;CC-BY 4.0;https://codefor.de;;Webseite, Web-App;Demokratie, Partizipation
45;https://codefor.de/projekte/cologne-denkmal4d/;Denkmal 4D Köln;https://codeforcologne.github.io/Denkmal-4D-Koeln/, https://github.com/codeforcologne/Denkmal-4D-Koeln;OK Lab Köln, Code for Germany;Laufend;Mit dieser Web-Anwendung könnt Ihr Metadaten über die Denkmäler der Stadt Köln pflegen. Der besondere Fokus liegt auf der Verlinkung von existierenden 3D-Modellen und der Erfassung geplanter Modelle. …;CC-BY 4.0;https://codefor.de;;Web-App;Stadtplanung, Kultur
46;https://codefor.de/projekte/cologne-denkmaeler/;Denkmal in Köln;http://denkmalinkoeln.github.io/, https://github.com/weberius/denkmalinkoeln;OK Lab Köln, Code for Germany;Abgeschlossen;Du interessierst Dich für Baudenkmäler? Du wolltest auch schon immer mal wissen, ob es welche in Deiner Umgebung gibt? Diese Webapp zeigt sie Dir alle. Wähle aus, in welchem Zeitraum das Baujahr …;CC-BY 4.0;https://codefor.de;;Web-App, Karten;Kultur, Stadt, Tourismus
47;https://codefor.de/projekte/denkmal-magdeburg/;Denkmal Magdeburg;https://vis.one/denkmal-magdeburg/, https://github.com/code-for-magdeburg/denkmal-magdeburg;OK Lab Magdeburg, Code for Germany;Abgeschlossen;Denkmal Magdeburg zeigt dir Informationen zu Denkmälern in deiner Umgebung an. Das Projekt ist gerade nur ein Minimum Viaable Prodct (MVP) und es sind herzlichst Mistreiter*innen gesucht es zu …;CC-BY 4.0;https://codefor.de;;Web-App, Datenportal, Karten;Kultur, Stadtplanung, Tourismus
48;https://codefor.de/projekte/hh-kitakarte/;Die passende Kita in Hamburg finden;http://www.hamburg.de/kita-finden/;OK Lab Hamburg, Code for Germany;Unbekannt;Visualisierung aller Hamburger Kitas auf einer Karte mit der Möglichkeit nach einer Bestimmten zu suchen.;CC-BY 4.0;https://codefor.de;;Karten, Datenvisualisierung, Web-App, Interaktive Karte;Stadtplanung
49;https://codefor.de/projekte/hh-zuwendungen/;Die Zuwendungen der Hamburger Behörden.;http://hannes.enjoys.it/oklab/zuwendungen/datatablesmityadcf.html, https://github.com/kannes/hh_zuwendungen;OK Lab Hamburg, Code for Germany;Unbekannt;Die Zuwendungen der Hamburger Behörden als filterbare Tabelle. Weitere Features kommen noch dazu.;CC-BY 4.0;https://codefor.de;;Datenportal, Web-App, Datenvisualisierung;Verwaltung, Transparenz, Open Data
50;https://codefor.de/projekte/hn-crimemap/;Diebstähle Region Heilbronn;http://opendata-heilbronn.github.io/crimemap/, https://github.com/opendata-heilbronn/crimemap;Code for Heilbronn, Code for Germany;Abgeschlossen;Visualisierung der Einbrüche in der Region Heilbronn, Daten aus den Polizeimeldungen seit November 2013. Entwickelt am Open Data Day 2014 in Zusammenarbeit mit der Heilbronner Stimme.;CC-BY 4.0;https://codefor.de;;Datenvisualisierung, Kartenanwendung, Webseite;Stadt
51;https://codefor.de/projekte/fl-open-monuments-map/;Digitale Denkmalkarte für Schleswig-Holstein;https://github.com/oklabflensburg/open-monuments-map, https://opendata.schleswig-holstein.de/organization/landesamt-fur-denkmalpflege, https://denkmalkarte.oklabflensburg.de;OK Lab Flensburg, Code for Germany;Laufend;Die digitale Denkmalkarte stellt Kulturdenkmäler in Schleswig-Holstein interaktiv dar. Sie bietet eine Übersicht über Kulturdenkmäler und deren Merkmale auf einer digitalen Karte. Durch das Anklicken …;CC-BY 4.0;https://codefor.de;;Webseite, Karten, Interaktive Karte, Open Data, Datenvisualisierung, Kartenanwendung;Stadtplanung, Tourismus
52;https://codefor.de/projekte/disabled-railway/;Disabled Railway;http://netaction.github.io/disabled-railway/;OK Lab Berlin, Code for Germany;Unbekannt;Eine Karte, auf der man sehen kann, von wo auf der Welt schnell ein Bahnhof erreicht werden kann – und wie sich die Situation ändert, sobald man im Rollstuhl sitzt. Vergleicht mal Paris und Berlin!;CC-BY 4.0;https://codefor.de;;Kartenanwendung;Barrierefreiheit, Mobilität, Menschen mit Behinderung
53;https://codefor.de/projekte/le-dresdenrallye/;Dresden Rallye;https://geo3eck.github.io/dresden-rallye-web/, https://github.com/Geo3eck/dresden-rallye-web/blob/master/Vortrag/Zukunftsstadt_Vortrag.pdf, https://github.com/geo3eck/dresden-rallye-web/;OK Lab Leipzig, Code for Germany;Abgeschlossen;"Über Gamification (Nudging, Serious Game) die verschiedenen Mobilitätsangebote der Stadt bekannt machen.
Die Nutzer sollen dazu gebracht werden, von ihrem gewohnten Mobilitätsverhalten abzuweichen und …";CC-BY 4.0;https://codefor.de;;Web-App, Open-Source;Mobilität, Umweltschutz, Stadt
54;https://codefor.de/projekte/datennutzung/;Einführung Datennutzung mit R und Python;https://codefor.de/projekte/datennutzung/;Code for Bielefeld, Code for Germany;Laufend;Gemeinsam erarbeiten wir uns die Grundlagen in R und Python und werden erste einfache Datenanalysen damit durchführen. Ziel ist es, den Teilnehmer:innen eine Einführung in die Nutzung von Daten und …;CC-BY 4.0;https://codefor.de;;Workshops;Datenanalyse, Open Data
55;https://codefor.de/projekte/le-einwohner/;Einwohner-Daten Leipzig;https://codeforleipzig.github.io/opendata-leipzig-playground/, https://github.com/CodeforLeipzig/opendata-leipzig-playground/, https://github.com/CodeforLeipzig/opendata-leipzig-playground/tree/master/docs;OK Lab Leipzig, Code for Germany;Abgeschlossen;"Dieses Projekt ist entstanden für ein Schritt-für-Schritt-Tutorial für das Erstellen von Karten-Anwendungen mit Leaflet.
Jede der enthaltenen HTML-Dateien lässt sich einzeln im Browser öffnen, sie …";CC-BY 4.0;https://codefor.de;;Open-Source, Web-App, Karten, Datenvisualisierung, Dashboard, Open Data;Stadt, Stadtplanung, Open Data, Datenanalyse
56;https://codefor.de/projekte/be-drl-empower-rangers/;Empower Rangers;https://codefor.de/projekte/be-drl-empower-rangers/;OK Lab Berlin, Code for Germany;Laufend;Wir wollen den Verein Refugees Emancipation dabei unterstützen, noch bekannter zu werden. Deshalb wollen wir eine neue Webseite bauen, auf der sich der Verein präsentiert und auf der sich …;CC-BY 4.0;https://codefor.de;;Webseite;Flucht und Migration, Integration, Soziale Arbeit
57;https://codefor.de/projekte/ms-wahlkarte/;Ergebnisse der Kommunalwahl 2014;http://codeformuenster.org/wahlkarte, http://github.com/codeformuenster/wahlkarte;Code for Münster, Code for Germany;Unbekannt;Die Ergebnisse je Wahlbezirk live gemappt währen die Stimmzettel ausgefüllt wurden. Dargestellt werden die Gewinner der Direktmandate.;CC-BY 4.0;https://codefor.de;;Karte, Web-App, Datenvisualisierung;Wahlen
58;https://codefor.de/projekte/ernteteilen/;Ernte Teilen;https://ernte-teilen.org, https://github.com/teikei/teikei;OK Lab Berlin, Code for Germany;Unbekannt;Ernte-teilen.org bietet eine Plattform, die Landwirte und Verbraucherinnen, die sich an Solidarischer Landwirtschaft beteiligen möchten, zusammenfinden lässt.;CC-BY 4.0;https://codefor.de;;Plattform, Web-App;Ernährungssicherung
59;https://codefor.de/projekte/p-hiddenkosmos/;Exploring the Hidden Kosmos;http://humboldt-kosmos.oklab-potsdam.de/, https://github.com/calculatinginfinity/ExploringTheHiddenKosmos;OK Lab Potsdam, Code for Germany;Abgeschlossen;Entdecke Alexander von Humboldts Kosmos-Vorlesungen aus den Jahren 1827/28. Die Seite entstand 2017 auf dem Kultur-Hackathon Coding da Vinci.;CC-BY 4.0;https://codefor.de;;Webseite, Open-Source;Bildung
60;https://codefor.de/projekte/le-fancylvbot/;fancyLVBot;https://github.com/CodeforLeipzig/fancy_LVB_Telegram_Bot, https://gtfs.leipzig.codefor.de;OK Lab Leipzig, Code for Germany;Laufend;"Telegram-Chat-Bot, den man unter dem Namen “fancyLVBot” als Kontakt hinzufügen und nach der aktuellen Abfahrtzeiten fragen kann.
Unsere Zielgruppe sind Einheimische, die Streckenverbindung …";CC-BY 4.0;https://codefor.de;fancyLVBot;Open-Source, Web-App, API, Datenanwendung für Öffentlichkeit;Mobilität, Verkehr, Öffentlicher Nahverkehr, Stadt, Stadtplanung
61;https://codefor.de/projekte/hn-farmbot/;Farmbot // Code for Buga 2019;https://codeforheilbronn.de/projects/2016-01-01-farmbot, https://codeforheilbronn.de/categories/#farmbot, http://award.codeweek.de/projects/code-for-buga-heilbronn-2016/, https://github.com/opendata-heilbronn/farmbot;Code for Heilbronn, Code for Germany;Abgeschlossen;Der Mensch ist seit seiner Existenz ein Selbstversorger. Durch den rasanten Fortschritt im Bereich der Software und Hardware erreichen wir einen Punkt, wo Maschinen Selbstversorger beim Anbau von Obst …;CC-BY 4.0;https://codefor.de;;Open-Source, Webseite, Workshops;Bildung, Jugendarbeit, Technologie, Partizipation
62;https://codefor.de/projekte/stgt-dust-sensor/;Feinstaubsensoren;http://sensor.community/, http://api.sensor.community/, https://github.com/opendata-stuttgart;OK Lab Stuttgart, Code for Germany;Unbekannt;Wir entwickeln und bauen bezahlbare open source DIY Feinstaub-Sensoren. Stand Anfang 2021 messen weltweit über 14.000 Sensoren in über 70 Ländern, um ein genaueres Bild der Feinstaubverteilung zu …;CC-BY 4.0;https://codefor.de;;Open-Source, Monitoring, Datenvisualisierung, Datenanalyse;Luftqualität, Umwelt, Klima, Stadt, Umweltschutz, Nachhaltigkeit
63;https://codefor.de/projekte/be-tempelhof/;Feld - die Bebauung des Tempelhofer Felds in 3D;https://github.com/stefanw/feld;OK Lab Berlin, Code for Germany;Abgeschlossen;"Am 25. Mai 2014 ist Volksabstimmung zur Bebauung des Tempelhofer Felds. Was wo gebaut werden soll erklärt dieses Projekt des OK Lab Berlin.
Die Morgenpost hat das Projekt aufgegriffen und mit ein …";CC-BY 4.0;https://codefor.de;;Web-App, Datenvisualisierung, Interaktive Karte;Stadtplanung
64;https://codefor.de/projekte/flaechengerechtigkeit/;Flächengerechtigkeits-Tool;http://clevere-staedte.de/flaechen-gerechtigkeits-report-online;OK Lab Berlin, Code for Germany;Unbekannt;Bürger können ihre Straßen vermessen und die Frage nach der Gerechtigkeit im Verkehr quadratmeter-scharf diskutieren.;CC-BY 4.0;https://codefor.de;;Webseite;Verkehr, Stadtplanung, Mobilität
65;https://codefor.de/projekte/flaechentool/;Flächentool;https://codefor.de/projekte/flaechentool/;OK Lab Berlin, Code for Germany;Unbekannt;Das Tool berrechnet die Nutzung der Flächen, basierend auf OpenStreetMap (OSM) Daten. Die OSM Daten wurden von verschiedenen Nutzern zusammengetragen. Es kommt zu Ungenauigkeiten, wenn die Daten …;CC-BY 4.0;https://codefor.de;;Webseite, Kartenanwendung, Datenvisualisierung, Open Data, Interaktive Karte;Stadtplanung, Umwelt, Nachhaltigkeit, Verwaltung, Klimaschutz
66;https://codefor.de/projekte/dd-freieparkplaetze/;Freie Parkplätze Dresden;https://ubahn.draco.uberspace.de/opendata/ui/, https://jkliemann.de/parkendd/, https://parkendd.kilian.io, https://mechlab-engineering.de/2015/03/vorhersage-der-parkhausbelegung-mit-offenen-daten/;Open Data Dresden, Code for Germany;Unbekannt;Die Stadt Dresden bietet auf https://www.dresden.de/freie-parkplaetze eine Übersicht der freien Parkplätze in der Stadt Dresden an. Leider nicht maschinenlesbar (barrierefrei). Darum haben wir uns …;CC-BY 4.0;https://codefor.de;ParkenDD;Web-App, Datenportal, Datenvisualisierung, Dashboard;Verkehr, Tourismus, Stadtplanung, Mobilität
67;https://codefor.de/projekte/ffpb-nodes/;Freifunk Knotenliste;https://github.com/codeforpb/ffpb-apps;CodeforPB, Code for Germany;Unbekannt;Der Beginn einer Freifunk Companion App. Aktuell wird nur die Knotenliste dargestellt und man kann die Details der Knoten anzeigen lassen. Später soll die Darstellung der Knoten auch auf einer Karte …;CC-BY 4.0;https://codefor.de;;Web-App, Datenvisualisierung, Kartenanwendung;Stadt, Technologie, Open Data
68;https://codefor.de/projekte/le-gentrifizierung/;Gebäude-Entwicklung in Leipzig;https://codeforleipzig.github.io/Gentrification/buildings.html, https://github.com/CodeforLeipzig/Gentrification;OK Lab Leipzig, Code for Germany;Abgeschlossen;"Leipzig ist eine stark wachsende Stadt, was sich entsprechend im Haus- und Wohnungsbau niederschlägt.
Dieses Projekt möchte das zunehmende Schließen von Baulücken und Wachstum an den Rändern in …";CC-BY 4.0;https://codefor.de;;Webseite, Kartenanwendung, Datenvisualisierung, Interaktive Karte;Stadtplanung, Wohnen, Datenanalyse
69;https://codefor.de/projekte/gedenktafelnberlin/;Gedenktafeln in Berlin;https://github.com/notapirate/gedenktafelnberlin;OK Lab Berlin, Code for Germany;Unbekannt;Eine Webseite, die vorhandene und, auf Wunsch entfernte Tafeln zu historischen Orten in Berlin anzeigt. Viele davon sind der Erinnerung an jene Menschen gewidmet, die sich der nationalsozialistischen …;CC-BY 4.0;https://codefor.de;;Webseite, Datenportal;Kultur, Bildung, Stadt
70;https://codefor.de/projekte/geodata-time/;Geodaten mit Zeitdimension;https://codefor.de/projekte/geodata-time/;OK Lab Berlin, Code for Germany;Unbekannt;Ich möchte eine Datenbank bauen, in der ich mehrere Versionen des gleichen Geodatensatzes ablegen kann. Ich möchte damit den zeitlichen Verlauf, also Änderungen am Datensatz festhalten. Die API soll …;CC-BY 4.0;https://codefor.de;;Datenmanagement, Datenportal, Plattform, Web-App;Stadtplanung, Verwaltung, Umwelt
71;https://codefor.de/projekte/bn-veranstaltungskalender/;Geographischer Veranstaltungskalender;https://codefor.de/projekte/bn-veranstaltungskalender/;OK Lab Bonn-Rhein-Sieg, Code for Germany;Laufend;In Anlehnung an das Projekt “Wo steppt der Bär in Wien heute?” soll es einen heatmap-artigen Veranstaltungskalender auch für Bonn geben.;CC-BY 4.0;https://codefor.de;;Web-App, Kartenanwendung, Verzeichnis / Karte;Kultur, Tourismus, Stadt
72;https://codefor.de/projekte/hn-geojson-utilities/;Geojson Utilities;http://opendatalab.de/projects/geojson-utilities/, https://github.com/opendatalab-de/simple-geodata-selector;Code for Heilbronn, Code for Germany;Abgeschlossen;Dieses Projekt ermöglicht einen schnellen Export der Gemeindeflächen, Landkreisflächen und Bundeslandflächen in Deutschland im .geojson Format. Dies ist besonders hilfreich für Journalisten und …;CC-BY 4.0;https://codefor.de;;Open-Source, Datenanwendung für Öffentlichkeit;Open Data, Karte, Visualisierung, Datenanalyse
73;https://codefor.de/projekte/cologne-giesst/;GießtKölle;https://giesst.koeln, https://github.com/codeforcologne/giesstKoelle;OK Lab Köln, Code for Germany;Abgeschlossen;Mit dieser Web Karte kannst Du Dich über den Wasserbedarf der Bäume in deiner Nachbarschaft informieren und Deinen Nachbar*innen mitteilen ob Du die Bäume gegossen hast.;CC-BY 4.0;https://codefor.de;;Webseite, Karten, Interaktive Karte;Umweltschutz, Klima
74;https://codefor.de/projekte/le-glaeserne-klaeranlage/;Gläsernes Klärwerk;https://codeforleipzig.github.io/glaeserne-klaeranlage/, https://github.com/CodeforLeipzig/glaeserne-klaeranlage;OK Lab Leipzig, Code for Germany;Abgeschlossen;"Interaktive Visualisierungen über die Funktionsweise einer Kläranlage.
Beim OpenDataDay am 4. März 2017 wurde mit Hilfe der Anwesenden sowie der Unterstützung der OEWA, der Gesellschaft für Informatik …";CC-BY 4.0;https://codefor.de;;Webseite, Datenvisualisierung, Open-Source;Umwelt
75;https://codefor.de/projekte/grossstadtbaum/;Großstadt-Baum;http://www.tursics.de/story/grossstadt-baum/, https://github.com/tursics/trees-story;OK Lab Berlin, Code for Germany;Abgeschlossen;Berlin veröffentlicht Datensätze zu Anlagenbäumen, Straßenbäumen und Uferbäumen. In unserer Stadt stehen über 1 Million Bäume. Ich habe den typischen Berliner Baum gesucht und habe ihn gefunden.;CC-BY 4.0;https://codefor.de;;Datenportal;Stadtplanung, Umwelt, Nachhaltigkeit
76;https://codefor.de/projekte/c-haltestellen/;Haltestellen in Chemnitz & Umland;https://github.com/CodeforChemnitz/Haltestellen;OK Lab Chemnitz, Code for Germany;Abgeschlossen;Die Karte Zeigt die von der CVAG zur Verfügung gestellten Haltestellendaten. Man sieht deutliche Abweichungen der Koordinaten zu den Punkten auf der OSM Karte.;CC-BY 4.0;https://codefor.de;;Kartenanwendung, Datenvisualisierung, Web-App, Open Data;Verkehr, Mobilität, Stadtplanung, Öffentlicher Nahverkehr
77;https://codefor.de/projekte/hh-echtzeit/;Hamburg in Zahlen;https://ndldd.github.io/echtzeit/app/#/, https://ndldd.github.io/echtzeit/;OK Lab Hamburg, Code for Germany;Unbekannt;Was verändert sich gerade (durchschtnittlich) in Hamburg? Eine Übersicht interessanter Zahlen.;CC-BY 4.0;https://codefor.de;;Datenvisualisierung, Dashboard, Web-App;Stadt, Datenanalyse, Transparenz
78;https://codefor.de/projekte/p-haushalt/;Haushalt Potsdam 2018/2019;https://offenerhaushalt.de/haushalt/BB/Potsdam/, https://github.com/open-data-potsdam/offenerhaushalt.de;OK Lab Potsdam, Code for Germany;Abgeschlossen;Erkunde interaktiv den Doppelhaushalt von Potsdam für die Jahre 2018 und 2019.;CC-BY 4.0;https://codefor.de;;Datenvisualisierung, Web-App, Interaktive Datenexploration;Stadt, Verwaltung, Transparenz
79;https://codefor.de/projekte/historic-berlin/;Historische Entwicklung Berlins;http://community.codefor.de/entwicklung-berlins/, https://github.com/jochenklar/entwicklung-berlins;OK Lab Berlin, Code for Germany;Unbekannt;Historische Berlin-Karten aus dem FIS-Broker zur Benutzung in anderen Projekten.;CC-BY 4.0;https://codefor.de;;Open-Source, Datenportal, Karten;Stadtplanung
80;https://codefor.de/projekte/muc-ddj/;How-To Datenjournalismus;http://howto.ddjdach.de;OK Lab München, Code for Germany;Abgeschlossen;;CC-BY 4.0;https://codefor.de;;Webseite, Bericht;Datenanalyse
81;https://codefor.de/projekte/vortrag_bielefeld_io/;Innovationen durch Open Data bei der Bielefeld.IO 2021;https://www.eventbrite.de/e/bielefeld-io-2021-tickets-163043755261?aff=foundersfoundation, https://bielefeld.io/;Code for Bielefeld, Code for Germany;Unbekannt;Vortrag und Workshop zu „Innovationen durch Open Data“ im Rahmen der Bielfeld.IO am Freitag, 3. September 2021. Anmeldung und weitere Infos auf eventbrite.;CC-BY 4.0;https://codefor.de;;Vortrag, Workshop;Open Data
82;https://codefor.de/projekte/le-intelligentes-rathaus/;Intelligentes Rathaus Leipzig;https://stadtratmonitor.codeforleipzig.de, https://github.com/CodeforLeipzig/stadtratmonitor-scraper, https://github.com/CodeforLeipzig/stadtratmonitor-frontend, https://github.com/orgs/CodeforLeipzig/projects/2, https://ratsinfo.leipzig.de;OK Lab Leipzig, Code for Germany;Laufend;"Durchsuche das Ratsinformationssystem der Stadt Leipzig und abboniere deine Suchergebnisse!
Durchsuche das Ratsinformationssystem der Stadt Leipzig per Volltextsuche oder über detailierte Filter. …";CC-BY 4.0;https://codefor.de;;Web-App, Plattform, Datenportal, Knowledge Graph, Open-Source;Stadt, Verwaltung, Open Data, Transparenz
83;https://codefor.de/projekte/fl-open-biotope-map/;Interaktive Biotopkarte mit Wertbiotopen und Nichtwertbiotopen;https://github.com/oklabflensburg/open-biotope-map, https://opendata.schleswig-holstein.de/dataset/biotopkartierung-sh4-flachen-gesamt, https://biotopkarte.oklabflensburg.de;OK Lab Flensburg, Code for Germany;Laufend;Diese kleine interaktive Biotopkarte ist nach einem Spaziergang durch Salzwiesen und an der Steilküste in Holnis entstanden. Nach mehrfacher Begehung der einzigartigen Landschaft an der Ostsee …;CC-BY 4.0;https://codefor.de;;Webseite, Kartenanwendung, Interaktive Karte, Datenvisualisierung, Web-App;Umweltschutz
84;https://codefor.de/projekte/fl-open-parcel-map/;Interaktive Flurstücksauskunft für Schleswig-Holstein;https://github.com/oklabflensburg/open-parcel-map, https://opendata.schleswig-holstein.de/dataset/alkis-schleswig-holstein-ohne-eigentumerangaben, https://flurstuecksauskunft.oklabflensburg.de;OK Lab Flensburg, Code for Germany;Laufend;Diese interaktive nicht amtliche Flurstücksauskunft ohne Eigentümerangaben für Schleswig-Holstein entstand nach Gesprächen mit Bürgerinitiativen durch das OK Lab Flensburg um Verwaltungs-, Kreis-, …;CC-BY 4.0;https://codefor.de;;Web-App, Kartenanwendung, Interaktive Karte, Datenvisualisierung;Verwaltung, Stadtplanung, Datenanalyse, Open Data
85;https://codefor.de/projekte/interessante-orte/;Interessante Orte;https://github.com/codeforcologne/interessante-orte;OK Lab Köln, Code for Germany;Abgeschlossen;"Schritt für Schritt wirst Du eine einfache Kartenanwendung erstellen, mit der Du interessante Orte visualisieren kannst. Programmierkenntnisse sind nicht erforderlich.
Besonderer Fokus liegt dabei …";CC-BY 4.0;https://codefor.de;;Karten, Web-App, Datenvisualisierung, Interaktive Karte, Kartenanwendung;Stadtplanung, Kultur, Barrierefreiheit, Datenschutz
86;https://codefor.de/projekte/le-schulinternet/;Internetgeschwindigkeit in Sachsens Schulen;https://gitlab.com/gerbsen/internet-an-sachsens-schulen;OK Lab Leipzig, Code for Germany;Abgeschlossen;"Stellt Internetverbindungen von Schulen in Sachsen auf einer Karte dar und soll damit den weiteren Breitbandausbau vor allem im Bildungssektor anregen.
Nutzt cheerio.js zum Scrapen der Web-Seiten, …";CC-BY 4.0;https://codefor.de;;Open-Source, Web-App, Kartenanwendung, Datenvisualisierung;Technologie, Datenanalyse, Open Data
87;https://codefor.de/projekte/jedeschule-2/;jedeschule.de API;https://jedeschule.codefor.de/docs, https://jedeschule.codefor.de/csv-data/;OK Lab Berlin, Code for Germany;Abgeschlossen;jedeschule.de startete 2015 als Projekt der Open Knowledge Foundation Deutschland in Zusammenarbeit mit dem Verein BildsungsCent e.V.. Ziel war es, alle Schulen Deutschlands auf einer Platform zu …;CC-BY 4.0;https://codefor.de;;Datenportal, Open Data;Verwaltung, Open Data
88;https://codefor.de/projekte/baustellen-chemnitz/;Karte Chemnitzer Baustellen;https://github.com/ChaosChemnitz/BaustellenChemnitz, http://morrisjobke.de/stuff/baustellen-chemnitz/;OK Lab Chemnitz, Code for Germany;Abgeschlossen;Auf einer Karte werden die Baustellen in Chemnitz übersichtlich dargestellt. Die Daten werden von der Stadt Chemnitz als Text veröffentlicht.;CC-BY 4.0;https://codefor.de;;Karte;Stadtplanung
89;https://codefor.de/projekte/blitzerkarte-chemnitz/;Karte Chemnitzer Blitzer;http://morrisjobke.cartodb.com/viz/00030762-7ce5-11e4-9b32-0e4fddd5de28/public_map;OK Lab Chemnitz, Code for Germany;Unbekannt;Auf einer Karte werden die monatlich veröffentlichten Geschwindigkeitskontrollen in Chemnitz übersichtlich dargestellt. Die Daten werden von der Stadt Chemnitz als Text veröffentlicht.;CC-BY 4.0;https://codefor.de;;Karten, Verzeichnis / Karte, Open Data, Datenvisualisierung, Web-App;Verkehr, Stadt, Mobilität
90;https://codefor.de/projekte/bn-opendatamap-nrw/;Karte der Open Data – Angebote in NRW;http://data.paderta.com/OpenData-NRW-Map/, https://github.com/daimpad/OpenData_Map_NRW;OK Lab Bonn-Rhein-Sieg, Code for Germany;Abgeschlossen;Welche Kommunen in NRW besitzen ein Open Data-Portal? Welches System oder Lizenz verwenden sie? Gibt es eine Anbindung an das Open.NRW-Portal? Die Karte bildet eine Übersicht aller aktuellen …;CC-BY 4.0;https://codefor.de;;Karten, Datenportal, Open Data, Interaktive Karte, Visualisierung mit Karten, Web-App;Open Data, Stadt, Verwaltung, Datenanalyse
91;https://codefor.de/projekte/fl-open-recycling-map/;Karte der Recyclingcontainer in Flensburg;https://github.com/oklabflensburg/open-recycling-map, https://recycling.oklabflensburg.de;OK Lab Flensburg, Code for Germany;Laufend;Karte der Standorte von Recycling Containern für Altkleidung und Altglas vom Technisches Betriebszentrum Flensburg AöR. Es werden nur Standorte auf städtischen Flächen angezeigt. Unser Ziel ist es, …;CC-BY 4.0;https://codefor.de;;Kartenanwendung, Webseite, Open Data;Abfallwirtschaft, Stadtplanung, Umwelt, Nachhaltigkeit
92;https://codefor.de/projekte/fl-open-cultural-map/;Karte mit Verantstaltungsorten der Kulturnacht Flensburg;https://github.com/oklabflensburg/open-cultural-map, https://knf.grain.one;OK Lab Flensburg, Code for Germany;Abgeschlossen;Am 14. September 2024 haben die Flensburger Kulturakteure zur Kulturnacht eingeladen. Dabei haben sie sich an verschiedenen Orten der Stadt präsentiert, um diese kulturellen Orte bekannter zu machen. …;CC-BY 4.0;https://codefor.de;;Open-Source, Webseite, Karten, Datenvisualisierung, Web-App;Stadt, Tourismus
93;https://codefor.de/projekte/wpt-kartenkarte/;KartenKarte;http://kartenkarte.org, https://github.com/Opendatal/kartenkarte.org;OK Lab Wuppertal, Code for Germany;Laufend;KartenKarte ließt vorhandene Daten aus OpenStreetMap aus und stellt diese auf eine andere Art und Weise dar. Viele Informationen sind in der OSM Datenbank vorhanden, werden aber nicht auf der Karte …;CC-BY 4.0;https://codefor.de;;Webseite, Karten, Datenvisualisierung, Interaktive Karte, Open Data;Stadtplanung, Verkehr, Umwelt
94;https://codefor.de/projekte/hn-kastanienapp/;Kastanienapp;http://blog.opendatalab.de/opendata/2014/11/19/kastanien-app-mit-baumkataster, https://github.com/opendata-heilbronn/kastanien-app;Code for Heilbronn, Code for Germany;Abgeschlossen;Vor ein paar Monaten hat die Stadt Hamburg auf ihrem Transparenzportal das Baumkataster als Open Data veröffentlicht. Passend zur Zeit der Herbstsparziergänge drängte sich uns bei einem Code For …;CC-BY 4.0;https://codefor.de;;Open-Source, Web-App, Karten;Stadtplanung, Umwelt, Klima, Nachhaltigkeit, Open Data, Partizipation
95;https://codefor.de/projekte/berlin-lichtenberg/;Kiez-Karte Berlin;http://kiez-karte.berlin, https://github.com/tursics/kiez-karte;OK Lab Berlin, Code for Germany;Laufend;In Berlin gibt es einen Haufen offener Daten. Wie kann man diese sinnvoll auf einer Karte anzeigen? Und kann man Bürgerbeteilungsmöglichkeiten sinnvoll einbinden (Bürgerhaushalt, Maerker, Stadtbäume, …;CC-BY 4.0;https://codefor.de;;Karten, Datenvisualisierung, Web-App, Open Data, Interaktive Karte;Stadtplanung, Open Data, Partizipation, Verwaltung
96;https://codefor.de/projekte/le-kieznotiz/;KiezNotiz Leipziger Osten;https://kieznotiz.codeforleipzig.de/, https://codeforleipzig.github.io/kieznotiz/, https://github.com/CodeforLeipzig/kieznotiz/, https://leipziger-ecken.de/jsonapi/;OK Lab Leipzig, Code for Germany;Abgeschlossen;"Dieses Projekt ist in Zusammenarbeit mit Leipziger / FabLab Leipzig sowie Studio Johey für den Aufbau eines Wissenschaftsladens entstanden.
In einem Schaufenster sollen die Akteure im Kiez (speziell …";CC-BY 4.0;https://codefor.de;KiezNotiz;Dashboard, Datenvisualisierung, Web-App, Karten, Monitoring;Stadtplanung, Umwelt, Luftqualität, Partizipation, Kultur, Open Data
97;https://codefor.de/projekte/bn-kinderbonn/;kinderbonn.de – Das Portal für Eltern, Kinder und Jugendliche aus Bonn und Umgebung;https://codefor.de/projekte/bn-kinderbonn/;OK Lab Bonn-Rhein-Sieg, Code for Germany;Laufend;Was ist KinderBonn? KinderBonn möchte sämtliche Einrichtungen, Orte und Organisationen sichtbar machen, die für Eltern, Kinder und Jugendliche wichtig sind. Dazu gehören auf Kinder und Jugendliche …;CC-BY 4.0;https://codefor.de;;Webseite;Kinder- und Jugendhilfe
98;https://codefor.de/projekte/fl-open-kita-map/;Kitafinder Flensburg;https://github.com/oklabflensburg/open-kita-map, https://www.flensburg.de/media/custom/2306_2545_1.PDF, https://kitakarte.oklabflensburg.de;OK Lab Flensburg, Code for Germany;Laufend;Die Idee, einen Kitafinder für Flensburg zu entwickeln, ist aus der eigenen Suche nach einer Kita für den Kleinen entstanden. Auf der städtischen Website finden sich zwar Kontaktdetails zu den …;CC-BY 4.0;https://codefor.de;;Kartenanwendung, Web-App, Datenvisualisierung;Soziale Arbeit, Bildung
99;https://codefor.de/projekte/dd-kitakarte/;Kitakarte Dresden;http://kitakarte.okdd.de;Open Data Dresden, Code for Germany;Unbekannt;Die Kitakarte zeigt eine Übersicht aller Kindergärten, Krippen und Horte in Dresden. Alle Einträge werden mit Daten ergänzt, die von der Stadt unter http://www.dresden.de/kindertagesstaetten/ …;CC-BY 4.0;https://codefor.de;;Karten, Kartenanwendung, Datenportal;
100;https://codefor.de/projekte/p-kitarechner/;Kitarechner für Potsdam;https://kitarechner.oklab-potsdam.de, https://github.com/open-data-potsdam/Kita-Gebuehrenrechner-Potsdam;OK Lab Potsdam, Code for Germany;Laufend;Mit dem Kitarechner kann jeder schnell sehen, wieviel Kitagebühren er/sie monatlich pro Kind bei einer Hort-, Kita-, oder Krippenbetreuung in Potsdam zahlen muss. Die Gebührentabelle der Stadt wurde …;CC-BY 4.0;https://codefor.de;;Web-App;Soziale Arbeit, Wohlfahrt
101;https://codefor.de/projekte/le-kitas_und_schulen_in_leipzig/;Kitas und Schulen Verzeichnis Leipzig;http://www.leipzig.de/jugend-familie-und-soziales/schulen-und-bildung/schulen/, https://github.com/CodeforLeipzig/kidsle, https://kidsle.leipzig.codefor.de/;OK Lab Leipzig, Code for Germany;Abgeschlossen;"Eine kleine App zur Darstellung aller Kitas, Schulen und Spielplätzen in Leipzig. Die Nutzer sollen später die jeweiligen Orte bewerten können.
Umsetzung Daten: OpenStreetMap extrahiert / selbst …";CC-BY 4.0;https://codefor.de;;Open-Source, Web-App, Verzeichnis / Karte, Datenportal, Datenvisualisierung;Stadtplanung, Soziale Arbeit, Verwaltung, Partizipation
102;https://codefor.de/projekte/hn-klickde/;Klick Deutschland;http://klickde.opendatalab.de/, https://github.com/opendatalab-de/click_that_hood;Code for Heilbronn, Code for Germany;Abgeschlossen;Click that Hood für alle Gemeinden Deutschlands!;CC-BY 4.0;https://codefor.de;;Webseite;Stadtplanung
103;https://codefor.de/projekte/le-klimabot/;Klimabot;https://codeforleipzig.github.io/wahldaten/, https://gitlab.com/gerbsen/climatebot, https://gitlab.com/gerbsen/climatebot-ui;OK Lab Leipzig, Code for Germany;Abgeschlossen;"Bot, der auf natürlich-sprachige Fragen rund um den Klimawandel mit Fakten antwortet, Z.B. “Wie viel Tonnen CO2 wurden 2012 in Sachsen emittiert?” - “47,5 Tonnen CO2”
Umsetzung …";CC-BY 4.0;https://codefor.de;;Open-Source, KI Anwendung, Natural Language Processing, Web-App;Klimaschutz, Umweltschutz, Nachhaltigkeit
104;https://codefor.de/projekte/le-klimadashboard/;Klimadashboard Sachsen;https://klimadashboard.danielgerber.eu, https://gitlab.com/gerbsen/climate-dashboard;OK Lab Leipzig, Code for Germany;Laufend;"Das Projekt „Klimadashboard Sachsen“ möchte den Fortschritt der Energie-, Verkehrs- und Landwirtschaftswende dokumentieren.
Dazu werden Daten aus verschiedenen Quellen und Sektoren zusammengetragen …";CC-BY 4.0;https://codefor.de;;Dashboard, Web-App, Datenvisualisierung;Energie, Verkehr, Landwirtschaft, Klimaschutz, Umweltschutz
105;https://codefor.de/projekte/klimawatch/;Klimawatch;https://klimawatch.de;Code for Münster, Code for Germany;Laufend;Klimawatch visualisiert reale und geplante CO2-Emissionen einzelner Kommunen und erlaubt es, einfach neue Kommunen hinzuzufügen.;CC-BY 4.0;https://codefor.de;;Datenvisualisierung, Web-App;Klima, Klimaschutz, Umwelt, Stadt, Nachhaltigkeit
106;https://codefor.de/projekte/cologne-daten-in-3d/;Kölner Daten in 3D;http://p3nny.github.io/geojson-3d/, https://github.com/P3nny/geojson-3d;OK Lab Köln, Code for Germany;Abgeschlossen;Wie macht man offene Daten greifbar? Indem man sie ausdruckt. Hier gibt es das Projekt zum Nachmachen. Im OK Lab Köln haben wir die Idee entwickelt, aus offenen Daten der Stadt Köln “Daten zum …;CC-BY 4.0;https://codefor.de;;Datenvisualisierung, Open Data, Datenanwendung für Öffentlichkeit, Webseite;Köln, Stadt, Verwaltung, Partizipation
107;https://codefor.de/projekte/le-kompreni/;Kompreni;https://gitlab.com/gerbsen/kompreni;OK Lab Leipzig, Code for Germany;Abgeschlossen;"Dieses kleine Tool soll eine statistische Analyse der Kommentare auf LVZ.de durchführen.
Hintergrund: Auf dem Online-Angebot der Leipziger Volkszeitung (LVZ) treten gehäuft Hasskommentare und die …";CC-BY 4.0;https://codefor.de;;Open-Source, Datenanalyse;Antidiskriminierung, Gewalt, Menschenrechte
108;https://codefor.de/projekte/ffpb-krombel/;Krombels Dash auf Android;https://play.google.com/store/apps/details?id=net.freifunk.paderborn.krombel, https://github.com/codeforpb/ffpb-apps;CodeforPB, Code for Germany;Unbekannt;Die erste unter hoffentlich vielen Apps mit Daten von Freifunk Paderborn. Diese App bringt Krombels Dashboard auf Android. Diese App ist ein erster Prototyp und wurde noch nicht “hübsch” …;CC-BY 4.0;https://codefor.de;;Open-Source, Web-App, Dashboard;Technologie, Open Data
109;https://codefor.de/projekte/cologne-kulturpfade/;Kulturpfade Köln;https://chfinke.github.io/kulturpfadekoeln, https://github.com/chfinke/kulturpfadekoeln;OK Lab Köln, Code for Germany;Laufend;Das Projekt soll die Informationen zu den Kulturpfaden Köln zusammentragen und in einer nutzbaren Form darstellen. Es handelt sich dabei um eine Reihe von Rad- bzw. Wanderwegen im Kölner Stadtgebiet. …;CC-BY 4.0;https://codefor.de;;Webseite, Kartenanwendung, Datenvisualisierung;Kultur, Stadt, Tourismus, Köln
110;https://codefor.de/projekte/cologne-kvbrad/;KVB Fahrräder in Köln;https://tom.cologne.codefor.de/kvbrad/, https://github.com/codeforcologne/kvbrad;OK Lab Köln, Code for Germany;Laufend;Die Webapplikation KVB Fahrräder stellt eine mögliche Nutzung Kölns durch Fahrräder dar. Grundlage hierfür sind die Daten, die durch KVB-Rad Köln zur Verfügung gestellt werden in Kombination des …;CC-BY 4.0;https://codefor.de;;Web-App, Datenvisualisierung, Kartenanwendung;Mobilität, Stadt, Verkehr, Köln
111;https://codefor.de/projekte/hh-laenderfinanzausgleich/;Länderfinanzausgleich visualisieren;http://public.tableausoftware.com/profile/#!/vizhome/LFA_v2/Dashboard1, http://de.wikipedia.org/wiki/L%C3%A4nderfinanzausgleich;OK Lab Hamburg, Code for Germany;Unbekannt;Im Länderfinanzausgleich werden jährlich riesige Summen bewegt. Daten über die Höhe der Zahlungen liegen seit 1950 durchgehend vor. In dem Projekt sollen verschiedene Visualisierungsansätze und -tools …;CC-BY 4.0;https://codefor.de;;Datenvisualisierung, Web-App;Verwaltung, Transparenz, Datenanalyse, Open Data
112;https://codefor.de/projekte/da-leika-tool/;LeiKa-Tool;https://opengovtech.de/leika/, https://github.com/codedust/leika-tool/;Code for Germany;Laufend;Der Leistungskatalog der öffentlichen Verwaltung (LeiKa) ist ein Verzeichnis aller Verwaltungsleistungen, die von Bund, Ländern und den Kommunen erbracht werden. Der LeiKa definiert für jede …;CC-BY 4.0;https://codefor.de;LeiKa-Tool;Web-App;Verwaltung
113;https://codefor.de/projekte/le-leipziggiesst/;Leipzig giesst;https://www.leipziggiesst.de/, https://app.leipziggiesst.de/, https://play.google.com/store/apps/details?id=webviewgold.leipziggiesst, https://apps.apple.com/de/app/leipzig-gie%c3%9ft/id6443637713?platform=iphone, https://github.com/CodeforLeipzig/leipziggiesst;OK Lab Leipzig, Code for Germany;Laufend;"Auf dieser Plattform kannst Du Dich über Bäume in deiner Nachbarschaft und ihren Wasserbedarf informieren.
Du kannst einzelne Bäume adoptieren und markieren, wenn Du sie gegossen hast.
Dieses Projekt …";CC-BY 4.0;https://codefor.de;;Web-App, Webseite;Stadtplanung, Umweltschutz, Klima, Partizipation
114;https://codefor.de/projekte/leipzig-maps/;Leipzig Maps;https://codeforleipzig.github.io/leipzigmaps/, https://github.com/CodeforLeipzig/leipzigmaps;OK Lab Leipzig, Code for Germany;Abgeschlossen;"Eine Karte von Leipzig die Daten zur Stadt wiedergibt.
Die Karte gibt u.a. folgende Daten wieder:
Leipzig - Schwimmhallen (leipzig.de) Leipzig - Freibäder (leipzig.de) Leipzig - Spielplätze …";CC-BY 4.0;https://codefor.de;;Karten, Web-App;Stadtplanung, Open Data, Datenanalyse, Verwaltung
115;https://codefor.de/projekte/le-leipzigpumpt/;Leipzig pumpt;https://codeforleipzig.github.io/leipzig_auf_pump/, https://github.com/CodeforLeipzig/leipzig_auf_pump, https://stiftung-ecken-wecken.de/content/leipzig-pumpt-handschwengelpumpen-wiederbeleben;OK Lab Leipzig, Code for Germany;Abgeschlossen;"Auf dieser Webseite kannst Du Dich über die Handschwengelpumpen (inklusive abgebaute und inaktive) in Leipzig informieren.
Das Projekt nutzt die Daten von Wikipedia als auch die Daten aus …";CC-BY 4.0;https://codefor.de;;Webseite;Stadtplanung, Umweltschutz, Nachhaltigkeit, Kultur
116;https://codefor.de/projekte/le-rallymap/;Leipzig Rally Map;https://codeforleipzig.github.io/rallymap, https://github.com/CodeforLeipzig/rallymap;OK Lab Leipzig, Code for Germany;Abgeschlossen;Das Projekt Rally Map (vormaliger Name war Mobmap 🙂) stellt das Versammlungsgeschehen in Leipzig auf einer interaktiven Karte dar. Dabei werden die Orte und Straßen, auf den Versammlungen stattfinden, …;CC-BY 4.0;https://codefor.de;Mobmap;Karte, Web-App, Datenvisualisierung, Interaktive Karte;Stadt, Demokratie, Politische Bildung, Open Data, Partizipation
117;https://codefor.de/projekte/dus-ruhr-lernmedien-buddy/;Lernmedien-Buddy;https://github.com/publicplan/hackathon-prototype, http://www.learnline.schulministerium.nrw.de;OK Lab Ruhrgebiet, Code for Germany;Laufend;Der Lernmedien-Buddy ist eine App (iOS und Android) für Schüler*innen, mit deren hilfe spielerisch nach Lernmaterialien gesucht werden kann. Durch “social logins” bringt die App Suchende …;CC-BY 4.0;https://codefor.de;;Open-Source, Web-App, E-Learning, Plattform;Bildung, Jugend, Kinder- und Jugendhilfe, Partizipation
118;https://codefor.de/projekte/lieblingsplatz/;Lieblingsplatz;https://github.com/lieblingsplatz/lieblingsplatz;OK Lab Berlin, Code for Germany;Unbekannt;Finde einen Lieblingsplatz in einer KiTa in Berlin! Auf einer Karte siehst Du KiTas und Tagesmütter in eurer Nähe und kannst sie filtern nach Dingen, die Dir wichtig sind.;CC-BY 4.0;https://codefor.de;;Web-App, Kartenanwendung;Stadtplanung
119;https://codefor.de/projekte/jena-linkedopenhaushalt/;Linked Open Haushalt;http://www.offenes-jena.com/Apps/OffenerHaushalt, https://github.com/OffenesJena/OffenerHaushalt;OK Lab Jena, Code for Germany;Unbekannt;Der offene Haushalt mit seiner wohlbekannten TreeMap-Visualisierung ist natürlich der interessanteste Datensatz jeder offenen Stadt. Wir gehen einen Schritt weiter und setzen den Haushalt direkt mit …;CC-BY 4.0;https://codefor.de;;Datenvisualisierung, Web-App, Datenportal;Open Data, Transparenz, Stadt, Verwaltung
120;https://codefor.de/projekte/bie-linked-data/;Linked Open Statistical Data;https://github.com/codeforbielefeld/LinkedData;Code for Bielefeld, Code for Germany;Laufend;Im Projekt Linked Data haben wir uns zunächst mit Linked Open Statistical Data beschäftigt. Dafür haben wir die Daten des Bielefelder Statistikamtes in Linked Data transformiert, also statt in …;CC-BY 4.0;https://codefor.de;;Datenportal, Open-Source, Datenstandards;Open Data, Verwaltung, Stadt, Datenanalyse
121;https://codefor.de/projekte/hn-lorawan/;LoRaWAN Gateways in Heilbronn;https://codeforheilbronn.de/projects/2018-02-08-LoraWan, https://codeforheilbronn.de/2018/05/17/ttn-lora-gateway.html;Code for Heilbronn, Code for Germany;Unbekannt;Das Internet der Dinge setzt neue Anforderungen an die Datenübertragungen in Städten und auf dem Land. Neue Funktechniken setzten auf immer schnellere Übetragungsraten zulasten der Reichweite. …;CC-BY 4.0;https://codefor.de;;Plattform, Monitoring;Stadt, Technologie, Vernetzung, Open Data, Datenanalyse
122;https://codefor.de/projekte/le-luftqualitaet_sachsen/;Luftqualität Sachsen;http://www.umwelt.sachsen.de/umwelt/infosysteme/luftonline/recherche.aspx, https://github.com/CodeforLeipzig/luftqualitaet_sachsen, https://commons.wikimedia.org/wiki/File:2014-02_Halle_Street_Art_89.jpg;OK Lab Leipzig, Code for Germany;Abgeschlossen;"Eine übersichtliche Darstellung der Messwerte aller sächsischen Messstationen zur Luftqualität. Zu jeder Messstation werden die Daten detailliert als Tabelle und Diagramm dargestellt.
Umsetzung Daten: …";CC-BY 4.0;https://codefor.de;;Webseite, Datenvisualisierung, Open Data;Umwelt, Klima, Umweltschutz, Datenanalyse
123;https://codefor.de/projekte/le-madmemory/;Mad Memory;https://madmemory.joergreichert.now.sh, https://codingdavinci.de/de/projekte/madmemory, https://github.com/joergreichert/madmemory;OK Lab Leipzig, Code for Germany;Abgeschlossen;"Online-Memory-Spiel, das dazu einlädt, sich genauer mit Wörtern aus dem Rheinischen Mitmachwörterbuch und dem Sächsischen Wörterbuch zu beschäftigen.
Das Projekt als Beitrag zum Coding da Vinci West …";CC-BY 4.0;https://codefor.de;;Web-App, Open-Source, Interaktive App;Kultur, Bildung
124;https://codefor.de/projekte/magdeburg-magd-o-mat/;Magd-O-Mat 2019;https://www.magdeburg-waehlt.de;OK Lab Magdeburg, Code for Germany;Abgeschlossen;"Der Magd-O-Mat ist ein Magdeburger Wahl-O-Mat nach dem Vorbild des von der Bundes- und Landeszentrale für politische Bildung eingesetzten Wahl-o-Maten.
Er wird für die Kommunalwahlen von Magdeburg …";CC-BY 4.0;https://codefor.de;Magd-O-Mat;Web-App;Wahlen, Stadt
125;https://codefor.de/projekte/magdeburg-magd-o-mat-2024/;Magd-O-Mat 2024;https://www.magdeburg-waehlt.de;OK Lab Magdeburg, Code for Germany;Laufend;"Der Magd-O-Mat ist ein Magdeburger Wahl-O-Mat nach dem Vorbild des von der Bundes- und Landeszentrale für politische Bildung eingesetzten Wahl-o-Maten.
Er wird für die Kommunalwahlen von Magdeburg …";CC-BY 4.0;https://codefor.de;Magd-O-Mat;Web-App;Wahlen
126;https://codefor.de/projekte/magdeburg-giesst/;Magdeburg gießt;https://magdeburg-giesst.de, https://github.com/code-for-magdeburg/magdeburggiesst;OK Lab Magdeburg, Code for Germany;Laufend;Auf dieser Plattform kannst Du Dich über Bäume in Deiner Nachbarschaft und ihren Wasserbedarf informieren. Du kannst einzelne Bäume adoptieren und markieren, wenn Du sie gegossen hast. Wenn Du die …;CC-BY 4.0;https://codefor.de;;Webseite, Kartenanwendung, Datenvisualisierung, Plattform;Stadtplanung, Umweltschutz, Nachhaltigkeit, Klima, Partizipation
127;https://codefor.de/projekte/magdeburg-magdego/;MagdeGo;http://magdego.de;OK Lab Magdeburg, Code for Germany;Abgeschlossen;"UPDATE: Aufgrund Druck von Dritter (wir nennen keine Namen) musste MagdeGo offline genommen werden. Wir planen aber einen Relaunch.
Kein lästiges Warten mehr auf deine Straßenbahn, die ausgerechnet …";CC-BY 4.0;https://codefor.de;MagdeGo;Web-App;Mobilität, Öffentlicher Nahverkehr, Verkehr
128;https://codefor.de/projekte/maifeuer-chemnitz/;Maifeuer 2014 in Chemnitz;http://codeforchemnitz.de/projects/maifeuer2014;OK Lab Chemnitz, Code for Germany;Abgeschlossen;Auf einer Karte werden die Maifeuer in Chemnitz übersichtlich dargestellt. Die Daten wurden von der Stadt Chemnitz als Text veröffentlicht.;CC-BY 4.0;https://codefor.de;;Webseite, Kartenanwendung, Datenvisualisierung;Stadt, Umwelt, Stadtplanung, Klimaschutz
129;https://codefor.de/projekte/le-villamajorelle/;Majorelle Mystery;http://majmys.art, https://codingdavinci.de/de/projekte/majorelle-mystery, https://github.com/joergreichert/MajorelleMysteryApp, https://github.com/The-Villains/MajorelleMysteryApp, https://www.hlsplayer.net/mp4-player#type=mp4&src=https%3A%2F%2Fgithub.com%2FThe-Villains%2FMajorelleMysteryApp%2Freleases%2Fdownload%2F0.7%2FMajorelleMystery-Linux-Video-0.7.mp4;OK Lab Leipzig, Code for Germany;Abgeschlossen;"Online Escape-Game, das in der berühmten Jugendstil-Villa Majorelle in Nancy spielt – samt deren ehemaligen Besitzer:innen und Erbauer:innen.
Umsetzung Das Spiel wurde mit der Game-Engine Godot in …";CC-BY 4.0;https://codefor.de;;Online-Spiel, Web-App, Open-Source;Kultur, Partizipation, Tourismus
130;https://codefor.de/projekte/meine-stadt-transparent/;Meine Stadt Transparent;http://meine-stadt-transparent.de/, http://github.com/meine-stadt-transparent/meine-stadt-transparent/, https://prototypefund.de/project/open-source-ratsinformationssystem/;OK Lab München, Code for Germany;Laufend;Meine Stadt Transparent ist ein vom Prototype Fund gefördertes Projekt. Mit dieser Förderung können wir für 6 Monate, vom September 2017 bis Februar 2018, an dem Projekt arbeiten. Wir hatten uns unter …;CC-BY 4.0;https://codefor.de;;Open-Source, Plattform, Web-App;Stadt, Verwaltung, Partizipation, Datenanalyse
131;https://codefor.de/projekte/stgt-efa-meta-api/;Meta API für Elektronische Fahrplanauskunft;http://efa.asw.io/, https://efa-api.asw.io, https://github.com/opendata-stuttgart, http://www.stuttgarter-zeitung.de/inhalt.open-vvs-day-von-stoerungsmelder-bis-tarifabitur.68a3662d-8bc0-4a99-941a-2454d077520c.html, https://de.wikipedia.org/wiki/Elektronische_Fahrplanauskunft_%28Software%29;OK Lab Stuttgart, Code for Germany;Laufend;Im Rahmen des Open VVS Day der Stuttgarter Zeitung wurde ein JSON-API entwickelt, welches das Application Programming Interface (API) der Elektronischen Fahrplanauskunft (EFA) in eine RESTful API …;CC-BY 4.0;https://codefor.de;;API;Mobilität, Verkehr, Öffentlicher Nahverkehr
132;https://codefor.de/projekte/metacollect/;metacollect;http://metacollect.org, https://github.com/metacollect-org/;OK Lab Berlin, Code for Germany;Laufend;metacollect stellt eine zentrale Datenbank für zivilgesellschaftliche Projekte zur Verfügung, die sich mit anderen Plattformen synchronisiert. Derzeit liegt der Fokus im Bereich der Geflüchtetenhilfe. …;CC-BY 4.0;https://codefor.de;;Datenbank, Plattform, Open-Source;Flucht und Migration, Integration
133;https://codefor.de/projekte/muc-mietpreisspiegel/;Mietpreisspiegel;https://codefor.de/projekte/muc-mietpreisspiegel/;OK Lab München, Code for Germany;Abgeschlossen;Ziel ist ein faktenbasierter Mietspiegel für München.;CC-BY 4.0;https://codefor.de;;Datenportal;Wohnen, Stadtplanung
134;https://codefor.de/projekte/gi-mietspiegel/;Mietspiegel Gießen;https://github.com/CodeForGiessen/mietspiegel;OK Lab Gießen, Code for Germany;Laufend;"Eine Interaktive Karte mit den aktuellen Mietpreisen pro Quadratmeter in verschiedene Bereiche aufgeteilt.
Dieses Projekt sucht aktuell dringend Leute die mitmachen wollen.";CC-BY 4.0;https://codefor.de;;Interaktive Karte, Kartenanwendung, Webseite, Datenvisualisierung;Stadtplanung, Wohnen, Datenanalyse, Open Data
135;https://codefor.de/projekte/gi-muellkalender/;Müllkalender App Gießen;https://github.com/CodeForGiessen/muellkalender;OK Lab Gießen, Code for Germany;Laufend;"Wann wird welcher Abfall in meiner Straße abgeholt? Mit dieser App sieht man alles auf einen Blick und erhält auch Push-Nachrichten für die jeweilige Straße.
Dieses Projekt sucht aktuell dringend …";CC-BY 4.0;https://codefor.de;;Web-App, Kalender, Open-Source;Abfallwirtschaft, Stadt
136;https://codefor.de/projekte/muenchen-transparent/;München Transparent;https://www.muenchen-transparent.de/, https://github.com/codeformunich/Muenchen-Transparent;OK Lab München, Code for Germany;Laufend;München Transparent ist eine Plattform, die es Münchner BürgerInnen ermöglicht, schnell und einfach Einblicke in die Kommunalpolitik zu bekommen. Dazu werden die normalerweise nur schwer zugängliche …;CC-BY 4.0;https://codefor.de;;Webseite, Datenportal, Open-Source;Stadt, Demokratie, Verwaltung, Partizipation
137;https://codefor.de/projekte/le-museen/;Museen Mitteldeutschlands;http://damals.codeforleipzig.de/museums/, https://github.com/CodeforLeipzig/codingdavinciost2018/tree/master/de.oklab.leipzig.cdv.glams;OK Lab Leipzig, Code for Germany;Abgeschlossen;"Alle Museen Mitteldeutschlands auf einer Leaflet-Karte.
Dazu wurde aus OpenStreetMap alle Elemente, die einen Schlüssel “amenity” mit dem Wert “museum” haben, extrahiert.
Die …";CC-BY 4.0;https://codefor.de;;Kartenanwendung, Webseite, Open-Source;Kultur, Tourismus
138;https://codefor.de/projekte/mvg-rad-citybikes/;MVG Rad für citybik.es;https://citybik.es, https://github.com/eskerda/pybikes;OK Lab München, Code for Germany;Laufend;Da MVG Rad - das stadteigene Mietfahrradsystem - zwar wie in vielen anderen Städten auf Nextbike basiert, in München aber tatsächlich eine White-Label-Lösung zu sein scheint, konnte man bislang mit …;CC-BY 4.0;https://codefor.de;;Webseite, Open-Source, Datenportal;Mobilität, Stadt, Verkehr
139;https://codefor.de/projekte/newcomer/;Newcomer in der Region Mittelhessen;https://codefor.de/projekte/newcomer/;OK Lab Gießen, Code for Germany;Laufend;Die App hilft Neuankömmlingen nach dem Umzug in die Stadt Gießen. Seien es behördliche Erledigungen, die nach einem Umzug anfallen, dem Finden von gemeinnützigen und sozialen Projekten in Gießen oder …;CC-BY 4.0;https://codefor.de;;Web-App;Integration, Stadt, Soziale Arbeit, Partizipation
140;https://codefor.de/projekte/offener-haushalt-muenster/;Offener Haushalt Münster 2009-2013;http://offenerhaushalt.de/haushalt/muenster/;Code for Münster, Code for Germany;Abgeschlossen;Der Haushalt der Stadt Münster von 2009-2013 in OpenSpending integriert und auf offenerhaushalt.de veröffentlicht.;CC-BY 4.0;https://codefor.de;;Datenportal, Webseite, Open Data, Datenvisualisierung, Dashboard;Verwaltung, Transparenz, Stadt
141;https://codefor.de/projekte/wpt-offenerhaushalt/;Offener Haushalt Wuppertal;http://opendata.devtal.de/tree.php, https://github.com/Opendatal/Offener-Haushalt;OK Lab Wuppertal, Code for Germany;Laufend;Interaktive Visualisierung des Wuppertaler Haushalts, damit sich engagierte BürgerInnen leicht einen Überblick verschaffen können.;CC-BY 4.0;https://codefor.de;;Datenvisualisierung, Webseite;Verwaltung, Transparenz, Partizipation
142;https://codefor.de/projekte/offenerrat/;Offener Rat Münster;http://rat.codeformuenster.org/, http://github.com/codeformuenster/offenerrat-ms;Code for Münster, Code for Germany;Unbekannt;Ein Tool um die aktuellen Vorlagen und Sitzungen des Rates Münster zu sehen. Besser durchsuchbar und übersichtlicher als das Ratsinformationssystem der Stadt;CC-BY 4.0;https://codefor.de;;Webseite;Stadt, Verwaltung, Transparenz, Partizipation
143;https://codefor.de/projekte/jena-offenesratsinformationssystem/;Offener Stadtrat;http://www.offenes-jena.com/Apps/Stadtrat, https://github.com/OffenesJena/OffenerStadtrat;OK Lab Jena, Code for Germany;Unbekannt;Das Ratsinformationssystem der Stadt Jena ist zwar ganz nett, aber wenig zu einer umfassenden und vor allem automatischen Information der Bürger geeignet. Mit diesem Projekt sollen die Inhalte besser …;CC-BY 4.0;https://codefor.de;;Datenportal, Web-App;Stadt, Verwaltung, Transparenz, Partizipation
144;https://codefor.de/projekte/be-oparl/;OParl;https://oparl.org, https://github.com/OParl/, https://dev.oparl.org/;OK Lab Berlin, Code for Germany;Laufend;"OParl ist eine Initiative zur Standardisierung des offenen Zugriffs auf parlamentarische Informationssysteme in Deutschland.
Das Ziel von OParl ist die Schaffung einer Standard-API für den Zugang zu …";CC-BY 4.0;https://codefor.de;OParl;Open-Source, Plattform;Open Data, Verwaltung, Transparenz
145;https://codefor.de/projekte/fl-open-data-api/;Open Data API;https://github.com/oklabflensburg/open-data-api, https://api.oklabflensburg.de;OK Lab Flensburg, Code for Germany;Laufend;Die Open Data API ist eine Programmierschnittstelle, die vom OK Lab Flensburg entwickelt wird, um den einfachen Zugriff auf öffentliche Daten zu ermöglichen. Diese Daten können von Gemeinden, …;CC-BY 4.0;https://codefor.de;;Open-Source, Open Data, Datenportal;Open Data, Verwaltung, Stadt, Datenanalyse
146;https://codefor.de/projekte/od-atlas/;Open Data Atlas;http://opendata.tursics.de, https://github.com/tursics/open-data-atlas;OK Lab Berlin, Code for Germany;Laufend;"Übersicht über alle Open Data Angebote in Deutschland.
Alle Open Data Portal aus Deutschland, Österreich und der Schweiz. Sowohl die staatlichen Portale als auch die zivilgesellschaftlich betriebenen …";CC-BY 4.0;https://codefor.de;;Webseite, Datenportal, Kartenanwendung, Open Data;
147;https://codefor.de/projekte/open_data_rallye/;Open Data Rallye;https://digitaltag.eu/opendata-rallye, https://github.com/codeforbielefeld/Digitaltag2021;Code for Bielefeld, Code for Germany;Abgeschlossen;Im Rahmen des Digitaltags 2021 haben wir für dich eine OpenData-Rallye entlang der Promenade initiiert. Du wirst auf dieser Strecke verschiedene QR-Codes und auch eine Beschreibung des Weges finden. …;CC-BY 4.0;https://codefor.de;;Open Data, Karten;Open Data, Stadt, Bildung, Partizipation
148;https://codefor.de/projekte/open-legal-data/;Open Legal Data;https://de.openlegaldata.io/, https://github.com/openlegaldata/oldp, https://openlegaldata.io/research/2019/02/19/court-decision-dataset.html;OK Lab Berlin, Code for Germany;Laufend;"Open Legal Data ist eine freie juristische Datenbank für Gesetze und Urteile.
Obwohl Urteile im Namen des Volkes ergehen, werden sie oft nur in kommerziellen Datenbanken oder gar nicht veröffentlicht. …";CC-BY 4.0;https://codefor.de;;Open-Source, Datenportal, API, Open Data, Datenbank, Webseite;Recht, Transparenz, Open Data, Verwaltung, Datenanalyse
149;https://codefor.de/projekte/cologne-openair/;OpenAir Cologne;http://openair.codingcologne.de, https://github.com/openaircgn;OK Lab Köln, Code for Germany;Laufend;OpenAir Cologne ist ein gemeinsames Projekt von Teilnehmern des Oklab Cologne, der Stadt Köln und Everykey. Wir wollen gemeinsam in Köln 20 Sensoren in einem Pilotprojekt aufstellen, um zu sehen wie …;CC-BY 4.0;https://codefor.de;;Datenportal, Web-App;Luftqualität, Umwelt, Stadt, Köln, Open Data
150;https://codefor.de/projekte/wpt-openbus/;OpenBus;http://openbus.devtal.de/, https://github.com/Opendatal/openbus;OK Lab Wuppertal, Code for Germany;Laufend;Entstanden als Techdemo für einen OpenDataDay in Wuppertal. Greift die Daten vom Abfahrtsmonitor ab und visualisiert sie auf Google Maps.;CC-BY 4.0;https://codefor.de;;Web-App, Datenvisualisierung, Karten;Stadt, Verkehr, Mobilität, Öffentlicher Nahverkehr
151;https://codefor.de/projekte/opendatawizzard/;OpenDataWizzard;https://codeforcologne.github.io/OpenDataWizzard, https://github.com/codeforcologne/OpenDataWizzard;OK Lab Köln, Code for Germany;Abgeschlossen;"Eine kleine Hilfestellung um Daten und deren Sammlungen optimal für alle verfügbar zu machen.
Schritt für Schritt werden im Folgenden die Unterschiede zwischen Daten, Datensätzen, Datenbanken und …";CC-BY 4.0;https://codefor.de;;Webseite, Open-Source;Open Data, Datenanalyse, Datenmanagement
152;https://codefor.de/projekte/cologne-opennoise-map/;OpenNoise Map;https://openmaps.online/noise, https://github.com/codeforcologne/OpenNoiseMap;OK Lab Köln, Code for Germany;Abgeschlossen;Mit dieser Web-Karte lassen sich tägliche Überschreitungswerte des maximal gemessenen Schalldruckes aus den Daten der Sensor Community interaktiv darstellen.;CC-BY 4.0;https://codefor.de;;Webseite, Kartenanwendung, Datenvisualisierung;Stadt, Umwelt, Klima
153;https://codefor.de/projekte/hn-osm-editor/;OpenStreetMap QA Editor;http://editor.osmsurround.org/, https://github.com/grundid/tracks-editor;Code for Heilbronn, Code for Germany;Abgeschlossen;"Dieses Tool hilft bei der Verbesserung der Qualität von OpenStreetMap Daten.
Es ermöglicht die schnelle Anzeige und Bearbeitung von:
Tracks ohne tracktype Straßen ohne sidewalk oder footway Tag Tracks …";CC-BY 4.0;https://codefor.de;;Web-App, Open-Source, Datenportal;Barrierefreiheit, Stadtplanung, Mobilität, Verkehr
154;https://codefor.de/projekte/bn-oepnv-tracking/;ÖPNV Tracking in Echtzeit;https://codefor.de/projekte/bn-oepnv-tracking/;OK Lab Bonn-Rhein-Sieg, Code for Germany;Laufend;Der Verkehrsverbund Rhein/Sieg hat eine Programmierschnittstelle (API), für die man sich als Entwickler (auf Nachfrage) einen API Key geben lassen kann. Im ersten Schritt gibt es darüber erst einmal …;CC-BY 4.0;https://codefor.de;;Web-App, Datenvisualisierung, Open-Source, Monitoring;Verkehr, Mobilität, Öffentlicher Nahverkehr, Stadt
155;https://codefor.de/projekte/pb-kneipen/;Paderborner Kneipenplan;https://fsmi.uni-paderborn.de/kneipenplan/, http://codeforpb.github.io/Kneipenplan/, https://github.com/codeforpb/Kneipenplan;CodeforPB, Code for Germany;Unbekannt;Der Kneipenplan ist ca. 1990 nach einer Vision von Kim und Tö entstanden. Ursprünglich noch auf Papier gezeichnet und fotokopiert, steht der Kneipenplan aktuell auf den Seiten der Fachschaft …;CC-BY 4.0;https://codefor.de;;Webseite, Kartenanwendung, Web-App;Stadtplanung, Kultur, Tourismus
156;https://codefor.de/projekte/pb-parking/;Parken in Paderborn;https://github.com/codeforpb/parking_pb;CodeforPB, Code for Germany;Unbekannt;Inspiriert von Parkplätze Dresden. Stellt die Informationen des Parkleitsystems der Stadt Paderborn übersichtlich und schnell erfassbar auf einer Karte dar. Des Weiteren gibt es einen Log der …;CC-BY 4.0;https://codefor.de;;Karte, Web-App;Stadtplanung, Mobilität, Verkehr
157;https://codefor.de/projekte/ms-parkleit-api/;Parkleitsystem API Münster;http://parkleit-api.codeformuenster.org/, https://github.com/codeformuenster/parkleitsystem-api;Code for Münster, Code for Germany;Unbekannt;Ein Wrapper für das Parkleitsystem des Tiefbauamts Münster;CC-BY 4.0;https://codefor.de;;Web-App;Stadtplanung, Verkehr, Mobilität
158;https://codefor.de/projekte/cologne-pegelbot/;Pegelbot;https://github.com/hatorikibble/pegelbot;OK Lab Köln, Code for Germany;Abgeschlossen;"Wasserstand mit kölschem Flair - Der Pegelbot Die Stadtentwässerungsbetriebe Köln stellen Daten zum aktuellen Pegelstand des Rheins über eine offene Schnittstelle zur Verfügung.
Der …";CC-BY 4.0;https://codefor.de;;Monitoring, Datenvisualisierung, Prozessautomatisierung, Web-App;Umweltschutz, Stadt, Köln, Datenanalyse
159;https://codefor.de/projekte/hn-poetryslam/;Poetry Slam;http://poetryslam.opendatalab.de/admin.html, https://github.com/opendata-heilbronn/poetryslam, https://codeforheilbronn.de/projects/2016-12-01-slammaster;Code for Heilbronn, Code for Germany;Abgeschlossen;Für die Landesmeisterschaften im Poetry Slam (BWSLAM 2016) hat Code for Heilbronn ehrenamtlich eine Präsentationssoftware entwickelt. Die Webanwendung ermöglicht, Teilnehmer, Wettbewerbe, Gruppen und …;CC-BY 4.0;https://codefor.de;;Web-App, Open-Source;Kultur, Veranstaltung
160;https://codefor.de/projekte/portable-linked-profiles/;Portable Linked Profiles;https://github.com/hackers4peace/plp-docs, http://profiles.allmende.io/, http://directory.open-steps.org/;OK Lab Berlin, Code for Germany;Laufend;"PLP proposes a pattern for the creation, storage, listing and representation of public profile data for people, groups, organizations, venues and a large etcetera.
Based on Open Web Standards, Common …";CC-BY 4.0;https://codefor.de;PLP;Open-Source, Datenstandards, Verzeichnis / Karte;Datenschutz, Partizipation, Open Data
161;https://codefor.de/projekte/p-trinkwasser/;Potsdamer Leitungswasser;http://wahllokalfinder.herokuapp.com/potsdam, https://github.com/open-data-potsdam/wahllokalfinder-cgn;OK Lab Potsdam, Code for Germany;Laufend;Leitungswasser gehört zu den am strengsten kontrollierten Lebensmitteln in Deutschland. Regelmäßig veröffentlichen die Wasserwerke ihre Messwerte. Danke an das OpendataLab in Heilbronn für die …;CC-BY 4.0;https://codefor.de;;Open Data, Datenvisualisierung, Webseite;Wasserversorgung, Umweltschutz, Transparenz
162;https://codefor.de/projekte/ulm-projekte/;Projekte rund um Ulm;http://ulmapi.de/#projekte;OK Lab Ulm, Code for Germany;Unbekannt;Du wolltest schon immer wissen, wie weit Dich der Ulmer Nahverkehr in einer Viertelstunde bringt? Ob Dein Vorname wirklich kein zweites Mal an der Uni Ulm vorkommt? Oder suchst am Sonn- oder Feiertag …;CC-BY 4.0;https://codefor.de;;Datenvisualisierung, Offene Daten, Interaktive Datenexploration;Stadtplanung, Bildung, Partizipation
163;https://codefor.de/projekte/quereinsteigende/;Quereinsteigende;http://www.tursics.de/story/quereinsteigende/, https://github.com/tursics/schule-quereinsteiger;OK Lab Berlin, Code for Germany;Abgeschlossen;"Verteilung von Lehrkräfte-Quereinsteigenden über Berliner Bezirke
Die Daten aus der Kleinen Anfrage „Lehrkräfte-Quereinsteigende in den Berliner Schulen im Schuljahr 2018/2019“ wurde auf dieser Karte …";CC-BY 4.0;https://codefor.de;;Datenvisualisierung, Interaktive Karte, Open Data;Bildung, Stadtplanung
164;https://codefor.de/projekte/radlquartier/;Radlquartier München;http://mvg.manuel.red, https://github.com/codeformunich/radlquartier, https://transit.robbi5.com;OK Lab München, Code for Germany;Laufend;Aufbereitung und Auswertung von Bikesharing Daten. Im Moment können MVG Rad Daten ausgewertet werden, das Ziel des Projekts ist es ein einheitliches Datenformat für die Aufbereitung von …;CC-BY 4.0;https://codefor.de;;Datenanwendung für Öffentlichkeit, Open-Source, Webseite, Datenvisualisierung, Datenanalyse;Stadtplanung, Verkehr, Mobilität, Klimaschutz, Umweltschutz
165;https://codefor.de/projekte/dd-ratskarte/;Ratskarte Dresden;http://ratskarte.offenesdresden.de/, https://github.com/astro/democropticon;Open Data Dresden, Code for Germany;Laufend;Finde Dokumente aus dem städtischen Ratsinfosystem welche Straßen in deiner Umgebung erwähnen.;CC-BY 4.0;https://codefor.de;dd-ratskarte;Open-Source, Datenanwendung für Öffentlichkeit, Interaktive Karte, Open Data;Stadtplanung, Transparenz, Bürgerbeteiligung, Open Data
166;https://codefor.de/projekte/dus-raumamateur/;Raumamateur;https://codefor.de/projekte/dus-raumamateur/;OK Lab Düsseldorf, Code for Germany;Laufend;Der Raumamateur ist eine App, die Dich durch einen Klick, einen Kommentar oder einen visuellen Beitrag (Foto oder Video) am Prozess der Stadtgestaltung teilhaben lässt. Die App stellt die Planungen …;CC-BY 4.0;https://codefor.de;;Partizipation, Karte, Interaktive App;Stadtplanung, Partizipation
167;https://codefor.de/projekte/frankfurt-parkendd/;Real-time parking lot app for Frankfurt am Main;https://parkendd.de/map.html#Frankfurt, https://parkendd.de, https://github.com/codeforfrankfurt/ParkAPI;OK Lab Frankfurt, Code for Germany;Abgeschlossen;"Displaying parking lot information for Frankfurt in a 5 min interval.
The city of Frankfurt displays parking lot information on its website But it’s list form is hardly helpful, so we’ve …";CC-BY 4.0;https://codefor.de;;Datenanwendung für Öffentlichkeit, Kartenanwendung, Interaktive Karte, Open Source, Datenvisualisierung, Web-App;Stadtplanung, Verkehr, Mobilität, Umweltschutz, Klimaschutz
168;https://codefor.de/projekte/magdeburg-rechte-gewalt/;Rechte Gewalt in Deutschland;https://vis.one/rechte-gewalt;OK Lab Magdeburg, Code for Germany;Abgeschlossen;Berichte von Übergriffen rechter Gewalt werden kartiert, um die Allgegenwärtigkeit von rechten Straftaten aufzuzeigen. Achtung: Das Lesen der Berichte ist nichts für schwache Nerven.;CC-BY 4.0;https://codefor.de;;Karte, Datenvisualisierung, Open Data;Antirassismus, Gewalt, Recht, Transparenz, Wahlen
169;https://codefor.de/projekte/hn-muellabfuhrtermine/;Recyclinghof-Finder;http://recycling.gonam.de/, https://github.com/opendatalab-de/recycling-map;Code for Heilbronn, Code for Germany;Laufend;"Mobiloptimierte Karte aller Recyclinghöfe im Stadt- und Landkreis Heilbronn + Kalender-Dateien (ICS) nach Wohnort mit den Müllabfuhrterminen zum Download in den eigenen Kalender.
Alle Recyclinghöfe …";CC-BY 4.0;https://codefor.de;;Datenanwendung für Öffentlichkeit, Kartenanwendung, Open Data;Umweltschutz, Abfallwirtschaft, Stadtplanung
170;https://codefor.de/projekte/ruhrgebiet-recyclingkarte/;Recyclingkarte;https://abfallkarte.openruhr.de, https://github.com/CodeforRuhrgebiet/recycling-map-essen;OK Lab Ruhrgebiet, Code for Germany;Laufend;Die Recyclingkarte zeigt alle Altkleider-, Altpapier- und Altglas-Container in Essen.;CC-BY 4.0;https://codefor.de;;Karte, Open Source, Datenvisualisierung, Webseite;Umweltschutz, Abfallwirtschaft, Stadtplanung
171;https://codefor.de/projekte/refugeeapp/;Refugees Gießen;https://github.com/CodeForGiessen/refugeeApp, https://github.com/CodeForGiessen/refugeeService;OK Lab Gießen, Code for Germany;Laufend;Das Thema Flüchtlinge interessiert uns alle und das OK Lab Gießen hat sich entschlossen eine sogenannte RefugeeApp zu entwickeln. Mit Hilfe dieser App sollen die ersten Monate für neu angekommene …;CC-BY 4.0;https://codefor.de;RefugeeApp;Datenanwendung für Öffentlichkeit, Interaktive App, Open-Source;Flucht und Migration, Integration, Partizipation
172;https://codefor.de/projekte/be-drl-refugeeworks/;RefugeesWork;http://www.refugeeswork.com/, https://github.com/refugeeswork/organization, https://youtu.be/5v-xx_7MIH0;OK Lab Berlin, Code for Germany;Laufend;RefugeesWork ist das Projekt eines interationalen Teams, das einen schnellen Einstieg ins Berufsleben für Newcomer ermöglichen will. Aus eigener Erfahrung konzentrieren sie sich dabei auf Angebote für …;CC-BY 4.0;https://codefor.de;;Beratung, Webseite, Datenanwendung für Öffentlichkeit;Integration, Flucht und Migration, Arbeit
173;https://codefor.de/projekte/cologne-sagsunskoeln/;Sag's uns App Köln;http://, https://github.com/codeforcologne/sagsunskoeln-app;OK Lab Köln, Code for Germany;Laufend;Den Service Sag’s uns der Stadt Köln nutzen Bürger, um ihre Probleme mit dem Kölner Stadtbild zu melden. Dazu gehören z.B. wilder Müll, Schrotträder, kaputte Straßenlaternen und mehr. Das klappt …;CC-BY 4.0;https://codefor.de;;Datenanwendung für Öffentlichkeit, Interaktive App, Kartenanwendung;Stadtplanung, Umweltschutz, Bürgerbeteiligung
174;https://codefor.de/projekte/jena-save-o-meter/;Save-O-Meter;http://www.connectingcities.net/project/save-o-meter, https://github.com/OffenesJena/Save-O-Meter, http://www.jena.de/de/hoehepunkte/city_culture_science_festival/427028;OK Lab Jena, Code for Germany;Abgeschlossen;"Messe, visualisiere und beeinflusse Deinen Strom- und Wasserbedarf und die Menge deines Mülls!
Die Idee für dieses Projekt entstammt dem ‘In/Visible Cities: Prototyping Lab’, welches als …";CC-BY 4.0;https://codefor.de;;Datenvisualisierung, Interaktive App, Open Data;Energie, Umweltschutz, Klimaschutz, Stadtplanung
175;https://codefor.de/projekte/cologne-schulen-in-koeln/;Schulen in Köln;http://schuleninkoeln.github.io, https://github.com/schuleninkoeln;OK Lab Köln, Code for Germany;Laufend;Ziel dieses Projektes ist es Schulen und Schüler bezogen auf Stadtteile in Köln anzuzeigen. Beim Überfahren der farblich durch die Anzahl der Schüler unterschiedenen Stadtteile, wird die Anzahl der …;CC-BY 4.0;https://codefor.de;;Datenvisualisierung, Interaktive Karte, Web-App;Stadtplanung, Bildung, Partizipation
176;https://codefor.de/projekte/schulen-in-nrw/;Schulen in NRW;http://unserpad.de/p/SchulenNRW, https://github.com/CodeforRuhrgebiet/schulen-in-nrw, https://open.nrw/de/dataset/msw_001;OK Lab Ruhrgebiet, Code for Germany;Laufend;Eine Karte mit allen Schulen in ganz NRW. Dieses Projekt ist beim Open Data Day 2016 entstanden.;CC-BY 4.0;https://codefor.de;;Open Data, Karte;Bildung, Open Data
177;https://codefor.de/projekte/schulradar-ruhrgebiet/;Schulradar Ruhrgebiet;https://codeforruhrgebiet.github.io/schulradar/, https://github.com/CodeforRuhrgebiet/schulradar, https://open.nrw/de/dataset/msw_001;OK Lab Ruhrgebiet, Code for Germany;Laufend;Dieses Projekt ist eine Webseite, auf der die Schulen im Ruhrgebiet zu finden sind. Es gibt statistische Berechnungen zu den Städten, Karten für einzelne Städte und eine Karte für das gesamte …;CC-BY 4.0;https://codefor.de;;Webseite, Kartenanwendung, Datenvisualisierung;Bildung, Stadtplanung
178;https://codefor.de/projekte/cologne-s5p-no2-map/;Sentinel-5P NO2 Map;https://openmaps.online/s5p_no2, https://github.com/codeforcologne/Sentinel5P-NO2-Map;OK Lab Köln, Code for Germany;Abgeschlossen;Seit Januar 2024 gibt es den Copernicus Browser. Damit lassen sich Sentinel Daten global in einer Karte visualisieren. Dies umfasst auch die NO2 Daten. Sämtliche Daten der Sentinel-5P Mission können …;CC-BY 4.0;https://codefor.de;;Interaktive Karte, Datenvisualisierung, Web-App;Umweltschutz, Klimaschutz, Stadtplanung
179;https://codefor.de/projekte/bodenfeuchtigkeit/;Sichtbarmachung von Bodenfeuchtigkeit im Teutoburger Wald;https://github.com/codeforbielefeld/teuto-soil-moisture-map, https://bodenfeuchte.org/;Code for Bielefeld, Code for Germany;Laufend;"Was wir machen:
Wir messen die Bodenfeuchte an verschiedenen Stellen in und um Bielefeld. Dafür nutzen wir Open-Source-Hardware zum selbst zusammenbauen, und die Funktechnologie LoRaWAN. Diese …";CC-BY 4.0;https://codefor.de;;Open-Source, Datenvisualisierung, Interaktive Karte, Citizen Science, Sensorik;Umweltschutz, Klimaschutz, Wissenschaft, Bildung, Partizipation
180;https://codefor.de/projekte/be-feinstaub-sos/;SOS für Feinstaub-Daten;https://github.com/52North/SOS, https://github.com/52North/sos-importer, https://github.com/52North/js-sensorweb-client, /projekte/2014-07-01-be-blume.html, https://github.com/johnjohndoe/SOS-Importer-Blume, https://github.com/johnjohndoe/blume_sos_adapter;OK Lab Berlin, Code for Germany;Laufend;"Feinstaub-Daten über den SOS-Standard als API zur Verfügung stellen - als Karte und Diagramme darstellen.
Der Sensor Observation Service (SOS) ist ein vom OGC spezifizierter Standard zur Speicherung …";CC-BY 4.0;https://codefor.de;;Datenanwendung für Öffentlichkeit, Open Source, Datenvisualisierung, API, Interaktive Karte;Umweltschutz, Luftqualität, Open Data, Partizipation
181;https://codefor.de/projekte/fl-open-social-map/;Sozialatlas der Stadt Flensburg;https://github.com/oklabflensburg/open-social-map, https://www.flensburg.de/Leben-Soziales/Familie-Soziales/Sozialatlas, https://sozialatlas.oklabflensburg.de, https://dev.sozialatlas.oklabflensburg.de;OK Lab Flensburg, Code for Germany;Laufend;Der digitale Sozialatlas soll eine Grundlage für verschiedene Planungsaktivitäten der Stadt Flensburg und deren Büger:innen anbieten. Ziel ist die differenzierte Beobachtung von relevanten …;CC-BY 4.0;https://codefor.de;;Datenvisualisierung, Interaktive Karte, Open Data;Stadtplanung, Soziale Arbeit, Partizipation
182;https://codefor.de/projekte/cologne-spielplaetze/;Spielplätze in Köln;http://horald.github.io/meinspielplatz/, https://github.com/horald/meinspielplatz;OK Lab Köln, Code for Germany;Laufend;Eine Auflistung von Spiel- und Sportplätzen in Köln auf einer Openstreetmap. Die Liste kann nach Stadtbezirken und Stadtteilen gefiltert werden. Diese Seite wurde nur mit html und javascript …;CC-BY 4.0;https://codefor.de;;Webseite;Stadt, Kinder- und Jugendhilfe
183;https://codefor.de/projekte/fl-open-playgrounds-map/;Spielplatzkarte der Stadt Flensburg;https://github.com/oklabflensburg/open-playgrounds-map, https://spielplatzkarte.oklabflensburg.de;OK Lab Flensburg, Code for Germany;Laufend;Diese webbasierte Karte ist auf Basis der Daten des TBZ Flensburg entstanden. Diese Institution führt zwar selbst eine Karte der “Spielflächen”, wie sie im Amtsdeutsch bezeichnet werden, …;CC-BY 4.0;https://codefor.de;;Web-App;Stadt
184;https://codefor.de/projekte/hh-spielplatzwuesten/;Spielplatzwüsten kartieren;http://achim-tack.de/projects/spielplatzwuesten/hh_spielplatzwuesten.html, http://www.openstreetmap.org/;OK Lab Hamburg, Code for Germany;Laufend;Wie gerecht sind eigentlich die Spielplätze in Hamburg räumlich verteilt? In dem Projekt sollen verschiedene Auswertungen durchgeführt werden, die mit Spielplätzen ggf. unterversorgte Bereiche in …;CC-BY 4.0;https://codefor.de;;Karten, Datenvisualisierung, Datenanalyse;Stadtplanung, Kinder- und Jugendhilfe
185;https://codefor.de/projekte/fl-open-transport-map/;Stadtplan mit dem Nahverkehr in Flensburg;https://github.com/oklabflensburg/open-transport-map, https://overpass-turbo.eu, https://nahverkehr.oklabflensburg.de;OK Lab Flensburg, Code for Germany;Laufend;Der Nahverkehr spielt eine entscheidende Rolle in unserem täglichen Leben. Er ermöglicht es uns, zur Arbeit zu gelangen, Freunde und Familie zu besuchen und unsere Stadt zu erkunden. Ein effizienter …;CC-BY 4.0;https://codefor.de;;Webseite, Interaktive Karte, Karten;Verkehr
186;https://codefor.de/projekte/ms-stadtradeln-vis/;Stadtradeln Heatmap;https://codeformuenster.org/stadtradeln-vis/, https://github.com/codeformuenster/stadtradeln-vis;Code for Münster, Code for Germany;Abgeschlossen;Das Projekt “Stadtradeln-Vis” zeigt eine so genannte Heatmap-Visualisierung der Fahrten, die während der der Stadtradeln-Aktion in den Jahren 2018, 2019 und 2020 in Münster gemacht worden …;CC-BY 4.0;https://codefor.de;Stadtradeln-Vis;Datenvisualisierung, Visualisierung mit Karten, Web-App, Interaktive Karte, Dashboard;Mobilität, Stadtplanung, Verkehr, Open Data
187;https://codefor.de/projekte/le-ratskarte_leipzig/;Stadtratmonitor Leipzig;https://stadtratmonitor.leipzig.codefor.de/, https://ratsinfo.leipzig.de, https://github.com/CodeforLeipzig/allris-scraper, https://github.com/CodeforLeipzig/allris-scraper/actions, https://github.com/CodeforLeipzig/stadtratmonitor;OK Lab Leipzig, Code for Germany;Abgeschlossen;"Durchsuche das Ratsinformationssystem der Stadt Leipzig und abboniere deine Suchergebnisse!
Durchsuche das Ratsinformationssystem der Stadt Leipzig per Volltextsuche oder über detailierte Filter. …";CC-BY 4.0;https://codefor.de;;Webseite, Dashboard, Open-Source, Monitoring;Stadt, Verwaltung
188;https://codefor.de/projekte/stolpersteine-app/;Stolpersteine App;https://itunes.apple.com/de/app/stolpersteine-in-berlin/id640731757?mt=8, https://play.google.com/store/apps/details?id=com.option_u.stolpersteine, https://github.com/optionu/stolpersteine-ios;OK Lab Berlin, Code for Germany;Unbekannt;Stolpersteine sind kleine Gedenktafeln im Straßenpflaster zur Erinnerung an die Opfer des Nationalsozialismus. Mehr als 40.000 davon hat der Künstler Gunter Demnig mittlerweile in ganz Europa verlegt. …;CC-BY 4.0;https://codefor.de;;Web-App;Kultur
189;https://codefor.de/projekte/hn-stolpersteine/;Stolpersteine in Heilbronn;http://stolpersteine-heilbronn.de, https://github.com/opendata-heilbronn/stolpersteine, http://himsel.me/07-06-2017-Stolpersteine-in-Heilbronn-&-Kitzingen.html;Code for Heilbronn, Code for Germany;Abgeschlossen;"In den letzten Monaten ist im Rahmen des OKLabs und in Zusammenarbeit mit dem Stadtarchiv in Heilbronn eine Website für die Stolperstein-Aktion in Heilbronn entstanden.
Stolpersteine sind Denkmäler …";CC-BY 4.0;https://codefor.de;;Webseite, Open-Source;Antirassismus, Menschenrechte, Kultur
190;https://codefor.de/projekte/fl-open-trees-map/;Straßenbäume der Stadt Flensburg;https://github.com/oklabflensburg/open-trees-map, https://opendata.schleswig-holstein.de/dataset/baumkataster-flensburg-2023-05-11, https://baumkataster.oklabflensburg.de;OK Lab Flensburg, Code for Germany;Laufend;Im ersten Schritt haben wir einen vorhandenen Datensatz der Straßenbäume der Stadt Flensburg genutzt, um eine einfache Darstellung auf der Karte als transparente Anlaufstelle für Interessierte zu …;CC-BY 4.0;https://codefor.de;;Kartenanwendung, Datenvisualisierung, Web-App, Datenportal;Umweltschutz, Klima, Stadtplanung
191;https://codefor.de/projekte/md-strassennamen/;Straßennamen Magdeburg;https://code-for-magdeburg.github.io/streetnames-md/;OK Lab Magdeburg, Code for Germany;Abgeschlossen;Stellt die nach Personen benannten Magdeburger Straßen aufgeschlüsselt nach deren jeweiligem Geschlecht dar.;CC-BY 4.0;https://codefor.de;;Web-App, Datenvisualisierung;Geschlechtergerechtigkeit
192;https://codefor.de/projekte/be-street-trees-api/;Street Trees API;https://github.com/codeforberlin/trees-api, https://github.com/codeforberlin/trees-mapnik, https://github.com/codeforberlin/trees-map, https://github.com/codeforberlin/tree-column-names, https://github.com/codeforberlin/treemeta;OK Lab Berlin, Code for Germany;Laufend;"The street trees project aims at providing an API for street tree data. We build a RESTful API on top of geospatially referenced tree data.
The API acts as the foundation for various client …";CC-BY 4.0;https://codefor.de;;Datenportal;Umweltschutz, Stadtplanung
193;https://codefor.de/projekte/wpt-talso/;Tal, so?;http://www.tal.so/;OK Lab Wuppertal, Code for Germany;Abgeschlossen;Suchmaschine, von und für Wuppertal!;CC-BY 4.0;https://codefor.de;;Webseite;Stadt
194;https://codefor.de/projekte/wpt-talomat/;Talomat;http://www.talomat.de/, https://github.com/Opendatal/Talomat;OK Lab Wuppertal, Code for Germany;Laufend;"Der Talomat ist ein Wuppertaler Wahl-O-Mat nach dem Vorbild des von der Bundes- und Landeszentrale für politische Bildung eingesetzten Wahl-o-Maten.
Er wurde für die Kommunalwahlen 2014 eingesetzt. …";CC-BY 4.0;https://codefor.de;;Web-App;Wahlen, Politische Bildung
195;https://codefor.de/projekte/wpt-talradparken/;Talradparken;http://talradparken.de, https://github.com/Opendatal/kartenkarte.org;OK Lab Wuppertal, Code for Germany;Abgeschlossen;Talradparken zeigt, wo man sicher sein Fahrrad in Wuppertal anschließen kann.;CC-BY 4.0;https://codefor.de;;Web-App, Datenportal, Kartenanwendung;Mobilität, Stadtplanung
196;https://codefor.de/projekte/hh-thingsonbikelanes/;Things On Bikelanes;http://thingsonbikelanes.tumblr.com/;OK Lab Hamburg, Code for Germany;Laufend;Hamburg ist nicht gerade die fahrradfreundlichste Stadt Deutschlands. Das monothematische Blog Things On Bikelanes sammelt Beispiele für Behinderungen auf Hamburgs Radwegen. CodeforHH hat aus den …;CC-BY 4.0;https://codefor.de;Things On Bikelanes;Datenportal, Karten, Datenvisualisierung, Web-App, Interaktive Karte;Mobilität, Stadtplanung
197;https://codefor.de/projekte/ffm-toiletsforthedisabled/;Toilets for the Disabled;http://tftd.herokuapp.com, https://github.com/codeforffm/toilets_for_the_disabled;OK Lab Frankfurt, Code for Germany;Laufend;Toilets for the Disabled zeigt ca. 1800 behindertengerechte Toiletten auf der Karte von Frankfurt. Die einzelnen Punkte sind mit sehr ausführlichen Informationen versehen. Etwa der Türbreite und der …;CC-BY 4.0;https://codefor.de;;Karte, Open Data, Datenportal, Interaktive Karte;Barrierefreiheit, Inklusion, Behinderte
198;https://codefor.de/projekte/be-trinkwasser/;Trinkwasser Berlin;http://berlin.codefor.de/trinkwasser, http://github.com/k-nut/trinkwasser;OK Lab Berlin, Code for Germany;Laufend;Trinkwasser gilt als das am besten kontrollierte Lebensmittel in Deutschland. Und trotzdem wissen wir sehr wenig über das Wasser, das bei uns aus dem Hahn kommt. Selbst wenn die Zahlen auf den …;CC-BY 4.0;https://codefor.de;;Datenportal, Datenvisualisierung, Open Data;Umweltschutz, Wasser
199;https://codefor.de/projekte/trinkwasser/;Trinkwasser in Köln;https://codeforcologne.github.io/trinkwasser/, https://github.com/codeforcologne/trinkwasser;OK Lab Köln, Code for Germany;Laufend;Trinkwasser, wir alle nutzen es täglich. Es liegt daher nahe, sich über das Trinkwasser Gedanken zu machen und sich zu fragen: “Woraus setzt sich mein Trinkwasser zusammen und wie schneidet es …;CC-BY 4.0;https://codefor.de;;Webseite, Datenportal, Datenanwendung für Öffentlichkeit;Wasser, Umweltschutz, Köln
200;https://codefor.de/projekte/twitterdashboard/;Twitter Dashboard;https://www.hackster.io/wirsam/twitter-dashboard-zur-bundestagswahl-2017-f27862, mailto:kontakt@intuisoft.de;OK Lab Bonn-Rhein-Sieg, Code for Germany;Laufend;Ein Dashboard mit analogen Zeigern signalisiert die Frequenz von Tweets, die über die einzelnen Parteien abgesetzt werden.;CC-BY 4.0;https://codefor.de;;Datenvisualisierung, Datenportal, Dashboard;Wahlen, Politische Bildung, Demokratie
201;https://codefor.de/projekte/umweltzone/;Umweltzone Android app;https://github.com/umweltzone/umweltzone, https://play.google.com/store/apps/details?id=de.avpptr.umweltzone;OK Lab Berlin, Code for Germany;Laufend;The Umweltzone app enables citizens to look up the areas of cities which are restricted for being used by cars limited by their specific emission profile. The app shows the outline of the low emission …;CC-BY 4.0;https://codefor.de;;Datenanwendung für Öffentlichkeit, Interaktive App, Datenportal;Umweltschutz, Verkehr
202;https://codefor.de/projekte/fl-open-accident-map/;Unfallkarte der Stadt Flensburg;https://github.com/oklabflensburg/open-accident-map, https://unfallatlas.statistikportal.de, https://unfallkarte.oklabflensburg.de;OK Lab Flensburg, Code for Germany;Laufend;Während einer kleinen Brainstorming Session ist diese interaktive webbasierte Karte mit den Daten des Bundesamtes für Kartographie und Geodäsie entstanden. Nach einigen Stunden der maschinellen …;CC-BY 4.0;https://codefor.de;;Interaktive Karte, Datenportal, Datenvisualisierung;Stadtplanung, Verwaltung, Umweltschutz
203;https://codefor.de/projekte/vbb-api/;VBB-API-Schnittstelle;https://github.com/derhuerst/vbb-modules;OK Lab Berlin, Code for Germany;Laufend;Im Rahmen dieses Projekts sind eine entwicklerfreundliche HTTP-API für Echtzeitdaten und mehrere Module für statische Daten entstanden. Außerdem habe ich einen Telegram-Bot geschrieben und möchte eine …;CC-BY 4.0;https://codefor.de;;API, Datenportal, Open-Source;Mobilität, Verkehr, Öffentlicher Nahverkehr
204;https://codefor.de/projekte/cologne-veranstaltungen/;Veranstaltungen in Köln;http://codeforcologne.github.io/koelner-veranstaltungskalender/, https://github.com/codeforcologne/koelner-veranstaltungskalender;OK Lab Köln, Code for Germany;Laufend;Mithilfe dieser doppelten Visualisierung auf Karte und Kalender kann man Veranstaltungen der Stadt Köln sowohl nach dem Kriterium Ort wie auch Datum suchen. Zu jeder Veranstaltung werden Infos und …;CC-BY 4.0;https://codefor.de;;Webseite, Kartenanwendung, Visualisierung mit Karten, Kalender;Kultur, Stadt, Köln
205;https://codefor.de/projekte/cologne-verkehr/;Verkehrsmeldungen Köln;http://baustellen-koeln.meteor.com, https://github.com/pajoma/BauMel;OK Lab Köln, Code for Germany;Laufend;Wer in Köln wissen will, wann in der Umgebung seines Auto-Parkplatzes eine verkehsbezogene Meldung ist - um z.B. zu verhindern, dass das Auto abgeschlept wird - hat in der App die Möglichkeit seine …;CC-BY 4.0;https://codefor.de;;Webseite, Datenportal, Datenanwendung für Öffentlichkeit;Mobilität, Verkehr, Stadtplanung
206;https://codefor.de/projekte/cologne-verteilte-daten-vernetzen/;Verteilte Daten vernetzen mit JSON-LD;https://codeforcologne.github.io/linked-distributed-data/, https://github.com/codeforcologne/linked-distributed-data;OK Lab Köln, Code for Germany;Abgeschlossen;Die Idee zu diesem Prototyp ist es, Daten dezentral auf Servern zu speichern und diese via JSON-LD zu vernetzen. WebCrawler können die Daten dann indexieren und für spezielle Anwendungen aufbereiten. …;CC-BY 4.0;https://codefor.de;;Webseite, Datenportal, Vernetzung;Stadt, Technologie, Datenschutz
207;https://codefor.de/projekte/jena-virtuellesjena/;Virtuelles Jena;http://www.offenes-jena.com, https://github.com/OffenesJena/OSMImports, http://www.mapillary.com, http://www.graphhopper.com;OK Lab Jena, Code for Germany;Laufend;Stellenweise ist Jena in der Open-Street-Map noch unentdecktes Land. Vor allem Gebäudeumrisse und Hausnummern, aber auch viele gastronomische, touristische Point-of-Interests fehlen um ein brauchbares …;CC-BY 4.0;https://codefor.de;;Open-Source, Datenportal, Karten, Datenvisualisierung, Interaktive Karte;Stadtplanung, Mobilität, Umweltschutz, Tourismus
208;https://codefor.de/projekte/bn-stolpersteine/;Visualisierung der Bonner Stolpersteine;https://github.com/penpendede/stolperstein-bonn, https://stolpersteine.codeforbonn.de/;OK Lab Bonn-Rhein-Sieg, Code for Germany;Abgeschlossen;Die bekannten Stolpersteine jetzt auch für Bonn.;CC-BY 4.0;https://codefor.de;;Datenvisualisierung, Web-App, Open Data;Geschichte, Kultur, Gedenken
209;https://codefor.de/projekte/le-lvz_polizeiticker_visualisierung/;Visualisierung der Polizeiticker Meldungen der Leipziger Volkszeitung;https://lvz-viz.leipzig.codefor.de/, http://www.lvz-online.de/leipzig/polizeiticker/r-polizeiticker.html, https://github.com/CodeforLeipzig/lvz-viz;OK Lab Leipzig, Code for Germany;Abgeschlossen;"Eine Weboberfläche zur Visualisierung von Tickermeldungen aus der Leipziger Volkszeitung samt Crawler, Named Entity Recognition, Elastic Search und LeafletJS.
Umsetzung die Server-seitige Anwendung …";CC-BY 4.0;https://codefor.de;;Datenvisualisierung, Web-App, Open Source;Innere Sicherheit, Justiz, Stadtplanung
210;https://codefor.de/projekte/be-drl-volunteer-planner/;Volunteer-Planner;https://volunteer-planner.org, https://github.com/coders4help/volunteer_planner/;OK Lab Berlin, Code for Germany;Laufend;Der Volunteer-Planner ist eine Schichtplanungsplattform von Ehrenamtlichen fuer Ehrenamtliche. Mit ihm koennen organisationsuebergreifend bisher ungebundene Ehrenamtliche sich einfach und kurzfristig …;CC-BY 4.0;https://codefor.de;;Plattform, Schichtplanungsplattform;Geflüchtete, Integration
211;https://codefor.de/projekte/vornamen/;Vornamen App;http://www.tursics.de/nameyourbabe, https://github.com/tursics/NameYourBabe;OK Lab Berlin, Code for Germany;Abgeschlossen;"Ein Namenslexikon für werdende Eltern mit offenen Daten aus ganz Deutschland.
Für die Smartphone-App habe ich alle Open Data Portale abgegrast und nachgefragt nach Vornamen-Statistiken. Mittlerweile …";CC-BY 4.0;https://codefor.de;;Open Data, Datenportal, Datenanwendung für Öffentlichkeit, Smartphone-App;Offene Daten, Familie, Bevölkerung
212;https://codefor.de/projekte/wahlometer/;Wahl-O-Meter;https://friesenkiwi.github.io/wahl-o-meter/, https://github.com/friesenkiwi/wahl-o-meter/;OK Lab Ruhrgebiet, Code for Germany;Laufend;Im Rahmen der Wahlsalons soll im Datenschatz der Wahl-O-Maten der Bundeszentrale für politische Bildung geschürft werden: Die Daten werden aufbereitet und zueinander in Beziehung gesetzt, ein offenes …;CC-BY 4.0;https://codefor.de;Wahl-O-Meter;Open-Source, Datenportal, Plattform, Datenanwendung für Öffentlichkeit, Interaktiver Fragebogen, Datenauswertung, Datenvisualisierung;Wahlen, Politische Bildung, Demokratie, Bildung, Partizipation
213;https://codefor.de/projekte/wahlbeteiligung/;Wahlbeteiligung;https://github.com/weberius/wahlbeteiligung, mailto:eberius@gmail.com;OK Lab Köln, Code for Germany;Laufend;Das Projekt wahlbeteiligung soll die Wahlbeteiligung auf einer Karte veranschaulichen. Es soll darüber hinaus Eigenschaften der Umgebung dazu in Bezug setzen.;CC-BY 4.0;https://codefor.de;;Kartenanwendung, Datenvisualisierung, Interaktive Karte;Wahlen, Politische Bildung, Demokratie
214;https://codefor.de/projekte/wahldatentransparenzranking/;Wahldatentransparenzranking;;OK Lab Berlin, Code for Germany;Laufend;With the Wahldatentransparenzranking, we will examine the information offerings by the Statistische Landesämter in the case of election data. A focus will be on the (missing) openness of election data …;CC-BY 4.0;https://codefor.de;Wahldatentransparenzranking;Datenportal, Datenanalyse, Datenauswertung, Visualisierung;Wahlen, Transparenz, Demokratie
215;https://codefor.de/projekte/wahlkompass-digitales/;Wahlkompass Digitales;https://www.hiig.de/wahlkompass, https://github.com/mstats/wahlkompass/;OK Lab Berlin, Code for Germany;Laufend;Der Wahlkompass Digitales schafft Transparenz im Wahlkampf und zeigt, welche Antworten die deutschen Parteien auf digitalpolitische Fragen haben. Das Tool ermöglicht, Wahlprogramme zu Digitalthemen in …;CC-BY 4.0;https://codefor.de;;Plattform für Wahlentscheidungen, Datenanwendung, Web-App;Wahlen, Politische Bildung, Demokratie
216;https://codefor.de/projekte/le-wahldaten/;Wahlkreise in Sachsen;https://codeforleipzig.github.io/wahldaten/, https://github.com/CodeforLeipzig/wahldaten;OK Lab Leipzig, Code for Germany;Abgeschlossen;"Das Projekt hat sich zum Ziel gesetzt, die Wahlkreise in Sachsen zur Landtagswahl maschinenlesbar bereitstellen.
Da keine Shapefile mit den sächsischen Wahlkreisen gefunden werden konnte, sondern nur …";CC-BY 4.0;https://codefor.de;;Datenportal, Datenanwendung für Öffentlichkeit, Interaktiver Fragebogen, Karten, Datenauswertung, Datenvisualisierung, Web-App;Wahlen, Politische Bildung, Demokratie, Transparenz
217;https://codefor.de/projekte/p-wahllokalfinder/;Wahllokale Potsdam;http://wahllokalfinder.herokuapp.com/potsdam, https://github.com/open-data-potsdam/wahllokalfinder-cgn;OK Lab Potsdam, Code for Germany;Abgeschlossen;Wo sind die Potsdamer Wahllokale zur Bundestagswahl 2017?;CC-BY 4.0;https://codefor.de;;Webseite, Datenportal;Wahlen, Politische Bildung
218;https://codefor.de/projekte/wahllokalfinder/;Wahllokalfinder;http://wahllokalfinder.herokuapp.com;OK Lab Köln, Code for Germany;Laufend;Am Sonntag, den 14. Mai, wählte NRW einen neuen Landtag. Der von der Stadt Köln, Railslove und „Kölner Stadt-Anzeiger“ präsentierte Wahllokalfinder #Köln zeigt alle 240 Wahllokale an, und lotste die …;CC-BY 4.0;https://codefor.de;;Web-App, Plattform für Wahlentscheidungen, Kartenanwendung, Interaktive Karte;Wahlen, Stadtplanung, Politische Bildung, Demokratie
219;https://codefor.de/projekte/wahlprogramm-matrix/;Wahlprogramm-Matrix Kommunalwahl Münster 2014;http://codeformuenster.org/wahlprogramm-matrix, http://github.com/codeformuenster/wahlprogramm-matrix;Code for Münster, Code for Germany;Abgeschlossen;Ein Tool zum Vergleich von Abschnitten in Wahlprogrammen. Per Klick werden ähnliche Abschnitte zum Ausgewählten farblich hervorgehoben. Die Auswertung geschieht automatisiert mit NLP.;CC-BY 4.0;https://codefor.de;;Webseite, Natural Language Processing, Analyse von Sensordaten;Wahlen, Politische Bildung, Demokratie
220;https://codefor.de/projekte/wahlprogrammat/;Wahlprogrammquiz;mailto:nicolas.merz@wzb.eu, https://visuals.manifesto-project.wzb.eu/wahlprogrammquiz/;OK Lab Berlin, Code for Germany;Laufend;Ein Quiz zu den Inhalten der Wahlprogramme der sechs Parteien.;CC-BY 4.0;https://codefor.de;;Quiz, Interaktiver Fragebogen, Plattform für Wahlentscheidungen;Wahlen, Politische Bildung, Demokratie
221;https://codefor.de/projekte/be-wahlversprechen/;Wahlversprechen2013;http://wahlversprechen2013.de;OK Lab Berlin, Code for Germany;Unbekannt;wahlversprechen2013.de dokumentiert alle Wahlversprechen der Bundesregierung, d.h. die Inhalte des Koalitionsvertrags und die Inhalte der Wahlprogramme von SPD und CDU. Wir möchten im Verlauf der …;CC-BY 4.0;https://codefor.de;;Datenportal, Datenanwendung für Öffentlichkeit, Web-App, Datenvisualisierung;Wahlen, Politische Bildung, Demokratie, Transparenz
222;https://codefor.de/projekte/be-wartezeit-moers/;Wartezeit Moers;http://wartezeit.tursics.de/, https://github.com/tursics/wait-moers;OK Lab Berlin, Code for Germany;Abgeschlossen;Zeigt die durchschnittlichen Wartezeiten für den Bürgerservice in Moers nach Stunden und Tagen. Größere Kreise bedeuten längere, kleinere Kreise kürzere Wartezeiten. Mittwoch bis Samstag Vormittag …;CC-BY 4.0;https://codefor.de;;Datenportal, Datenvisualisierung, Web-App;Verwaltung, Wohnen, Stadt
223;https://codefor.de/projekte/hn-lk-wartezeiten/;Wartezeiten KFZ-Zulassungsstelle Heilbronn;http://wartezeit.opendatalab.de/, https://github.com/opendata-heilbronn/wartezeiten-KFZ-heilbronn, http://wartezeit.tursics.de/about.html;Code for Heilbronn, Code for Germany;Abgeschlossen;"Zeigt die durchschnittlichen Wartezeiten für die KFZ-Zulassungsstelle in Heilbronn nach Stunden und Tagen.
Bei diesem Projekt handelt es sich um ein Redeployment der Wartezeiten-Anwendung für das …";CC-BY 4.0;https://codefor.de;;Datenportal, Datenvisualisierung, Web-App;Verwaltung, Mobilität
224;https://codefor.de/projekte/frankfurt-was-bekomme-ich-fuer-meine-miete/;Was bekomme ich in Frankfurt für meine Miete?;https://mieten-ffm.netlify.com/;OK Lab Frankfurt, Code for Germany;Abgeschlossen;Visualisierung, die die Abhängigkeiten von verschiedenen Parametern wie Baumdichte, Ärztedichte und Kitplätzen zum Mietpreis anzeigt.;CC-BY 4.0;https://codefor.de;;Visualisierung, Datenvisualisierung, Web-App;Wohnen, Stadtplanung
225;https://codefor.de/projekte/hn-landtag/;Was macht mein Landtagsabgeordneter?;https://codefor.de/projekte/hn-landtag/;Code for Heilbronn, Code for Germany;Laufend;Die Abgeordneten im Landtag von Baden-Württemberg starten jeden Monat viele Initiativen und Anfragen zu ganz unterschiedlichen Themen. Wir wollen diese Daten besser zugängig machen und aufbereiten. …;CC-BY 4.0;https://codefor.de;;Datenportal, Datenvisualisierung, Web-App;Politische Bildung, Demokratie, Transparenz
226;https://codefor.de/projekte/le-trinkwasser/;Was steckt in meinem Leitungswasser?;https://trinkwasser.codeforleipzig.de/, https://github.com/codeforleipzig/trinkwasser;OK Lab Leipzig, Code for Germany;Abgeschlossen;"Qualitätswerte des Trinkwassers aus dem Versorgungsgebiet der MIDEWA schematisch und als Karte.
Trinkwasser gilt als das am besten kontrollierte Lebensmittel in Deutschland. Und trotzdem wissen wir …";CC-BY 4.0;https://codefor.de;;Datenportal, Karten, Datenvisualisierung, Open Data;Umweltschutz, Wasser, Trinkwasser
227;https://codefor.de/projekte/bundestagswahl/;was wäre wenn;https://codeforcologne.github.io/was-wenn/, https://github.com/codeforcologne/was-wenn;OK Lab Köln, Code for Germany;Abgeschlossen;Die Forderung nach einem Gesetz, daß die Wahl ab 16 Jahren erlaubt, ist schon seit langem ein Programmpunkt bei vielen Parteien. Wie würden sich aber die Ergebnisse verändern, wenn auch die junge …;CC-BY 4.0;https://codefor.de;;Webseite, Datenanalyse;Wahlen, Jugendarbeit, Politische Bildung
228;https://codefor.de/projekte/muc-finder/;Web-App zum Finden von bestimmten Orten (u.a. Defibrilatoren) in der Umgebung;http://codeformunich.github.io/FinderApp/, https://github.com/codeformunich/FinderApp;OK Lab München, Code for Germany;Laufend;Ziel des Projekts ist eine Web-App, die aus Open-Street-Map-Daten Orte einer bestimmten Kategorie, z.B. öffentliche Toiletten, Spielplätze oder Defibrilatoren in der Umgebung findet und dazu …;CC-BY 4.0;https://codefor.de;;Web-App, Open-Source, Datenportal;Gesundheit, Umweltschutz, Mobilität
229;https://codefor.de/projekte/ms-weihnachtsmarkt/;Weihnachtsmarkt-App Münster 2014;http://codeformuenster.org/weihnachtsmarkt/, https://github.com/codeformuenster/weihnachtsmarkt;Code for Münster, Code for Germany;Abgeschlossen;Weihnachtsmarkt-App Münster 2014 mit Warenangebotssuche auf einer Karte!;CC-BY 4.0;https://codefor.de;;Web-App, Kartenanwendung, Datenvisualisierung;Tourismus, Stadtplanung
230;https://codefor.de/projekte/be-xmas/;Weihnachtsmärkte;https://github.com/tursics/xmas-markets, http://www.tursics.de/xmasmarkets/de/;OK Lab Berlin, Code for Germany;Abgeschlossen;Alle Weihnachtsmärkte aus Berlin in einer App. Man nehme die Open Data-Liste aus Berlin, ein paar Pressetext und -bilder und baue eine App zusammen. Die App ist soweit fertig, muss aber jedes Jahr mit …;CC-BY 4.0;https://codefor.de;;Open Data, App, Datenanwendung;Tourismus, Kultur
231;https://codefor.de/projekte/wepublic/;Wepublic;https://www.wepublic.me, https://github.com/wepublic, mailto:hello@wepublic.me;OK Lab Berlin, Code for Germany;Laufend;"Mit dem Projekt Wepublic möchten wir die digitale Kommunikation zwischen Bürgern und Politikern grundsätzlich verändern - hin zu mehr Dialog, mehr Verständnis und mehr konstruktive Kritik.
Starten …";CC-BY 4.0;https://codefor.de;Wepublic;Plattform, Web-App, Datenanwendung für Öffentlichkeit;Politische Bildung, Demokratie, Wahlen
232;https://codefor.de/projekte/hh-baualterskarte/;Wie alt sind die Hamburger Gebäude?;http://hannes.enjoys.it/geo/odd2014/baujahr.html, http://inspire.daten-hamburg.de/DE_HH_Downloaddienst_INSPIRE_A3_2_Gebaeude/ServiceFeed.xml;OK Lab Hamburg, Code for Germany;Abgeschlossen;In den öffentlichen Geodaten der Stadt stecken einige interessante Datensätze: Auf dieser Karte sind beispielsweise die Baualtersklassen der Hamburger Gebäude (soweit bekannt) dargestellt.;CC-BY 4.0;https://codefor.de;;Karte, Datenportal, Interaktive Karte, Datenvisualisierung;Stadtplanung, Umweltschutz, Bauwesen
233;https://codefor.de/projekte/hh-bruecken/;Wie viele Brücken hat Hamburg?;http://hathamburgmehrbrueckenalsvenedig.tumblr.com/, https://www.openstreetmap.de/;OK Lab Hamburg, Code for Germany;Abgeschlossen;Wie viele Brücken hat Hamburg? Rund 2500 soll es laut Behörde sein. Das wären mehr als Venedig, Amsterdam und Stockholm zusammen. Damit steht Hamburg als brückenreichste Stadt Europas im Guinness Buch …;CC-BY 4.0;https://codefor.de;;Datenportal, Datenanalyse, Datenauswertung, Datenvisualisierung;Stadtplanung, Umweltschutz, Verkehr
234;https://codefor.de/projekte/wecount/;Wir zählen;https://berlin-zaehlt.de/, https://adfc-tk.de/wir-zaehlen/, https://github.com/codeforberlin/we-count/;OK Lab Berlin, Code for Germany;Laufend;“Wir zählen” möchte Verkehrszählungen aus dem Datenschatz des Projektes “Berlin zählt Mobilität” und darüber hinaus sichtbar machen. Das Ziel ist die Entwicklung eines …;CC-BY 4.0;https://codefor.de;;Datenportal, Datenvisualisierung, Interaktives Dashboard;Mobilität, Stadtplanung, Umweltschutz
235;https://codefor.de/projekte/le-woistmarkt/;Wo ist Markt?;http://wo-ist-markt.de/#leipzig, https://github.com/wo-ist-markt/wo-ist-markt.github.io;OK Lab Leipzig, Code for Germany;Abgeschlossen;"Wo ist gerade Wochenmarkt in Leipzig auf einer Karte dargestellt. Man kann für den aktuellen Tag filtern oder alle anzeigen. Die gerade stattfindenden Märkte werden grün gekennzeichnet.
Umsetzung …";CC-BY 4.0;https://codefor.de;;Web-App, Kartenanwendung, Datenportal;Landwirtschaft, Stadtplanung
236;https://codefor.de/projekte/wo-ist-testzentrum/;Wo ist Testzentrum?;https://wo-ist-testzentrum.de, https://github.com/CodeforLeipzig/wo-ist-testzentrum;OK Lab Leipzig, Code for Germany;Abgeschlossen;Auf einer Karte werden die Standorte von Corona-Test-Zentren in verschiedenen deutschen Städten und Gemeinden angezeigt. Durch einen Klick auf einen Kartenpin erfährst du, wann ein Test-Zentrum …;CC-BY 4.0;https://codefor.de;;Kartenanwendung, Open Source, Datenportal;Gesundheit
237;https://codefor.de/projekte/le-weihnachtsmarktkarte/;Wo ist Weihnachtsmarkt?;https://wo-ist-weihnachtsmarkt.codeforleipzig.de/, https://github.com/CodeforLeipzig/weihnachtsmarktkarte;OK Lab Leipzig, Code for Germany;Abgeschlossen;"Auf dieser Webseite kannst Du Dich über die Weihnachtsmärkte in Leipzig und näherere Umgebung informieren (Stand November bis Dezember 2022).
Dieses Projekt ist eine Adpation des Berliner …";CC-BY 4.0;https://codefor.de;;Webseite, Datenportal, Kartenanwendung, Interaktive Karte, Open Data;Tourismus, Stadtplanung, Kultur
238;https://codefor.de/projekte/be-schulsanierung/;Wo unsere Kinder lernen;http://schulsanierung.tursics.de, https://github.com/tursics/schulsanierung;OK Lab Berlin, Code for Germany;Abgeschlossen;"Viele Schulen in Berlin sind marode. Wie teuer die Sanierung wirklich wird, können Sie auf der Karte erkunden.
Die Toiletten stinken, Wasser tropft von der Decke, der Putz bröckelt von der Wand. …";CC-BY 4.0;https://codefor.de;;Webseite, Karte, Datenvisualisierung;Bildung, Stadtplanung
239;https://codefor.de/projekte/zug-direktverbindungen/;Zug-Direktverbindungen;https://direkt.bahn.guru, https://github.com/juliuste/direkt.bahn.guru;OK Lab Berlin, Code for Germany;Abgeschlossen;Eine Karte mit allen Zug-Direktverbindungen aus deiner Stadt.;CC-BY 4.0;https://codefor.de;;Karte, Open Data, Datenvisualisierung;Mobilität, Verkehr
240;https://codefor.de/projekte/zuwendungen/;Zuwendungsdatenbank;http://zuwendungen.net/, https://github.com/corny/zuwendungen;Code for Germany;Abgeschlossen;Die Zuwendungsdatenbank sammelt länderübergreifend frei zugängliche Daten über Zuwendungen, überführt sie in ein einheitliches Format und macht sie durchsuchbar.;CC-BY 4.0;https://codefor.de;;Datenportal, Open Data;Verwaltung, Transparenz
