Quelle;Projektname;Art;Einsatzbereich;Webseite-Link;Organisation;Status;Kurzzusammenfassung;Projekt-Abkürzung;Lizenz;Lizenz-Organisation;Index
https://correlaid.org/daten-nutzen/projektdatenbank/2022-11-ATT;Qualitätsanalyse von OpenStreetMap Daten für Trinkbrunnen;{'Datenanalyse': 'Datenanalyse', 'Explorative Analyse': 'Datenanalyse', 'Reporting': 'Datenreporting', 'Visualisierung': 'Datenreporting', 'Open Data': 'Öffentliche Daten', 'Prozess': '', 'Web-App': 'Webanwendungen'};{'Deutschland': '', 'Umweltschutz': 'Klima & Umwelt', 'Nachhaltigkeit': 'Klima & Umwelt', 'Ökologie': ''};https://correlaid.github.io/trinkbrunnen-analyse/map-deutschland-drinking-water.html, https://correlaid.github.io/trinkbrunnen-analyse/analysis-fountains-germany.html, https://github.com/CorrelAid/trinkbrunnen-analyse;a tip: tap e.V., CorrelAid e.V.;In Betrieb;Wir haben Open Street Maps-Daten zu Trinkbrunnen in Deutschland analysiert, unsere Ergebnisse mit offiziellen Zahlen verglichen und die Qualität der Metadaten verbessert.;;CC-BY 4.0;https://correlaid.org/;
https://correlaid.org/daten-nutzen/projektdatenbank/2023-10-ISH;Mithilfe von KI Wirkungsmessung skalieren;{'KI Anwendung': '', 'Datenanalyse': 'Datenanalyse', 'Datenanwendung für Öffentlichkeit': 'Datenanwendung für Öffentlichkeit', 'Datenerhebung': 'Datenerhebung', 'Prozessautomatisierung': 'Automatisierung', 'Wirkungsmessung': 'Wirkungsmessung'};{'Arbeit mit Kindern': 'Jugendhilfe', 'Chancengleichheit': 'Anti Dismkriminierung', 'Inklusion': 'Inklusion & Teilhabe', 'Kinder- und Jugendhilfe': 'Jugendhilfe', 'Soziale Arbeit': 'Soziale Dienste'};;In safe hands e.V., CorrelAid e.V.;In Betrieb;Wir haben ein Tool entwickelt, das die Auswertung von Teilnehmerbefragungen für ein sportpädagogisches Präventionsprogramm unterstützt. Dabei werden Algorithmen des maschinellen Lernens eingesetzt, um Kodierungen für Antworten vorzuschlagen und so Zeit für komplexere Fälle zu gewinnen.;;CC-BY 4.0;https://correlaid.org/;
https://correlaid.org/daten-nutzen/projektdatenbank/2021-04-SOS;Wertvolle Zeit sparen und Fehler vermeiden durch die Automatisierung von Prozessen;{'Automatisierung von Prozessen': '', 'Datenanalyse': 'Datenanalyse', 'Prozessautomatisierung': 'Automatisierung'};{'Bildung': 'Bildung', 'Wissenschaft': '', 'Forschung': '', 'Datenorientierung': ''};;Science on Stage e.V., CorrelAid e.V.;In Betrieb;Wir haben Skripte entwickelt, um die Datenverarbeitung für Science on Stage e.V. zu automatisieren, was ihnen Zeit und Mühe erspart und es ihnen ermöglicht, deine Arbeit stärker datenorientiert zu gestalten.;;CC-BY 4.0;https://correlaid.org/;
https://correlaid.org/daten-nutzen/projektdatenbank/2024-09-CHW;Automatisiertes Monitoring von Zielgruppenentwicklung im Zeitverlauf;{'Automatisierte Datenübermittlung': 'Datenmanagement', 'Reporting': 'Datenreporting', 'Datenanalyse': 'Datenanalyse', 'Datenerhebung': 'Datenerhebung', 'Datenvisualisierung': 'Datenreporting'};{'Kinder- und Jugendbildung': '', 'Bildungschancen': '', 'Soziale Arbeit': 'Soziale Dienste'};;Chancenwerk e.V., CorrelAid e.V.;In Betrieb;Unterstützung von Chancenwerk mit automatisierter Umfrageauswertung zur Reduzierung des Verwaltungsaufwands.;;CC-BY 4.0;https://correlaid.org/;
https://correlaid.org/daten-nutzen/projektdatenbank/2024-06-BAB;Automatisierte Fragebogenauswertung mit Generativer KI;{'Automatisierte Fragebogenauswertung mit Generativer KI': '', 'Reporting': 'Datenreporting', 'Umfrage': 'Datenerhebung'};{'Familienfreundlichkeit': '', 'Kinderbetreuung': '', 'Transport': '', 'Barrierefreiheit': 'Inklusion & Teilhabe', 'Familienfreundlichkeit in der Öffentlichkeit': '', 'Soziale Arbeit': 'Soziale Dienste'};https://github.com/CorrelAid/workshop-babylotse, https://github.com/CorrelAid/workshop-babylotse/blob/main/data/Umfrage%20DE%20submissions%202024-07-31%2000_25.csv, https://github.com/CorrelAid/workshop-babylotse/;Babylotse, CorrelAid e.V.;In Betrieb;Mithilfe von Large Language Models wertete CorrelAid e.V. die von der Initiative Babylotse Frankfurt erhobenen Umfragedaten zu Bedarfen von Familien mit Babys aus. Die identifizierten Bedürfnisse und Anliegen konnten so wirkungsvoll an politische Entscheidungsträger*innen kommuniziert werden. ;;CC-BY 4.0;https://correlaid.org/;
https://correlaid.org/daten-nutzen/projektdatenbank/2024-12-SIN;Automatisiertes Qualitätsmanagement für ein Mentoringprogramm;{'Automatisierte Datenübermittlung': 'Datenmanagement', 'Reporting': 'Datenreporting', 'Visualisierung': 'Datenreporting', 'Automatisierung': 'Automatisierung', 'Umfrage': 'Datenerhebung', 'Prozess': '', 'Verwaltung': ''};{'Jugendbeteiligung': 'Jugendhilfe', 'Jugendhilfe': 'Jugendhilfe', 'Mentoring': 'Bildung', 'Bildung': 'Bildung', 'Soziale Arbeit': 'Soziale Dienste'};;Sindbad, CorrelAid e.V.;In Planung;Ein flexibles Dashboard: Mentoring-Feedback einfach verstehen und gezielt auswerten.;;CC-BY 4.0;https://correlaid.org/;
https://correlaid.org/daten-nutzen/projektdatenbank/2023-12-DEM;Mit Daten zu transparenterer Demokratie;{'Datenanalyse': 'Datenanalyse', 'Datenerhebung': 'Datenerhebung', 'Datenanwendung für Öffentlichkeit': 'Datenanwendung für Öffentlichkeit', 'Digitale Plattform': 'Digitale Plattformen', 'Interaktive Karte': 'Karten & Verzeichnisse', 'Visualisierung mit Karten': 'Karten & Verzeichnisse'};{'Demokratie': 'Demokratie & Soziale Rechte', 'Transparenz': 'Inklusion & Teilhabe', 'Demokratie-Wegweiser': '', 'Mitmach-Demokratie': '', 'politische Beteiligung': ''};https://civic-data.de/ein-wegweiser-fuer-die-demokratie/, https://karte.demokratie-wegweiser.de;Demokratie-Wegweiser, Civic Data Lab, CorrelAid e.V.;In Betrieb;Entwicklung einer datenbasierten Lösung für das Projekt „Demokratie Wegweiser“: Bewältigung struktureller Probleme bei der Bereitstellung zuverlässiger Daten für Bürger.;;CC-BY 4.0;https://correlaid.org/;
https://correlaid.org/daten-nutzen/projektdatenbank/2024-04-TEN;Output Monitoring durch Entwicklung und Implementierung eines Fragebogen mithilfe von Fokusgruppen;{'Output Monitoring': 'Wirkungsmessung', 'Umfrage': 'Datenerhebung', 'Datenerhebung': 'Datenerhebung'};{'Jugendarbeit': 'Jugendhilfe', 'Jugendbeteiligung': 'Jugendhilfe', 'Jugendhilfe': 'Jugendhilfe', 'Soziale Arbeit': 'Soziale Dienste'};https://civic-data.de/output-monitoring-ten-sing/;CVJM-Gesamtverband in Deutschland e. V., Civic Data Lab, CorrelAid e.V.;In Betrieb;Bewältigung der Datenherausforderungen, denen die teilnehmenden Organisationen gegenüberstanden, und Sammlung von Erkenntnissen, damit sie ihren Gemeinden besser dienen können.;;CC-BY 4.0;https://correlaid.org/;
https://correlaid.org/daten-nutzen/projektdatenbank/2024-03-PZA;Open Data aus Bürger- und Jugendbeteiligungsprojekten;{'Datenerhebung': 'Datenerhebung', 'Datenmanagement': 'Datenmanagement', 'KI': '', 'Open Data': 'Öffentliche Daten', 'Verwaltung': '', 'Umfrage': 'Datenerhebung'};{'Demokratie': 'Demokratie & Soziale Rechte', 'Jugendbeteiligung': 'Jugendhilfe', 'Politische Bildung': 'Demokratie & Soziale Rechte', 'Bürgerbeteiligung': ''};https://civic-data.de/kommuki-open-data/;Politik zum Anfassen e.V., Civic Data Lab, CorrelAid e.V.;In Betrieb;Wir unterstützten die Umsetzung eines Datenprojekts durch das Civic Data Lab und halfen einer teilnehmenden Organisation bei der Bewältigung eines Datenproblems.;;CC-BY 4.0;https://correlaid.org/;
https://correlaid.org/daten-nutzen/projektdatenbank/2024-03-LEM;Unterstützung des Relaunchs des Leerstandsmelders;{'Datenanalyse': 'Datenanalyse', 'Datenerhebung': 'Datenerhebung', 'Digitale Plattform': 'Digitale Plattformen', 'Interaktive App': 'Webanwendungen', 'Interaktive Karte': 'Karten & Verzeichnisse', 'Umfrage': 'Datenerhebung', 'Webentwicklung': 'Webanwendungen'};{'Deutschland': '', 'Wohnen': 'Stadtentwicklung', 'Wohnungslosenhilfe': 'Soziale Dienste', 'Soziale Arbeit': 'Soziale Dienste', 'Stadt': 'Stadtentwicklung', 'Stadtplanung': 'Stadtentwicklung'};https://civic-data.de/leerstandsmelder/, https://leerstandsmelder.de;Leerstandsmelder, Gängeviertel e.V., Civic Data Lab, CorrelAid e.V.;In Betrieb;Back- und Frontend, Contententwicklung, UX-Testing und rechtliche Prüfung mit Umsetzung der entsprechenden Änderungen des Webseiten-Relaunchs von Leerstandsmelder.de;;CC-BY 4.0;https://correlaid.org/;
https://correlaid.org/daten-nutzen/projektdatenbank/2024-11-LAF;Auswertung einer Umfrage zu KI im Ehrenamt;{'Datenanalyse': 'Datenanalyse', 'Datenerhebung': 'Datenerhebung', 'Datenanwendung für Öffentlichkeit': 'Datenanwendung für Öffentlichkeit', 'Datenstandards': 'Datenmanagement', 'Datensatz und Visualisierung': 'Datenreporting', 'Reporting': 'Datenreporting', 'Visualisierung': 'Datenreporting'};{'Arbeit mit Kindern': 'Jugendhilfe', 'Antidiskriminierung': 'Anti Dismkriminierung', 'Antirassismus': 'Anti Dismkriminierung', 'Beratung': 'Soziale Dienste', 'Chancengleichheit': 'Anti Dismkriminierung', 'Demokratie': 'Demokratie & Soziale Rechte', 'Datenschutz': '', 'Evaluation': 'Organisation & Professionalisierung', 'Frauen': 'Anti Dismkriminierung', 'Geflüchtete': 'Flucht & Migration', 'Gleichberechtigung': 'Anti Dismkriminierung', 'Gleichstellung': 'Anti Dismkriminierung', 'Gesundheit': 'Gesundheit', 'Humanitäre Hilfe': 'Internationale Projekte', 'Inklusion': 'Inklusion & Teilhabe', 'Integration': 'Inklusion & Teilhabe', 'Internationales': '', 'Jugendarbeit': 'Jugendhilfe', 'Jugendbeteiligung': 'Jugendhilfe', 'Jugendhilfe': 'Jugendhilfe', 'KI': 'Gesundheit', 'Menschen mit Behinderung': 'Inklusion & Teilhabe', 'Menschenrechte': 'Demokratie & Soziale Rechte', 'Migration': 'Flucht & Migration', 'Migrationsberatung': 'Flucht & Migration', 'Nachhaltigkeit': 'Klima & Umwelt', 'Offene Daten': '', 'Partizipation': 'Inklusion & Teilhabe', 'Patenschaft': 'Organisation & Professionalisierung', 'Pflege': 'Gesundheit', 'Pflegende Angehörige': '', 'Queere Sichtbarkeit': 'Anti Dismkriminierung', 'Soziale Arbeit': 'Soziale Dienste', 'Sport': 'Sport', 'Stadt': 'Stadtentwicklung', 'Stadtplanung': 'Stadtentwicklung', 'Teilhabe': 'Inklusion & Teilhabe', 'Telemedizin': 'Gesundheit', 'Transparenz': 'Inklusion & Teilhabe', 'Umwelt': 'Klima & Umwelt', 'Umweltschutz': 'Klima & Umwelt', 'Vernetzung': 'Organisation & Professionalisierung', 'Verwaltung': 'Organisation & Professionalisierung', 'Wirkungsmessung': 'Organisation & Professionalisierung', 'Wohlfahrt': 'Soziale Dienste', 'Wohnen': 'Stadtentwicklung', 'Wohnungslosenhilfe': 'Soziale Dienste', 'Wissensmanagement': 'Organisation & Professionalisierung'};https://digital-vereint.de/aktuelles/ki-anwendungen-im-ehrenamt-hype-oder-echter-nutzen/, https://github.com/CorrelAid/dv_ai_survey, https://civic-data.de/ki-ehrenamt/;Civic Data Lab, lagfa bayern, CorrelAid e.V.;In Betrieb;Auswertung und Visualisierung einer Umfrage zum Einsatz von KI in der Freiwilligenarbeit.;;CC-BY 4.0;https://correlaid.org/;
https://correlaid.org/daten-nutzen/projektdatenbank/2025-01-SGC;Data Story mit Konstanzer Klima- und Wetterdaten;{'Data Story': '', 'Visualisierung': 'Datenreporting', 'Datenmanagement': 'Datenmanagement', 'Open Data': 'Öffentliche Daten', 'Smart Green City': ''};{'Klima': 'Klima & Umwelt', 'Umwelt': 'Klima & Umwelt', 'Stadt': 'Stadtentwicklung', 'Konstanz': '', 'Deutschland': ''};https://stadtdaten.konstanz.digital/stadtklima/ , https://github.com/sgc-kn/dashboards;Smart Green City Konstanz, CorrelAid e.V.;In Betrieb;Wir haben eine Data Story entwickelt, die den Bürger*innen in Konstanz anhand offener Klima- und Wetterdaten anschaulich aufzeigt, wie sich klimatische Veränderungen in der Stadt auswirken.;;CC-BY 4.0;https://correlaid.org/;
https://correlaid.org/daten-nutzen/projektdatenbank/2025-05-SIL;Improving and upgrading the Silbernetz dashboard;{'Reporting': 'Datenreporting', 'Visualisierung': 'Datenreporting', 'Wirkungsmessung': 'Wirkungsmessung', 'Prozess': ''};{'Altersarmut': '', 'Demenz': 'Gesundheit', 'Deutschland': '', 'Gesundheit': 'Gesundheit', 'Inklusion': 'Inklusion & Teilhabe', 'Menschenrechte': 'Demokratie & Soziale Rechte', 'Nachhaltigkeit': 'Klima & Umwelt', 'Soziale Arbeit': 'Soziale Dienste', 'Teilhabe': 'Inklusion & Teilhabe', 'Wohlfahrt': 'Soziale Dienste'};;Silbernetz e.V., CorrelAid e.V.;In Betrieb;Eines der erfolgreichsten CorrelAid-Projekte auf den neuesten Stand bringen und stabiler gestalten.;SIL;CC-BY 4.0;https://correlaid.org/;
https://correlaid.org/daten-nutzen/projektdatenbank/2025-05-CAS;Automatisierung von Reportings aus Evaluationsdaten;{'Automatisierung von Reportings': '', 'Datenanalyse': 'Datenanalyse', 'Datenvisualisierung': 'Datenreporting', 'Reporting': 'Datenreporting'};{'Bildung': 'Bildung', 'Kinder- und Jugendbildung': '', 'Soziale Arbeit': 'Soziale Dienste'};;Coach@School, CorrelAid e.V.;In Planung;Unterstützung von coach@school mit automatisiertem Reporting aus Evaluationsdaten wie Lehrkräftebefragungen zur Reduzierung des Verwaltungsaufwands.;;CC-BY 4.0;https://correlaid.org/;
https://correlaid.org/daten-nutzen/projektdatenbank/2025-10-ECF;Datenbankverwaltungssystem für die Europäische Gemeinschaftsstiftungsinitiative (ECFI);{'Datenbankverwaltungssystem': '', 'Automatisierung': 'Automatisierung', 'Open Source': 'Open-Source-Software', 'Datenerhebung': 'Datenerhebung', 'Umfrage': 'Datenerhebung', 'Open Data': 'Öffentliche Daten'};{'Europa': 'Internationale Projekte', 'Zivilgesellschaft': 'Demokratie & Soziale Rechte', 'Gemeinschaftsstiftungen': '', 'Philanthropie': ''};;European Community Foundation Initiative, CorrelAid e.V.;In Planung;Unterstütze ECFI mit einer Datenbanklösung, die ihnen bei der Erleichterung der Datenerfassung, Datenspeicherung und Datenanalyse europäischer Gemeinschaftsstiftungen hilft.;ECFI;CC-BY 4.0;https://correlaid.org/;
https://correlaid.org/daten-nutzen/projektdatenbank/2025-05-PBE; Fortschritts-Monitor;{'Automatisierung': 'Automatisierung', 'Wirkungsmessung': 'Wirkungsmessung', 'Prozess': '', 'Datenanalyse': 'Datenanalyse', 'Datenerfassung': '', 'Datenanwendung für Öffentlichkeit': 'Datenanwendung für Öffentlichkeit', 'Datenstandards': 'Datenmanagement', 'Datensatz und Visualisierung': 'Datenreporting'};{'Jugendhilfe': 'Jugendhilfe', 'Jugendbeteiligung': 'Jugendhilfe', 'Bildung': 'Bildung', 'Berufswahl': '', 'Übergang in die Berufswelt': '', 'Soziale Arbeit': 'Soziale Dienste'};;Phase BE, CorrelAid e.V.;In Betrieb;Phase BE begleitet Jugendliche beim Übergang in die Berufswelt. Doch die Kommunikation zwischen Camp, Betreuung und Büro war fragmentiert. Wichtige Fortschritte und Herausforderungen gingen zwischen verschiedenen Dateien verloren. Mit einem Ampelsystem in Excel konnten wir alle Informationen zentral zusammenführen. Jetzt erkennt Phase BE sofort, wo Jugendliche Unterstützung brauchen und kann rechtzeitig handeln.;;CC-BY 4.0;https://correlaid.org/;
https://correlaid.org/daten-nutzen/projektdatenbank/2019-01-MAP;Lebensmittelverschwendung reduzieren und Planung verbessern: Zeitreihenanalyse für ein Restaurant für bedürftige Menschen;{'Datenanalyse': 'Datenanalyse', 'Zeitreihenanalyse': 'Datenanalyse', 'Prozessoptimierung': 'Automatisierung', 'Evaluierung': ''};{'Armut': 'Arbeit & Soziales', 'Armutsbekämpfung': '', 'Soziale Arbeit': 'Soziale Dienste', 'Essen für bedürftige Menschen': '', 'Nachhaltigkeit': 'Klima & Umwelt'};https://osf.io/3zsn6/;Mannheimer Platte, CorrelAid e.V.;In Betrieb;Wir analysierten die Daten des Restaurants Mannheimer Platte, um die Umsatz- und Nachfragemuster zu verstehen, und lieferten Erkenntnisse, die zur Entscheidungsfindung und zur Verbesserung der Beschaffungsplanung beitrugen.;;CC-BY 4.0;https://correlaid.org/;
https://correlaid.org/daten-nutzen/projektdatenbank/2015-08-PBN;Analyse einer Mitgliederbefragung des Pfadfinderbunds Nord;{'Analyse von Umfragen': '', 'Reporting': 'Datenreporting', 'Explorative Analyse': 'Datenanalyse'};{'Jugendarbeit': 'Jugendhilfe', 'Jugendbeteiligung': 'Jugendhilfe', 'Jugendhilfe': 'Jugendhilfe', 'Soziale Arbeit': 'Soziale Dienste'};;Pfadfinder*innenbund Nord, CorrelAid e.V.;In Betrieb;Wir halfen den Pfadfindern, ihre Mitglieder besser zu verstehen, indem wir die Daten analysierten und mit anderen Jugendstudien verglichen, so dass sie ihre Aktivitäten auf die Bedürfnisse und Interessen ihrer jungen Mitglieder abstimmen konnten.;;CC-BY 4.0;https://correlaid.org/;
https://correlaid.org/daten-nutzen/projektdatenbank/2018-11-TVK;Mitgliederbefragung des Turnvereins Käfertal;{'Datenerhebung': 'Datenerhebung', 'Reporting': 'Datenreporting', 'Umfrage': 'Datenerhebung'};{'Sport': 'Sport', 'Soziale Arbeit': 'Soziale Dienste'};;Turnverein 1880 Käfertal, CorrelAid e.V.;In Betrieb;"Wir führten eine Mitgliederbefragung durch, um TV K&auml;fertal dabei zu helfen, die Zufriedenheit der Mitglieder und die Effektivität der Kommunikation zu verstehen. Die Umfrageergebnisse bildeten die Grundlage für datengestützte Entscheidungen, mit denen die Strategien und Strukturen des Verbandes für eine nachhaltige Zukunft angepasst wurden.";;CC-BY 4.0;https://correlaid.org/;
https://correlaid.org/daten-nutzen/projektdatenbank/2019-02-MIN;tf-idf zu Babel: Text Mining zur Optimierung von automatisierten Prozessen in multilingualen Kontexten;{'Datenanalyse': 'Datenanalyse', 'Datenerhebung': 'Datenerhebung', 'Datenanwendung für Öffentlichkeit': 'Datenanwendung für Öffentlichkeit', 'Interaktive App': 'Webanwendungen'};{'Migration': 'Flucht & Migration', 'Migrationsberatung': 'Flucht & Migration', 'Integration': 'Inklusion & Teilhabe', 'Arbeit mit Migranten': ''};;Minor Kontor, CorrelAid e.V.;In Betrieb;Wir haben ein interaktives Tool entwickelt, um Minor EU dabei zu helfen, besser mit Migranten in den sozialen Medien in Kontakt zu treten, Zeit zu sparen und die Berichterstattung für Geldgeber zu verbessern.;;CC-BY 4.0;https://correlaid.org/;
https://correlaid.org/daten-nutzen/projektdatenbank/2019-06-WEL;Automatisierte Reportgenerierung zur Verbesserung der Arbeit der Weltläden;{'Automatisierte Reportgenerierung': '', 'Datenanalyse': 'Datenanalyse', 'Datenerhebung': 'Datenerhebung', 'Prozessautomatisierung': 'Automatisierung'};{'Arbeit mit NGOs': '', 'Datengetriebene Prozesse': '', 'Weltladen Dachverband': '', 'Fairen Handel': ''};;Weltladen Dachverband, CorrelAid e.V.;In Betrieb;Wir haben den Weltladen-Dachverband dabei unterstützt, die Erstellung individueller Berichte für seine Weltläden zu automatisieren, um den Prozess effizienter zu gestalten und Fehler zu reduzieren.;;CC-BY 4.0;https://correlaid.org/;
https://correlaid.org/daten-nutzen/projektdatenbank/2019-10-BEE;Mithilfe von Machine Learning Anomalien in Bienenstöcken erkennen;{'Analyse von Sensordaten und ML': 'Künstliche Intelligenz', 'Datenanalyse': 'Datenanalyse', 'Datenerhebung': 'Datenerhebung', 'KI Anwendung': '', 'Monitoring': 'Wirkungsmessung'};{'Umweltschutz': 'Klima & Umwelt', 'Tierwohl': '', 'Landwirtschaft': 'Klima & Umwelt'};https://www.youtube.com/watch?v=POqqK7Qj4cU, https://www.youtube.com/watch?v=eGZ98pMt4YI;Bee Observer BOB, CorrelAid e.V.;In Betrieb;Wir haben BeeObserver dabei geholfen, die Bienenbeobachtung auf ein neues Niveau zu heben, indem wir Sensordaten nutzbar gemacht und ein Warnsystem für Imker geschaffen haben.;BEE;CC-BY 4.0;https://correlaid.org/;
https://correlaid.org/daten-nutzen/projektdatenbank/2019-11-WBD;Dashboard für das Tracking von Websitezugriffszahlen;{'Datenanalyse': 'Datenanalyse', 'Dashboard': 'Datenreporting', 'Datenerhebung': 'Datenerhebung', 'Interne Datenanwendung': 'Interne Datenanwendung'};{'Datenschutz': '', 'Non-Profits': '', 'Daten nutzen': '', 'Bildung': 'Bildung', 'Mitmachen': '', 'Über uns': '', 'Unterstützen': ''};;CorrelAid e.V.;In Betrieb;Wir erstellten ein Dashboard, das uns half, die Leistung unserer Website besser zu verstehen und wertvolle Erkenntnisse für Verbesserungen zu gewinnen.;;CC-BY 4.0;https://correlaid.org/;
https://correlaid.org/daten-nutzen/projektdatenbank/2019-11-ODA;Weiterbildungen im nachhaltigen Sektor fördern;{'Datenbank': 'Datenmanagement', 'Webentwicklung': 'Webanwendungen', 'Interaktive Plattform': ''};{'Nachhaltigkeit': 'Klima & Umwelt', 'Umweltschutz': 'Klima & Umwelt', 'Berufsbildung': ''};https://www.umweltprofis.ch/assessment;OdA Umwelt, CorrelAid e.V.;In Betrieb;Wir haben eine durchsuchbare Datenbank entwickelt, um fundierte Entscheidungen und die berufliche Entwicklung im Bereich der Nachhaltigkeit zu unterstützen und eine benutzerfreundliche Plattform für die Erkundung und Bewertung von Qualifikationen bereitzustellen.;;CC-BY 4.0;https://correlaid.org/;
https://correlaid.org/daten-nutzen/projektdatenbank/2020-01-KOM;Komunat - die Wirkung von Wahlentscheidungshilfen bei Kommunalwahlen;{'Wahlentscheidungshilfe': '', 'Datenanalyse': 'Datenanalyse', 'Visualisierung': 'Datenreporting', 'Umfrage': 'Datenerhebung', 'Prozessautomatisierung': 'Automatisierung', 'Reporting': 'Datenreporting'};{'Demokratie': 'Demokratie & Soziale Rechte', 'Deutschland': '', 'Kommunalwahl': '', 'Wahlentscheidungshilfe': ''};https://youtu.be/JJoEJGc1eNc?t=2745;VOTO, CorrelAid e.V.;In Betrieb;Für die Kommunalwahl 2019 in Stuttgart haben wir ein Wahlentscheidungstool entwickelt, mit dem die Nutzerinnen und Nutzer die Kandidatinnen und Kandidaten anhand ihrer Einstellungen zu verschiedenen Aussagen bewerten und ein Ranking erhalten.;;CC-BY 4.0;https://correlaid.org/;
https://correlaid.org/daten-nutzen/projektdatenbank/2020-03-DEN;Wer ist interessiert an einem guten Leben im ländlichen Raum?;{'Datenerhebung': 'Datenerhebung', 'Umfrage': 'Datenerhebung', 'Verwaltung': ''};{'Arbeit mit Kindern': 'Jugendhilfe', 'Alter': '', 'Demenz': 'Gesundheit', 'Gesundheit': 'Gesundheit', 'Inklusion': 'Inklusion & Teilhabe', 'Menschen mit Behinderung': 'Inklusion & Teilhabe', 'Soziale Arbeit': 'Soziale Dienste'};https://www.berliner-zeitung.de/mensch-metropole/ein-herrenhaus-in-der-warteschleife-li.102754;Denk-mal-Kultur e.V., CorrelAid e.V.;In Betrieb;Wir haben Denk-mal-Kultur e.V. dabei unterstützt, das Interesse an seiner Akademie für selbstbestimmtes Altern und seinem Praxisforschungszentrum zu ermitteln und Erkenntnisse für künftige Aktivitäten und die Sicherung der Finanzierung zu gewinnen.;;CC-BY 4.0;https://correlaid.org/;
https://correlaid.org/daten-nutzen/projektdatenbank/2020-03-ERL;Interaktives Dashboard zur besseren Darstellung von Verschuldungsdaten;{'Interaktive Karte': 'Karten & Verzeichnisse', 'Automatisierung': 'Automatisierung', 'Datenerhebung': 'Datenerhebung', 'Datenvisualisierung': 'Datenreporting'};{'Entschuldung': '', 'Schulden': '', 'Entwicklung': '', 'Zivilgesellschaft': 'Demokratie & Soziale Rechte', 'Weltweite Entschuldungsinitiativen': ''};https://github.com/CorrelAid/erlassjahr, https://erlassjahr.de/informieren/karte-ueberschuldete-staaten-weltweit/;Erlassjahr e.V., CorrelAid e.V.;In Betrieb;Wir halfen dem erlassjahr-Team, Zeit und Mühe zu sparen, indem wir die Datengenerierung automatisierten und eine interaktive Weltkarte erstellten, um die Verschuldungssituation weltweit zu visualisieren und den Nutzern das Erkunden und Verstehen der Daten zu erleichtern.;;CC-BY 4.0;https://correlaid.org/;
https://correlaid.org/daten-nutzen/projektdatenbank/2020-05-EYP;Anschauliche Aufbereitung von Umfragen zur Teilnehmerstruktur und dem Impact von Veranstaltungen;{'Datenanalyse': 'Datenanalyse', 'Datenerhebung': 'Datenerhebung', 'Umfrage': 'Datenerhebung', 'Visualisierung mit Karten': 'Karten & Verzeichnisse'};{'Europa': 'Internationale Projekte', 'Bildung': 'Bildung', 'Jugend': 'Jugendhilfe', 'Teilhabe': 'Inklusion & Teilhabe', 'Internationale Zusammenarbeit': ''};;European Youth Parliament, CorrelAid e.V.;In Betrieb;Wir analysierten Umfragedaten von fünf Veranstaltungen des Europäischen Jugendparlaments, um die Auswirkungen ihrer Aktivitäten auf die Einstellungen und Fähigkeiten der Teilnehmer zu verstehen, und gaben Empfehlungen für künftige Umfragen zur Verbesserung der Zuverlässigkeit.;;CC-BY 4.0;https://correlaid.org/;
https://correlaid.org/daten-nutzen/projektdatenbank/2020-10-CIT;Netzwerkdynamiken in Citizen Science - Nutzer*innenverhalten auf der iNaturalist Plattform;{'Datenanalyse': 'Datenanalyse', 'Netzwerkdynamiken': '', 'Citizen Science': '', 'Open Data': 'Öffentliche Daten'};{'Umwelt': 'Klima & Umwelt', 'Citizen Science': '', 'Datenanalyse': ''};https://github.com/correlaid-paris/citizen_science_inaturalist, https://youtu.be/JJoEJGc1eNc?t=3032, https://inaturalist-cnc.correlaid.org/, https://arxiv.org/abs/2112.02693, https://github.com/correlaid-paris/open_inaturalist_code;CorrelAid e.V.;In Betrieb;Wir halfen bei der Analyse von Daten der Citizen-Science-Plattform iNaturalist und deckten interessante Trends im Nutzerverhalten und in den Interaktionen auf.;;CC-BY 4.0;https://correlaid.org/;
https://correlaid.org/daten-nutzen/projektdatenbank/2020-11-MAR;Datenvisualisierungen für mehr Aufmerksamkeit für illegale Pushbacks;{'Datenanalyse': 'Datenanalyse', 'Datenvisualisierung': 'Datenreporting', 'Advocacy': ''};{'Menschenrechte': 'Demokratie & Soziale Rechte', 'Migration': 'Flucht & Migration', 'Mittelmeer': ''};https://cms.correlaid.org/assets/0620a79e-e97d-45d8-aa16-a7b5867f40c3, https://youtu.be/JJoEJGc1eNc?t=222, https://cms.correlaid.org/assets/f804a3f2-e40c-4c04-9867-923c33865910;Mare Liberum, CorrelAid e.V.;In Betrieb;Wir haben Mare Liberum dabei geholfen, ihre Daten in aussagekräftige Visualisierungen umzuwandeln, um das Bewusstsein für Pushbacks im Mittelmeer zu schärfen, und dabei dank ihrer vorhandenen Kenntnisse in der R-Programmierung eine nachhaltige Wirkung zu erzielen.;;CC-BY 4.0;https://correlaid.org/;
https://correlaid.org/daten-nutzen/projektdatenbank/2021-02-CFE;Diversität erforschen - Visualisierung der Afrozensus Umfrage in R;{'Datenanalyse': 'Datenanalyse', 'Datenerhebung': 'Datenerhebung', 'Datenvisualisierung': 'Datenreporting', 'Interaktive App': 'Webanwendungen', 'Visualisierung mit Karten': 'Karten & Verzeichnisse'};{'Antidiskriminierung': 'Anti Dismkriminierung', 'Antirassismus': 'Anti Dismkriminierung', 'Chancengleichheit': 'Anti Dismkriminierung', 'Gleichstellung': 'Anti Dismkriminierung', 'Inklusion': 'Inklusion & Teilhabe', 'Integration': 'Inklusion & Teilhabe', 'Menschenrechte': 'Demokratie & Soziale Rechte', 'Migration': 'Flucht & Migration', 'Teilhabe': 'Inklusion & Teilhabe', 'Vielfalt': 'Internationale Projekte'};https://afrozensus.de;Citizens for Europe, CorrelAid e.V.;In Betrieb;Wir haben ein R-Paket entwickelt, das Forschern dabei hilft, Daten aus der Afrozensus-Umfrage zu analysieren und zu visualisieren, damit sie die Erfahrungen von Menschen afrikanischer Herkunft in Deutschland besser erforschen und verstehen können.;;CC-BY 4.0;https://correlaid.org/;
https://correlaid.org/daten-nutzen/projektdatenbank/2021-03-HAC;Erstellung eines interaktiven Survey-Reports für die Hacklab Foundation, Ghana;{'Datenanalyse': 'Datenanalyse', 'Datenerhebung': 'Datenerhebung', 'Datenvisualisierung': 'Datenreporting', 'Interaktiver Survey-Report': ''};{'Ghana': 'Internationale Projekte', 'Afrika': 'Internationale Projekte', 'Internationale Zusammenarbeit': '', 'Bildung': 'Bildung', 'Technologie': '', 'Entwicklungszusammenarbeit': ''};https://github.com/CorrelAid/hacklab-foundation, https://correlaid.github.io/hacklab-foundation/Developer-Census-2020-Report.html, https://github.com/Hacklab-Foundation/Developer-Census-2020, https://youtu.be/JJoEJGc1eNc?t=421;Hacklab Foundation, CorrelAid e.V.;In Betrieb;Wir haben Umfragedaten analysiert, um Einblicke in die ghanaische Entwicklergemeinschaft zu gewinnen und Verbesserungsmöglichkeiten und Wachstumschancen zu entdecken. Unser Bericht bietet der Hacklab Foundation eine Plattform, um die Ergebnisse zu teilen und mit Partnern zusammenzuarbeiten.;;CC-BY 4.0;https://correlaid.org/;
https://correlaid.org/daten-nutzen/projektdatenbank/2021-03-NAK;Ein Dashboard zur Steigerung der Motivation von ehrenamtlichen Tutor*innen;{'Dashboard': 'Datenreporting', 'Datenanalyse': 'Datenanalyse', 'Webentwicklung': 'Webanwendungen'};{'Bildung': 'Bildung', 'Chancengleichheit': 'Anti Dismkriminierung', 'Ehrenamt': 'Organisation & Professionalisierung', 'Gerechtigkeit': '', 'Nachhilfe': ''};https://github.com/CorrelAid/naklar.io;CorrelAid e.V.;In Betrieb;Wir halfen bei der Erstellung eines Dashboards zur Unterstützung der Tutoren, um sie zu motivieren, durch ihre ehrenamtliche Tätigkeit einen positiven Einfluss auf das deutsche Schulsystem zu nehmen.;;CC-BY 4.0;https://correlaid.org/;
https://correlaid.org/daten-nutzen/projektdatenbank/2021-04-KOB;R Wrapper für die KoboToolbox API;{'Datenerhebung': 'Datenerhebung', 'Open-Source-Tool': '', 'R-Wrapper': '', 'API': 'Datenmanagement', 'Datenanalyse': 'Datenanalyse', 'Automatisierung': 'Automatisierung'};{'Daten nutzen': '', 'Bildung': 'Bildung', 'Forschung': '', 'Humanitäre Hilfe': 'Internationale Projekte', 'Datenerfassung': '', 'Offline-Datenerfassung': ''};https://github.com/CorrelAid/kbtbr, https://correlaid.github.io/kbtbr/;CorrelAid e.V.;In Betrieb;Mit dem R-Paket CorrelAid für KoboToolbox haben wir dazu beigetragen, Daten-Workflows für Forscher und humanitäre Organisationen zu automatisieren.;;CC-BY 4.0;https://correlaid.org/;
https://correlaid.org/daten-nutzen/projektdatenbank/2021-07-SIL;Zeitersparnisse und verbesserte Wirkungskommunikation dank Automatisierung und Datenvisualisierungen;{'Automatisierung': 'Automatisierung', 'Visualisierung': 'Datenreporting'};{'Altersarmut': '', 'Demenz': 'Gesundheit', 'Gesundheit': 'Gesundheit', 'Inklusion': 'Inklusion & Teilhabe', 'Menschen mit Behinderung': 'Inklusion & Teilhabe', 'Soziale Arbeit': 'Soziale Dienste'};;Silbernetz e.V., CorrelAid e.V.;In Betrieb;Wir haben ein interaktives Tool entwickelt, das Silbernetz Zeit und Mühe erspart und es euch ermöglicht, euch auf wichtigere Aktivitäten zu konzentrieren und eure Wirkung bei den Interessengruppen effektiv zu kommunizieren, was letztendlich zu mehr Finanzierung und Unterstützung führt.;;CC-BY 4.0;https://correlaid.org/;
https://correlaid.org/daten-nutzen/projektdatenbank/2021-10-CAR;Alleinerziehend und arbeitslos: Analyse von Daten der Allgemeinen Sozialberatung der Caritas;{'Analyse von Sensordaten und ML': 'Künstliche Intelligenz', 'Datenanalyse': 'Datenanalyse', 'Datenerhebung': 'Datenerhebung', 'Datenanwendung für Öffentlichkeit': 'Datenanwendung für Öffentlichkeit', 'Explorative Analyse': 'Datenanalyse', 'Umfrage': 'Datenerhebung'};{'Armut': 'Arbeit & Soziales', 'Arbeit mit Kindern': 'Jugendhilfe', 'Beratung': 'Soziale Dienste', 'Chancengleichheit': 'Anti Dismkriminierung', 'Gleichberechtigung': 'Anti Dismkriminierung', 'Gesundheit': 'Gesundheit', 'Menschen mit Behinderung': 'Inklusion & Teilhabe', 'Soziale Arbeit': 'Soziale Dienste', 'Wohlfahrt': 'Soziale Dienste'};https://www.caritas.de/neue-caritas/heftarchiv/jahrgang2022/artikel/alleinerziehend-und-arbeitslos, https://github.com/CorrelAid/caritas-project;Deutscher Caritasverband e.V., Referat Soziale Lebenslagen und Solidarität, CorrelAid e.V.;In Betrieb;Wir haben die Daten von 37 000 Kunden analysiert und festgestellt, dass alleinerziehende Mütter ein höheres Risiko haben, langzeitarbeitslos zu werden, insbesondere diejenigen mit geringerer Bildung.;;CC-BY 4.0;https://correlaid.org/;
https://correlaid.org/daten-nutzen/projektdatenbank/2022-04-GEP;Python-Package für die GENESIS Datenbank;{'Datenanalyse': 'Datenanalyse', 'Datenerhebung': 'Datenerhebung', 'Datenanwendung für Öffentlichkeit': 'Datenanwendung für Öffentlichkeit', 'Offene Daten': 'Öffentliche Daten'};{'Deutschland': '', 'Statistik': '', 'Datenbanken': '', 'Open Data': ''};https://github.com/CorrelAid/pystatis;CorrelAid e.V.;In Betrieb;Das CorrelAid Team entwickelte ein Python-Package, um offene Verwaltungsdaten zugänglicher zu machen.;;CC-BY 4.0;https://correlaid.org/;
https://correlaid.org/daten-nutzen/projektdatenbank/2022-04-GER;R Wrapper for the Genesis API;{'Datenanalyse': 'Datenanalyse', 'Datenerhebung': 'Datenerhebung', 'Datenanwendung für Öffentlichkeit': 'Datenanwendung für Öffentlichkeit', 'Offene Daten': 'Öffentliche Daten', 'R-Paket': 'Datenanalyse'};{'Datenschutz': '', 'Offene Daten': '', 'Soziale Arbeit': 'Soziale Dienste', 'Wohlfahrt': 'Soziale Dienste'};https://github.com/CorrelAid/restatis, https://cran.r-project.org/web/packages/restatis/index.html, https://correlaid.github.io/restatis/;CorrelAid e.V.;In Betrieb;Das CorrelAid Team entwickelte ein R-Package, um offene Verwaltungsdaten zugänglicher zu machen.;;CC-BY 4.0;https://correlaid.org/;
https://correlaid.org/daten-nutzen/projektdatenbank/2022-04-LAU;Entwicklung eines interaktiven Fragebogens zur Verbesserung von Kinderschutzmaßnahmen im Sport;{'Interaktive Web App': '', 'Visualisierung': 'Datenreporting', 'Webentwicklung': 'Webanwendungen', 'Prozess': ''};{'Kinderschutz': 'Jugendhilfe', 'Sport': 'Sport', 'Deutschland': '', 'Österreich': '', 'Internationale Zusammenarbeit': ''};https://laureus.shinyapps.io/Safeinsport-selfaudit/, https://www.laureus.de/international-safeguards-for-children-in-sport-laureus-sport-for-good-setzt-sich-aktiv-dafuer-ein-dass-der-sport-ein-sicherer-ort-fuer-jedes-kind-wird/;Laureus Sport For Good Germany, CorrelAid e.V.;In Betrieb;Wir haben eine interaktive Web-App entwickelt, die Sportorganisationen dabei hilft, eure Kinderschutzmaßnahmen zu bewerten und personalisierte Empfehlungen für Verbesserungen zu erhalten. Dieses neue Tool strafft den Prozess, spart Zeit und erhöht die Zugänglichkeit.;;CC-BY 4.0;https://correlaid.org/;
https://correlaid.org/daten-nutzen/projektdatenbank/2022-07-COP;Wo sollen neue Fahrradparkplätze in Paris entstehen? Unterstützung der Entscheidungsfindung mit offenen Daten;{'Interaktive Karte': 'Karten & Verzeichnisse', 'Datenanalyse': 'Datenanalyse', 'Offene Daten': 'Öffentliche Daten'};{'Frankreich': '', 'Paris': '', 'Verwaltung': 'Organisation & Professionalisierung', 'Stadtplanung': 'Stadtentwicklung', 'Fahrradparkplätze': ''};https://github.com/CorrelAid/paris-bikes/, https://paris-bikes-wfiz3bgwsa-ew.a.run.app/;City of Paris, CorrelAid e.V.;In Betrieb;Wir haben die Stadt Paris bei der Erstellung einer Karte zur besseren Planung von Fahrradparkplätzen unterstützt und dabei offene Daten für datengestützte Entscheidungen genutzt.;;CC-BY 4.0;https://correlaid.org/;
https://correlaid.org/daten-nutzen/projektdatenbank/2022-07-MIP;Aufbau eines Systems zur Bewertung der Bodenqualität durch maschinelles Lernen und Computer Vision;{'Analyse von Sensordaten und ML': 'Künstliche Intelligenz', 'Computer Vision': 'Bildverarbeitung', 'Open Source Modellierung': 'Open-Source-Software', 'Open Data': 'Öffentliche Daten'};{'Umwelt': 'Klima & Umwelt', 'Landwirtschaft': 'Klima & Umwelt', 'Nachhaltigkeit': 'Klima & Umwelt'};;CorrelAid e.V.;unclear;Wir haben maschinelles Lernen und Computer Vision eingesetzt, um die Bodenqualität zu bewerten und landwirtschaftliche Praktiken zu verbessern.;;CC-BY 4.0;https://correlaid.org/;
https://correlaid.org/daten-nutzen/projektdatenbank/2022-10-ETL;ETL Pipeline von Limesurvey zu einer Datenbank;{'Datenanalyse': 'Datenanalyse', 'Datenerhebung': 'Datenerhebung', 'Datenanwendung für Öffentlichkeit': 'Datenanwendung für Öffentlichkeit', 'Automatisierung': 'Automatisierung', 'Prozessautomatisierung': 'Automatisierung'};{'Datenmanagement': '', 'Umfrage': 'Organisation & Professionalisierung', 'Non-Profit': '', 'Data4Good': ''};;CorrelAid e.V.;In Betrieb;Wir haben dazu beigetragen, die Datenextraktion und das Laden von Daten zu rationalisieren und die Datenverwaltung und -analyse effizienter zu gestalten.;;CC-BY 4.0;https://correlaid.org/;
https://correlaid.org/daten-nutzen/projektdatenbank/2022-10-LCR;Datenfluss von R zu Metabase zu Google Docs: ein live-verbundener Berichtsworkflow;{'Automatisierung': 'Automatisierung', 'Webentwicklung': 'Webanwendungen', 'Umfrage': 'Datenerhebung', 'Prozess': ''};{'Datenpipelines': '', 'Google Workspace': '', 'Metabase': '', 'R': '', 'Google Docs': ''};https://github.com/CorrelAid/metabase-to-google, https://github.com/CorrelAid/DataToMetabase, https://cms.correlaid.org/assets/1c8e7346-2bc2-4ef8-ba25-dbfd863b2666;CorrelAid e.V.;In Betrieb;Wir haben erfolgreich zwei Komponenten zur Automatisierung von Datenaufgaben entwickelt, die zeigen, dass auch technisch weniger versierte Nutzer von Datenpipelines außerhalb der traditionellen technischen Stacks profitieren können.;;CC-BY 4.0;https://correlaid.org/;
https://publicinterest.ai/tool/map/project/kivi-ki-vigilare;KIVI – KI + vigilare;{'KI Anwendung': '', 'Automatisierte Datenübermittlung': 'Datenmanagement', 'Datenanalyse': 'Datenanalyse', 'Monitoring': 'Wirkungsmessung', 'Datenschutz': 'Datenmanagement'};{'Medienaufsicht': 'Demokratie & Soziale Rechte', 'Transparenz': 'Inklusion & Teilhabe', 'Kinderschutz': 'Jugendhilfe'};https://www.medienanstalt-nrw.de/zum-nachlesen/recht-und-aufsicht/mit-kuenstlicher-intelligenz-zu-einer-modernen-medienaufsicht.html;Media Authority of NRW;Abgeschlossen;KIVI ist ein KI-Tool, das von der Medienanstalt NRW entwickelt wurde, um die automatische Recherche nach potenziellen Rechtsverletzungen im Internet zu unterstützen. Es verarbeitet automatisch generierte und vorkategorisierte Ergebnisse und schützt Mitarbeitende vor der direkten Konfrontation mit belastenden Inhalten.;KIVI;CC-BY 4.0;https://publicinterest.ai/;
https://publicinterest.ai/tool/map/project/adis;ADIS;{'Analyse von Sensordaten und ML': 'Künstliche Intelligenz', 'Datenerhebung': 'Datenerhebung', 'Datenanalyse': 'Datenanalyse', 'KI Anwendung': '', 'Monitoring': 'Wirkungsmessung', 'Datensatz und Visualisierung': 'Datenreporting'};{'Meeresschutz': 'Klima & Umwelt', 'Umwelt': 'Klima & Umwelt', 'Umweltschutz': 'Klima & Umwelt'};https://theoceancleanup.com/adis/;The Ocean Cleanup Projects B.V.;Abgeschlossen;ADIS nutzt Kameras auf Schiffen und künstliche Intelligenz, um schwimmende Makroplastik-Gegenstände in Offshore-Bildern zu erkennen. Ziel ist es, eine kontinuierliche und globale Datenbank über Makroplastik-Konzentrationen auf der Meeresoberfläche zu erstellen, um die Ozeanplastikforschung zu beschleunigen.;;CC-BY 4.0;https://publicinterest.ai/;
https://publicinterest.ai/tool/map/project/ai4grids;AI4Grids;{'KI Anwendung': '', 'Analyse von Sensordaten und ML': 'Künstliche Intelligenz', 'Entscheidungsassistent': 'Virtuelle Assistenz', 'Anomalieerkennung': 'Bildverarbeitung', 'Prozessautomatisierung': 'Automatisierung'};{'Energie': 'Klima & Umwelt', 'Nachhaltigkeit': 'Klima & Umwelt', 'Umweltschutz': 'Klima & Umwelt'};https://www.htwg-konstanz.de/hochschule/projekte/ai4grids/;HTWG-Konstanz;Abgeschlossen;AI4Grids zielt darauf ab, Generatoren und Verbraucher der Energiewende effizient in Stromnetze zu integrieren, indem KI-basierte Algorithmen für intelligentes Netzmanagement und die Betriebsführung von Stromnetzen entwickelt werden. Dies soll eine bessere Synchronisierung von Energiemengen und Netzkapazitäten ermöglichen.;;CC-BY 4.0;https://publicinterest.ai/;
https://publicinterest.ai/tool/map/project/air-ai-basierter-recommender-fur-nachhaltigen-tourismus;AIR – AI-basierter Recommender für nachhaltigen Tourismus;{'KI Anwendung': '', 'Datenanalyse': 'Datenanalyse', 'Empfehlungsdienst': 'Recomender System', 'Monitoring': 'Wirkungsmessung', 'Digitale Plattform': 'Digitale Plattformen', 'Entscheidungsassistent': 'Virtuelle Assistenz'};{'Tourismus': 'Stadtentwicklung', 'Nachhaltigkeit': 'Klima & Umwelt', 'Umweltschutz': 'Klima & Umwelt'};https://air-tourism.de/en/home/, https://adhocracy.plus/air/;PT Zukunft - Umwelt - Gesellschaft (ZUG) gGmbH, NIT in Kiel;Abgeschlossen;Das Projekt AIR entwickelt KI-basierte Verfahren für ein nachhaltigeres Tourismusmanagement, indem es Besucherströme ausgleicht. Ziel ist es, die temporäre Überlastung von Reisezielen durch gezielte Besucherinformationen zu vermeiden und passende Alternativen aufzuzeigen.;AIR;CC-BY 4.0;https://publicinterest.ai/;
https://publicinterest.ai/tool/map/project/artificial-intelligence-center-hamburg;Artificial Intelligence Center Hamburg;{'Dokumentations- und Netzwerktool': 'Unterstützungstools', 'Vernetzungsassistent': 'Virtuelle Assistenz', 'Workshops': 'Fortbildung', 'Wissensmanagement': 'Wissensorganisation'};{'Beratung': 'Soziale Dienste', 'Vernetzung': 'Organisation & Professionalisierung', 'Wissensmanagement': 'Organisation & Professionalisierung', 'Verwaltung': 'Organisation & Professionalisierung', 'Ethik': 'Demokratie & Soziale Rechte'};https://aric-hamburg.de/news/;Artificial Intelligence Center Hamburg (ARIC);Abgeschlossen;Das Artificial Intelligence Center Hamburg (ARIC) stärkt KI-Fähigkeiten in Unternehmen, öffentlicher Verwaltung und Wissenschaft in Hamburg. Es unterstützt KI-Projekte, fördert verantwortungsvolle KI und bietet Vernetzung sowie Wissenstransfer durch Veranstaltungen und Formate.;ARIC;CC-BY 4.0;https://publicinterest.ai/;
https://publicinterest.ai/tool/map/project/bakim;BaKIM;{'Analyse von Sensordaten und ML': 'Künstliche Intelligenz', 'KI Anwendung': '', 'Generative KI': 'Künstliche Intelligenz', 'Monitoring': 'Wirkungsmessung', 'Interaktive App': 'Webanwendungen', 'Datenanwendung für Öffentlichkeit': 'Datenanwendung für Öffentlichkeit', 'Visualisierung mit Karten': 'Karten & Verzeichnisse'};{'Umweltschutz': 'Klima & Umwelt', 'Landwirtschaft': 'Klima & Umwelt', 'Nachhaltigkeit': 'Klima & Umwelt', 'Stadt': 'Stadtentwicklung', 'Verwaltung': 'Organisation & Professionalisierung'};https://smartcity.bamberg.de/en/projekte/bakim/;Bavarian State Ministry for Digital, Smart City Programm Bamberg;Abgeschlossen;BaKIM ist ein Projekt zur Planung der Arbeit von Baum- und Forstpflegern in Bamberg. Es nutzt hochauflösende Drohnen-, Satelliten- und Sensordaten, die mit tiefen neuronalen Netzen ausgewertet werden, um den Zustand von Baumbeständen zu überwachen und Veränderungen anzuzeigen.;BaKIM;CC-BY 4.0;https://publicinterest.ai/;
https://publicinterest.ai/tool/map/project/biaslyze-the-nlp-bias-identification-toolkit;biaslyze - The NLP bias identification toolkit;{'KI Anwendung': '', 'Datenanalyse': 'Datenanalyse', 'Analyse von Sensordaten und ML': 'Künstliche Intelligenz'};{'Ethik': 'Demokratie & Soziale Rechte', 'Antidiskriminierung': 'Anti Dismkriminierung', 'Gleichstellung': 'Anti Dismkriminierung'};https://biaslyze.org/;Beyond AI Collective;Abgeschlossen;Biaslyze ist ein Python-Paket zur Analyse von Bias in NLP-Modellen, das einen einfachen Ansatz für Bias-Tests in NLP-Anwendungen bietet. Es unterstützt Entwickler dabei, ethisch verantwortungsvolle KI-Systeme zu entwickeln und algorithmisch vermittelte Diskriminierung zu vermeiden.;;CC-BY 4.0;https://publicinterest.ai/;
https://publicinterest.ai/tool/map/project/botometer;Botometer;{'Analyse von Sensordaten und ML': 'Künstliche Intelligenz', 'Datenanalyse': 'Datenanalyse', 'KI Anwendung': '', 'Monitoring': 'Wirkungsmessung'};{'Demokratie': 'Demokratie & Soziale Rechte', 'Transparenz': 'Inklusion & Teilhabe'};https://botometer.osome.iu.edu/;Observatory on Social Media at Indiana University;Abgeschlossen;Botometer ist ein Tool, das die Aktivität von Twitter-Konten überprüft und diesen einen Bot-Score zuweist. Ziel ist es, bot-ähnliches Verhalten zu identifizieren und die öffentliche Wahrnehmung von Social Bots zu schärfen.;;CC-BY 4.0;https://publicinterest.ai/;
https://publicinterest.ai/tool/map/project/caius-consequences-of-ai-for-urban-societies;Consequences of AI for Urban Societies;{'KI Anwendung': '', 'Datenanalyse': 'Datenanalyse', 'Simulation': 'Künstliche Intelligenz', 'Forschung': 'Datenanalyse', 'Generative KI': 'Künstliche Intelligenz', 'Monitoring': 'Wirkungsmessung', 'Prozessoptimierung': 'Automatisierung', 'Analyse von Sensordaten und ML': 'Künstliche Intelligenz'};{'Stadt': 'Stadtentwicklung', 'Stadtplanung': 'Stadtentwicklung', 'Ethik': 'Demokratie & Soziale Rechte', 'Verwaltung': 'Organisation & Professionalisierung', 'Soziale Arbeit': 'Soziale Dienste', 'Gleichberechtigung': 'Anti Dismkriminierung', 'Chancengleichheit': 'Anti Dismkriminierung', 'Transparenz': 'Inklusion & Teilhabe'};https://caius.informatik.uni-mannheim.de/;University of Mannheim, Stuttgart Media University, LMU Munich;Laufend;Das Projekt CAIUS untersucht die potenziellen negativen Auswirkungen von Künstlicher Intelligenz in Smart-City-Anwendungen auf urbane Gesellschaften. Es konzentriert sich auf soziale und ökonomische Faktoren sowie die Frage, wie KI zur Erosion der Solidarität in der Stadtgesellschaft führen kann.;CAIUS;CC-BY 4.0;https://publicinterest.ai/;
https://publicinterest.ai/tool/map/project/civic-tech-field-guide;Civic Tech Field Guide;{'Datenerhebung': 'Datenerhebung', 'Verzeichnis / Karte': 'Karten & Verzeichnisse', 'Monitoring': 'Wirkungsmessung', 'KI Anwendung': '', 'Offene Daten': 'Öffentliche Daten'};{'Demokratie': 'Demokratie & Soziale Rechte', 'Partizipation': 'Inklusion & Teilhabe', 'Nachhaltigkeit': 'Klima & Umwelt', 'Transparenz': 'Inklusion & Teilhabe'};https://civictech.guide/;;Abgeschlossen;Der Civic Tech Field Guide ist die weltweit größte Sammlung von Projekten, die Technologie für das Gemeinwohl nutzen. Es verfolgt insbesondere zivilgesellschaftliche und gemeinwohlorientierte KI-Projekte.;;CC-BY 4.0;https://publicinterest.ai/;
https://publicinterest.ai/tool/map/project/claudette;CLAUDETTE – “automated CLAUse DETectEr”;{'Datenanalyse': 'Datenanalyse', 'KI Anwendung': '', 'Entscheidungsassistent': 'Virtuelle Assistenz', 'Natural Language Processing': 'Sprachtechnologie', 'Datenschutz': 'Datenmanagement'};{'Recht': 'Demokratie & Soziale Rechte', 'Verbraucherschutz': 'Demokratie & Soziale Rechte', 'Zivilgesellschaft': 'Demokratie & Soziale Rechte', 'Europa': 'Internationale Projekte'};http://claudette.eui.eu, http://claudette.eui.eu/demo/;European University Institute, University of Bologna, University of Modena and Reggio Emilia;Abgeschlossen;CLAUDETTE ist ein interdisziplinäres Forschungsprojekt, das die rechtliche Bewertung von Online-Verbraucherverträgen und Datenschutzrichtlinien in mehreren Sprachen mithilfe von maschinellem Lernen automatisiert. Ziel ist es, Verbraucher und Zivilgesellschaft mit KI-gestützten Tools gegen unlautere Geschäftspraktiken zu unterstützen und die Einhaltung des EU-Rechts zu überprüfen.;CLAUDETTE;CC-BY 4.0;https://publicinterest.ai/;
https://publicinterest.ai/tool/map/project/clinicalbert;ClinicalBERT;{'KI Anwendung': '', 'Large Language Model (LLM)': 'Sprachtechnologie', 'Datenanalyse': 'Datenanalyse', 'Analyse von Sensordaten und ML': 'Künstliche Intelligenz', 'Natural Language Processing': 'Sprachtechnologie'};{'Gesundheit': 'Gesundheit', 'Wissensmanagement': 'Organisation & Professionalisierung', 'Telemedizin': 'Gesundheit'};https://github.com/onefact/ClinicalBERT ;New York University, One Fact Foundation;Abgeschlossen;ClinicalBERT ist ein quelloffenes KI-Modell, das auf klinischen Notizen aus Intensivstationen trainiert wurde. Es zielt darauf ab, wiederverwendbare und transparente Technologie für Gesundheitssysteme und Kliniker bereitzustellen, um klinische Arbeitsabläufe zu verbessern.;;CC-BY 4.0;https://publicinterest.ai/;
https://publicinterest.ai/tool/map/project/equitable-ai-prevent-and-mitigate-gender-bias-in-early-warning-systems-for-school-dropouts;Equitable AI: Prevent and mitigate gender bias in Early Warning Systems for school dropouts;{'KI Anwendung': '', 'Datenanalyse': 'Datenanalyse', 'Monitoring': 'Wirkungsmessung', 'Entscheidungsassistent': 'Virtuelle Assistenz', 'Datenstandards': 'Datenmanagement', 'Training': 'Fortbildung'};{'Bildung': 'Bildung', 'Mexiko': 'Internationale Projekte', 'Geschlechtergerechtigkeit': 'Anti Dismkriminierung', 'Antidiskriminierung': 'Anti Dismkriminierung', 'Gleichstellung': 'Anti Dismkriminierung', 'Frauen': 'Anti Dismkriminierung', 'Verwaltung': 'Organisation & Professionalisierung', 'Menschenrechte': 'Demokratie & Soziale Rechte'};https://www.policylab.tech/equitable-ai;PIT Policy Lab, Itad, Women in Digital Transformation, Athena Infonomics, USAID;Abgeschlossen;Das Projekt zielte darauf ab, die Schulabbrecherquoten zu verbessern, indem es gefährdete Schüler identifiziert und unterstützt und Geschlechterdiskriminierung in Frühwarnsystemen im mexikanischen Bundesstaat Guanajuato verhindert. Es umfasste Kapazitätsaufbau, die Nutzung eines KI-Fairness-Tools, Schulungen und die Entwicklung eines Leitfadens für KI-Ethik.;;CC-BY 4.0;https://publicinterest.ai/;
https://publicinterest.ai/tool/map/project/green-consumption-assistant;Green Consumption Assistant;{'Empfehlungsdienst': 'Recomender System', 'Datenanalyse': 'Datenanalyse', 'KI-Anwendung': 'Künstliche Intelligenz', 'Maschinelles Lernen': 'Künstliche Intelligenz', 'Datenerhebung': 'Datenerhebung'};{'Nachhaltigkeit': 'Klima & Umwelt', 'Umwelt': 'Klima & Umwelt', 'Umweltschutz': 'Klima & Umwelt'};https://green-consumption-assistant.de/;TU Berlin, Berliner Hochschule für Technik, Ecosia;Abgeschlossen;Der Green Consumption Assistant (GCA) unterstützt nachhaltigen Konsum auf Ecosia, indem er grüne Produkte empfiehlt und Informationen über nachhaltige Alternativen bereitstellt. Die Empfehlungen basieren auf einer Produktdatenbank (GreenDB), die mit maschinellen Lernmethoden entwickelt wurde.;;CC-BY 4.0;https://publicinterest.ai/;
https://publicinterest.ai/tool/map/project/grundlagen-der-ki-fur-unternehmen-foundations-of-ai;Grundlagen der KI für Unternehmen / Foundations of AI;{'KI Anwendung': '', 'Offene Daten': 'Öffentliche Daten', 'Wissensmanagement': 'Wissensorganisation', 'Datenanwendung für Öffentlichkeit': 'Datenanwendung für Öffentlichkeit'};{'Wissensmanagement': 'Organisation & Professionalisierung', 'Transparenz': 'Inklusion & Teilhabe', 'Partizipation': 'Inklusion & Teilhabe'};https://www.foundationsofai.com/;appliedAI;Abgeschlossen;Foundations of AI ist ein kostenloses Lernangebot zum Thema Künstliche Intelligenz (KI), das sich speziell an Personen in einem Unternehmensumfeld richtet. Ziel ist es, ein grundlegendes Verständnis für das Potenzial von KI zu vermitteln und so deren Einsatz in Unternehmen zu fördern.;;CC-BY 4.0;https://publicinterest.ai/;
https://publicinterest.ai/tool/map/project/institute-for-ethics-in-artificial-intelligence;Institute for Ethics in Artificial Intelligence;{'Forschung': 'Datenanalyse', 'Digitale Plattform': 'Digitale Plattformen', 'Datenstandards': 'Datenmanagement', 'Wissensmanagement': 'Wissensorganisation', 'Vernetzungsassistent': 'Virtuelle Assistenz'};{'Ethik': 'Demokratie & Soziale Rechte', 'Nachhaltigkeit': 'Klima & Umwelt', 'Bildung': 'Bildung', 'Gesundheit': 'Gesundheit', 'Stadtplanung': 'Stadtentwicklung', 'Umwelt': 'Klima & Umwelt'};https://www.ieai.sot.tum.de/research/research-clusters/;Technical University of Munich;Abgeschlossen;Das Institute for Ethics in Artificial Intelligence (IEAI) führt interdisziplinäre Forschung durch, um ethische Herausforderungen im Bereich der KI zu adressieren. Es entwickelt operationale ethische Rahmenwerke und Richtlinien, um sicherzustellen, dass KI zum Wohl der Gesellschaft eingesetzt wird.;IEAI;CC-BY 4.0;https://publicinterest.ai/;
https://publicinterest.ai/tool/map/project/isosens;IsoSens;{'Analyse von Sensordaten und ML': 'Künstliche Intelligenz', 'KI Anwendung': '', 'Datenerhebung': 'Datenerhebung', 'Monitoring': 'Wirkungsmessung', 'Offene Daten': 'Öffentliche Daten'};{'Umwelt': 'Klima & Umwelt', 'Umweltschutz': 'Klima & Umwelt', 'Nachhaltigkeit': 'Klima & Umwelt', 'Wissensmanagement': 'Organisation & Professionalisierung'};https://www.z-u-g.org/aufgaben/ki-leuchttuerme/projektuebersicht-fl2/isosens/;Hamburg University of Applied Sciences;Laufend;Das Projekt IsoSens zielt darauf ab, einen Sensor zur Messung des Kohlenstoff-Isotopenverhältnisses zu entwickeln. Dieser Sensor nutzt Lasertechnologie und einen auf künstlicher Intelligenz basierenden Algorithmus, um atmosphärische Prozesse besser zu verstehen und zu den Klimamodellen beizutragen.;;CC-BY 4.0;https://publicinterest.ai/;
https://publicinterest.ai/tool/map/project/kiste;KI:STE;{'Analyse von Sensordaten und ML': 'Künstliche Intelligenz', 'Datenanalyse': 'Datenanalyse', 'KI Anwendung': '', 'Digitale Plattform': 'Digitale Plattformen', 'E-Learning': 'Fortbildung'};{'Umwelt': 'Klima & Umwelt', 'Umweltschutz': 'Klima & Umwelt', 'Katastrophenschutz': 'Gesundheit', 'Landwirtschaft': 'Klima & Umwelt', 'Nachhaltigkeit': 'Klima & Umwelt', 'Energie': 'Klima & Umwelt'};https://kiste-project.de/;RWTH Aachen, Universität Bonn, Universität zu Köln, Forschungszentrum Jülich, 52°N, Ambroys;Abgeschlossen;KI:STE nutzt künstliche Intelligenz, um Umweltdaten zu analysieren und Muster in Geodaten (z.B. Wolken, Naturgefahren, Wasser) zu erkennen. Es entwickelt eine technische Plattform für KI-Anwendungen im Umweltbereich und bietet eine Online-Lernplattform für junge Wissenschaftler.;KI:STE;CC-BY 4.0;https://publicinterest.ai/;
https://publicinterest.ai/tool/map/project/la-independiente-mainstreaming-gender-perspective-in-ai-crowd-work-in-the-global-south;La Independiente: Mainstreaming Gender Perspective in AI crowd work in the Global South;{'KI Anwendung': '', 'Datenanalyse': 'Datenanalyse', 'Digitale Plattform': 'Digitale Plattformen', 'Empfehlungssystem': 'Recomender System', 'Umfrage': 'Datenerhebung'};{'Frauen': 'Anti Dismkriminierung', 'Chancengleichheit': 'Anti Dismkriminierung', 'Gleichstellung': 'Anti Dismkriminierung', 'International': 'Internationale Projekte'};https://www.policylab.tech/feminist-ai;PIT Policy Lab, Universidad Nacional Autonoma de Mexico (UNAM), Northeastern University Civic AI Lab, PuentechLab;Abgeschlossen;La Independiente ist ein Projekt, das darauf abzielt, eine geschlechtergerechte Perspektive in der KI-Crowdwork im globalen Süden zu fördern. Es entwickelt ein KI-gestütztes soziales Verbindungs- und Empfehlungssystem, um Crowdworkerinnen beim Aufbau einer unterstützenden Gemeinschaft zu helfen und ihre Fähigkeiten zu verbessern.;;CC-BY 4.0;https://publicinterest.ai/;
https://publicinterest.ai/tool/map/project/mammoth-multi-attribute-multimodal-bias-mitigation-in-ai-systems;Multi-Attribute, Multimodal Bias Mitigation in AI Systems;{'KI Anwendung': '', 'Datenanalyse': 'Datenanalyse', 'Entscheidungsassistent': 'Virtuelle Assistenz', 'Offene Daten': 'Öffentliche Daten', 'Generative KI': 'Künstliche Intelligenz'};{'Antidiskriminierung': 'Anti Dismkriminierung', 'Gleichberechtigung': 'Anti Dismkriminierung', 'Gleichstellung': 'Anti Dismkriminierung', 'Chancengleichheit': 'Anti Dismkriminierung', 'Inklusion': 'Inklusion & Teilhabe', 'Partizipation': 'Inklusion & Teilhabe', 'Armut': 'Arbeit & Soziales', 'Transparenz': 'Inklusion & Teilhabe', 'Nachhaltigkeit': 'Klima & Umwelt'};https://mammoth-ai.eu/;ETHNIKO KENTRO EREVNAS KAI TECHNOLOGIKIS ANAPTYXIS (CERTH);Laufend;Das EU-finanzierte MAMMOth-Projekt befasst sich mit KI-Voreingenommenheit durch die Minderung von Diskriminierung bei tabellarischen, Netzwerk- und multimodalen Daten. Es zielt darauf ab, Tools für faire KI zu entwickeln und Pilotprojekte für Finanzanwendungen, Identitätsprüfung und akademische Evaluation zu realisieren, unter Einbindung schutzbedürftiger Gruppen.;MAMMOth;CC-BY 4.0;https://publicinterest.ai/;
https://publicinterest.ai/tool/map/project/masakhaner;MasakhaNER;{'KI Anwendung': '', 'Datenanalyse': 'Datenanalyse', 'Large Language Model (LLM)': 'Sprachtechnologie'};{'Afrika': 'Internationale Projekte', 'International': 'Internationale Projekte', 'Inklusion': 'Inklusion & Teilhabe'};https://www.masakhane.io/ongoing-projects/masakhaner-know-our-names;Masakhane;Unbekannt;MasakhaNER ist ein Open-Source-Projekt zur Erkennung benannter Entitäten in afrikanischen Sprachen. Es identifiziert vordefinierte Kategorien wie Personennamen, Orte und Organisationen in Texten mittels Natural Language Processing und Deep Learning.;;CC-BY 4.0;https://publicinterest.ai/;
https://publicinterest.ai/tool/map/project/public-ai;Public Interest AI;{'Generative KI': 'Künstliche Intelligenz', 'KI Anwendung': '', 'Plattform': 'Digitale Plattformen', 'Datenanwendung für Öffentlichkeit': 'Datenanwendung für Öffentlichkeit', 'Dokumentations- und Netzwerktool': 'Unterstützungstools'};{'Demokratie': 'Demokratie & Soziale Rechte', 'Transparenz': 'Inklusion & Teilhabe', 'Verwaltung': 'Organisation & Professionalisierung', 'Ethik': 'Demokratie & Soziale Rechte', 'Gesundheit': 'Gesundheit', 'Bildung': 'Bildung', 'Wohlfahrt': 'Soziale Dienste', 'International': 'Internationale Projekte'};https://publicai.network;Metagov, Public Knowledge, Berkman Klein Center, Chatham House;Laufend;Das Projekt 'Public Interest AI' ist eine Koalition von Gruppen, die sich dafür einsetzen, öffentlich zugängliche KI-Modelle zu fördern und aufzubauen, die von öffentlichen Stellen, insbesondere Regierungen, finanziert, bereitgestellt und verwaltet werden.;;CC-BY 4.0;https://publicinterest.ai/;
https://publicinterest.ai/tool/map/project/quantified-trees-intelligent-irrigation-forecasting-for-city-trees;Quantified Trees - intelligent irrigation forecasting for city trees;{'KI Anwendung': '', 'Datenanalyse': 'Datenanalyse', 'Entscheidungsassistent': 'Virtuelle Assistenz', 'Interaktive App': 'Webanwendungen', 'Monitoring': 'Wirkungsmessung'};{'Umweltschutz': 'Klima & Umwelt', 'Nachhaltigkeit': 'Klima & Umwelt', 'Stadt': 'Stadtentwicklung'};https://qtrees.ai/en/;Technologiestiftung Berlin;Abgeschlossen;Das Projekt „Quantified Trees“ entwickelt ein KI-gestütztes Vorhersagesystem, um städtische Bäume zu identifizieren, die akut von Trockenheit bedroht sind. Ziel ist es, die Bewässerung in Berlin zu optimieren und Bürgerinnen und Bürger in die Baumpflege einzubeziehen.;QTrees;CC-BY 4.0;https://publicinterest.ai/;
https://publicinterest.ai/tool/map/project/radiant-mlhub;Radiant MLHub;{'Digitale Plattform': 'Digitale Plattformen', 'Offene Daten': 'Öffentliche Daten', 'Datensatz und Visualisierung': 'Datenreporting', 'KI Anwendung': '', 'Analyse von Sensordaten und ML': 'Künstliche Intelligenz'};{'Landwirtschaft': 'Klima & Umwelt', 'Umwelt': 'Klima & Umwelt', 'Umweltschutz': 'Klima & Umwelt', 'Nachhaltigkeit': 'Klima & Umwelt', 'International': 'Internationale Projekte', 'Armut': 'Arbeit & Soziales', 'Katastrophenschutz': 'Gesundheit', 'Klima': 'Klima & Umwelt', 'Ernährungssicherung': 'Internationale Projekte'};https://www.mlhub.earth;Radiant Earth Foundation;Abgeschlossen;Radiant MLHub ist eine cloudbasierte, offene Bibliothek für georäumliche Trainingsdatensätze und Modelle. Sie ermöglicht den Zugang, die Speicherung und das Teilen von Daten für Erdbeobachtungen, um die Zusammenarbeit und die Entwicklung vertrauenswürdiger Anwendungen zu fördern.;;CC-BY 4.0;https://publicinterest.ai/;
https://publicinterest.ai/tool/map/project/right-hear;Right-Hear;{'Digitale Plattform': 'Digitale Plattformen', 'Interaktive App': 'Webanwendungen'};{'Barrierefreiheit': 'Inklusion & Teilhabe', 'Inklusion': 'Inklusion & Teilhabe', 'Menschen mit Behinderung': 'Inklusion & Teilhabe'};https://www.right-hear.com/;Right-Hear;Abgeschlossen;Right-Hear ist eine digitale Plattform, die Veranstaltungsorte für Blinde und Sehbehinderte zugänglicher macht und ihnen mehr Unabhängigkeit bietet.;;CC-BY 4.0;https://publicinterest.ai/;
https://publicinterest.ai/tool/map/project/safety-verification-of-neural-networks;Safety Verification of Neural Networks;{'KI Anwendung': '', 'Offene Daten': 'Öffentliche Daten', 'Datenanalyse': 'Datenanalyse', 'Monitoring': 'Wirkungsmessung', 'Entscheidungsassistent': 'Virtuelle Assistenz'};{};;Stanford University;Abgeschlossen;Dieses Projekt entwickelte quelloffene Algorithmen zur Sicherheitsüberprüfung von nichtlinearen Systemen mit neuronalen Netzwerkkomponenten. Es bietet Entwicklern von maschinellem Lernen für sicherheitskritische Systeme ein Werkzeug, um Anwender vor unentdeckten Fehlern zu schützen.;;CC-BY 4.0;https://publicinterest.ai/;
https://publicinterest.ai/tool/map/project/seaclear-search-identification-and-collection-of-marine-litter-with-autonomous-robots;SeaClear - SEarch, identificAtion and Collection of marine Litter with Autonomous Robots;{'KI Anwendung': '', 'Robotik': 'Künstliche Intelligenz', 'Monitoring': 'Wirkungsmessung', 'Datenerhebung': 'Datenerhebung', 'Datenanalyse': 'Datenanalyse', 'Karte': 'Karten & Verzeichnisse'};{'Meeresschutz': 'Klima & Umwelt', 'Umweltschutz': 'Klima & Umwelt', 'Nachhaltigkeit': 'Klima & Umwelt'};https://seaclear-project.eu;Delft University of Technology, Project consortium;Abgeschlossen;Das SeaClear-Projekt entwickelt eine autonome Roboterlösung zur Identifizierung und Sammlung von Unterwassermüll. Ein Team aus Unterwasser-, Oberflächen- und Luftfahrzeugen findet und entfernt Abfälle von Küstenmeeresböden.;SeaClear;CC-BY 4.0;https://publicinterest.ai/;
https://publicinterest.ai/tool/map/project/seismologie-und-artifizielle-intelligenz;Seismologie und Artifizielle Intelligenz;{'Analyse von Sensordaten und ML': 'Künstliche Intelligenz', 'Datenanalyse': 'Datenanalyse', 'KI Anwendung': '', 'Monitoring': 'Wirkungsmessung'};{'Katastrophenschutz': 'Gesundheit'};https://fias.institute/en/projects/sai-seismology-and-artificial-intelligence/;Frankfurt Institute for Advanced Studies;Abgeschlossen;Das Projekt entwickelt Deep-Learning-basierte Tools, um die Frühwarnung und Vorhersage von Erdbeben- und Vulkanereignissen zu verbessern. Dies geschieht, da die komplexe Natur seismischer Ereignisse die Extraktion von Informationen aus geophysikalischen Daten mit klassischen statistischen Tools erschwert.;;CC-BY 4.0;https://publicinterest.ai/;
https://publicinterest.ai/tool/map/project/simba;Simba Text Assistant;{'Interaktive App': 'Webanwendungen', 'KI Anwendung': '', 'Sprach-Editor': 'Sprachtechnologie', 'Textzusammenfassung': 'Sprachtechnologie', 'Browser-Erweiterung': 'Webanwendungen'};{'Barrierefreiheit': 'Inklusion & Teilhabe', 'Bildung': 'Bildung', 'Inklusion': 'Inklusion & Teilhabe', 'Wissensmanagement': 'Organisation & Professionalisierung'};https://publicinterest.ai/tool/simba;Alexander von Humboldt Institute for Internet and Society;Abgeschlossen;Der Simba Text Assistant ist ein webbasiertes Tool und eine Browser-Erweiterung, das Zusammenfassungen von deutschsprachigen Texten erstellt. Es wurde entwickelt, um das Online-Leseerlebnis zu verbessern und Nutzer:innen beim Sprachenlernen zu unterstützen.;Simba;CC-BY 4.0;https://publicinterest.ai/;
https://publicinterest.ai/tool/map/project/smartrecycling-up;SmartRecycling-UP;{'Prozessautomatisierung': 'Automatisierung', 'KI Anwendung': '', 'Computer Vision': 'Bildverarbeitung', 'Datenanalyse': 'Datenanalyse', 'Robotik': 'Künstliche Intelligenz'};{'Abfallwirtschaft': 'Klima & Umwelt', 'Recycling': 'Klima & Umwelt', 'Umwelt': 'Klima & Umwelt', 'Umweltschutz': 'Klima & Umwelt', 'Nachhaltigkeit': 'Klima & Umwelt'};https://robotik.dfki-bremen.de/en/research/projects/smartrecycling;Deutsches Forschungszentrum für Künstliche Intelligenz;Laufend;SmartRecycling-UP zielt darauf ab, die Recyclingquote und -qualität von Großabfällen durch Automatisierung bisher manueller Prozesse erheblich zu verbessern. Dies soll durch die Schaffung technischer Voraussetzungen für die automatisierte Vorsortierung von großformatigem Abfall geschehen.;;CC-BY 4.0;https://publicinterest.ai/;
https://publicinterest.ai/tool/map/project/tech4nature-mexico;Tech4Nature Mexico;{'Monitoring': 'Wirkungsmessung', 'KI Anwendung': '', 'Analyse von Sensordaten und ML': 'Künstliche Intelligenz', 'Datenerhebung': 'Datenerhebung', 'Datenanalyse': 'Datenanalyse', 'Entscheidungsassistent': 'Virtuelle Assistenz'};{'Umweltschutz': 'Klima & Umwelt', 'Nachhaltigkeit': 'Klima & Umwelt', 'Mexiko': 'Internationale Projekte', 'Meeresschutz': 'Klima & Umwelt', 'Partizipation': 'Inklusion & Teilhabe', 'Menschenrechte': 'Demokratie & Soziale Rechte'};https://www.forclimate.ai/tech4nature;C Minds, Minstry of Sustainable Development of Yucatan, International Union for Conservation of Nature (IUCN), Government of Yucatan, Huawei's Tech4All, Polytechnic University of Yucatan, Rainforest Connection;Abgeschlossen;Tech4Nature Mexico zielt darauf ab, die effektive Erhaltung und Regeneration der Biodiversität und der Ökosystemgesundheit in der Mangrovenzone der Yucatán-Halbinsel zu beschleunigen. Dies geschieht durch gemeinschaftszentrierte Ansätze, maschinelles Lernen und multisektorale Zusammenarbeit zur Überwachung und zum Verständnis der Auswirkungen des Klimawandels.;;CC-BY 4.0;https://publicinterest.ai/;
https://publicinterest.ai/tool/map/project/top-ki-text-optimisation-using-artificial-intelligence;TOP.KI (text optimisation using artificial intelligence);{'Übersetzungsassistent': 'Sprachtechnologie', 'KI Anwendung': ''};{'Chancengleichheit': 'Anti Dismkriminierung', 'Barrierefreiheit': 'Inklusion & Teilhabe', 'Inklusion': 'Inklusion & Teilhabe', 'Teilhabe': 'Inklusion & Teilhabe'};https://top-ki.info/;Institut für Textoptimierung, Zentral-Fachausschuss Berufsbildung Druck und Medien, Lehrstuhl für Technologien und Management der Digitalen Transformation der Bergischen Universität Wuppertal, Berufsbildungswerke Oberlinhaus Potsdam und Leipzig, deepsight GmbH;Laufend;Das Projekt TOP.KI entwickelt ein KI-gestütztes Übersetzungswerkzeug, um Prüfungsinhalte in leicht verständliche Sprache zu optimieren. Ziel ist es, Chancengleichheit bei Prüfungen zu fördern, indem sichergestellt wird, dass Prüfungsergebnisse technisches Wissen und nicht das Textverständnis widerspiegeln.;TOP.KI;CC-BY 4.0;https://publicinterest.ai/;
https://publicinterest.ai/tool/map/project/uwazi;Uwazi;{'Digitale Plattform': 'Digitale Plattformen', 'Open-Source': 'Open-Source-Software', 'Datenbank': 'Datenmanagement', 'Datenmanagement': 'Datenmanagement', 'Datenanalyse': 'Datenanalyse', 'Dokumentationstool': 'Unterstützungstools', 'KI-Anwendung': 'Künstliche Intelligenz', 'Natural Language Processing': 'Sprachtechnologie', 'Information Retrieval': 'Datenmanagement'};{'Humanitäre Hilfe': 'Internationale Projekte', 'Menschenrechte': 'Demokratie & Soziale Rechte', 'Flucht und Migration': 'Flucht & Migration', 'Frauen': 'Anti Dismkriminierung', 'Klimaschutz': 'Klima & Umwelt', 'Gleichberechtigung': 'Anti Dismkriminierung', 'Integration': 'Inklusion & Teilhabe'};https://uwazi.io, https://huridocs.org/technology/uwazi/;HURIDOCS;Abgeschlossen;Uwazi ist ein webbasiertes Open-Source-Tool zum Verwalten und Organisieren von Daten wie Zeugenaussagen, Forschungsergebnissen und Dokumenten. Es ist darauf ausgelegt, Menschenrechtsverteidiger bei der Erfassung, Verwaltung und Nutzbarmachung von Informationen zu unterstützen.;;CC-BY 4.0;https://publicinterest.ai/;
https://publicinterest.ai/tool/map/project/vera-ai-verification-assisted-by-artificial-intelligence;vera.ai: VERification Assisted by Artificial Intelligence;{'KI Anwendung': '', 'Datenanalyse': 'Datenanalyse', 'Monitoring': 'Wirkungsmessung', 'Entscheidungsassistent': 'Virtuelle Assistenz', 'Generative KI': 'Künstliche Intelligenz', 'Large Language Model (LLM)': 'Sprachtechnologie', 'Prozessautomatisierung': 'Automatisierung', 'Interaktive App': 'Webanwendungen', 'Sprach-Editor': 'Sprachtechnologie', 'Datensatz': 'Datenmanagement', 'Datenschutz': 'Datenmanagement'};{'Demokratie': 'Demokratie & Soziale Rechte', 'Ethik': 'Demokratie & Soziale Rechte', 'Transparenz': 'Inklusion & Teilhabe'};https://www.veraai.eu/home;Information Technologies Institute of Centre for Research and Technology-Hellas (CERTH-ITI);Laufend;vera.ai entwickelt vertrauenswürdige KI-Lösungen gegen fortgeschrittene Desinformationstechniken für Medienprofis und Forscher. Das Projekt zielt darauf ab, die Grundlagen für zukünftige Forschung im Bereich KI gegen Desinformation zu legen und die Verifikation von Inhalten zu unterstützen.;vera.ai;CC-BY 4.0;https://publicinterest.ai/;
https://publicinterest.ai/tool/map/project/vframe;VFRAME;{'KI Anwendung': '', 'Analyse von Sensordaten und ML': 'Künstliche Intelligenz', 'Offene Daten': 'Öffentliche Daten', 'Digitale Plattform': 'Digitale Plattformen'};{'Menschenrechte': 'Demokratie & Soziale Rechte', 'Humanitäre Hilfe': 'Internationale Projekte', 'Internationale': 'Internationale Projekte', 'Wissensmanagement': 'Organisation & Professionalisierung'};https://vframe.io;Mnemonic.org;Abgeschlossen;VFRAME ist ein Open-Source-Bildverarbeitungssystem, das Computer-Vision-Technologien und angepasste Modelle nutzt, um Objekte wie Munition in Konfliktgebieten zu identifizieren. Es unterstützt Menschenrechtsforscher bei forensischen Untersuchungen und investigativem Journalismus.;;CC-BY 4.0;https://publicinterest.ai/;
https://publicinterest.ai/tool/map/project/wertis-ki;WERTIS-KI;{'KI Anwendung': '', 'Interaktive App': 'Webanwendungen', 'Analyse von Sensordaten und ML': 'Künstliche Intelligenz', 'Datenanwendung für Öffentlichkeit': 'Datenanwendung für Öffentlichkeit'};{'Umweltschutz': 'Klima & Umwelt', 'Nachhaltigkeit': 'Klima & Umwelt', 'Abfallwirtschaft': 'Klima & Umwelt', 'Barrierefreiheit': 'Inklusion & Teilhabe', 'Vernetzung': 'Organisation & Professionalisierung', 'Wissensmanagement': 'Organisation & Professionalisierung'};https://wert-i.de/;Ostfalia Hochschule für angewandte Wissenschaften, dida Datenschmiede, ge‑T GmbH, Abfallentsorgungsgesellschaft A+B Peine;Laufend;WERTIS-KI ist ein Gemeinschaftsprojekt, das eine App entwickelt, die Objekte mittels künstlicher Intelligenz erkennt und mögliche Recyclingwege vorschlägt. Ziel ist es, Menschen durch Umweltbildung zu befähigen und Ressourcen durch die Reduzierung von Fehlwürfen bei der Abfalltrennung zu schonen.;;CC-BY 4.0;https://publicinterest.ai/;
https://publicinterest.ai/tool/map/project/www-jsk-org-pk;Jamiat sanabilul khair;{'KI Anwendung': '', 'Digitale Plattform': 'Digitale Plattformen', 'Datenerhebung': 'Datenerhebung', 'Datenanwendung für Öffentlichkeit': 'Datenanwendung für Öffentlichkeit'};{'Armut': 'Arbeit & Soziales', 'Bildung': 'Bildung', 'Gesundheit': 'Gesundheit', 'Humanitäre Hilfe': 'Internationale Projekte', 'Nachhaltigkeit': 'Klima & Umwelt', 'International': 'Internationale Projekte', 'Partizipation': 'Inklusion & Teilhabe'};http://www.jsk.org.pk;Jamiat sanabilul khair;Abgeschlossen;Jamiat sanabilul khair (Jsk) ist eine gemeinnützige Organisation, die Menschen in Pakistan durch Hilfe in Katastrophen, Gesundheitsversorgung, Bildung, sauberem Wasser und Mikrofinanzierung unterstützt. Sie nutzt eine digitale Plattform, um Spenden zu sammeln und Bedürftigen den Zugang zu Hilfsleistungen zu ermöglichen.;Jsk;CC-BY 4.0;https://publicinterest.ai/;
https://publicinterest.ai/tool/map/project/zentrum-fur-vertrauenswurdige-kunstliche-intelligenz-zvki;Zentrum für vertrauenswürdige Künstliche Intelligenz;{'Datenanalyse': 'Datenanalyse', 'Datenanwendung für Öffentlichkeit': 'Datenanwendung für Öffentlichkeit', 'Datenstandards': 'Datenmanagement', 'Dokumentations- und Netzwerktool': 'Unterstützungstools', 'Monitoring': 'Wirkungsmessung', 'Vernetzungsassistent': 'Virtuelle Assistenz', 'Datenschutz': 'Datenmanagement'};{'Antidiskriminierung': 'Anti Dismkriminierung', 'Beratung': 'Soziale Dienste', 'Chancengleichheit': 'Anti Dismkriminierung', 'Demokratie': 'Demokratie & Soziale Rechte', 'Ethik': 'Demokratie & Soziale Rechte', 'Evaluation': 'Organisation & Professionalisierung', 'Gleichberechtigung': 'Anti Dismkriminierung', 'Gleichstellung': 'Anti Dismkriminierung', 'Inklusion': 'Inklusion & Teilhabe', 'Menschenrechte': 'Demokratie & Soziale Rechte', 'Nachhaltigkeit': 'Klima & Umwelt', 'Partizipation': 'Inklusion & Teilhabe', 'Teilhabe': 'Inklusion & Teilhabe', 'Transparenz': 'Inklusion & Teilhabe', 'Umwelt': 'Klima & Umwelt', 'Vernetzung': 'Organisation & Professionalisierung', 'Wissensmanagement': 'Organisation & Professionalisierung'};https://www.zvki.de/;Think Tank iRights.Lab, Fraunhofer AISEC, Fraunhofer IAIS, Freie Universität Berlin;Abgeschlossen;Das Zentrum für vertrauenswürdige Künstliche Intelligenz (ZVKI) informiert die Öffentlichkeit über konsumentenrelevante KI-Themen, fördert die öffentliche Debatte und entwickelt Anforderungen sowie Werkzeuge für vertrauenswürdige KI. Es forscht an grundlegenden Anforderungen wie Datenschutz, Robustheit, Fairness und Erklärbarkeit von KI-Systemen.;ZVKI;CC-BY 4.0;https://publicinterest.ai/;
;;{};{};;;;;;;;
www.demokratie-wegweiser.de;Demokratie-Wegweiser;{'Datenanwendung für Öffentlichkeit': 'Datenanwendung für Öffentlichkeit', 'interaktive Karte/ Verzeichnis': 'Karten & Verzeichnisse'};{'Demokratie': 'Demokratie & Soziale Rechte', 'Teilhabe': 'Inklusion & Teilhabe', 'Transparenz': 'Inklusion & Teilhabe'};www.demokratie-wegweiser.de;Demokratie-Wegweiser;Laufend;Der Demokratie Wegweiser hat Daten über gewählte Ratsmitglieder gesammelt und auf einer interaktiven Karte verfügbar gemacht, die für alle Orte in NRW die Mandatsträger auf kommunaler, Landes- und Bundesebene anzeigt. So können sich Bürger*innen mit ihren Anliegen direkt an die Verantwortlichen wenden.;;CC-BY 4.0;https://civic-data.de/;
www.giessdenkiez.de;Gieß den Kiez;{'Datenanwendung für Öffentlichkeit': 'Datenanwendung für Öffentlichkeit', 'interaktive Karte/ Verzeichnis': 'Karten & Verzeichnisse', 'Crowd-Sourced Daten': 'Öffentliche Daten', 'Offene Daten': 'Öffentliche Daten'};{'Stadt': 'Stadtentwicklung', 'Umwelt': 'Klima & Umwelt'};www.giessdenkiez.de;CityLAB Berlin;Abgeschlossen;Gieß den Kiez ist eine interaktive Karte, die auf Offenen Datensätzen basiert und Stadtbäume mit Informationen wie Wasserbedarf, Alter und Art darstellt. Das Ziel: Bürger*innen können sich über den Wasserbedarf von Bäumen in der Nachbarschaft informieren, Bäume adoptieren und ihre Gießungen protokollieren. ;;CC-BY 4.0;https://civic-data.de/;
www.hilf-mir.berlin;Hilf mir Berlin ;{'Datenanwendung für Öffentlichkeit': 'Datenanwendung für Öffentlichkeit', 'interaktive Karte/ Verzeichnis': 'Karten & Verzeichnisse'};{'Gesundheit': 'Gesundheit', 'Mentale Gesundheit': 'Gesundheit', 'Stadt': 'Stadtentwicklung'};www.hilf-mir.berlin;CityLAB Berlin;Abgeschlossen;HILF-MIR Berlin bündelt Informationen zu niedrigschwelligen psychosozialen Angeboten in Berlin und macht sie über eine interaktive Karte sowie eine übersichtliche Liste zugänglich. Bürger*innen können gezielt nach Unterstützung bei psychischen Krisen oder Suchtproblemen suchen und passende Anlaufstellen in ihrer Nähe finden.;;CC-BY 4.0;https://civic-data.de/;
https://www.caritas-digital.de/projekte/lernende-systeme-in-der-beratung/;CariFix;{'Interne Datenanwendung': 'Interne Datenanwendung', 'Knowledge Graph': 'Wissensorganisation', 'Vernetzungsassistent': 'Virtuelle Assistenz'};{'Migrationsberatung': 'Flucht & Migration', 'Soziale Arbeit': 'Soziale Dienste'};https://www.caritas-digital.de/projekte/lernende-systeme-in-der-beratung/;Caritas;Abgeschlossen;Beratende der Caritas sammeln täglich Informationen über ihre Erfahrungen: Welchen Problemen ihrer Klient*innen haben sie wie geholfen. Diese Expertise-Daten werden mit CariFIX anonymisiert analysiert. CariFIX soll Beratende mit einer Frage, zu der sie Expertise benötigen, unterstützen und Beratende vernetzen.;CariFIX;CC-BY 4.0;https://civic-data.de/;
www.seniorennetz.berlin;Seniorennetz Berlin ;{'Datenanwendung für Öffentlichkeit': 'Datenanwendung für Öffentlichkeit', 'interaktive Karte/ Verzeichnis': 'Karten & Verzeichnisse'};{'Senior*innen': 'Soziale Dienste', 'Soziale Arbeit': 'Soziale Dienste'};www.seniorennetz.berlin;AWO Landesverband Berlin e.V.;Abgeschlossen;Das Seniorennetz Berlin schafft mit der interaktiven Karte themenbasiert Zugänge zu sozialen Angeboten und vernetzt digital und lokal Trägerorganisationen und Senior*innen. Das System ist barrierefrei, verarbeitet Änderungsvorschläge und integriert automatische Übersetzungen in beliebige Sprachen.;;CC-BY 4.0;https://civic-data.de/;
;Disposition von Rettungsmitteln;{'Interne Datenanwendung': 'Interne Datenanwendung', 'KI Anwendung': '', 'Maschinelles Lernen': 'Künstliche Intelligenz'};{'Rettungsdienst': 'Gesundheit'};https://zukunft-retten.de/wp-content/uploads/2025/07/Technologische-Konzepte-SPELL-Franke.pdf;DRK Rheinland-Pfalz;Abgeschlossen;Basierend auf vergangenen Einsätzen, Wetter- und Verkehrsdaten wurde ein KI-Modell trainiert, das Vorschläge zur Umdisposition von Rettungsfahrzeugen an andere Rettungswachen oder geeignete Orte macht. So soll eine lückenfreie Abdeckung von Rettungsmitteln und die 15 Minuten Hilfsfrist besser eingehalten werden.;;CC-BY 4.0;https://civic-data.de/;
www.codo-mentoring.org;codo - Das Datentool für Mentoringprojekte;{'Interne Datenanwendung': 'Interne Datenanwendung', 'Datenerhebung': 'Datenerhebung', 'Matching': 'Datenanalyse', 'Dashboard': 'Datenreporting'};{'Mentoring': 'Bildung', 'Patenschaft': 'Organisation & Professionalisierung'};www.codo-mentoring.org;Stiftung Bürgermut, Bürgerstiftung Hamburg;Abgeschlossen;codo ist ein von der Community entwickeltes digitales Tool zum Management von Patenschaften und Mentoringbeziehungen. Dabei spielt dir strukturierte Erfassung und Auswertung von Daten eine wichtige Rolle. Projektkoordinatorinnen können damit Kontakte zentral verwalten, Matchingprozesse dokumentieren, Kennzahlen analysieren und Fortschritte nachvollziehen.;codo;CC-BY 4.0;https://civic-data.de/;
www.leerstandsmelder.de;Leerstandsmelder;{'Datenanwendung für Öffentlichkeit': 'Datenanwendung für Öffentlichkeit', 'interaktive Karte/ Verzeichnis': 'Karten & Verzeichnisse', 'Crowd-Sourced Daten': 'Öffentliche Daten', 'Datenerhebung': 'Datenerhebung', 'Interaktive App': 'Webanwendungen'};{'Stadt': 'Stadtentwicklung', 'Wohnen': 'Stadtentwicklung'};www.leerstandsmelder.de, https://civic-data.de/leerstandsmelder/;Leerstandsmelder;Abgeschlossen;In Großstädten stehen oft unzählige Flächen leer, die bisher nicht dokumentiert waren. Der Leerstandsmelder macht auf einer interaktiven Karte sichtbar, wo Wohn- und Gewerberäume nicht genutzt werden. Leerstände können auf der Karte von allen Nutzer*innen direkt und unkompliziert eingetragen werden.;;CC-BY 4.0;https://civic-data.de/;
www.fairsharewl.org;Fair Share of Women Leaders;{'Datenanwendung für Öffentlichkeit': 'Datenanwendung für Öffentlichkeit', 'Dashboard': 'Datenreporting'};{'Transparenz': 'Inklusion & Teilhabe', 'Gleichstellung': 'Anti Dismkriminierung', 'Teilhabe': 'Inklusion & Teilhabe'};www.fairsharewl.org;Fair Share of Women Leaders;Abgeschlossen;Der FAIR SHARE Monitor ist ein datenbasiertes Instrument zur langfristigen Untersuchung der Geschlechterverteilung in den Belegschaften, Leitungs- und Aufsichtsgremien zivilgesellschaftlicher Organisationen. Auf Basis der Daten werden jährlich Listen und Grafiken transparent gemacht.;FAIR SHARE;CC-BY 4.0;https://civic-data.de/;
strassenlotse.hamburg;Strassenlotse Hamburg;{'Datenanwendung für Öffentlichkeit': 'Datenanwendung für Öffentlichkeit', 'interaktive Karte/ Verzeichnis': 'Karten & Verzeichnisse'};{'Wohnungslosenhilfe': 'Soziale Dienste', 'Kältehilfe': 'Soziale Dienste'};https://www.strassenlotse.hamburg/ ;Arbeitsgemeinschaft der freien Wohlfahrtspflege Hamburg;Abgeschlossen;Strassenlotse.Hamburg ist eine webbasierte App, die aktuelle Daten zu Einrichtungen und Hilfsangeboten für wohnungs- und obdachlose Menschen in Hamburg bündelt und strukturiert zugänglich macht. Nutzer*innen können Informationen gezielt filtern, auf einer interaktiven Karte mit Navigation anzeigen und wichtige Dokumente digital abrufen. Die Anwendung unterstützt sowohl die eigenständige Recherche als auch den Beratungsprozess und ermöglicht bei Bedarf den Ausdruck relevanter Suchergebnisse.;;CC-BY 4.0;https://civic-data.de/;
https://www.e-beratungsinstitut.de/projekte/kaimo/;KAIMO;{'Interne Datenanwendung': 'Interne Datenanwendung', 'KI Anwendung': '', 'Entscheidungsassistent': 'Virtuelle Assistenz'};{'Kinderschutz': 'Jugendhilfe', 'Ethik': 'Demokratie & Soziale Rechte'};https://www.e-beratungsinstitut.de/projekte/kaimo/;Institut für E-Beratung, TH Nürnberg;Abgeschlossen;Der KAIMo-Prototyp ist ein mehrstufiges Assistenzsystem, das Fachkräfte im Kinderschutz evidenzbasiert bei der Urteilsfindung und ethischen Reflexion unterstützt. Es ermöglicht die strukturierte Erfassung, Auswertung und Visualisierung relevanter Falldaten, ordnet Informationen aus unterschiedlichen Quellen automatisiert nach Merkmalen und Akteur*innen und macht bestehende Lücken im Informationsstand sichtbar. ;KAIMo;CC-BY 4.0;https://civic-data.de/;
https://correlaid.org/en/using-data/project-database/2021-07-SIL/;Silbernetz Dashboard;{'interne Datenanwendung': '', 'Dashboard': 'Datenreporting', 'Monitoring': 'Wirkungsmessung'};{'Senioren': 'Soziale Dienste', 'Soziale Arbeit': 'Soziale Dienste'};https://correlaid.org/en/using-data/project-database/2021-07-SIL/;Silbernetz e.V., CorrelAid;Abgeschlossen;Silbernetz und CorrelAid-Team entwickelten ein interaktives Dashboard, das Anrufdaten automatisiert auswertet und visualisiert. So entfallen zeitaufwändige manuelle Auswertungen. Aussagekräftige Statistiken sowie Karten unterstützen Silbernetz wirkungsvoll bei interner Analyse und der Gewinnung von Fördermitteln.;;CC-BY 4.0;https://civic-data.de/;
https://fair-text.com/;Fair Text;{'Datenanwendung für Öffentlichkeit': 'Datenanwendung für Öffentlichkeit', 'KI Anwendung': '', 'Large Language Model': 'Sprachtechnologie', 'Übersetzungsassistent': 'Sprachtechnologie'};{'Barrierefreiheit': 'Inklusion & Teilhabe', 'Teilhabe': 'Inklusion & Teilhabe', 'Integration': 'Inklusion & Teilhabe', 'Inklusion': 'Inklusion & Teilhabe'};https://fair-text.com/;laizee.ai GmbH;Laufend;Aus dem Projekt ErLesen der FH Aachen entstand Fair Text, ein KI-gestütztes Tool, um Texte in Leichte Sprache umzuwandeln. Ziel ist es, sprachliche Barrieren abzubauen und Menschen mit eingeschränkten Deutschkenntnissen oder Behinderungen mehr gesellschaftliche Teilhabe zu ermöglichen. ;Fair Text;CC-BY 4.0;https://civic-data.de/;
www.caremates.de;CareMates;{'KI Anwendung': '', 'Datenerhebung': 'Datenerhebung', 'Prozessautomatisierung': 'Automatisierung'};{'Pflege': 'Gesundheit'};www.caremates.de;CareMates;Laufend;Mithilfe eines digitalen Aufnahmebogens werden Stammdaten und Pflegeanforderungen der Patient*innen erfasst. Damit erstellen DSGVO-konforme KI-Algorithmen automatisch Pflegedokumente, individuelle Pflegepläne, Kostenvoranschläge und Vertragsdokumente. Pflegekräfte prüfen und passen diese an.;CareMates;CC-BY 4.0;https://civic-data.de/;
;CarDia;{'interne Datenanwendung': '', 'Erhebung': 'Datenerhebung', 'Dashboard': 'Datenreporting'};{'Beratung': 'Soziale Dienste', 'Soziale Arbeit': 'Soziale Dienste', 'Organisationsentwicklung': 'Organisation & Professionalisierung'};https://www.caritas-digital.de/cardia-wie-eine-software-werteorientiertes-management-ermoeglicht/;Caritasverband Hannover;Abgeschlossen;"CarDia ist eine Software, die ermöglicht, Soziale Arbeit qualitativ zu bewerten und damit eine Brücke zu den kaufmännischen Schnittstellen im Unternehmen zu bauen. Beratende reflektieren damit ihre Arbeit datenbasiert, Führungskräfte entwickeln ihre Organisation werteorientiert, hierarchie- und professionsübergreifend. Ein Ansatz wie CarDia macht deutlich, wie viel mehr als eine Anzahl an Stunden und Menschen mit Sozialer Arbeit verbunden ist und dabei, unsere Dienste zu verbessern.
";;CC-BY 4.0;https://civic-data.de/;
https://erfrischungskarte.odis-berlin.de/;Berliner Erfrischungskarte;{'Datenanwendung für Öffentlichkeit': 'Datenanwendung für Öffentlichkeit', 'interaktive Karte/ Verzeichnis': 'Karten & Verzeichnisse', 'Open Data': 'Öffentliche Daten'};{'Stadt': 'Stadtentwicklung', 'Umwelt': 'Klima & Umwelt', 'Gesundheit': 'Gesundheit'};https://erfrischungskarte.odis-berlin.de/;Open Data Informationssstelle Berlin, CityLab Berlin, Technologiestiftung;Abgeschlossen;Die Erfrischungskarte basiert auf der Simulation der Sonneneinstrahlung anhand eines digitalen Geländemodells und der Interpolation von klimatischen Modelldaten der Senatsverwaltung für Stadtentwicklung und Wohnen. Der Code des Tools ist Open Source und auf Github zu finden, sodass ihn jede*r weiterverwenden oder Vorschläge für Verbesserungen machen kann. Die Erfrischungskarte soll dazu anregen, die Stadt auf andere Art und Weise zu entdecken und gleichzeitig über das Thema Klimaanpassung zur Sicherstellung von Gesundheit und Lebensqualität in immer heißer werdenden Städten nachzudenken.;;CC-BY 4.0;https://civic-data.de/;
https://drk-wohlfahrt.de/blog/eintrag/mit-webscraping-data-science-die-wohnungslosenhilfen-im-drk-verstehen/;Webscraping Angebote für Wohnungslose;{'Erhebung': 'Datenerhebung', 'Verzeichnis': 'Karten & Verzeichnisse'};{'Wohnungslosenhilfe': 'Soziale Dienste', 'Kältehilfe': 'Soziale Dienste', 'Armut': 'Arbeit & Soziales', 'Soziale Arbeit': 'Soziale Dienste'};https://drk-wohlfahrt.de/blog/eintrag/mit-webscraping-data-science-die-wohnungslosenhilfen-im-drk-verstehen/;Deutsches Rotes Kreuz;Abgeschlossen;Gemeinsam mit Data Science for Social Good Berlin wurden mittels Web Scraping Webseiten von DRK Kreis- und Landesverbänden ausgelesen und nach Hilfsangeboten für wohnungslose Menschen durchsucht. Dadurch konnte eine analysier- und darstellbare Orientierung im Dschungel der Angebote geschaffen werden.;;CC-BY 4.0;https://civic-data.de/;
www.cropburning.in, www.energyharvesttrust.com;Energy Harvest Trust - India;{'Datenanwendung für Öffentlichkeit': 'Datenanwendung für Öffentlichkeit', 'Dashboard': 'Datenreporting', 'KI Anwendung': '', 'Machine Learning': 'Künstliche Intelligenz', 'Computer Vision': 'Bildverarbeitung'};{'International': 'Internationale Projekte', 'Indien': 'Internationale Projekte', 'Energie': 'Klima & Umwelt', 'Landwirtschaft': 'Klima & Umwelt'};www.cropburning.in, www.energyharvesttrust.com;Energy Harvest Trust - India;Abgeschlossen;MIthilfe von Satellitendaten idetifiziert die NGO Energy Harvest Trust Reisfelder, auf denen das Reisstroh verbrannt wird. Als Alternative zur Verbrennung wird den Bäuerinnen und Bauren angeboten, ihr Stroh an ein Biomassekraftwerk zu verkaufen. Zu Pellets verarbeitet, kann so Strom gewonnen werden, Luftverschmutzung verringert und den Bäuerinnen und Bauern ein zusätzliches Einkommen ermöglicht werden.;;CC-BY 4.0;https://civic-data.de/;
https://shelter-associates.org/plus-code/;Plus Code;{'Erhebung': 'Datenerhebung', 'interaktive Karte/ Verzeichnis': 'Karten & Verzeichnisse'};{'International': 'Internationale Projekte', 'Indien': 'Internationale Projekte', 'Teilhabe': 'Inklusion & Teilhabe', 'Armut': 'Arbeit & Soziales'};https://shelter-associates.org/plus-code/;Shelter Associates - India;Laufend;"Shelter Associates nutzt seit 30 Jahren Datenerhebung, um die Lebensrealitäten von Menschen in indischen Slums sichtbar zu machen und ihnen mit Hilfe von Geodaten (Längen- und Breitengrade werden zu ""Plus Codes"") eine eindeutige Adresse zu geben. So werden Haushalte, Geschäfte und Einrichtungen auffindbar und können von Post, Lieferdiensten sowie Rettungsdiensten schneller erreicht werden.";;CC-BY 4.0;https://civic-data.de/;
https://shelter-associates.org/statistical-data-2/;Data for All;{'Datenanwendung für Öffentlichkeit': 'Datenanwendung für Öffentlichkeit', 'Erhebung': 'Datenerhebung', 'interaktive Karte/ Verzeichnis': 'Karten & Verzeichnisse'};{'International': 'Internationale Projekte', 'Indien': 'Internationale Projekte', 'Teilhabe': 'Inklusion & Teilhabe', 'Armut': 'Arbeit & Soziales', 'Gleichberechtigung': 'Anti Dismkriminierung'};https://shelter-associates.org/statistical-data-2/;Shelter Associates - India;Laufend;Shelter Associates erhebt, organisiert und veröffentlicht Daten aus Slums auf Basis von Befragungen und bezieht dabei die Bewohner*innen selbst aktiv ein. Mitglieder der Communities werden in Datenerhebung und Kartenlesen geschult, wodurch sie ihre Lebensrealität sichtbar machen und als Partner im Entwicklungsprozess auftreten können. Die Daten zeigen Lücken in der kommunalen Versorgung auf, schaffen Augenhöhe zwischen Behörden, Zivilgesellschaft und Betroffenen und schließen zugleich eine wichtige Gender-Datenlücke, indem die Erfahrungen von Frauen und Mädchen systematisch erfasst werden.;;CC-BY 4.0;https://civic-data.de/;
https://www.sightsavers.org/programmes/inclusive-data/;Sightsavers;{'Datenanwendung für Öffentlichkeit': 'Datenanwendung für Öffentlichkeit', 'Erhebung': 'Datenerhebung', 'interaktive Karte/ Verzeichnis': 'Karten & Verzeichnisse'};{'International': 'Internationale Projekte', 'Kamerun': 'Internationale Projekte', 'Teilhabe': 'Inklusion & Teilhabe', 'Inklusion': 'Inklusion & Teilhabe'};https://www.sightsavers.org/programmes/inclusive-data/;Sightsavers - International;Laufend;Sightsavers setzt sich weltweit für die systematische Erhebung inklusiver Daten ein, die nach Behinderung, Geschlecht, Alter und weiteren Faktoren differenziert sind. Auf dieser Grundlage werden Ungleichheiten sichtbar gemacht und Verbesserungen im Zugang zu Gesundheits- und Unterstützungsangeboten angestoßen, etwa durch Studien zur augenmedizinischen Versorgung in Malawi und Uganda. Als unabhängige Forschungsorganisation kombiniert Sightsavers wissenschaftliche Analysen mit praktischer Hilfe und arbeitet eng mit Regierungen, Behindertenorganisationen und internationalen Partnern zusammen. Ziel ist es, Barrieren abzubauen und die Teilhabe von über 800 Millionen Menschen mit Behinderungen in Ländern mit niedrigem und mittlerem Einkommen zu stärken.;;CC-BY 4.0;https://civic-data.de/;
https://www.impactsproject.com/;Inclusive Mobility: Public And Collaborative Trusted Spaces;{'Datenanwendung für Öffentlichkeit': 'Datenanwendung für Öffentlichkeit', 'Erhebung': 'Datenerhebung', 'Dashboard': 'Datenreporting'};{'International': 'Internationale Projekte', 'Türkei': 'Internationale Projekte', 'Kroatien': 'Internationale Projekte', 'Stadt': 'Stadtentwicklung'};https://www.impactsproject.com/;Impacts Project;Abgeschlossen;Im Forschungsprojekt IMPACTS wurden neue Ansätze für ein nutzerzentriertes öffentliches Verkehrssystem entwickelt und erprobt. Durch digitale Feedbackmechanismen wurden Fahrgäste in Communities vernetzt, konnten Probleme melden und Vertrauen über Bewertungsfunktionen aufbauen. Städte und Verkehrsanbieter erhielten dadurch Echtzeit-Einblicke in die Wahrnehmung ihrer Dienste und konnten Verbesserungen gezielt umsetzen. Das Pilotprojekt zeigte, dass sich so Mobilitätsangebote attraktiver gestalten, Verkehrsaufkommen reduzieren und städtische Räume effizienter nutzen lassen.;IMPACTS;CC-BY 4.0;https://civic-data.de/;
https://de.mi4people.org/marinelitterdetectionviasatellites;Erkennung von Meeresmüll über Satelliten;{'Datenanwendung für die Öffentlichkeit': '', 'KI Anwendung': '', 'Machine Learning': 'Künstliche Intelligenz', 'interaktive Karte/ Verzeichnis': 'Karten & Verzeichnisse', 'Computer Vision': 'Bildverarbeitung'};{'International': 'Internationale Projekte', 'Umwelt': 'Klima & Umwelt', 'Meeresschutz': 'Klima & Umwelt'};https://de.mi4people.org/marinelitterdetectionviasatellites;MI4people;Laufend;Das Projekt von MI4people erstellt eine globale Karte von Meeresmüll mittels Computer-Vision. In Satellitenbildern werden Plastik und anderer Meeresmüll sowie dessen Position und Größe (fast) in Echtzeit identifiziert und verzeichnet. So tragen KI und maschinelles Lernen dazu bei, bessere Entscheidungen im Bezug auf Müllvermeidung und Meeresreinigung zu fällen. Außerdem tragen transparente Infromationen zur Bewusstseinsbildung bei der bevölkerung bei.;;CC-BY 4.0;https://civic-data.de/;
https://de.mi4people.org/general-computer-vision-for-healthcare;General Computer Vision für das Gesundheitswesen;{'KI Anwendung': '', 'Machine Learning': 'Künstliche Intelligenz', 'Computer Vision': 'Bildverarbeitung'};{'International': 'Internationale Projekte', 'Gesundheit': 'Gesundheit', 'Kongo': 'Internationale Projekte'};https://de.mi4people.org/general-computer-vision-for-healthcare;MI4people;Laufend;Länder mit mittlerem und niedrigem Einkommen sind ganz besonders von Magel in Gesunheitsberufen betroffen. Daher arbeitet ein Team bei MI4People an einem open-source Computer-Vision-System für die medizinische Bildanalyse, das Ärzt*innen weltweit bei der Diagnose unterstützen kann, auch wenn es sich nicht um ihr Fachgebiet handelt. Ziel ist ein frei verfügbares Tool, das ein breites Krankheitsspektrum abdeckt und unterschiedliche Bildtypen wie Fotos, Röntgen-, CT- oder MRT-Aufnahmen verarbeiten kann.;;CC-BY 4.0;https://civic-data.de/;
https://homeless.org.uk/what-we-do/streetlink-and-chain/chain/;CHAIN (Combined Homelessness and Information Network) ;{'Datenanwendung für die Öffentlichkeit': '', 'Erhebung': 'Datenerhebung', 'Dashboard': 'Datenreporting'};{'Wohnungslosenhilfe': 'Soziale Dienste', 'Soziale Arbeit': 'Soziale Dienste', 'Stadt': 'Stadtentwicklung'};https://homeless.org.uk/what-we-do/streetlink-and-chain/chain/;Homeless Link;Abgeschlossen;CHAIN (Combined Homelessness and Information Network) ist die umfassendste Datenbank zum Thema Obdachlosigkeit in Großbritannien. Das System wird von Homeless Link im Auftrag des Bürgermeisters von London betrieben und erfasst Informationen über Menschen, die auf der Straße leben oder einer Straßenlebensweise nachgehen. Outreach-Teams und spezialisierte Dienste dokumentieren Daten zu Unterstützungsbedarfen, Kontakten und Unterbringung, um Hilfe passgenau zu koordinieren und Doppelarbeit zu vermeiden. Die Berichte aus CHAIN liefern Entscheidungsträger\*innen wichtige Einblicke in Trends und Bedarfe und tragen so zur strategischen Weiterentwicklung der Obdachlosenhilfe bei.;CHAIN;CC-BY 4.0;https://civic-data.de/;
https://socialmap-berlin.de/l/de;Socialmap Berlin;{'Datenanwendung für Öffentlichkeit': 'Datenanwendung für Öffentlichkeit', 'interaktive Karte/ Verzeichnis': 'Karten & Verzeichnisse'};{'Stadt': 'Stadtentwicklung', 'Soziale Arbeit': 'Soziale Dienste', 'Beratung': 'Soziale Dienste'};https://socialmap-berlin.de/l/de;Paritätischer Wohlfahrtsverband Berlin;Laufend;socialmap berlin ist eine Online-Datenbank für Angebote der sozialen Arbeit, die von Mitgliedsorganisationen des Paritätischen Wohlfahrtsverbands Berlin bereitgestellt werden. Nutzer\*innen können Angebote nach Themen, Zielgruppen, Sprachen und Bezirken filtern und Kurzbeschreibungen mit Kontaktdaten sowie Standorten direkt ausdrucken oder per QR-Code abrufen. Die Plattform wird vom Paritätischen bereitgestellt, während die Organisationen ihre Einträge selbst pflegen.;socialmap;CC-BY 4.0;https://civic-data.de/;
https://www.beratungsnetz-migration.de/l/de;Berliner Beratungsnetz für Zugewanderte;{'Datenanwendung für Öffentlichkeit': 'Datenanwendung für Öffentlichkeit', 'interaktive Karte/ Verzeichnis': 'Karten & Verzeichnisse'};{'Stadt': 'Stadtentwicklung', 'Soziale Arbeit': 'Soziale Dienste', 'Integration': 'Inklusion & Teilhabe', 'Migration': 'Flucht & Migration'};https://www.beratungsnetz-migration.de/l/de;Verband für interkulturelle Arbeit (VIA) Regionalverband Berlin, Brandenburg e.V., GANGWAY – Straßensozialarbeit in Berlin e.V.;Laufend;Das „Berliner Beratungsnetz für Zugewanderte“ ist eine Online-Datenbank mit Beratungsangeboten für zugewanderte Menschen, die als Liste und Karte zur Verfügung steht. Dabei sind sowohl klassisch orientierende Migrationsberatungsstellen enthalten als auch die in den letzten Jahren entstandenen spezifischen Beratungs- und Unterstützungsangebote. Die Plattform richtet sich an Berater*innen und Fachkräfte, die Klient*innen weitervermitteln möchten.;BfZ;CC-BY 4.0;https://civic-data.de/;
https://mittendrin.in/l/de;Mittendrin in Brandenburg;{'Datenanwendung für Öffentlichkeit': 'Datenanwendung für Öffentlichkeit', 'interaktive Karte/ Verzeichnis': 'Karten & Verzeichnisse'};{'Stadt': 'Stadtentwicklung', 'Senior*innen': 'Soziale Dienste', 'Soziale Arbeit': 'Soziale Dienste'};https://mittendrin.in/l/de;Akademie 2. Lebenshälfte im Land Brandenburg e.V.;Laufend;mittendrin.in Brandenburg ist eine Informationsplattform für Menschen in der zweiten Lebenshälfte sowie für Ältere mit Pflegebedarf und ihre Angehörigen. Nutzerinnen und Anbieterinnen können Angebote aus Bereichen wie Freizeit, Beratung, Kultur oder Unterstützung selbst eintragen und abrufen. Alle Einträge werden geprüft und enthalten Angaben zu Kontakt und Barrierefreiheit. Ziel ist es, landesweit relevante Angebote zentral zugänglich zu machen, soziale und kulturelle Teilhabe zu fördern und digitale Kompetenzen zu stärken.;;CC-BY 4.0;https://civic-data.de/;
https://beyond-ai-collective.org/de/projects/kimodi/;KI-MoDi;{'KI Anwendung': '', 'Toolanalyse': 'Unterstützungstools'};{'Teilhabe': 'Inklusion & Teilhabe', 'Antidiskriminierung': 'Anti Dismkriminierung'};https://beyond-ai-collective.org/de/projects/kimodi/;beyond AI Collective;Abgeschlossen;KIMODI untersucht das selbst entwickelte Content-Moderation-Assistenz-Systems KOSMO auf Diskriminierungsrisiken in Online-Diskussionen und erarbeitet dafür ein Modell zur Analyse und reduktion von Diskriminierung in KI-Sprachmodellen. Das Ziel ist, mit mathematisch-statistische, technischen und nicht-technischen Verfahren Diskriminierung durch KI-Sprachmnodelle zu vermeiden.;KI-MoDi;CC-BY 4.0;https://civic-data.de/;
www.glaice.de;GLAICE - KI-basierte Assistenz für ein Leben mit Diabetes;{'Datenanwendung für Öffentlichkeit': 'Datenanwendung für Öffentlichkeit', 'KI Anwendung': ''};{'Gesundheit': 'Gesundheit', 'Diabetes': 'Gesundheit'};www.glaice.de;Glaice;Abgeschlossen;Glaice ist eine digitale Gesundheits-App, die Menschen mit Diabetes (Typ 1 und Typ 2) datenbasiert unterstützt. Das System analysiert persönliche Gesundheits-, Lebensstil- und Blutzuckerdaten mithilfe eines wissenschaftlich fundierten Algorithmus. Die App liefert nutzerzentrierte, verständliche Empfehlungen und maßgeschneiderte Beratung, um Sicherheit und Kontrolle im Alltag zu fördern. Dabei steht eine intuitive Benutzeroberfläche im Fokus, die auf sämtlichen Erfahrungsniveaus bedienbar ist.;GLAICE;CC-BY 4.0;https://civic-data.de/;
https://www.dfki.de/web/forschung/projekte-publikationen/projekt/stereoff;StereOFF ‒ Automatisierte Identifikation und Analyse von Geschlechterstereotypen;{'KI Anwendung': '', 'Datenanalyse': 'Datenanalyse'};{'Schule': 'Bildung', 'Bildung': 'Bildung', 'Antidiskriminierung': 'Anti Dismkriminierung', 'Gleichberechtigung': 'Anti Dismkriminierung', 'Teilhabe': 'Inklusion & Teilhabe'};https://www.dfki.de/web/forschung/projekte-publikationen/projekt/stereoff;Deutsches Forschungszentrum für Künstliche Intelligenz;Abgeschlossen;Das Projekt StereOFF entwickelt ein KI-Tool, das Geschlechterstereotype in Lehrmaterialien automatisch erkennt und analysiert. Ziel ist es, das Bewusstsein für Geschechterungleichheiten zu schärfen und eine gerechtere Bildung zu fördern.;StereOFF;CC-BY 4.0;https://civic-data.de/;
https://integreat-app.de/;Integreat;{'Datenanwendung für die Öffentlichkeit': '', 'KI Anwendung': '', 'Open Source': 'Open-Source-Software', 'Mehrsprachigkeit': 'Sprachtechnologie', 'Wissensplattform': 'Wissensorganisation'};{'Migration': 'Flucht & Migration', 'Beratung': 'Soziale Dienste', 'Teilhabe': 'Inklusion & Teilhabe', 'Integration': 'Inklusion & Teilhabe'};https://integreat-app.de/;Tür an Tür – Digitalfabrik gGmbH;Laufend;Integreat ist eine offene Integrationsplattform, die Städten und Landkreisen ermöglicht, Informationen für Zugewanderte zentral, mehrsprachig und barrierefrei bereitzustellen – als App, Website und bei Bedarf auch in Druckform. Inhalte können ohne IT-Kenntnisse gepflegt, automatisch übersetzt und lokal angepasst werden. Über 100 Kommunen setzen Integreat ein. Die Software wird Open-Source entwickelt.;;CC-BY 4.0;https://civic-data.de/;
https://tuerantuer.de/digitalfabrik/projekte/netzwerkobdachwohnen/;Netzwerk Obdach und Wohnen;{'Datenanwendung für die Öffentlichkeit': '', 'KI Anwendung': '', 'interaktive Karte/ Verzeichnis': 'Karten & Verzeichnisse', 'Mehrsprachigkeit': 'Sprachtechnologie'};{'Wohnungslosenhilfe': 'Soziale Dienste', 'Kältehilfe': 'Soziale Dienste'};https://tuerantuer.de/digitalfabrik/projekte/netzwerkobdachwohnen/;Tür an Tür – Digitalfabrik gGmbH;Abgeschlossen;Netzwerk Obdach & Wohnen ist eine digitale Plattform, die wohnungslosen Menschen verständliche und aktuelle Informationen zu Beratungsstellen, Notübernachtungen und Unterstützungsangeboten bereitstellt. Inhalte werden direkt von kommunalen Verwaltungen und Hilfsorganisationen gepflegt und sind über eine barrierearme Webanwendung auf Smartphone und PC zugänglich. Mehrsprachigkeit und eine datensparsame Kartenfunktion erleichtern die Nutzung, sodass Betroffene informierte Entscheidungen treffen und passende Hilfen finden können.;;CC-BY 4.0;https://civic-data.de/;
https://de.mi4people.org/dofe;DOfE - Data Open for Everyone;{'Datenanwendung für Öffentlichkeit': 'Datenanwendung für Öffentlichkeit', 'Dashboard': 'Datenreporting', 'Open Data': 'Öffentliche Daten'};{'Demokratie': 'Demokratie & Soziale Rechte', 'Transparenz': 'Inklusion & Teilhabe', 'Umwelt': 'Klima & Umwelt'};https://de.mi4people.org/dofe;MI4people;Abgeschlossen;DOfE – Data Open for Everyone entwickelt eine Plattform, die wichtige Daten wie Inflation, Arbeitslosenquote und Temperaturen in Deutschland sammelt, übersichtlich darstellt und verständlich aufbereitet. Ziel ist es, Transparenz in politischen Entscheidungsprozessen zu fördern.;DOfE;CC-BY 4.0;https://civic-data.de/;
https://unique-united.de/;Unique United;{'Datenanwendung für Öffentlichkeit': 'Datenanwendung für Öffentlichkeit', 'Wissensplattform': 'Wissensorganisation', 'Crowd-Sourced Daten': 'Öffentliche Daten', 'KI Anwendung': ''};{'Inklusion': 'Inklusion & Teilhabe', 'Teilhabe': 'Inklusion & Teilhabe'};https://unique-united.de/;Unique United GmbH;Laufend;Unique United ist eine von Menschen mit Behinderung entwickelte Plattform, die barrierefreie Vernetzung in allen Lebensbereichen ermöglicht. Sie bietet digitale Werkzeuge wie KI-gestützte barrierefreie Videos, Tools für Leichte Sprache, Fotokurse oder Programme für digitale Kompetenzen. Durch den Austausch von Angeboten, Tutorials und Hilfestellungen fördert die Plattform Inklusion und schafft neue Chancen für Teilhabe und ein selbstbestimmtes Leben.;;CC-BY 4.0;https://civic-data.de/;
https://consul.mehr-demokratie.info/;"Beteiligungsplattform ""Consul""";{'Datenanwendung für die Öffentlichkeit': '', 'Beteiligungsplattform': 'Digitale Plattformen', 'Open Source': 'Open-Source-Software', 'Tool': 'Unterstützungstools'};{'Stadt': 'Stadtentwicklung', 'Demokratie': 'Demokratie & Soziale Rechte', 'Teilhabe': 'Inklusion & Teilhabe', 'Transparenz': 'Inklusion & Teilhabe'};https://consul.mehr-demokratie.info/;Mehr Demokratie e.V.;Abgeschlossen;Consul ist eine Beteiligungsplattform für die Umsetzung von direkter Demokratie mit Fokus auf Städte, mit der Bürger*innen Vorschläge für politische Entscheidungsvorlagen eingereicht und darüber abstimmen können. Sie wurde ursprünglich in Spanien entwickelt und als Open Source Software durch Mehr Demokratie e.V. in Deutschland aufgegriffen.;;CC-BY 4.0;https://civic-data.de/;
senf.app;Senf.app Köln;{'Datenanwendung für die Öffentlichkeit': '', 'Beteiligungsplattform': 'Digitale Plattformen', 'KI Anwendung': '', 'Dashboard': 'Datenreporting', 'Tool': 'Unterstützungstools'};{'Stadt': 'Stadtentwicklung', 'Demokratie': 'Demokratie & Soziale Rechte', 'Teilhabe': 'Inklusion & Teilhabe', 'Transparenz': 'Inklusion & Teilhabe'};https://senf.app/;Fuhr, Morino, Wild von Hohenborn GbR;Abgeschlossen;Senf ist eine digitale Beteiligungsplattform für Städteplanungsprojekte, um den Stadtraum aktiv mitzugestalten. Dort können Bürger*innen ihre Visionen für die Stadt auf einer interaktiven Karte teilen, liken und kommentieren. Die Auswertung erfolgt automatisiert mithilfe von KI.;;CC-BY 4.0;https://civic-data.de/;
https://machine-vs-rage.bag-gegen-hass.net/;Machine Against the Rage;{'Datenanwendung für die Öffentlichkeit': '', 'Datenanalyse': 'Datenanalyse', 'Dashboard': 'Datenreporting'};{'Demokratie': 'Demokratie & Soziale Rechte', 'Transparenz': 'Inklusion & Teilhabe', 'Antirassismus': 'Anti Dismkriminierung'};https://machine-vs-rage.bag-gegen-hass.net/;BAG »Gegen Hass im Netz«;Laufend;Machine against the rage ist ein Trendreport der BAG „Gegen Hass im Netz“, der Muster, Trends und Dynamiken digitalen Hasses untersucht. Mithilfe von Daten- und Netzwerkanalysen sowie qualitativer Forschung werden demokratiefeindliche Entwicklungen sichtbar gemacht und im vierteljährlich erscheinenden Report aufbereitet. Ergänzt durch ein visuelles Dashboard, Policy Briefs und Videos liefert der Report ein Frühwarnsystem für Politik und Öffentlichkeit, um extremistische Tendenzen und gefährliche Meinungsveränderungen frühzeitig zu erkennen und einzuordnen.;;CC-BY 4.0;https://civic-data.de/;
https://frankfurter-plattform-55plus.de/;Frankfurter Plattform 55+;{'Datenanwendung für Öffentlichkeit': 'Datenanwendung für Öffentlichkeit', 'interaktive Karte/ Verzeichnis': 'Karten & Verzeichnisse', 'Crowd-Sourced Daten': 'Öffentliche Daten'};{'Teilhabe': 'Inklusion & Teilhabe', 'Senioren': 'Soziale Dienste'};https://frankfurter-plattform-55plus.de/;VHS Frankfurt;Abgeschlossen;Die Frankfurter Plattform 55+ ist ein zentrales Online-Portal für Bildungs- und Beratungsangebote für ältere Menschen in Frankfurt am Main. Initiiert von der VHS Frankfurt im Auftrag der Stadt, bündelt die Plattform vielfältige Angebote in den Bereichen „Bildung & Begegnung“ sowie „Beratung & Hilfe“. Ziel ist es, Senior*innen einen schnellen und transparenten Überblick über ortsnahe Angebote zu geben, kulturelle Teilhabe zu fördern und lebenslanges Lernen zu unterstützen. Die Plattform lebt vom Mitwirken zahlreicher Anbietender und der aktiven Nutzung durch die Frankfurter Stadtgesellschaft.;FP55+;CC-BY 4.0;https://civic-data.de/;
https://jugendhilfe.ai/;jugendhilfe.ai;{'Datenanwendung für die Öffentlichkeit': '', 'KI Anwendung': '', 'Tool': 'Unterstützungstools'};{'Soziale Arbeit': 'Soziale Dienste', 'Jugendhilfe': 'Jugendhilfe', 'Legal Tech': ''};https://jugendhilfe.ai/;Social Impact gGmbH;Laufend;Jugendhilfe.ai bietet eine KI-gestützte Suchmaschine für Fachkräfte, die gesetzliche Ansprüche und Finanzierungsmöglichkeiten schnell auffindbar macht. Ein Sprachmodell (LLM) verarbeitet Gesetzestexte zu verständlichen Antworten, spart Arbeitszeit und erleichtert die Hilfeplanung.;JUGENDHILFE.ai;CC-BY 4.0;https://civic-data.de/;
https://www.tmz-hamm.de/;telemedizin zentrum hamm;{'KI Anwendung': '', 'Telemedizin': '', 'Datenanwendung für die Öffentlichkeit': ''};{'Demenz': 'Gesundheit', 'pflegende Angehörige': 'Gesundheit', 'gesundheit': 'Gesundheit'};https://www.tmz-hamm.de/;Hochschule Hamm Lippstadt;Laufend;Die Plattform unterstützt pflegende Angehörige, indem sie neben Online-Kursen und Beratungen auch telemedizinische KI-gestützte Anwendungen zur Demenzfrüherkennung entwickelt und anbietet.;TMZ Hamm;CC-BY 4.0;https://civic-data.de/;
https://www.generationgermany.de/presse/;Generation Germany Jugendstudie;{'Datenanwendung für Öffentlichkeit': 'Datenanwendung für Öffentlichkeit', 'Erhebung': 'Datenerhebung', 'Datenanalyse': 'Datenanalyse', 'Datenvisualisierung': 'Datenreporting'};{'Demokratie': 'Demokratie & Soziale Rechte', 'Partizipation': 'Inklusion & Teilhabe', 'Jugendbeteiligung': 'Jugendhilfe'};https://www.generationgermany.de/presse/;Children for a better World e.V.;Abgeschlossen;Zur Förderung von Demokratie und Jugendbeteiligung veröffentlicht der spendenfinanzierte Verein Children for a better world regelmäßig begleitende Studien zu ihrem Demokratiefestival durch.;GenGer;CC-BY 4.0;https://civic-data.de/;
https://go.ifrc.org/;IFRC GO - Disaster Response and Preparedness;{'Datenanwendung für Öffentlichkeit': 'Datenanwendung für Öffentlichkeit', 'interaktive Karte/ Verzeichnis': 'Karten & Verzeichnisse', 'Open Source': 'Open-Source-Software'};{'Katastrophenschutz': 'Gesundheit', 'Humanitäre Hilfe': 'Internationale Projekte'};https://go.ifrc.org/;International Federation of Red Cross;Abgeschlossen;Die Plattform IFRC GO des Internationalen Roten Kreuzes bündelt Informationen über Katastrophen zentral auf einem Dashboard und interaktiven Karte. Damit sollen Entscheidungen für den Einsatz von humanitärer Hilfe datenbasiert unterstützt, Frühwarnungen ermöglicht und der weltweite Einsatz sichtbar gemacht werden.;GO;CC-BY 4.0;https://civic-data.de/;
https://civic-data.de/output-monitoring-ten-sing/;TEN SING Gesamterhebung;{'Interne Datenanwendung': 'Interne Datenanwendung', 'Output Monitoring': 'Wirkungsmessung', 'Reporting': 'Datenreporting', 'Dashboard': 'Datenreporting'};{'Jugendarbeit': 'Jugendhilfe', 'Vernetzung': 'Organisation & Professionalisierung', 'Wirkungsmessung': 'Organisation & Professionalisierung', 'Evaluation': 'Organisation & Professionalisierung'};https://civic-data.de/output-monitoring-ten-sing/;Christlicher Verein Junger Menschen, CDL;Abgeschlossen;TenSing ist ein Musikprojekt für Jugendliche und nutzt Daten aus qualitativen und quantitativen Teilnehmendenbefragungen effektiv für die Weiterentwicklung und Verstetigung des Programms. Die gesammelten Daten sollen mit Hilfe des Civic Data Lab in einem Dashboard visualisiert und analysiert werden.;;CC-BY 4.0;https://civic-data.de/;
https://citylab-berlin.org/de/projects/beyond-forms/;Beyond Forms;{'Forschung': 'Datenanalyse', 'Open-Source': 'Open-Source-Software', 'Maschinelles Lernen': 'Künstliche Intelligenz', 'Prozessautomatisierung': 'Automatisierung', 'KI Anwendung': ''};{'Stadt': 'Stadtentwicklung', 'Armut': 'Arbeit & Soziales', 'Inklusion': 'Inklusion & Teilhabe', 'Zivilgesellschaft': 'Demokratie & Soziale Rechte'};http://google.org/;CityLAB Berlin;Laufend;KI-Agenten für Antragsprozesse der Zukunft – einfacher, schneller, zugänglicher;;CC BY-NC-SA;https://citylab-berlin.org;0.0
https://citylab-berlin.org/de/projects/baergpt/;BärGPT;{'KI Anwendung': '', 'Open Source': 'Open-Source-Software', 'Web-App': 'Webanwendungen', 'Information Retrieval': 'Datenmanagement'};{'Verwaltung': 'Organisation & Professionalisierung', 'KI': 'Gesundheit', 'Datenschutz': ''};https://citylab-berlin.org/de/blog/baergpt-der-neue-ki-assistent-fuer-die-berliner-verwaltung/, https://citylab-berlin.org/de/blog/baergpt-technischer-deep-dive-ki-assistenten-berliner-verwaltung/;CityLAB Berlin;Laufend;Der KI-Assistent für die Berliner Landesverwaltung.;BärGPT;CC BY-NC-SA;https://citylab-berlin.org;1.0
https://citylab-berlin.org/de/projects/fairgnuegen/;Fairgnügen;{'Web-App': 'Webanwendungen', 'Plattform': 'Digitale Plattformen', 'Interaktive Karte': 'Karten & Verzeichnisse', 'Datenportal': 'Öffentliche Daten'};{'Kultur': 'Kultur', 'Sport': 'Sport', 'Bildung': 'Bildung', 'Barrierefreiheit': 'Inklusion & Teilhabe', 'Inklusion': 'Inklusion & Teilhabe', 'Armut': 'Arbeit & Soziales'};https://fairgnuegen.berlin.de/;CityLAB Berlin;Laufend;Unsere neue Webseite hilft bei der Suche nach über 400 kostenlosen und ermäßigten Angeboten.;;CC BY-NC-SA;https://citylab-berlin.org;2.0
https://citylab-berlin.org/de/projects/parla/;Parla;{'Open-Source': 'Open-Source-Software', 'Information Retrieval': 'Datenmanagement', 'Web-App': 'Webanwendungen', 'KI Anwendung': '', 'Datenportal': 'Öffentliche Daten'};{'Stadt': 'Stadtentwicklung', 'Open Data': ''};https://pardok.parlament-berlin.de/portala/browse.tt.html, https://citylab-berlin.org/de/wissensspeicher-glossar/, https://www.parla.berlin, https://citylabberlin.typeform.com/to/kCdnCgvC#product=parla, https://citylab-berlin.org/de/blog/parla-technische-entwicklung-des-neuen-ki-tools/, https://github.com/technologiestiftung/parla-frontend;CityLAB Berlin;Laufend;Das neue KI-Tool Parla macht Schriftliche Anfragen durchsuchbar. ;;CC BY-NC-SA;https://citylab-berlin.org;3.0
https://citylab-berlin.org/de/projects/kiezlabor/;Kiezlabor;{'Workshops': 'Fortbildung', 'Partizipation': 'Datenerhebung', 'Vernetzung': '', 'Dokumentations- und Netzwerktool': 'Unterstützungstools'};{'Stadtplanung': 'Stadtentwicklung', 'Partizipation': 'Inklusion & Teilhabe', 'Zivilgesellschaft': 'Demokratie & Soziale Rechte', 'Verwaltung': 'Organisation & Professionalisierung', 'Vernetzung': 'Organisation & Professionalisierung'};https://kiezlabor.de/kiezpartner/#kontakt, https://kiezlabor.de/veranstaltungsorte/, https://kiezlabor.de/was-wir-machen/, https://kiezlabor.de/kiezpartner/;CityLAB Berlin;Laufend;Das Kiezlabor bringt den prototypischen Ansatz des CityLAB Berlin in die Kieze.;;CC BY-NC-SA;https://citylab-berlin.org;4.0
https://citylab-berlin.org/de/projects/data-hub-berlin/;Data Hub Berlin  ;{'Datenportal': 'Öffentliche Daten', 'Open-Source': 'Open-Source-Software', 'Plattform': 'Digitale Plattformen', 'Dashboard': 'Datenreporting', 'Visualisierung': 'Datenreporting', 'Datenmanagement': 'Datenmanagement', 'API': 'Datenmanagement'};{'Stadt': 'Stadtentwicklung', 'Open Data': ''};https://data-hub.berlin/;CityLAB Berlin;Laufend;Die zentrale Plattform für ein bessere Wertschöpfung der Berliner Datenschätze. ;;CC BY-NC-SA;https://citylab-berlin.org;5.0
https://citylab-berlin.org/de/projects/partizipation-digital/;Partizipation Digital ;{'Explorative Analyse': 'Datenanalyse', 'Web-App': 'Webanwendungen', 'Interaktive App': 'Webanwendungen'};{'Flucht und Migration': 'Flucht & Migration', 'Integration': 'Inklusion & Teilhabe', 'Stadt': 'Stadtentwicklung'};https://www.berlin.de/lb/intmig/programme-und-praktische-hilfen/partizipation-digital/, https://minor-kontor.de/partizipation-digital/;CityLAB Berlin;Laufend;Eine prototypische Lösung soll den Ankunftsprozess unterstützen und verbessern.;PaDi;CC BY-NC-SA;https://citylab-berlin.org;6.0
https://citylab-berlin.org/de/projects/govtech-testlab/;GovTech TestLAB;{'Workshops': 'Fortbildung', 'Explorative Analyse': 'Datenanalyse', 'Beratung': '', 'Datenmanagement': 'Datenmanagement'};{'Stadt': 'Stadtentwicklung'};https://citylab-berlin.org/de/blog/digitale-souveraenitaet-fuer-die-berliner-verwaltung/, https://citylab-berlin.org/de/blog/warum-gute-produkttests-wie-eine-abenteuerliche-seefahrt-sind/, https://citylab-berlin.org/de/blog/govtech-scouting-unser-testlabor-fuer-die-berliner-verwaltung/;CityLAB Berlin;Laufend;Wir schaffen einen Raum, in dem Lösungen ausprobiert und bewertet werden können.;;CC BY-NC-SA;https://citylab-berlin.org;7.0
https://citylab-berlin.org/de/projects/stadtlabor2go/;Stadtlabor2Go;{'Workshops': 'Fortbildung', 'Partizipation': 'Datenerhebung', 'Vernetzung': '', 'KI-Anwendung': 'Künstliche Intelligenz', 'Digitale Plattform': 'Digitale Plattformen', 'Prozessoptimierung': 'Automatisierung'};{'Stadt': 'Stadtentwicklung', 'Zivilgesellschaft': 'Demokratie & Soziale Rechte', 'Partizipation': 'Inklusion & Teilhabe'};https://zukunftswerk.wiesbaden.de/, https://citylab-berlin.org/de/blog/prototyping-im-stadtraum/, https://gemeinsamdigital.berlin.de/de/, https://www.wiesbaden.de/wirtschaft/wirtschaftsstandort/zukunftswerk.php, https://kiezlabor.de/, https://www.egovernment.de/nutzerzentrierte-digitalisierung-im-stadtlabor2go-a-c21179e2f18ba56f79f015e7d74f5da8/, https://citylab-berlin.org/de/blog/theorie-trifft-realitaet-warum-prozesse-selten-so-ablaufen-wie-geplant/, https://www.moenchengladbach.de/de/aktuell-aktiv/newsroom/das-neue-stadtlabormg-sorgt-fuer-digitale-bildung-und-beteiligung-rund-um-die-digitalisierung-der-stadt, https://citylab-berlin.org/de/wissensspeicher/, https://citylab-berlin.org/en/newsletter, https://citylab-berlin.org/de/blog/digitale-souveraenitaet-fuer-die-berliner-verwaltung/, https://citylab-berlin.org/de/projects/labcamp/;CityLAB Berlin;Laufend;Stadtlabor2Go zeigt, wie Städte Digitalisierung gemeinsam voranbringen können.;;CC BY-NC-SA;https://citylab-berlin.org;8.0
https://citylab-berlin.org/de/projects/giess-den-kiez/;Gieß den Kiez;{'Web-App': 'Webanwendungen', 'Interaktive Karte': 'Karten & Verzeichnisse', 'Open Data': 'Öffentliche Daten', 'Datenvisualisierung': 'Datenreporting', 'Open-Source': 'Open-Source-Software'};{'Umweltschutz': 'Klima & Umwelt', 'Klimaschutz': 'Klima & Umwelt', 'Stadt': 'Stadtentwicklung', 'Nachhaltigkeit': 'Klima & Umwelt'};https://github.com/technologiestiftung/giessdenkiez-de, https://giessdeinviertel.codeforleipzig.de/, http://www.giessdenkiez.de/, https://www.giessdenkiez.de/, https://citylab-berlin.org/wp-content/uploads/2019/06/Giess-den-Kiez-Anleitung-Checkliste-Retrospektive.pdf, https://join.slack.com/t/giessdenkiez/shared_invite/zt-e3et281u-xON4UmBZpKavzDRkw5HmCQ/, https://www.magdeburg-giesst.de, https://www.giessdenkiez.de, https://citylab-berlin.org/wp-content/uploads/Two-Pager-Giess_den_Kiez-0326_DE.pdf, https://www.bund-berlin.de/fileadmin/berlin/Arbeitsmaterialien/Baeume_richtig_giessen.pdf, https://www.bund-berlin.de/service/publikationen/detail/publication/bund-baumreport-berlin-2012-2019/;CityLAB Berlin;Laufend;Gieß den Kiez ist eine Plattform zur Koordinierung der Bewässerung der Berliner Bäume.;;CC BY-NC-SA;https://citylab-berlin.org;9.0
https://citylab-berlin.org/de/projects/klimadashboard-xhain/;KlimaDashboard Xhain;{'Dashboard': 'Datenreporting', 'Datenvisualisierung': 'Datenreporting'};{'Klimawandel': 'Klima & Umwelt', 'Umweltschutz': 'Klima & Umwelt', 'Nachhaltigkeit': 'Klima & Umwelt'};https://www.berlin.de/ba-friedrichshain-kreuzberg/politik-und-verwaltung/service-und-organisationseinheiten/klima-und-internationales/artikel.1408194.php, https://klima-dashboard-xhain.vercel.app/current-projects/, https://klima-dashboard-xhain.vercel.app/climate-strategies/;CityLAB Berlin;Laufend;Mit dem Klimadashboard werden Klimadaten transparen.;;CC BY-NC-SA;https://citylab-berlin.org;10.0
https://citylab-berlin.org/de/projects/hilf-mir-berlin/;Hilf-Mir.Berlin;{'Web-App': 'Webanwendungen', 'Plattform': 'Digitale Plattformen', 'Kartenanwendung': 'Karten & Verzeichnisse', 'Open Source': 'Open-Source-Software', 'Empfehlungssystem': 'Recomender System'};{'Beratung': 'Soziale Dienste', 'Barrierefreiheit': 'Inklusion & Teilhabe', 'Gesundheit': 'Gesundheit', 'Soziale Arbeit': 'Soziale Dienste', 'Stadt': 'Stadtentwicklung', 'Chancengleichheit': 'Anti Dismkriminierung'};https://www.hilf-mir.berlin;CityLAB Berlin;Laufend;Hilf-Mir.Berlin fasst das Angebot von über 200 Beratungsstellen erstmals übersichtlich zusammen. ;Hilf-Mir.Berlin;CC BY-NC-SA;https://citylab-berlin.org;11.0
https://citylab-berlin.org/de/projects/talking-treebot/;Talking Treebot;{'KI Anwendung': '', 'Interaktive App': 'Webanwendungen', 'Interaktive Datenexploration': 'Datenanalyse', 'Web-App': 'Webanwendungen'};{'Stadtplanung': 'Stadtentwicklung', 'Umweltschutz': 'Klima & Umwelt', 'Klimaschutz': 'Klima & Umwelt', 'Bildung': 'Bildung', 'Klimawandel': 'Klima & Umwelt'};https://senseable.mit.edu/, https://github.com/technologiestiftung/talking-treebot;CityLAB Berlin;Laufend;Der Talking Treebot gibt den Berliner Stadtbäumen mit Hilfe von Künstlicher Intelligenz eine Stimme.;;CC BY-NC-SA;https://citylab-berlin.org;12.0
https://citylab-berlin.org/de/projects/buergeramt-der-zukunft-tagebuchstudie/;Bürgeramt der Zukunft;{'Forschung': 'Datenanalyse', 'Prozessautomatisierung': 'Automatisierung', 'Web-App': 'Webanwendungen', 'Workshops': 'Fortbildung'};{'Verwaltung': 'Organisation & Professionalisierung'};https://www.itdz-berlin.de/, https://service.berlin.de/standort/122238/;CityLAB Berlin;Laufend;Das Ziel des Projekts Bürgeramt der Zukunft ist es, ein tieferes Verständnis für die Arbeit und die Abläufe in der Verwaltung zu erhalten und diese hinsichtlich ihrer Nutzer:innenorientierung zu verbessern.;;CC BY-NC-SA;https://citylab-berlin.org;13.0
https://citylab-berlin.org/de/projects/citylab-roadshow/;CityLAB Roadshow;{'Workshops': 'Fortbildung', 'Beratung': '', 'Wissensvermittlung': ''};{'Verwaltung': 'Organisation & Professionalisierung', 'Stadt': 'Stadtentwicklung'};https://citylab-berlin.org/wp-content/uploads/2022/02/RoadshowCityLAB.pdf, https://citylab-berlin.org/de/wissensspeicher/, https://citylab-berlin.org/de/blog/die-citylab-roadshow-einblicke-in-unsere-tour-durch-die-berliner-verwaltungen/;CityLAB Berlin;Laufend;Das CityLAB Berlin kommt zum Hausbesuch.;;CC BY-NC-SA;https://citylab-berlin.org;14.0
https://citylab-berlin.org/de/projects/berliner-energiecheckpoint/;Berliner EnergieCheckpoint;{'Datenvisualisierung': 'Datenreporting', 'Web-App': 'Webanwendungen', 'Interaktive Karte': 'Karten & Verzeichnisse', 'Open Data': 'Öffentliche Daten', 'Datenanwendung für Öffentlichkeit': 'Datenanwendung für Öffentlichkeit'};{'Energie': 'Klima & Umwelt', 'Klimaschutz': 'Klima & Umwelt', 'Nachhaltigkeit': 'Klima & Umwelt', 'Stadt': 'Stadtentwicklung', 'Umweltschutz': 'Klima & Umwelt', 'Datenanalyse': ''};https://odis-berlin.de/contact/, https://energiecheckpoint.odis-berlin.de, https://www.berlin.de/sen/uvk/klimaschutz/klimaschutzpolitik-in-berlin/energiewendegesetz/, https://www.bim-berlin.de/presse/publikationen/, https://odis-berlin.de, https://www.technologiestiftung-berlin.de/, https://github.com/technologiestiftung/energiekarte, https://odis-berlin.de/;CityLAB Berlin;Laufend;Der EnergieCheckpoint zeigt Daten zum Energieverbrauch öffentlicher Gebäude.;;CC BY-NC-SA;https://citylab-berlin.org;15.0
https://citylab-berlin.org/de/projects/smart_city/;Gemeinsam Digital: Berlin;{'Workshops': 'Fortbildung', 'Beratung': '', 'Vernetzung': '', 'Forschung': 'Datenanalyse', 'Reporting': 'Datenreporting'};{'Stadtplanung': 'Stadtentwicklung', 'Nachhaltigkeit': 'Klima & Umwelt', 'Demokratie': 'Demokratie & Soziale Rechte', 'Technologie': '', 'Berlin': ''};https://citylab-berlin.org/de/blog/rueckblick-das-jahr-2024-mit-blick-auf-die-strategie-gemeinsam-digital-berlin/, https://citylab-berlin.org/de/wissensspeicher-gdb-materialien/, https://gemeinsamdigital.berlin.de/de/, https://www.politicsfortomorrow.eu/, https://gemeinsamdigital.berlin.de/de/handbuch/;CityLAB Berlin;Laufend;Wir unterstützen die Maßnahmen der Smart City Strategie “Gemeinsam Digital: Berlin”.;GD:B;CC BY-NC-SA;https://citylab-berlin.org;16.0
https://citylab-berlin.org/de/projects/ki-zum-anfassen-unsere-interaktiven-exponate/;KI zum Anfassen;{'Explorative Analyse': 'Datenanalyse', 'KI Anwendung': '', 'Interaktive Datenexploration': 'Datenanalyse'};{'Kultur': 'Kultur', 'Bildung': 'Bildung', 'Zivilgesellschaft': 'Demokratie & Soziale Rechte', 'Demokratie': 'Demokratie & Soziale Rechte', 'Technologie': ''};https://chat.openai.com, https://ki-portrait.citylab-berlin.org/, https://citylab-berlin.org/de/projects/kiezlabor/, https://citylab-berlin.org/de/exhibition/;CityLAB Berlin;Laufend;Hier stellen wir euch vier unserer aktuellen KI-Experimente vor, die in unserem Prototyping-Team entstanden sind.;;CC BY-NC-SA;https://citylab-berlin.org;17.0
https://citylab-berlin.org/de/projects/labcamp/;LabCamp;{'Vernetzung': '', 'Workshops': 'Fortbildung', 'Verzeichnis / Karte': 'Karten & Verzeichnisse'};{'Vernetzung': 'Organisation & Professionalisierung', 'Technologie': '', 'Demokratie': 'Demokratie & Soziale Rechte', 'Zivilgesellschaft': 'Demokratie & Soziale Rechte', 'Verwaltung': 'Organisation & Professionalisierung'};https://stadtlabor-soest.de/, https://citylab-berlin.org/wp-content/uploads/2019/06/LabCamp-Positionspapier-20240808finaleversion.pdf, https://www.politicsfortomorrow.eu/, https://join.slack.com/t/labcamp-workspace/shared_invite/zt-29n7h1zib-eSo5kqtGZFNGCZbF67xGxA, https://www.notion.so/politicsfortomorrow/LabCamp-Vernetzungstreffen-ffentlicher-Innovationslabore-344f776f4ddd46f8b20dfe93f8e29a4f, https://next-netz.de/, https://citylab-berlin.org/de/newsletter/, https://citylab-berlin.org/de/start/, https://dit.bund.de/, https://www.witi-innovation.de/atlas-der-innovation/;CityLAB Berlin;Laufend;Das LabCamp ist ein Vernetzungstreffen öffentlicher Innovationslabore.;;CC BY-NC-SA;https://citylab-berlin.org;18.0
https://citylab-berlin.org/de/projects/summerschool/;Summer School;{'Workshops': 'Fortbildung', 'Forschung': 'Datenanalyse', 'Vernetzung': ''};{'Stadtplanung': 'Stadtentwicklung', 'Gesundheit': 'Gesundheit', 'Mobilität': '', 'Nachhaltigkeit': 'Klima & Umwelt', 'Digitalisierung': ''};https://citylab-berlin.org/de/blog/summer-school-kottiflow/, https://citylab-berlin.org/de/events/summer-school-2025-stadt-wald-labor-digitale-perspektiven-auf-oekologische-raeume/, https://zukunftstadt.berlin/transferale, https://citylab-berlin.org/de/blog/summer-school-2023-prototyping-fur-die-gesunde-stadt/, https://edgecity.htw-berlin.de/, https://www.fixmycity.de/, https://spore-initiative.org/de/ueber-spore/im-werden/, https://minor-kontor.de/, https://citylab-berlin.org/de/events/urbaninnovation/, https://www.dw.com/en/digital-solutions-for-sustainable-cities/av-55899838, https://citylab-berlin.org/de/events/summerschool2021/, https://www.flickr.com/photos/182217318@N05/albums/72157711071189623, https://campus-stories.htw-berlin.de/jahr/2024/welche-papiere-fuer-ein-berlin-semester-frag-lia/, https://radbahn.berlin/de, https://junge-tueftler.de/, https://citylab-berlin.org/de/events/summer-school-2024/, https://citylab-berlin.org/events/summerschool2020/, https://www.berlin.de/lb/intmig/, https://citylab-berlin.org/de/events/summer-school-2023/, https://citylab-berlin.org/de/blog/welcome-to-berlin-die-citylab-summer-school-2024/, https://citylab-berlin.org/de/events/summer-school-2022-gruene-welle/, https://hydrotower.de/;CityLAB Berlin;Laufend;Summer School zu jährlich wechselnden Themen.;;CC BY-NC-SA;https://citylab-berlin.org;19.0
https://citylab-berlin.org/de/projects/berliner-weihnachtsmarkt-finder/;Berliner Weihnachtsmarkt-Finder;{'Kartenanwendung': 'Karten & Verzeichnisse', 'Web-App': 'Webanwendungen', 'Open Data': 'Öffentliche Daten', 'Datenvisualisierung': 'Datenreporting', 'Interaktive Datenexploration': 'Datenanalyse', 'Information Retrieval': 'Datenmanagement'};{'Berlin': '', 'Tourismus': 'Stadtentwicklung', 'Kultur': 'Kultur', 'Transparenz': 'Inklusion & Teilhabe'};https://brightsky.dev/, https://github.com/technologiestiftung/weihnachtsmarktkarte, https://odis-berlin.de/contact/, https://commons.wikimedia.org/wiki/Commons:First_steps/Uploading_files/de, https://www.technologiestiftung-berlin.de/, https://www.dwd.de/DE/leistungen/opendata/opendata.html, https://weihnachtsmaerkte.odis-berlin.de/?id=, https://daten.berlin.de/datensaetze/toiletten, https://daten.berlin.de/datensaetze/https-vbb-live-exozet-com-media-download-2035, https://odis-berlin.de/, https://daten.berlin.de/, https://www.openstreetmap.de/, https://daten.berlin.de/datensaetze/simple_search_wwwberlindesenwebservicemaerktefesteweihnachtsmaerkte;CityLAB Berlin;Laufend;Glühwein, Glögg, Glückseligkeit – Berliner Weihnachtsmärkte auf einen Blick!;;CC BY-NC-SA;https://citylab-berlin.org;20.0
https://citylab-berlin.org/de/projects/digitalwerkstatt/;Digitalwerkstatt Verwaltung;{'Workshops': 'Fortbildung'};{'Verwaltung': 'Organisation & Professionalisierung', 'Demokratie': 'Demokratie & Soziale Rechte'};https://citylab-berlin.org/de/projects/digitalwerkstatt/;CityLAB Berlin;Laufend;In der Digitalwerkstatt werden gemeinsam mit Bürger:innen Verwaltungsformulare verbessert.;;CC BY-NC-SA;https://citylab-berlin.org;21.0
https://citylab-berlin.org/de/projects/werkstatt-im-citylab/;Werkstatt im CityLAB;{'Workshops': 'Fortbildung', 'Open-Source': 'Open-Source-Software', 'Veranstaltungskalender': ''};{'Stadt': 'Stadtentwicklung', 'Technologie': '', 'Inklusion': 'Inklusion & Teilhabe', 'Bildung': 'Bildung', 'Demokratie': 'Demokratie & Soziale Rechte'};https://github.com/technologiestiftung/werkstatt;CityLAB Berlin;Laufend;Die Werkstatt ist Raum für Experiment und Methoden der Elektrotechnik und Informatik.;;CC BY-NC-SA;https://citylab-berlin.org;22.0
https://citylab-berlin.org/de/projects/hacking-box-goes-citylab/;Hacking Box goes CityLAB Berlin;{'Workshops': 'Fortbildung', 'Beratung': ''};{'Bildung': 'Bildung', 'Technologie': '', 'Partizipation': 'Inklusion & Teilhabe', 'Kinder- und Jugendhilfe': 'Jugendhilfe', 'Stadt': 'Stadtentwicklung'};https://www.technologiestiftung-berlin.de/projekte/hacking-box;CityLAB Berlin;Laufend;Hardwareboxen für Schulprojekte, Workshops, Seminare, Hackathons & Co.;;CC BY-NC-SA;https://citylab-berlin.org;23.0
https://citylab-berlin.org/de/projects/digitalvereint/;Digital Vereint – mit digitalen Tools das Berliner Ehrenamt stärken;{'Plattform': 'Digitale Plattformen', 'Webseite': 'Webanwendungen', 'Workshops': 'Fortbildung', 'Verzeichnis / Karte': 'Karten & Verzeichnisse', 'Datenportal': 'Öffentliche Daten', 'Blog': 'Webanwendungen'};{'Zivilgesellschaft': 'Demokratie & Soziale Rechte', 'Wohlfahrt': 'Soziale Dienste', 'Partizipation': 'Inklusion & Teilhabe', 'Vernetzung': 'Organisation & Professionalisierung', 'Bildung': 'Bildung', 'Technologie': ''};Ausgangslage:, https://www.digital-vereint.berlin/de, https://citylab-berlin.org/de/blog/vier-jahre-digital-vereint-ein-rueckblick/, https://digital-vereint.berlin/de;CityLAB Berlin;Abgeschlossen;Digital Vereint ist eine Plattform zur Unterstützung von digitalem zivilgesellschaftlichem Engagement.;;CC BY-NC-SA;https://citylab-berlin.org;24.0
https://citylab-berlin.org/de/projects/qtrees/;Quantified Trees (Qtrees): Intelligente Bewässerungsvorhersage für Stadtbäume;{'Plattform': 'Digitale Plattformen', 'Web-App': 'Webanwendungen', 'KI Anwendung': '', 'Datenportal': 'Öffentliche Daten', 'Datenvisualisierung': 'Datenreporting'};{'Stadtplanung': 'Stadtentwicklung', 'Umweltschutz': 'Klima & Umwelt', 'Klima': 'Klima & Umwelt', 'Klimaschutz': 'Klima & Umwelt', 'Nachhaltigkeit': 'Klima & Umwelt'};https://www.bmu.de/, https://www.technologiestiftung-berlin.de/de/startseite/, https://www.berlin.de/ba-mitte/politik-und-verwaltung/aemter/strassen-und-gruenflaechenamt/, https://citylab-berlin.org/wp-admin/myrian.rigal@ts.berlin, https://baumblick.qtrees.ai;CityLAB Berlin;Abgeschlossen;Im Forschungsprojekt QTrees werden von Trockenheit gefährdete Stadtbäume mittels KI identifiziert.;QTrees;CC BY-NC-SA;https://citylab-berlin.org;25.0
https://citylab-berlin.org/de/projects/afs-dashboard/;Verwaltungsdashboard;{'Dashboard': 'Datenreporting', 'Web-App': 'Webanwendungen', 'Datenvisualisierung': 'Datenreporting', 'Interaktive Dashboard': ''};{'Stadt': 'Stadtentwicklung', 'Transparenz': 'Inklusion & Teilhabe', 'Datenanalyse': ''};https://www.berlin.de/rbmskzl/politik/verwaltungssteuerung/aktuelles/artikel.1097486.php, https://citylab-berlin.org/de/blog/dash-neues-monitoring-dashboard-fuer-die-berliner-verwaltung/;CityLAB Berlin;Abgeschlossen;Im Rahmen von Design Sprints unterstützten wir bei der Konzeption eines Verwaltungsdashboards.;D:ASH;CC BY-NC-SA;https://citylab-berlin.org;26.0
https://citylab-berlin.org/de/projects/stadtpuls/;Stadtpuls – Deine Sensoren erklären Berlin;{'Plattform': 'Digitale Plattformen', 'Open Data': 'Öffentliche Daten', 'Datenvisualisierung': 'Datenreporting', 'Datenportal': 'Öffentliche Daten', 'API': 'Datenmanagement', 'Datenmanagement': 'Datenmanagement'};{'Umwelt': 'Klima & Umwelt', 'Luftqualität': 'Klima & Umwelt', 'Stadt': 'Stadtentwicklung', 'Klimaschutz': 'Klima & Umwelt', 'Partizipation': 'Inklusion & Teilhabe', 'Technologie': ''};https://stories.stadtpuls.com/wrangelkiez, https://stories.stadtpuls.com/wenn-dies-dann-das, https://github.com/technologiestiftung/stadtpuls/discussions, http://www.stadtpuls.com;CityLAB Berlin;Abgeschlossen;Stadtpuls ist eine offene IoT-Datenplattform für Sensordaten.;;CC BY-NC-SA;https://citylab-berlin.org;27.0
https://citylab-berlin.org/de/projects/pixelwelt/;Pixelwelt;{'Web-App': 'Webanwendungen', 'Plattform': 'Digitale Plattformen', 'Interaktive App': 'Webanwendungen'};{'Kultur': 'Kultur', 'Bildung': 'Bildung', 'Partizipation': 'Inklusion & Teilhabe', 'Technologie': '', 'Stadt': 'Stadtentwicklung'};https://play.workadventu.re/_/global/technologiestiftung.github.io/pixelwelt/map.json;CityLAB Berlin;Abgeschlossen;Die Pixelwelt ist ein digitales 2D-Modell des CityLAB für virtuelle Veranstaltungen.;;CC BY-NC-SA;https://citylab-berlin.org;28.0
https://citylab-berlin.org/de/projects/prototypenwerkstatt/;Prototypenwerkstatt – Am Beispiel der Seniorendatenbank;{'Workshops': 'Fortbildung', 'Prozessautomatisierung': 'Automatisierung', 'Datenbank': 'Datenmanagement', 'Datenvisualisierung': 'Datenreporting', 'Dokumentationstool': 'Unterstützungstools', 'Plattform': 'Digitale Plattformen'};{'Senioren': 'Soziale Dienste', 'Integration': 'Inklusion & Teilhabe', 'Arbeit': 'Arbeit & Soziales', 'Soziale Arbeit': 'Soziale Dienste', 'Verwaltung': 'Organisation & Professionalisierung', 'Technologie': '', 'Stadt': 'Stadtentwicklung'};https://www.berlin.de/sen/ias/, https://citylab-berlin.org/wp-content/uploads/2021/12/Seniorendatenbank-CityLAB-Berlin.pdf, https://www.itdz-berlin.de;CityLAB Berlin;Abgeschlossen;Prototypisch digitale Projekte zur Ablösung von IT-Kleinstverfahren.;;CC BY-NC-SA;https://citylab-berlin.org;29.0
https://citylab-berlin.org/de/projects/prozessanalyse-radinfrastruktur-pari/;Prozessanalyse Radinfrastruktur (PARI);{'Prozessautomatisierung': 'Automatisierung'};{'Mobilität': '', 'Stadtplanung': 'Stadtentwicklung', 'Klimaschutz': 'Klima & Umwelt', 'Umweltschutz': 'Klima & Umwelt', 'Verkehr': 'Stadtentwicklung'};https://citylab-berlin.org/de/projects/prozessanalyse-radinfrastruktur-pari/;CityLAB Berlin;Abgeschlossen;Analyse von Prozessen und Verfahren der Berliner Radinfrastruktur.;PARI;CC BY-NC-SA;https://citylab-berlin.org;30.0
https://citylab-berlin.org/de/projects/digitale-tools-fuer-radwegeplanung/;FixMyBerlin – Digitale Tools für Radwegeplanung;{'Webseite': 'Webanwendungen', 'Karten': 'Karten & Verzeichnisse', 'Interaktive Karte': 'Karten & Verzeichnisse', 'Umfrage': 'Datenerhebung', 'Workshop': 'Fortbildung', 'Datenportal': 'Öffentliche Daten'};{'Mobilität': '', 'Stadtplanung': 'Stadtentwicklung', 'Verkehr': 'Stadtentwicklung', 'Stadt': 'Stadtentwicklung', 'Partizipation': 'Inklusion & Teilhabe', 'Technologie': '', 'Datenanalyse': ''};https://fixmyberlin.de, https://www.meetup.com/de-DE/Datacycle-Meetup-Fahrraddaten-fur-Berlin/;CityLAB Berlin;Abgeschlossen;Das Projekt begleitet die Berliner Verwaltung bei der Umsetzung des Mobilitätsgesetzes.;FixMyBerlin;CC BY-NC-SA;https://citylab-berlin.org;31.0
https://citylab-berlin.org/de/projects/schatten/;Berliner Erfrischungskarte;{'Open-Source': 'Open-Source-Software', 'Web-App': 'Webanwendungen', 'Kartenanwendung': 'Karten & Verzeichnisse', 'Visualisierung mit Karten': 'Karten & Verzeichnisse'};{'Klima': 'Klima & Umwelt', 'Klimaschutz': 'Klima & Umwelt', 'Stadtplanung': 'Stadtentwicklung', 'Gesundheit': 'Gesundheit', 'Umwelt': 'Klima & Umwelt'};https://www.berlin.de/umweltatlas/klima/klimaanalyse/2014/karten/, https://odis-berlin.de, https://erfrischungskarte.odis-berlin.de, https://github.com/technologiestiftung/berlin-shade-map, https://fbinter.stadt-berlin.de/fb/index.jsp?loginkey=zoomStart&mapId=k_dom@senstadt&bbox=387046,5818588,391547,5821400;CityLAB Berlin;Abgeschlossen;Open Data-basierte Kartenvisualisierung.;;CC BY-NC-SA;https://citylab-berlin.org;32.0
https://citylab-berlin.org/de/projects/clair/;Clair Berlin;{'Open-Source': 'Open-Source-Software', 'Datenportal': 'Öffentliche Daten', 'Monitoring': 'Wirkungsmessung', 'Plattform': 'Digitale Plattformen', 'API': 'Datenmanagement', 'Open Data': 'Öffentliche Daten', 'Datenvisualisierung': 'Datenreporting'};{'Luftqualität': 'Klima & Umwelt', 'Open Data': '', 'Stadt': 'Stadtentwicklung', 'Technologie': '', 'Umwelt': 'Klima & Umwelt', 'Datenanalyse': '', 'Partizipation': 'Inklusion & Teilhabe'};https://www.technologiestiftung-berlin.de/projekte/como-berlin, https://clair-berlin.de/mitmachen.html, https://clair-berlin.de/;CityLAB Berlin;Abgeschlossen;Initiative zur Messung von Luftqualität in öffentlichen Räumen.;;CC BY-NC-SA;https://citylab-berlin.org;33.0
https://citylab-berlin.org/de/projects/aiforberlin/;AI for Berlin;{'Workshops': 'Fortbildung'};{'Stadtplanung': 'Stadtentwicklung', 'Technologie': '', 'KI': 'Gesundheit'};https://www.birdsonmars.com;CityLAB Berlin;Abgeschlossen;Workshopreihe zum Nutzen von KI im Kontext urbaner Räume.;;CC BY-NC-SA;https://citylab-berlin.org;34.0
https://citylab-berlin.org/de/projects/bikesharing/;Shared Mobility Flows;{'Datenvisualisierung': 'Datenreporting', 'Kartenanwendung': 'Karten & Verzeichnisse', 'Open-Source': 'Open-Source-Software', 'Web-App': 'Webanwendungen', 'Plattform': 'Digitale Plattformen', 'Datenportal': 'Öffentliche Daten'};{'Mobilität': '', 'Stadtplanung': 'Stadtentwicklung', 'Verkehr': 'Stadtentwicklung', 'Stadt': 'Stadtentwicklung', 'Verwaltung': 'Organisation & Professionalisierung'};https://bikesharing.citylab-berlin.org/, https://github.com/technologiestiftung/bike-sharing, https://github.com/technologiestiftung/bikesharing-vis;CityLAB Berlin;Abgeschlossen;Das Projekt analysiert und visualisiert Leihfahrradrouten.;;CC BY-NC-SA;https://citylab-berlin.org;35.0
https://citylab-berlin.org/de/projects/trafficcount/;Open Traffic Count;{'Open-Source': 'Open-Source-Software', 'Bericht': 'Datenreporting'};{'Verkehr': 'Stadtentwicklung', 'Stadtplanung': 'Stadtentwicklung', 'Mobilität': '', 'Stadt': 'Stadtentwicklung'};https://github.com/opendatacam/opendatacam, https://www.tandfonline.com/doi/full/10.1080/21650020.2021.1950044;CityLAB Berlin;Abgeschlossen;Das Projekt evaluiert Anwendungen zu Verkehrszählungen.;;CC BY-NC-SA;https://citylab-berlin.org;36.0
https://citylab-berlin.org/de/projects/districtprofiles/;Bezirksregionen digital;{'Open-Source': 'Open-Source-Software', 'Webseite': 'Webanwendungen', 'Datenvisualisierung': 'Datenreporting', 'Datenportal': 'Öffentliche Daten', 'Interaktive App': 'Webanwendungen'};{'Stadtplanung': 'Stadtentwicklung', 'Open Data': '', 'Transparenz': 'Inklusion & Teilhabe', 'Verwaltung': 'Organisation & Professionalisierung', 'Datenanalyse': '', 'Stadt': 'Stadtentwicklung', 'Partizipation': 'Inklusion & Teilhabe'};https://github.com/technologiestiftung/bezirksregionenprofile_2_0, https://odis-berlin.de, https://bezirksregionenprofile-ts.netlify.app/;CityLAB Berlin;Abgeschlossen;Projekt zur Vereinheitlichung und Zugänglichkeit von Bezirksregionenprofile.;;CC BY-NC-SA;https://citylab-berlin.org;37.0
https://citylab-berlin.org/de/projects/stadtvisionen/;Algorithmische Stadtvisionen;{'Maschinelles Lernen': 'Künstliche Intelligenz', 'KI-Anwendung': 'Künstliche Intelligenz', 'Datenvisualisierung': 'Datenreporting'};{'Stadtplanung': 'Stadtentwicklung'};https://www.birdsonmars.com;CityLAB Berlin;Abgeschlossen;Im Projekt wird KI und maschinelles Lernens für Architektur und Stadtplanung genutzt.;;CC BY-NC-SA;https://citylab-berlin.org;38.0
https://citylab-berlin.org/de/projects/startupmapping/;Berlin Urban Tech-Datenbank;{'Datenportal': 'Öffentliche Daten', 'Datenbank': 'Datenmanagement', 'Verzeichnis / Karte': 'Karten & Verzeichnisse', 'Plattform': 'Digitale Plattformen'};{'Stadtplanung': 'Stadtentwicklung', 'Nachhaltigkeit': 'Klima & Umwelt', 'Umwelt': 'Klima & Umwelt', 'Technologie': '', 'Verwaltung': 'Organisation & Professionalisierung'};https://www.urbanimpact.eu;CityLAB Berlin;Abgeschlossen;Vernetzung von Start-Ups im Urban Tech-Bereich mit städtischen Akteuren und Investoren.;;CC BY-NC-SA;https://citylab-berlin.org;39.0
https://citylab-berlin.org/de/projects/prototype/;Prototype Your Future City!;{'Workshops': 'Fortbildung'};{'Stadtplanung': 'Stadtentwicklung', 'Partizipation': 'Inklusion & Teilhabe'};https://citylab-berlin.org/de/projects/prototype/;CityLAB Berlin;Abgeschlossen;Studierende der HTW Berlin arbeiten an ihren ganz persönlichen Ideen für ihr Berlin der Zukunft. ;;CC BY-NC-SA;https://citylab-berlin.org;40.0
https://codefor.de/projekte/2018-24-11-1000-lorawan-nodes-im-laendlichen-raum/;1000 LoRaWAN Nodes im ländlichen Raum von Schleswig-Holstein;{'Monitoring': 'Wirkungsmessung', 'Datenvisualisierung': 'Datenreporting', 'Datenanalyse': 'Datenanalyse'};{'Technologie': '', 'Umweltschutz': 'Klima & Umwelt'};https://iot-usergroup.de/projekte/1000-lorawan-nodes-im-laendlichen-raum-von-schleswig-holstein/, https://gitlab.com/iotssl/nucleon-nodes;OK Lab Kreis Schleswig-Flensburg, Code for Germany;Laufend;Aufbau einer Schleswig-Holstein-weiten flächendeckenden Versorgung mit LoRaWAN-Technologie, welche durch vorausgehende Installation einer ausreichenden Anzahl von Gateways und anschließender …;;CC-BY 4.0;https://codefor.de;0.0
https://codefor.de/projekte/fl-open-data-day/;2. Open Data Day in Flensburg;{'Workshops': 'Fortbildung', 'Open Data': 'Öffentliche Daten'};{'Partizipation': 'Inklusion & Teilhabe', 'Technologie': '', 'Datenanalyse': ''};https://github.com/oklabflensburg/oddfl, https://opendataday.org/de/, https://opendataday-flensburg.de;OK Lab Flensburg, Code for Germany;Laufend;Zum zweiten Mal nimmt das OK Lab Flensburg am weltweit stattfindenden Open Data Day teil und lädt alle Interessierten zu Workshops, Präsentationen sowie einem offenen Austausch und Networking ein. Wir …;;CC-BY 4.0;https://codefor.de;1.0
https://codefor.de/projekte/chartchallenge/;30 Day Chart Challenge Bielefeld;{'Visualisierung': 'Datenreporting', 'Partizipation': 'Datenerhebung', 'Datenanalyse': 'Datenanalyse'};{'Stadt': 'Stadtentwicklung', 'Open Data': '', 'Partizipation': 'Inklusion & Teilhabe'};https://bsky.app/profile/codeforbielefeld.bsky.social;Code for Bielefeld, Code for Germany;Laufend;Unter dem Hashtag #30DayChartChallenge teilen weltweit Designer:innen, Data Scientists, Journalist:innen, … jeden Tag im April eine Grafik. Jeder Tag hat ein Motto, zum Beispiel “Anteile”, …;;CC-BY 4.0;https://codefor.de;2.0
https://codefor.de/projekte/abschiebungen/;Abschiebungen;{'Open-Source': 'Open-Source-Software', 'Datenportal': 'Öffentliche Daten'};{'Flucht und Migration': 'Flucht & Migration', 'Migration': 'Flucht & Migration', 'Menschenrechte': 'Demokratie & Soziale Rechte'};https://github.com/jochenklar/abschiebungen;OK Lab Berlin, Code for Germany;Unbekannt;2012 wurden in Deutschland 6919 Menschen auf dem Luftweg, 722 Menschen auf dem Landweg und 10 Menschen auf dem Seeweg abgeschoben. 3037 Menschen wurden in andere EU-Länder überstellt, darunter 456 …;;CC-BY 4.0;https://codefor.de;3.0
https://codefor.de/projekte/accessmap/;Access Map;{'Web-App': 'Webanwendungen', 'Datenvisualisierung': 'Datenreporting', 'Kartenanwendung': 'Karten & Verzeichnisse'};{'Barrierefreiheit': 'Inklusion & Teilhabe', 'Mobilität': ''};http://arduina.github.io/access_map/;OK Lab Berlin, Code for Germany;Unbekannt;Little project that aims at raising awareness for accessibility in public transport systems. It uses a simple slider to visualize how the public transport system looks like if all the non-accessible …;;CC-BY 4.0;https://codefor.de;4.0
https://codefor.de/projekte/bn-air-quality-box/;Air Quality Box – Feinstaub und mehr messen;{'Monitoring': 'Wirkungsmessung', 'Datenvisualisierung': 'Datenreporting', 'Datenportal': 'Öffentliche Daten', 'Web-App': 'Webanwendungen'};{'Luftqualität': 'Klima & Umwelt', 'Umweltschutz': 'Klima & Umwelt', 'Stadtplanung': 'Stadtentwicklung'};https://codefor.de/projekte/bn-air-quality-box/;OK Lab Bonn-Rhein-Sieg, Code for Germany;Laufend;Was ist die Air-Quality-Box? Auch Bonn hat ein Problem mit seiner Luftqualität. Leider gibt es bei uns nur eine einzige, offizielle Messstation für ganz Bonn und die steht auch noch am Stadtrand. Mit …;;CC-BY 4.0;https://codefor.de;5.0
https://codefor.de/projekte/altglas/;Altglas Container;{'Karten': 'Karten & Verzeichnisse', 'Webseite': 'Webanwendungen', 'Web-App': 'Webanwendungen', 'Open Data': 'Öffentliche Daten', 'Datenvisualisierung': 'Datenreporting', 'Interaktive Karte': 'Karten & Verzeichnisse', 'Kartenanwendung': 'Karten & Verzeichnisse'};{'Stadtplanung': 'Stadtentwicklung', 'Umweltschutz': 'Klima & Umwelt', 'Nachhaltigkeit': 'Klima & Umwelt'};https://bitbucket.org/tbsprs/altglas, https://github.com/k-nut/altglas, http://k-nut.github.io/altglas;OK Lab Berlin, Code for Germany;Abgeschlossen;"Die Anwendungen zeigen die Positionen von Altglas-Containern auf einer Karte.
Die erste Version zeigt die Altglas-Container in Berlin Charlottenburg-Wilmersdorf. Hoffentlich veröffentlichen bald auch …";;CC-BY 4.0;https://codefor.de;6.0
https://codefor.de/projekte/le-drl-amikeco/;Amikeco;{'Plattform': 'Digitale Plattformen', 'Web-App': 'Webanwendungen'};{'Integration': 'Inklusion & Teilhabe', 'Flucht und Migration': 'Flucht & Migration', 'Geflüchtete': 'Flucht & Migration', 'Soziale Arbeit': 'Soziale Dienste', 'Stadt': 'Stadtentwicklung'};http://jrlover.github.io/amikeco, https://github.com/CodeforLeipzig/amikeco;OK Lab Leipzig, Code for Germany;Abgeschlossen;"Plattform, um Gleichgesinnte für allerlei Arten von Aktivitäten zu finden.
Amikeco ist das Esperanto-Wort für “Freundschaft”. Refugees und anderweitig Zugezogene haben oft das Problem, …";;CC-BY 4.0;https://codefor.de;7.0
https://codefor.de/projekte/da-ars-tool/;ARS-Tool;{'Web-App': 'Webanwendungen'};{'Datenanalyse': '', 'Open Data': ''};https://opengovtech.de/ars/, https://github.com/codedust/ars-tool/;Code for Germany;Laufend;Der Amtliche Regionalschlüssel (ARS) definiert eine eindeutige ID für jedes verwaltungspolitische Gebiet in Deutschland (Stadt, Gemeinde, Landkreis, Bundesland, etc.). Der ARS erweitert den Amtlichen …;ARS-Tool;CC-BY 4.0;https://codefor.de;8.0
https://codefor.de/projekte/aufbau-ostberlin/;Aufbau Ostberlin;{'Webseite': 'Webanwendungen', 'Datenvisualisierung': 'Datenreporting', 'Datenportal': 'Öffentliche Daten'};{'Stadtplanung': 'Stadtentwicklung', 'Kultur': 'Kultur', 'Open Data': ''};http://www.aufbau-ostberlin.de, https://github.com/zfhui/CodingDaVinci;OK Lab Berlin, Code for Germany;Laufend;Unser digitaler Architekturführer arbeitet mit einem Datensatz aus dem Nachlass der Fotografin Gisela Dutschmann. Diese war 37 Jahre lang am Ostberliner Fotoarchiv mit der Dokumentation der …;;CC-BY 4.0;https://codefor.de;9.0
https://codefor.de/projekte/2018-23-09-aufbau-von-lorawan-gateways-im-laendlichen-raum/;Aufbau von LoRaWAN Gateways im ländlichen Raum;{'Plattform': 'Digitale Plattformen'};{'Landwirtschaft': 'Klima & Umwelt', 'Technologie': ''};https://nucleon-ev.eu/best-of-digital-2018/;OK Lab Kreis Schleswig-Flensburg, Code for Germany;Laufend;Wir ermöglichen mit dem Aufbau von LoRaWAN Gateways in Schleswig-Holstein anderen Projekten, Firmen, Kommunen und der Landwirtschaft den Zugang zum größten IoT Netzwerk. Durch diese Gateways wird es …;;CC-BY 4.0;https://codefor.de;10.0
https://codefor.de/projekte/badeseen-berlin/;Baden in Berlin;{'Webseite': 'Webanwendungen'};{'Stadt': 'Stadtentwicklung', 'Tourismus': 'Stadtentwicklung', 'Umweltschutz': 'Klima & Umwelt'};https://badestellen.berlin.codefor.de, https://github.com/MagdaN/berliner-badestellen;OK Lab Berlin, Code for Germany;Unbekannt;Die Badesaison hat eröffnet! Erfahre, wo gebadet werden kann und wie die Wasserqualität an den einzelnen Badestellen ist.;;CC-BY 4.0;https://codefor.de;11.0
https://codefor.de/projekte/badeseen-hessen/;Badeseen in Hessen;{'Web-App': 'Webanwendungen', 'Datenportal': 'Öffentliche Daten'};{'Umweltschutz': 'Klima & Umwelt', 'Umwelt': 'Klima & Umwelt', 'Klima': 'Klima & Umwelt'};https://play.google.com/store/apps/details?id=de.codefor.giessen.Badeseenapp, https://github.com/CodeForGiessen/badeseenapp, https://github.com/CodeForGiessen/badeseenservice, http://badeseen.hlug.de/;OK Lab Gießen, Code for Germany;Abgeschlossen;Die App soll einen Überblick über alle Badeseen in Hessen bieten. Seien es aktuelle oder historische Messwerte, die Qualitätseinstufung der EU oder andere hilfreiche Informationen, wie das …;;CC-BY 4.0;https://codefor.de;12.0
https://codefor.de/projekte/pricemap-eu/;Bahn- und Buspreiskarte;{'Webseite': 'Webanwendungen', 'Kartenanwendung': 'Karten & Verzeichnisse'};{'Mobilität': '', 'Verkehr': 'Stadtentwicklung', 'Tourismus': 'Stadtentwicklung', 'Open Data': ''};https://pricemap.eu, https://github.com/juliuste/pricemap.eu;OK Lab Berlin, Code for Germany;Laufend;Preiskarte für Bahn- und Busreisen in Europa: Zeigt die günstigsten Verbindungen in viele europäische Städte.;;CC-BY 4.0;https://codefor.de;13.0
https://codefor.de/projekte/bahn-guru/;Bahn-Guru;{'Open-Source': 'Open-Source-Software', 'Datenanwendung für Öffentlichkeit': 'Datenanwendung für Öffentlichkeit', 'API': 'Datenmanagement', 'Datenportal': 'Öffentliche Daten'};{'Mobilität': '', 'Verkehr': 'Stadtentwicklung', 'Tourismus': 'Stadtentwicklung'};https://bahn.guru, https://github.com/juliuste/bahn.guru, https://github.com/derhuerst/db-prices-cli, https://github.com/juliuste/db-prices;OK Lab Berlin, Code for Germany;Laufend;Preiskalender für den Bahn-Fernverkehr: Zeigt die täglich günstigste Zugverbindung auf der gewählten Strecke für die kommenden Wochen.;;CC-BY 4.0;https://codefor.de;14.0
https://codefor.de/projekte/baumbie_bielefeld/;BaumBie;{'Web-App': 'Webanwendungen', 'Kartenanwendung': 'Karten & Verzeichnisse', 'Interaktive Karte': 'Karten & Verzeichnisse', 'Datenvisualisierung': 'Datenreporting', 'Open-Source': 'Open-Source-Software', 'Plattform': 'Digitale Plattformen'};{'Stadtplanung': 'Stadtentwicklung', 'Umwelt': 'Klima & Umwelt', 'Klima': 'Klima & Umwelt', 'Nachhaltigkeit': 'Klima & Umwelt', 'Vernetzung': 'Organisation & Professionalisierung'};https://github.com/codeforbielefeld/baumbie;Code for Bielefeld, Code for Germany;Laufend;BaumBie bringt Menschen mit der Natur in Verbindung. Die interaktive Karte zeigt Bäume an und bringt sie zum Sprechen. Für jeden Baum zeigt die App grundlegende Informationen an, etwa Alter, Baumart …;BaumBie;CC-BY 4.0;https://codefor.de;15.0
https://codefor.de/projekte/le-baumfilter/;Baumfilter;{'Webseite': 'Webanwendungen'};{'Stadtplanung': 'Stadtentwicklung', 'Umwelt': 'Klima & Umwelt', 'Open Data': '', 'Datenvisualisierung': ''};https://codeforleipzig.github.io/giessdeibohm/, https://github.com/CodeforLeipzig/giessdeibohm;OK Lab Leipzig, Code for Germany;Abgeschlossen;"Auf dieser Webseite kannst Du Dich über die Straßenbäume in Leipzig informieren.
Die Bäume können nach Stadtteil oder für komplett Leipzig angezeigt werden. Die Anzeige lässt sich über die …";;CC-BY 4.0;https://codefor.de;16.0
https://codefor.de/projekte/magdeburg-baumfreunde-md/;Baumfreunde-MD;{'Webseite': 'Webanwendungen', 'Interaktive Karte': 'Karten & Verzeichnisse', 'Datenvisualisierung': 'Datenreporting'};{'Stadtplanung': 'Stadtentwicklung', 'Umweltschutz': 'Klima & Umwelt', 'Nachhaltigkeit': 'Klima & Umwelt', 'Klima': 'Klima & Umwelt', 'Partizipation': 'Inklusion & Teilhabe'};https://www.baumfreunde-md.de, https://www.magdeburg.de/Start/B%C3%BCrger-Stadt/Stadt/Aktionen/index.php?NavID=37.452&object=tx%7C37.9220.1&La=1;OK Lab Magdeburg, Code for Germany;Laufend;Das Projekt “Baumfreunde-MD” informiert über aktuelle Baumfällungen der Landeshauptstadt Magdeburg. Diese Informationen werden offiziell auf der Homepage der Stadt veröffentlicht, sind …;Baumfreunde-MD;CC-BY 4.0;https://codefor.de;17.0
https://codefor.de/projekte/cologne-baumkataster/;Baumkataster Köln Editor;{'Web-App': 'Webanwendungen'};{'Stadtplanung': 'Stadtentwicklung', 'Umwelt': 'Klima & Umwelt', 'Nachhaltigkeit': 'Klima & Umwelt', 'Klimaschutz': 'Klima & Umwelt'};https://giesst.koeln/editor/, https://github.com/codeforcologne/baumkataster;OK Lab Köln, Code for Germany;Abgeschlossen;Mit dieser Web Anwendung könnt Ihr das Baumkataster der Stadt Köln pflegen. Das zugrunde liegende Baumkataster der Stadt Köln ist ein freier Datensatz (CC BY 3.0 DE) der Stadt vom Juni 2020. Leider …;;CC-BY 4.0;https://codefor.de;18.0
https://codefor.de/projekte/hh-baumkataster/;Baumkataster nutzen;{'Web-App': 'Webanwendungen', 'Kartenanwendung': 'Karten & Verzeichnisse', 'Datenvisualisierung': 'Datenreporting'};{'Stadtplanung': 'Stadtentwicklung', 'Umweltschutz': 'Klima & Umwelt', 'Klima': 'Klima & Umwelt'};"http://achim-tack.de/projects/strassenbaeume/hh_strassenbaumkataster.html, http://www.hmdk.de/portal/_ns:YTU4fGMwfGQwfGVwbHVnaWQ9MT0vaW5ncmlkLWdyb3VwOmRzYy1zY3JpcHRlZC1pbnRlcm5ldHxlZG9jdXVpZD0xPUQzRkE3OTZGLTNEMTItNDc4NC1CN0YyLUUxOTg1NTQ3MkQyQQ__/search-detail.psml;jsessionid=7079CB7853A5FFD7B935CBEFFF66AD8F";OK Lab Hamburg, Code for Germany;Unbekannt;Im Straßenbaumkataster der Stadt Hamburg sind rund 240.000 Straßenbäume mit Standort und Attributen wie Pflanzjahr, Baumart usw. erfasst. Das Projekt versucht, diese Daten kartografisch aufzubereiten …;;CC-BY 4.0;https://codefor.de;19.0
https://codefor.de/projekte/bn-baustellen/;Baustellen Übersicht;{'Webseite': 'Webanwendungen'};{'Stadtplanung': 'Stadtentwicklung', 'Verkehr': 'Stadtentwicklung'};http://wipokar.de/maps/bonn_baustelle/;OK Lab Bonn-Rhein-Sieg, Code for Germany;Laufend;Transparenz über die existierenden und die geplanten Baustellen in und um Bonn. Eine spätere Erweiterung um Parkhausdaten (Belegung, Tendenz etc.) ist angedacht.;;CC-BY 4.0;https://codefor.de;20.0
https://codefor.de/projekte/be-berliner-schulen/;Berliner Schulen;{'Web-App': 'Webanwendungen', 'Kartenanwendung': 'Karten & Verzeichnisse', 'Datenvisualisierung': 'Datenreporting'};{'Bildung': 'Bildung', 'Stadt': 'Stadtentwicklung'};http://berlinerschulen.ini20.de, https://github.com/ini20/berliner-schulen;OK Lab Berlin, Code for Germany;Laufend;Wir wissen, dass die Wahl der „richtigen“ Schule sehr wichtig ist, da sie ein prägendes Fundament für den Bildungsweg eines Menschen setzt. Entsprechend schwierig ist es auch eine Schule zu finden, …;;CC-BY 4.0;https://codefor.de;21.0
https://codefor.de/projekte/vornamen-in-berlin/;Berliner Vornamen;{'Web-App': 'Webanwendungen'};{'Datenanalyse': '', 'Open Data': '', 'Stadt': 'Stadtentwicklung'};https://codefor.de/projekte/vornamen-in-berlin/;OK Lab Berlin, Code for Germany;Unbekannt;Welche Vornamen wurden in den Jahren 2012 und 2013 in Berlin vergeben? Mithilfe der App kann nach Vornamen gesucht werden und es wird angezeigt, wie häufig der Name in den beiden Jahren - nach Bezirk …;;CC-BY 4.0;https://codefor.de;22.0
https://codefor.de/projekte/fl-open-school-map/;Bildungsatlas Flensburg;{'Datenportal': 'Öffentliche Daten', 'Karte': 'Karten & Verzeichnisse', 'Datenvisualisierung': 'Datenreporting', 'Web-App': 'Webanwendungen', 'Open Data': 'Öffentliche Daten', 'Interaktive Karte': 'Karten & Verzeichnisse'};{'Bildung': 'Bildung'};https://github.com/oklabflensburg/open-school-map, https://www.statistik-nord.de/fileadmin/Dokumente/Verzeichnisse/Schulverzeichnis_A_22-23.pdf, https://schulkarte.oklabflensburg.de;OK Lab Flensburg, Code for Germany;Laufend;Die Idee, einen offenen Bildungsatlas für Flensburg zu entwickeln, ist aus der eigenen Suche nach einer Grundschule für den Lütten entstanden. Auf der städtischen Website finden sich zwar …;;CC-BY 4.0;https://codefor.de;23.0
https://codefor.de/projekte/ruhrgebiet-blitzerkarte/;Blitzerkarte;{'Karten': 'Karten & Verzeichnisse'};{'Verkehr': 'Stadtentwicklung', 'Mobilität': ''};https://blitzerkarte.openruhr.de, https://github.com/CodeForRuhrgebiet/speed-cam-map;OK Lab Ruhrgebiet, Code for Germany;Laufend;Die Blitzerkarte visualisiert täglich Straßen, auf denen die Stadt möglicherweise mobile Geschwindigkeitskontrollen durchführt. Die Daten werden freundlicherweise bereitgestellt durch das Ordnungsamt …;;CC-BY 4.0;https://codefor.de;24.0
https://codefor.de/projekte/be-blume/;BLUME Messnetz API/Map;{'Web-App': 'Webanwendungen', 'Datenportal': 'Öffentliche Daten', 'Datenvisualisierung': 'Datenreporting', 'API': 'Datenmanagement'};{'Luftqualität': 'Klima & Umwelt', 'Stadtplanung': 'Stadtentwicklung', 'Umwelt': 'Klima & Umwelt'};https://github.com/dirkschumacher/blume_messnet_api, https://github.com/dirkschumacher/blume_crawler;OK Lab Berlin, Code for Germany;Unbekannt;Feinstaub Daten aus dem BLUME Messnetzwerk verfügbar machen und visualisieren. Ziel sollte sein, eine gute API bereitzustellen, eine gute Visualisierung anzubieten und evtl. ein statistisches Modell …;;CC-BY 4.0;https://codefor.de;25.0
https://codefor.de/projekte/fl-open-surface-map/;Bodenfläche nach Art der Nutzung;{'Interaktive Karte': 'Karten & Verzeichnisse', 'Web-App': 'Webanwendungen', 'Datenvisualisierung': 'Datenreporting', 'Kartenanwendung': 'Karten & Verzeichnisse'};{'Stadtplanung': 'Stadtentwicklung', 'Umwelt': 'Klima & Umwelt', 'Nachhaltigkeit': 'Klima & Umwelt', 'Datenanalyse': '', 'Open Data': ''};https://github.com/oklabflensburg/open-surface-map, https://service.destatis.de/DE/karten/flaechenatlas2019daten.xlsx, https://bodennutzung.oklabflensburg.de;OK Lab Flensburg, Code for Germany;Laufend;Diese interaktive Karte zeigt die Verteilung der verschiedenen Flächennutzungsarten beim Klick auf die entsprechende Gemeinde an. So lässt sich in Kürze herausfinden in welchen Regionen der …;;CC-BY 4.0;https://codefor.de;26.0
https://codefor.de/projekte/bodenrichtwerte/;Bodenrichtwerte im Zeitverlauf;{'Datenportal': 'Öffentliche Daten', 'Webseite': 'Webanwendungen'};{'Stadtplanung': 'Stadtentwicklung', 'Wohnen': 'Stadtentwicklung'};http://hanshans.ursa.uberspace.de/bodenrichtwerte/bodenrichtwerte.html;OK Lab Berlin, Code for Germany;Unbekannt;Bodenrichtwerte im Zeitverlauf - gefunden im FIS-Broker. Was sind Bodenrichtwerte? Laut Wikipedia ist “der Bodenrichtwert im deutschen Städtebaurecht ein durchschnittlicher Lagewert, ermittelt …;;CC-BY 4.0;https://codefor.de;27.0
https://codefor.de/projekte/bn-bonn-o-mat/;BONN-O-MAT Wahlautomat für die Oberbürgermeisterwahl 2015;{'Web-App': 'Webanwendungen'};{'Wahlen': 'Demokratie & Soziale Rechte', 'Demokratie': 'Demokratie & Soziale Rechte', 'Partizipation': 'Inklusion & Teilhabe'};http://bonn-o-mat.de/, https://github.com/OKLabBonn/bonn-o-mat;OK Lab Bonn-Rhein-Sieg, Code for Germany;Abgeschlossen;Was ist der Bonn-O-Mat? Der Bonn-O-Mat ist eine Wahl-O-Mat, nach dem Vorbild der von Bundes- und Landeszentrale für politische Bildung eingesetzter Wahl-O-Maten. Der Bonn-O-Mat möchte den Nutzer mit …;BONN-O-MAT;CC-BY 4.0;https://codefor.de;28.0
https://codefor.de/projekte/p-brandengo/;BrandenGo;{'Webseite': 'Webanwendungen'};{'Öffentlicher Nahverkehr': 'Stadtentwicklung', 'Verkehr': 'Stadtentwicklung', 'Mobilität': ''};https://brandengo.de, https://github.com/open-data-potsdam/brandengo;OK Lab Potsdam, Code for Germany;Laufend;Was fährt an öffentlichem Nahverkehr in meiner Nähe? Nach dem Vorbild von MagdeGo. Derzeit noch in der Prototyphase.;BrandenGo;CC-BY 4.0;https://codefor.de;29.0
https://codefor.de/projekte/hn-buga/;Buga2019-Visualisierung;{'Webseite': 'Webanwendungen', 'Datenvisualisierung': 'Datenreporting'};{'Stadtplanung': 'Stadtentwicklung', 'Partizipation': 'Inklusion & Teilhabe'};http://opendata-heilbronn.github.io/feld/, https://github.com/opendata-heilbronn/feld;Code for Heilbronn, Code for Germany;Laufend;2019 findet die Bundesgartenschau in Heilbronn statt. Schon heute verändert sie das Stadtbild: Heilbronn bekommt ein neues Stadtquartier, den Neckarbogen. Die Stadt soll näher an den Fluss rücken, …;Buga2019;CC-BY 4.0;https://codefor.de;30.0
https://codefor.de/projekte/cctvwatch/;cctvwatch - big brother is watching you;{'Web-App': 'Webanwendungen', 'Kartenanwendung': 'Karten & Verzeichnisse', 'Interaktive Karte': 'Karten & Verzeichnisse', 'Open-Source': 'Open-Source-Software', 'Datenvisualisierung': 'Datenreporting', 'Open Data': 'Öffentliche Daten'};{'Stadtplanung': 'Stadtentwicklung', 'Verkehr': 'Stadtentwicklung', 'Technologie': '', 'Öffentlicher Nahverkehr': 'Stadtentwicklung'};http://cctv.antares.uberspace.de, https://github.com/moklick/cctvwatch, https://github.com/moklick/cctvwatch-api;OK Lab Berlin, Code for Germany;Laufend;Berlin ist voll von CCTV Cams. Das visualisieren wir mit unserer interaktiven Karte ‘cctvwatch’. Neben der Darstellung der Kameras wird es für den Nutzer auch möglich sein neue Kameras …;cctvwatch;CC-BY 4.0;https://codefor.de;31.0
https://codefor.de/projekte/hn-bad-wimpfen-app/;City-App für Bad Wimpfen;{'Web-App': 'Webanwendungen'};{'Tourismus': 'Stadtentwicklung', 'Stadt': 'Stadtentwicklung', 'Kultur': 'Kultur'};http://blog.opendatalab.de/opendata/2015/04/29/bad-wimpfen-app/, https://itunes.apple.com/app/apple-store/id989719442?pt=74937800&ct=ODL&mt=8;Code for Heilbronn, Code for Germany;Abgeschlossen;Der Markt der CityApps ist sehr groß. Fast jede größere Stadt und vor allem Touristenorte bieten in den App Stores eigene Apps an, die den Besucher über das Geschehene vor Ort informieren sollen. …;;CC-BY 4.0;https://codefor.de;32.0
https://codefor.de/projekte/le-cityconnect/;CityConnect;{'Web-App': 'Webanwendungen', 'Plattform': 'Digitale Plattformen', 'Open-Source': 'Open-Source-Software', 'Webseite': 'Webanwendungen', 'Interaktive App': 'Webanwendungen'};{'Stadt': 'Stadtentwicklung', 'Kultur': 'Kultur', 'Tourismus': 'Stadtentwicklung', 'Partizipation': 'Inklusion & Teilhabe', 'Technologie': ''};https://cityconnect.now.sh/index, https://github.com/CityConnect11/app, https://devpost.com/software/1_025_e-kulturangebote_virtuelles_pizzaessen/;OK Lab Leipzig, Code for Germany;Abgeschlossen;"CityConnect sieht aus wie ein Computerspiel im Retro Style, ist aber kein Spiel, sondern ein virtueller Raum, in dem sich Menschen zufällig als Avatare treffen.
Ein virtueller Raum ist dabei einer …";;CC-BY 4.0;https://codefor.de;33.0
https://codefor.de/projekte/hn-codeweek/;Code Week Heilbronn;{'Webseite': 'Webanwendungen', 'Workshop': 'Fortbildung', 'Blog': 'Webanwendungen'};{'Bildung': 'Bildung', 'Jugend': 'Jugendhilfe', 'Open Data': '', 'Technologie': '', 'Partizipation': 'Inklusion & Teilhabe'};http://coworking-heilbronn.org/code-week-heilbronn-2015/, http://blog.opendatalab.de/opendata/2016/01/18/code-week-2015;Code for Heilbronn, Code for Germany;Abgeschlossen;Basierend auf einer Idee der Young Advisors Gruppe der EU Kommission ging die “EU Code Week” vom 10. – 18. Oktober 2015 bereits in die dritte Runde. Letztes Jahr haben in ganz Europa über 150.000 …;;CC-BY 4.0;https://codefor.de;34.0
https://codefor.de/projekte/cologne-cute-pets/;CutePetsCologne;{'Automatisierung': 'Automatisierung', 'Web-App': 'Webanwendungen'};{'Wohlfahrt': 'Soziale Dienste'};https://github.com/karen-sch/CutePetsCologne;OK Lab Köln, Code for Germany;Abgeschlossen;Ein Twitterbot, der süße Tiere aus den Kölner Tierheimen Dellbrück und Zollstock postet. Implementiert auf Basis von CutePetsChemnitz im Rahmen des #openimpact Marathon von DataLook.;;CC-BY 4.0;https://codefor.de;35.0
https://codefor.de/projekte/dus-cycledorf/;CycleDorf;{'Open-Source': 'Open-Source-Software', 'Web-App': 'Webanwendungen', 'Interaktive App': 'Webanwendungen', 'Datenanalyse': 'Datenanalyse'};{'Stadtplanung': 'Stadtentwicklung', 'Verkehr': 'Stadtentwicklung', 'Mobilität': '', 'Nachhaltigkeit': 'Klima & Umwelt'};http://www.cycledorf.de/, https://github.com/codefordus/CycleDorf-iOS, https://github.com/codefordus/CycleDorf-Android, https://codefordus.hackpad.com/collection/FvUzMKdDmvA;OK Lab Düsseldorf, Code for Germany;Laufend;CycleDorf ist eine App, die Deine Fahrradtouren aufnimmt. Dadurch gesammelte Daten können für die kommunale Verkahrsplanung verwendet werden, um Düsseldorf zu einer besseren Stadt für Fahrradfahrer zu …;;CC-BY 4.0;https://codefor.de;36.0
https://codefor.de/projekte/le-damals/;damals in Leipzig;{'Kartenanwendung': 'Karten & Verzeichnisse', 'Webseite': 'Webanwendungen'};{'Stadt': 'Stadtentwicklung', 'Tourismus': 'Stadtentwicklung'};http://damals.codeforleipzig.de/leipzig/, https://github.com/CodeforLeipzig/codingdavinciost2018;OK Lab Leipzig, Code for Germany;Abgeschlossen;"Dieses Projekt ist als Beitrag für den Kulturhackathon Coding da Vinci Ost entstanden.
Die Bilder wurden bereitgestellt vom Stadtgeschichtlichen Museum Leipzig und dem Stadtarchiv Leipzig im Rahmen …";;CC-BY 4.0;https://codefor.de;37.0
https://codefor.de/projekte/fis-broker/;Daten aus dem Geoportal Berlin;{'Datenportal': 'Öffentliche Daten', 'Web-App': 'Webanwendungen', 'Datenvisualisierung': 'Datenreporting', 'Open Data': 'Öffentliche Daten'};{'Stadtplanung': 'Stadtentwicklung', 'Open Data': '', 'Datenanalyse': ''};https://berlin.codefor.de/luftbilder/, https://github.com/jochenklar/berlin-aerial, https://berlin.codefor.de/maps/, https://github.com/jochenklar/berlin-maps;OK Lab Berlin, Code for Germany;Unbekannt;Berlin veröffentlicht Datensätze über das Geoportal Berlin, den sog. FIS Broker. Die Daten sind über WMS und WFS Schnittstellen erreichbar und daher nicht ohne weiteres für eigene Webanwendungen …;FIS Broker;CC-BY 4.0;https://codefor.de;38.0
https://codefor.de/projekte/rberlindata/;daten.berlin.de für R;{'Open-Source': 'Open-Source-Software', 'Datenportal': 'Öffentliche Daten', 'Datenanwendung für Öffentlichkeit': 'Datenanwendung für Öffentlichkeit', 'Datenmanagement': 'Datenmanagement'};{'Open Data': '', 'Stadt': 'Stadtentwicklung', 'Verwaltung': 'Organisation & Professionalisierung', 'Datenanalyse': ''};http://dirkschumacher.github.io/RBerlinData, https://github.com/dirkschumacher/RBerlinData, http://cran.r-project.org/web/packages/BerlinData/index.html;OK Lab Berlin, Code for Germany;Unbekannt;Ein R Paket, um einfach auf die Daten von daten.berlin.de zuzugreifen. Führ nähere Infos, folgt den Links unten:;;CC-BY 4.0;https://codefor.de;39.0
https://codefor.de/projekte/be-datenwaben/;Datenwaben;{'Datenportal': 'Öffentliche Daten'};{'Open Data': '', 'Stadt': 'Stadtentwicklung', 'Verwaltung': 'Organisation & Professionalisierung', 'Datenanalyse': ''};http://daten-waben.tursics.de/, https://github.com/tursics/data-dashboard;OK Lab Berlin, Code for Germany;Laufend;Die moderne Art ein Datenportal darzustellen: Pro Datensatz wird eine Wabe dargestellt. Mit einem bunten Hintergrund und kurzem Text können sowohl statische als auch Live-Daten angezeigt werden. …;;CC-BY 4.0;https://codefor.de;40.0
https://codefor.de/projekte/dbpediaplacesberlin/;DBpedia Places Berlin;{'Web-App': 'Webanwendungen', 'Kartenanwendung': 'Karten & Verzeichnisse', 'Datenvisualisierung': 'Datenreporting'};{'Stadt': 'Stadtentwicklung', 'Kultur': 'Kultur', 'Tourismus': 'Stadtentwicklung', 'Open Data': '', 'Datenanalyse': ''};https://github.com/notapirate/dbpediaplacesberlin;OK Lab Berlin, Code for Germany;Unbekannt;Eine Webseite/WebApp, die Wikipediaseiten mit Berliner Koordinaten auf einer Karte markiert und beim Anklicken Titel, Bild, Zusammenfassung und Wikipedialink anzeigt. Die Koordinaten stammen aus …;;CC-BY 4.0;https://codefor.de;41.0
https://codefor.de/projekte/aedmap/;Defibrillatoren in Köln;{'Kartenanwendung': 'Karten & Verzeichnisse', 'Interaktive Karte': 'Karten & Verzeichnisse', 'Web-App': 'Webanwendungen', 'Datenportal': 'Öffentliche Daten', 'Datenvisualisierung': 'Datenreporting'};{'Gesundheit': 'Gesundheit', 'Stadt': 'Stadtentwicklung', 'Köln': 'Stadtentwicklung'};https://github.com/KoelnAPI/aedmap;OK Lab Köln, Code for Germany;Abgeschlossen;Defibrillatoren können im Fall eines plötzlichen Herzstillstandes Leben retten. Deshalb werden im öffentlichen Raum immer mehr sogenannte Laiendefibrillatoren oder AEDs (Automatisierte Externe …;AED;CC-BY 4.0;https://codefor.de;42.0
https://codefor.de/projekte/muc-defis/;Defibrillatoren in OpenStreetMap eintragen (für FinderApp);{'Open-Source': 'Open-Source-Software', 'Karten': 'Karten & Verzeichnisse', 'Open Data': 'Öffentliche Daten', 'Datenvisualisierung': 'Datenreporting'};{'Gesundheit': 'Gesundheit', 'Stadt': 'Stadtentwicklung', 'Technologie': ''};http://wiki.osm.org/M%c3%bcnchen/Defi;OK Lab München, Code for Germany;Abgeschlossen;"Die Standorte der Defis (AEDs) werden von diversen öffentlichen Stellen erfragt und in OpenStreetMap gemappt. Als zweiter Schritt soll die FinderApp damit gefüllt werden.
Auf Der Projektseite im …";Defis;CC-BY 4.0;https://codefor.de;43.0
https://codefor.de/projekte/hh-demogenerator/;Demogenerator;{'Webseite': 'Webanwendungen', 'Web-App': 'Webanwendungen'};{'Demokratie': 'Demokratie & Soziale Rechte', 'Partizipation': 'Inklusion & Teilhabe'};http://achim-tack.de/projects/Demofinder/index.html, https://github.com/ATack/demofinder;OK Lab Hamburg, Code for Germany;Unbekannt;Deine Montagsdemo wurde abgesagt? Kein Problem - es gibt Alternativen. Finde deine Lieblingsdemo mit dem Demogenerator!;;CC-BY 4.0;https://codefor.de;44.0
https://codefor.de/projekte/cologne-denkmal4d/;Denkmal 4D Köln;{'Web-App': 'Webanwendungen'};{'Stadtplanung': 'Stadtentwicklung', 'Kultur': 'Kultur'};https://codeforcologne.github.io/Denkmal-4D-Koeln/, https://github.com/codeforcologne/Denkmal-4D-Koeln;OK Lab Köln, Code for Germany;Laufend;Mit dieser Web-Anwendung könnt Ihr Metadaten über die Denkmäler der Stadt Köln pflegen. Der besondere Fokus liegt auf der Verlinkung von existierenden 3D-Modellen und der Erfassung geplanter Modelle. …;;CC-BY 4.0;https://codefor.de;45.0
https://codefor.de/projekte/cologne-denkmaeler/;Denkmal in Köln;{'Web-App': 'Webanwendungen', 'Karten': 'Karten & Verzeichnisse'};{'Kultur': 'Kultur', 'Stadt': 'Stadtentwicklung', 'Tourismus': 'Stadtentwicklung'};http://denkmalinkoeln.github.io/, https://github.com/weberius/denkmalinkoeln;OK Lab Köln, Code for Germany;Abgeschlossen;Du interessierst Dich für Baudenkmäler? Du wolltest auch schon immer mal wissen, ob es welche in Deiner Umgebung gibt? Diese Webapp zeigt sie Dir alle. Wähle aus, in welchem Zeitraum das Baujahr …;;CC-BY 4.0;https://codefor.de;46.0
https://codefor.de/projekte/denkmal-magdeburg/;Denkmal Magdeburg;{'Web-App': 'Webanwendungen', 'Datenportal': 'Öffentliche Daten', 'Karten': 'Karten & Verzeichnisse'};{'Kultur': 'Kultur', 'Stadtplanung': 'Stadtentwicklung', 'Tourismus': 'Stadtentwicklung'};https://vis.one/denkmal-magdeburg/, https://github.com/code-for-magdeburg/denkmal-magdeburg;OK Lab Magdeburg, Code for Germany;Abgeschlossen;Denkmal Magdeburg zeigt dir Informationen zu Denkmälern in deiner Umgebung an. Das Projekt ist gerade nur ein Minimum Viaable Prodct (MVP) und es sind herzlichst Mistreiter*innen gesucht es zu …;;CC-BY 4.0;https://codefor.de;47.0
https://codefor.de/projekte/hh-kitakarte/;Die passende Kita in Hamburg finden;{'Karten': 'Karten & Verzeichnisse', 'Datenvisualisierung': 'Datenreporting', 'Web-App': 'Webanwendungen', 'Interaktive Karte': 'Karten & Verzeichnisse'};{'Stadtplanung': 'Stadtentwicklung'};http://www.hamburg.de/kita-finden/;OK Lab Hamburg, Code for Germany;Unbekannt;Visualisierung aller Hamburger Kitas auf einer Karte mit der Möglichkeit nach einer Bestimmten zu suchen.;;CC-BY 4.0;https://codefor.de;48.0
https://codefor.de/projekte/hh-zuwendungen/;Die Zuwendungen der Hamburger Behörden.;{'Datenportal': 'Öffentliche Daten', 'Web-App': 'Webanwendungen', 'Datenvisualisierung': 'Datenreporting'};{'Verwaltung': 'Organisation & Professionalisierung', 'Transparenz': 'Inklusion & Teilhabe', 'Open Data': ''};http://hannes.enjoys.it/oklab/zuwendungen/datatablesmityadcf.html, https://github.com/kannes/hh_zuwendungen;OK Lab Hamburg, Code for Germany;Unbekannt;Die Zuwendungen der Hamburger Behörden als filterbare Tabelle. Weitere Features kommen noch dazu.;;CC-BY 4.0;https://codefor.de;49.0
https://codefor.de/projekte/hn-crimemap/;Diebstähle Region Heilbronn;{'Datenvisualisierung': 'Datenreporting', 'Kartenanwendung': 'Karten & Verzeichnisse', 'Webseite': 'Webanwendungen'};{'Stadt': 'Stadtentwicklung'};http://opendata-heilbronn.github.io/crimemap/, https://github.com/opendata-heilbronn/crimemap;Code for Heilbronn, Code for Germany;Abgeschlossen;Visualisierung der Einbrüche in der Region Heilbronn, Daten aus den Polizeimeldungen seit November 2013. Entwickelt am Open Data Day 2014 in Zusammenarbeit mit der Heilbronner Stimme.;;CC-BY 4.0;https://codefor.de;50.0
https://codefor.de/projekte/fl-open-monuments-map/;Digitale Denkmalkarte für Schleswig-Holstein;{'Webseite': 'Webanwendungen', 'Karten': 'Karten & Verzeichnisse', 'Interaktive Karte': 'Karten & Verzeichnisse', 'Open Data': 'Öffentliche Daten', 'Datenvisualisierung': 'Datenreporting', 'Kartenanwendung': 'Karten & Verzeichnisse'};{'Stadtplanung': 'Stadtentwicklung', 'Tourismus': 'Stadtentwicklung'};https://github.com/oklabflensburg/open-monuments-map, https://opendata.schleswig-holstein.de/organization/landesamt-fur-denkmalpflege, https://denkmalkarte.oklabflensburg.de;OK Lab Flensburg, Code for Germany;Laufend;Die digitale Denkmalkarte stellt Kulturdenkmäler in Schleswig-Holstein interaktiv dar. Sie bietet eine Übersicht über Kulturdenkmäler und deren Merkmale auf einer digitalen Karte. Durch das Anklicken …;;CC-BY 4.0;https://codefor.de;51.0
https://codefor.de/projekte/disabled-railway/;Disabled Railway;{'Kartenanwendung': 'Karten & Verzeichnisse'};{'Barrierefreiheit': 'Inklusion & Teilhabe', 'Mobilität': '', 'Menschen mit Behinderung': 'Inklusion & Teilhabe'};http://netaction.github.io/disabled-railway/;OK Lab Berlin, Code for Germany;Unbekannt;Eine Karte, auf der man sehen kann, von wo auf der Welt schnell ein Bahnhof erreicht werden kann – und wie sich die Situation ändert, sobald man im Rollstuhl sitzt. Vergleicht mal Paris und Berlin!;;CC-BY 4.0;https://codefor.de;52.0
https://codefor.de/projekte/le-dresdenrallye/;Dresden Rallye;{'Web-App': 'Webanwendungen', 'Open-Source': 'Open-Source-Software'};{'Mobilität': '', 'Umweltschutz': 'Klima & Umwelt', 'Stadt': 'Stadtentwicklung'};https://geo3eck.github.io/dresden-rallye-web/, https://github.com/Geo3eck/dresden-rallye-web/blob/master/Vortrag/Zukunftsstadt_Vortrag.pdf, https://github.com/geo3eck/dresden-rallye-web/;OK Lab Leipzig, Code for Germany;Abgeschlossen;"Über Gamification (Nudging, Serious Game) die verschiedenen Mobilitätsangebote der Stadt bekannt machen.
Die Nutzer sollen dazu gebracht werden, von ihrem gewohnten Mobilitätsverhalten abzuweichen und …";;CC-BY 4.0;https://codefor.de;53.0
https://codefor.de/projekte/datennutzung/;Einführung Datennutzung mit R und Python;{'Workshops': 'Fortbildung'};{'Datenanalyse': '', 'Open Data': ''};https://codefor.de/projekte/datennutzung/;Code for Bielefeld, Code for Germany;Laufend;Gemeinsam erarbeiten wir uns die Grundlagen in R und Python und werden erste einfache Datenanalysen damit durchführen. Ziel ist es, den Teilnehmer:innen eine Einführung in die Nutzung von Daten und …;;CC-BY 4.0;https://codefor.de;54.0
https://codefor.de/projekte/le-einwohner/;Einwohner-Daten Leipzig;{'Open-Source': 'Open-Source-Software', 'Web-App': 'Webanwendungen', 'Karten': 'Karten & Verzeichnisse', 'Datenvisualisierung': 'Datenreporting', 'Dashboard': 'Datenreporting', 'Open Data': 'Öffentliche Daten'};{'Stadt': 'Stadtentwicklung', 'Stadtplanung': 'Stadtentwicklung', 'Open Data': '', 'Datenanalyse': ''};https://codeforleipzig.github.io/opendata-leipzig-playground/, https://github.com/CodeforLeipzig/opendata-leipzig-playground/, https://github.com/CodeforLeipzig/opendata-leipzig-playground/tree/master/docs;OK Lab Leipzig, Code for Germany;Abgeschlossen;"Dieses Projekt ist entstanden für ein Schritt-für-Schritt-Tutorial für das Erstellen von Karten-Anwendungen mit Leaflet.
Jede der enthaltenen HTML-Dateien lässt sich einzeln im Browser öffnen, sie …";;CC-BY 4.0;https://codefor.de;55.0
https://codefor.de/projekte/be-drl-empower-rangers/;Empower Rangers;{'Webseite': 'Webanwendungen'};{'Flucht und Migration': 'Flucht & Migration', 'Integration': 'Inklusion & Teilhabe', 'Soziale Arbeit': 'Soziale Dienste'};https://codefor.de/projekte/be-drl-empower-rangers/;OK Lab Berlin, Code for Germany;Laufend;Wir wollen den Verein Refugees Emancipation dabei unterstützen, noch bekannter zu werden. Deshalb wollen wir eine neue Webseite bauen, auf der sich der Verein präsentiert und auf der sich …;;CC-BY 4.0;https://codefor.de;56.0
https://codefor.de/projekte/ms-wahlkarte/;Ergebnisse der Kommunalwahl 2014;{'Karte': 'Karten & Verzeichnisse', 'Web-App': 'Webanwendungen', 'Datenvisualisierung': 'Datenreporting'};{'Wahlen': 'Demokratie & Soziale Rechte'};http://codeformuenster.org/wahlkarte, http://github.com/codeformuenster/wahlkarte;Code for Münster, Code for Germany;Unbekannt;Die Ergebnisse je Wahlbezirk live gemappt währen die Stimmzettel ausgefüllt wurden. Dargestellt werden die Gewinner der Direktmandate.;;CC-BY 4.0;https://codefor.de;57.0
https://codefor.de/projekte/ernteteilen/;Ernte Teilen;{'Plattform': 'Digitale Plattformen', 'Web-App': 'Webanwendungen'};{'Ernährungssicherung': 'Internationale Projekte'};https://ernte-teilen.org, https://github.com/teikei/teikei;OK Lab Berlin, Code for Germany;Unbekannt;Ernte-teilen.org bietet eine Plattform, die Landwirte und Verbraucherinnen, die sich an Solidarischer Landwirtschaft beteiligen möchten, zusammenfinden lässt.;;CC-BY 4.0;https://codefor.de;58.0
https://codefor.de/projekte/p-hiddenkosmos/;Exploring the Hidden Kosmos;{'Webseite': 'Webanwendungen', 'Open-Source': 'Open-Source-Software'};{'Bildung': 'Bildung'};http://humboldt-kosmos.oklab-potsdam.de/, https://github.com/calculatinginfinity/ExploringTheHiddenKosmos;OK Lab Potsdam, Code for Germany;Abgeschlossen;Entdecke Alexander von Humboldts Kosmos-Vorlesungen aus den Jahren 1827/28. Die Seite entstand 2017 auf dem Kultur-Hackathon Coding da Vinci.;;CC-BY 4.0;https://codefor.de;59.0
https://codefor.de/projekte/le-fancylvbot/;fancyLVBot;{'Open-Source': 'Open-Source-Software', 'Web-App': 'Webanwendungen', 'API': 'Datenmanagement', 'Datenanwendung für Öffentlichkeit': 'Datenanwendung für Öffentlichkeit'};{'Mobilität': '', 'Verkehr': 'Stadtentwicklung', 'Öffentlicher Nahverkehr': 'Stadtentwicklung', 'Stadt': 'Stadtentwicklung', 'Stadtplanung': 'Stadtentwicklung'};https://github.com/CodeforLeipzig/fancy_LVB_Telegram_Bot, https://gtfs.leipzig.codefor.de;OK Lab Leipzig, Code for Germany;Laufend;"Telegram-Chat-Bot, den man unter dem Namen “fancyLVBot” als Kontakt hinzufügen und nach der aktuellen Abfahrtzeiten fragen kann.
Unsere Zielgruppe sind Einheimische, die Streckenverbindung …";fancyLVBot;CC-BY 4.0;https://codefor.de;60.0
https://codefor.de/projekte/hn-farmbot/;Farmbot // Code for Buga 2019;{'Open-Source': 'Open-Source-Software', 'Webseite': 'Webanwendungen', 'Workshops': 'Fortbildung'};{'Bildung': 'Bildung', 'Jugendarbeit': 'Jugendhilfe', 'Technologie': '', 'Partizipation': 'Inklusion & Teilhabe'};https://codeforheilbronn.de/projects/2016-01-01-farmbot, https://codeforheilbronn.de/categories/#farmbot, http://award.codeweek.de/projects/code-for-buga-heilbronn-2016/, https://github.com/opendata-heilbronn/farmbot;Code for Heilbronn, Code for Germany;Abgeschlossen;Der Mensch ist seit seiner Existenz ein Selbstversorger. Durch den rasanten Fortschritt im Bereich der Software und Hardware erreichen wir einen Punkt, wo Maschinen Selbstversorger beim Anbau von Obst …;;CC-BY 4.0;https://codefor.de;61.0
https://codefor.de/projekte/stgt-dust-sensor/;Feinstaubsensoren;{'Open-Source': 'Open-Source-Software', 'Monitoring': 'Wirkungsmessung', 'Datenvisualisierung': 'Datenreporting', 'Datenanalyse': 'Datenanalyse'};{'Luftqualität': 'Klima & Umwelt', 'Umwelt': 'Klima & Umwelt', 'Klima': 'Klima & Umwelt', 'Stadt': 'Stadtentwicklung', 'Umweltschutz': 'Klima & Umwelt', 'Nachhaltigkeit': 'Klima & Umwelt'};http://sensor.community/, http://api.sensor.community/, https://github.com/opendata-stuttgart;OK Lab Stuttgart, Code for Germany;Unbekannt;Wir entwickeln und bauen bezahlbare open source DIY Feinstaub-Sensoren. Stand Anfang 2021 messen weltweit über 14.000 Sensoren in über 70 Ländern, um ein genaueres Bild der Feinstaubverteilung zu …;;CC-BY 4.0;https://codefor.de;62.0
https://codefor.de/projekte/be-tempelhof/;Feld - die Bebauung des Tempelhofer Felds in 3D;{'Web-App': 'Webanwendungen', 'Datenvisualisierung': 'Datenreporting', 'Interaktive Karte': 'Karten & Verzeichnisse'};{'Stadtplanung': 'Stadtentwicklung'};https://github.com/stefanw/feld;OK Lab Berlin, Code for Germany;Abgeschlossen;"Am 25. Mai 2014 ist Volksabstimmung zur Bebauung des Tempelhofer Felds. Was wo gebaut werden soll erklärt dieses Projekt des OK Lab Berlin.
Die Morgenpost hat das Projekt aufgegriffen und mit ein …";;CC-BY 4.0;https://codefor.de;63.0
https://codefor.de/projekte/flaechengerechtigkeit/;Flächengerechtigkeits-Tool;{'Webseite': 'Webanwendungen'};{'Verkehr': 'Stadtentwicklung', 'Stadtplanung': 'Stadtentwicklung', 'Mobilität': ''};http://clevere-staedte.de/flaechen-gerechtigkeits-report-online;OK Lab Berlin, Code for Germany;Unbekannt;Bürger können ihre Straßen vermessen und die Frage nach der Gerechtigkeit im Verkehr quadratmeter-scharf diskutieren.;;CC-BY 4.0;https://codefor.de;64.0
https://codefor.de/projekte/flaechentool/;Flächentool;{'Webseite': 'Webanwendungen', 'Kartenanwendung': 'Karten & Verzeichnisse', 'Datenvisualisierung': 'Datenreporting', 'Open Data': 'Öffentliche Daten', 'Interaktive Karte': 'Karten & Verzeichnisse'};{'Stadtplanung': 'Stadtentwicklung', 'Umwelt': 'Klima & Umwelt', 'Nachhaltigkeit': 'Klima & Umwelt', 'Verwaltung': 'Organisation & Professionalisierung', 'Klimaschutz': 'Klima & Umwelt'};https://codefor.de/projekte/flaechentool/;OK Lab Berlin, Code for Germany;Unbekannt;Das Tool berrechnet die Nutzung der Flächen, basierend auf OpenStreetMap (OSM) Daten. Die OSM Daten wurden von verschiedenen Nutzern zusammengetragen. Es kommt zu Ungenauigkeiten, wenn die Daten …;;CC-BY 4.0;https://codefor.de;65.0
https://codefor.de/projekte/dd-freieparkplaetze/;Freie Parkplätze Dresden;{'Web-App': 'Webanwendungen', 'Datenportal': 'Öffentliche Daten', 'Datenvisualisierung': 'Datenreporting', 'Dashboard': 'Datenreporting'};{'Verkehr': 'Stadtentwicklung', 'Tourismus': 'Stadtentwicklung', 'Stadtplanung': 'Stadtentwicklung', 'Mobilität': ''};https://ubahn.draco.uberspace.de/opendata/ui/, https://jkliemann.de/parkendd/, https://parkendd.kilian.io, https://mechlab-engineering.de/2015/03/vorhersage-der-parkhausbelegung-mit-offenen-daten/;Open Data Dresden, Code for Germany;Unbekannt;Die Stadt Dresden bietet auf https://www.dresden.de/freie-parkplaetze eine Übersicht der freien Parkplätze in der Stadt Dresden an. Leider nicht maschinenlesbar (barrierefrei). Darum haben wir uns …;ParkenDD;CC-BY 4.0;https://codefor.de;66.0
https://codefor.de/projekte/ffpb-nodes/;Freifunk Knotenliste;{'Web-App': 'Webanwendungen', 'Datenvisualisierung': 'Datenreporting', 'Kartenanwendung': 'Karten & Verzeichnisse'};{'Stadt': 'Stadtentwicklung', 'Technologie': '', 'Open Data': ''};https://github.com/codeforpb/ffpb-apps;CodeforPB, Code for Germany;Unbekannt;Der Beginn einer Freifunk Companion App. Aktuell wird nur die Knotenliste dargestellt und man kann die Details der Knoten anzeigen lassen. Später soll die Darstellung der Knoten auch auf einer Karte …;;CC-BY 4.0;https://codefor.de;67.0
https://codefor.de/projekte/le-gentrifizierung/;Gebäude-Entwicklung in Leipzig;{'Webseite': 'Webanwendungen', 'Kartenanwendung': 'Karten & Verzeichnisse', 'Datenvisualisierung': 'Datenreporting', 'Interaktive Karte': 'Karten & Verzeichnisse'};{'Stadtplanung': 'Stadtentwicklung', 'Wohnen': 'Stadtentwicklung', 'Datenanalyse': ''};https://codeforleipzig.github.io/Gentrification/buildings.html, https://github.com/CodeforLeipzig/Gentrification;OK Lab Leipzig, Code for Germany;Abgeschlossen;"Leipzig ist eine stark wachsende Stadt, was sich entsprechend im Haus- und Wohnungsbau niederschlägt.
Dieses Projekt möchte das zunehmende Schließen von Baulücken und Wachstum an den Rändern in …";;CC-BY 4.0;https://codefor.de;68.0
https://codefor.de/projekte/gedenktafelnberlin/;Gedenktafeln in Berlin;{'Webseite': 'Webanwendungen', 'Datenportal': 'Öffentliche Daten'};{'Kultur': 'Kultur', 'Bildung': 'Bildung', 'Stadt': 'Stadtentwicklung'};https://github.com/notapirate/gedenktafelnberlin;OK Lab Berlin, Code for Germany;Unbekannt;Eine Webseite, die vorhandene und, auf Wunsch entfernte Tafeln zu historischen Orten in Berlin anzeigt. Viele davon sind der Erinnerung an jene Menschen gewidmet, die sich der nationalsozialistischen …;;CC-BY 4.0;https://codefor.de;69.0
https://codefor.de/projekte/geodata-time/;Geodaten mit Zeitdimension;{'Datenmanagement': 'Datenmanagement', 'Datenportal': 'Öffentliche Daten', 'Plattform': 'Digitale Plattformen', 'Web-App': 'Webanwendungen'};{'Stadtplanung': 'Stadtentwicklung', 'Verwaltung': 'Organisation & Professionalisierung', 'Umwelt': 'Klima & Umwelt'};https://codefor.de/projekte/geodata-time/;OK Lab Berlin, Code for Germany;Unbekannt;Ich möchte eine Datenbank bauen, in der ich mehrere Versionen des gleichen Geodatensatzes ablegen kann. Ich möchte damit den zeitlichen Verlauf, also Änderungen am Datensatz festhalten. Die API soll …;;CC-BY 4.0;https://codefor.de;70.0
https://codefor.de/projekte/bn-veranstaltungskalender/;Geographischer Veranstaltungskalender;{'Web-App': 'Webanwendungen', 'Kartenanwendung': 'Karten & Verzeichnisse', 'Verzeichnis / Karte': 'Karten & Verzeichnisse'};{'Kultur': 'Kultur', 'Tourismus': 'Stadtentwicklung', 'Stadt': 'Stadtentwicklung'};https://codefor.de/projekte/bn-veranstaltungskalender/;OK Lab Bonn-Rhein-Sieg, Code for Germany;Laufend;In Anlehnung an das Projekt “Wo steppt der Bär in Wien heute?” soll es einen heatmap-artigen Veranstaltungskalender auch für Bonn geben.;;CC-BY 4.0;https://codefor.de;71.0
https://codefor.de/projekte/hn-geojson-utilities/;Geojson Utilities;{'Open-Source': 'Open-Source-Software', 'Datenanwendung für Öffentlichkeit': 'Datenanwendung für Öffentlichkeit'};{'Open Data': '', 'Karte': '', 'Visualisierung': '', 'Datenanalyse': ''};http://opendatalab.de/projects/geojson-utilities/, https://github.com/opendatalab-de/simple-geodata-selector;Code for Heilbronn, Code for Germany;Abgeschlossen;Dieses Projekt ermöglicht einen schnellen Export der Gemeindeflächen, Landkreisflächen und Bundeslandflächen in Deutschland im .geojson Format. Dies ist besonders hilfreich für Journalisten und …;;CC-BY 4.0;https://codefor.de;72.0
https://codefor.de/projekte/cologne-giesst/;GießtKölle;{'Webseite': 'Webanwendungen', 'Karten': 'Karten & Verzeichnisse', 'Interaktive Karte': 'Karten & Verzeichnisse'};{'Umweltschutz': 'Klima & Umwelt', 'Klima': 'Klima & Umwelt'};https://giesst.koeln, https://github.com/codeforcologne/giesstKoelle;OK Lab Köln, Code for Germany;Abgeschlossen;Mit dieser Web Karte kannst Du Dich über den Wasserbedarf der Bäume in deiner Nachbarschaft informieren und Deinen Nachbar*innen mitteilen ob Du die Bäume gegossen hast.;;CC-BY 4.0;https://codefor.de;73.0
https://codefor.de/projekte/le-glaeserne-klaeranlage/;Gläsernes Klärwerk;{'Webseite': 'Webanwendungen', 'Datenvisualisierung': 'Datenreporting', 'Open-Source': 'Open-Source-Software'};{'Umwelt': 'Klima & Umwelt'};https://codeforleipzig.github.io/glaeserne-klaeranlage/, https://github.com/CodeforLeipzig/glaeserne-klaeranlage;OK Lab Leipzig, Code for Germany;Abgeschlossen;"Interaktive Visualisierungen über die Funktionsweise einer Kläranlage.
Beim OpenDataDay am 4. März 2017 wurde mit Hilfe der Anwesenden sowie der Unterstützung der OEWA, der Gesellschaft für Informatik …";;CC-BY 4.0;https://codefor.de;74.0
https://codefor.de/projekte/grossstadtbaum/;Großstadt-Baum;{'Datenportal': 'Öffentliche Daten'};{'Stadtplanung': 'Stadtentwicklung', 'Umwelt': 'Klima & Umwelt', 'Nachhaltigkeit': 'Klima & Umwelt'};http://www.tursics.de/story/grossstadt-baum/, https://github.com/tursics/trees-story;OK Lab Berlin, Code for Germany;Abgeschlossen;Berlin veröffentlicht Datensätze zu Anlagenbäumen, Straßenbäumen und Uferbäumen. In unserer Stadt stehen über 1 Million Bäume. Ich habe den typischen Berliner Baum gesucht und habe ihn gefunden.;;CC-BY 4.0;https://codefor.de;75.0
https://codefor.de/projekte/c-haltestellen/;Haltestellen in Chemnitz & Umland;{'Kartenanwendung': 'Karten & Verzeichnisse', 'Datenvisualisierung': 'Datenreporting', 'Web-App': 'Webanwendungen', 'Open Data': 'Öffentliche Daten'};{'Verkehr': 'Stadtentwicklung', 'Mobilität': '', 'Stadtplanung': 'Stadtentwicklung', 'Öffentlicher Nahverkehr': 'Stadtentwicklung'};https://github.com/CodeforChemnitz/Haltestellen;OK Lab Chemnitz, Code for Germany;Abgeschlossen;Die Karte Zeigt die von der CVAG zur Verfügung gestellten Haltestellendaten. Man sieht deutliche Abweichungen der Koordinaten zu den Punkten auf der OSM Karte.;;CC-BY 4.0;https://codefor.de;76.0
https://codefor.de/projekte/hh-echtzeit/;Hamburg in Zahlen;{'Datenvisualisierung': 'Datenreporting', 'Dashboard': 'Datenreporting', 'Web-App': 'Webanwendungen'};{'Stadt': 'Stadtentwicklung', 'Datenanalyse': '', 'Transparenz': 'Inklusion & Teilhabe'};https://ndldd.github.io/echtzeit/app/#/, https://ndldd.github.io/echtzeit/;OK Lab Hamburg, Code for Germany;Unbekannt;Was verändert sich gerade (durchschtnittlich) in Hamburg? Eine Übersicht interessanter Zahlen.;;CC-BY 4.0;https://codefor.de;77.0
https://codefor.de/projekte/p-haushalt/;Haushalt Potsdam 2018/2019;{'Datenvisualisierung': 'Datenreporting', 'Web-App': 'Webanwendungen', 'Interaktive Datenexploration': 'Datenanalyse'};{'Stadt': 'Stadtentwicklung', 'Verwaltung': 'Organisation & Professionalisierung', 'Transparenz': 'Inklusion & Teilhabe'};https://offenerhaushalt.de/haushalt/BB/Potsdam/, https://github.com/open-data-potsdam/offenerhaushalt.de;OK Lab Potsdam, Code for Germany;Abgeschlossen;Erkunde interaktiv den Doppelhaushalt von Potsdam für die Jahre 2018 und 2019.;;CC-BY 4.0;https://codefor.de;78.0
https://codefor.de/projekte/historic-berlin/;Historische Entwicklung Berlins;{'Open-Source': 'Open-Source-Software', 'Datenportal': 'Öffentliche Daten', 'Karten': 'Karten & Verzeichnisse'};{'Stadtplanung': 'Stadtentwicklung'};http://community.codefor.de/entwicklung-berlins/, https://github.com/jochenklar/entwicklung-berlins;OK Lab Berlin, Code for Germany;Unbekannt;Historische Berlin-Karten aus dem FIS-Broker zur Benutzung in anderen Projekten.;;CC-BY 4.0;https://codefor.de;79.0
https://codefor.de/projekte/muc-ddj/;How-To Datenjournalismus;{'Webseite': 'Webanwendungen', 'Bericht': 'Datenreporting'};{'Datenanalyse': ''};http://howto.ddjdach.de;OK Lab München, Code for Germany;Abgeschlossen;;;CC-BY 4.0;https://codefor.de;80.0
https://codefor.de/projekte/vortrag_bielefeld_io/;Innovationen durch Open Data bei der Bielefeld.IO 2021;{'Vortrag': 'Fortbildung', 'Workshop': 'Fortbildung'};{'Open Data': ''};https://www.eventbrite.de/e/bielefeld-io-2021-tickets-163043755261?aff=foundersfoundation, https://bielefeld.io/;Code for Bielefeld, Code for Germany;Unbekannt;Vortrag und Workshop zu „Innovationen durch Open Data“ im Rahmen der Bielfeld.IO am Freitag, 3. September 2021. Anmeldung und weitere Infos auf eventbrite.;;CC-BY 4.0;https://codefor.de;81.0
https://codefor.de/projekte/le-intelligentes-rathaus/;Intelligentes Rathaus Leipzig;{'Web-App': 'Webanwendungen', 'Plattform': 'Digitale Plattformen', 'Datenportal': 'Öffentliche Daten', 'Knowledge Graph': 'Wissensorganisation', 'Open-Source': 'Open-Source-Software'};{'Stadt': 'Stadtentwicklung', 'Verwaltung': 'Organisation & Professionalisierung', 'Open Data': '', 'Transparenz': 'Inklusion & Teilhabe'};https://stadtratmonitor.codeforleipzig.de, https://github.com/CodeforLeipzig/stadtratmonitor-scraper, https://github.com/CodeforLeipzig/stadtratmonitor-frontend, https://github.com/orgs/CodeforLeipzig/projects/2, https://ratsinfo.leipzig.de;OK Lab Leipzig, Code for Germany;Laufend;"Durchsuche das Ratsinformationssystem der Stadt Leipzig und abboniere deine Suchergebnisse!
Durchsuche das Ratsinformationssystem der Stadt Leipzig per Volltextsuche oder über detailierte Filter. …";;CC-BY 4.0;https://codefor.de;82.0
https://codefor.de/projekte/fl-open-biotope-map/;Interaktive Biotopkarte mit Wertbiotopen und Nichtwertbiotopen;{'Webseite': 'Webanwendungen', 'Kartenanwendung': 'Karten & Verzeichnisse', 'Interaktive Karte': 'Karten & Verzeichnisse', 'Datenvisualisierung': 'Datenreporting', 'Web-App': 'Webanwendungen'};{'Umweltschutz': 'Klima & Umwelt'};https://github.com/oklabflensburg/open-biotope-map, https://opendata.schleswig-holstein.de/dataset/biotopkartierung-sh4-flachen-gesamt, https://biotopkarte.oklabflensburg.de;OK Lab Flensburg, Code for Germany;Laufend;Diese kleine interaktive Biotopkarte ist nach einem Spaziergang durch Salzwiesen und an der Steilküste in Holnis entstanden. Nach mehrfacher Begehung der einzigartigen Landschaft an der Ostsee …;;CC-BY 4.0;https://codefor.de;83.0
https://codefor.de/projekte/fl-open-parcel-map/;Interaktive Flurstücksauskunft für Schleswig-Holstein;{'Web-App': 'Webanwendungen', 'Kartenanwendung': 'Karten & Verzeichnisse', 'Interaktive Karte': 'Karten & Verzeichnisse', 'Datenvisualisierung': 'Datenreporting'};{'Verwaltung': 'Organisation & Professionalisierung', 'Stadtplanung': 'Stadtentwicklung', 'Datenanalyse': '', 'Open Data': ''};https://github.com/oklabflensburg/open-parcel-map, https://opendata.schleswig-holstein.de/dataset/alkis-schleswig-holstein-ohne-eigentumerangaben, https://flurstuecksauskunft.oklabflensburg.de;OK Lab Flensburg, Code for Germany;Laufend;Diese interaktive nicht amtliche Flurstücksauskunft ohne Eigentümerangaben für Schleswig-Holstein entstand nach Gesprächen mit Bürgerinitiativen durch das OK Lab Flensburg um Verwaltungs-, Kreis-, …;;CC-BY 4.0;https://codefor.de;84.0
https://codefor.de/projekte/interessante-orte/;Interessante Orte;{'Karten': 'Karten & Verzeichnisse', 'Web-App': 'Webanwendungen', 'Datenvisualisierung': 'Datenreporting', 'Interaktive Karte': 'Karten & Verzeichnisse', 'Kartenanwendung': 'Karten & Verzeichnisse'};{'Stadtplanung': 'Stadtentwicklung', 'Kultur': 'Kultur', 'Barrierefreiheit': 'Inklusion & Teilhabe', 'Datenschutz': ''};https://github.com/codeforcologne/interessante-orte;OK Lab Köln, Code for Germany;Abgeschlossen;"Schritt für Schritt wirst Du eine einfache Kartenanwendung erstellen, mit der Du interessante Orte visualisieren kannst. Programmierkenntnisse sind nicht erforderlich.
Besonderer Fokus liegt dabei …";;CC-BY 4.0;https://codefor.de;85.0
https://codefor.de/projekte/le-schulinternet/;Internetgeschwindigkeit in Sachsens Schulen;{'Open-Source': 'Open-Source-Software', 'Web-App': 'Webanwendungen', 'Kartenanwendung': 'Karten & Verzeichnisse', 'Datenvisualisierung': 'Datenreporting'};{'Technologie': '', 'Datenanalyse': '', 'Open Data': ''};https://gitlab.com/gerbsen/internet-an-sachsens-schulen;OK Lab Leipzig, Code for Germany;Abgeschlossen;"Stellt Internetverbindungen von Schulen in Sachsen auf einer Karte dar und soll damit den weiteren Breitbandausbau vor allem im Bildungssektor anregen.
Nutzt cheerio.js zum Scrapen der Web-Seiten, …";;CC-BY 4.0;https://codefor.de;86.0
https://codefor.de/projekte/jedeschule-2/;jedeschule.de API;{'Datenportal': 'Öffentliche Daten', 'Open Data': 'Öffentliche Daten'};{'Verwaltung': 'Organisation & Professionalisierung', 'Open Data': ''};https://jedeschule.codefor.de/docs, https://jedeschule.codefor.de/csv-data/;OK Lab Berlin, Code for Germany;Abgeschlossen;jedeschule.de startete 2015 als Projekt der Open Knowledge Foundation Deutschland in Zusammenarbeit mit dem Verein BildsungsCent e.V.. Ziel war es, alle Schulen Deutschlands auf einer Platform zu …;;CC-BY 4.0;https://codefor.de;87.0
https://codefor.de/projekte/baustellen-chemnitz/;Karte Chemnitzer Baustellen;{'Karte': 'Karten & Verzeichnisse'};{'Stadtplanung': 'Stadtentwicklung'};https://github.com/ChaosChemnitz/BaustellenChemnitz, http://morrisjobke.de/stuff/baustellen-chemnitz/;OK Lab Chemnitz, Code for Germany;Abgeschlossen;Auf einer Karte werden die Baustellen in Chemnitz übersichtlich dargestellt. Die Daten werden von der Stadt Chemnitz als Text veröffentlicht.;;CC-BY 4.0;https://codefor.de;88.0
https://codefor.de/projekte/blitzerkarte-chemnitz/;Karte Chemnitzer Blitzer;{'Karten': 'Karten & Verzeichnisse', 'Verzeichnis / Karte': 'Karten & Verzeichnisse', 'Open Data': 'Öffentliche Daten', 'Datenvisualisierung': 'Datenreporting', 'Web-App': 'Webanwendungen'};{'Verkehr': 'Stadtentwicklung', 'Stadt': 'Stadtentwicklung', 'Mobilität': ''};http://morrisjobke.cartodb.com/viz/00030762-7ce5-11e4-9b32-0e4fddd5de28/public_map;OK Lab Chemnitz, Code for Germany;Unbekannt;Auf einer Karte werden die monatlich veröffentlichten Geschwindigkeitskontrollen in Chemnitz übersichtlich dargestellt. Die Daten werden von der Stadt Chemnitz als Text veröffentlicht.;;CC-BY 4.0;https://codefor.de;89.0
https://codefor.de/projekte/bn-opendatamap-nrw/;Karte der Open Data – Angebote in NRW;{'Karten': 'Karten & Verzeichnisse', 'Datenportal': 'Öffentliche Daten', 'Open Data': 'Öffentliche Daten', 'Interaktive Karte': 'Karten & Verzeichnisse', 'Visualisierung mit Karten': 'Karten & Verzeichnisse', 'Web-App': 'Webanwendungen'};{'Open Data': '', 'Stadt': 'Stadtentwicklung', 'Verwaltung': 'Organisation & Professionalisierung', 'Datenanalyse': ''};http://data.paderta.com/OpenData-NRW-Map/, https://github.com/daimpad/OpenData_Map_NRW;OK Lab Bonn-Rhein-Sieg, Code for Germany;Abgeschlossen;Welche Kommunen in NRW besitzen ein Open Data-Portal? Welches System oder Lizenz verwenden sie? Gibt es eine Anbindung an das Open.NRW-Portal? Die Karte bildet eine Übersicht aller aktuellen …;;CC-BY 4.0;https://codefor.de;90.0
https://codefor.de/projekte/fl-open-recycling-map/;Karte der Recyclingcontainer in Flensburg;{'Kartenanwendung': 'Karten & Verzeichnisse', 'Webseite': 'Webanwendungen', 'Open Data': 'Öffentliche Daten'};{'Abfallwirtschaft': 'Klima & Umwelt', 'Stadtplanung': 'Stadtentwicklung', 'Umwelt': 'Klima & Umwelt', 'Nachhaltigkeit': 'Klima & Umwelt'};https://github.com/oklabflensburg/open-recycling-map, https://recycling.oklabflensburg.de;OK Lab Flensburg, Code for Germany;Laufend;Karte der Standorte von Recycling Containern für Altkleidung und Altglas vom Technisches Betriebszentrum Flensburg AöR. Es werden nur Standorte auf städtischen Flächen angezeigt. Unser Ziel ist es, …;;CC-BY 4.0;https://codefor.de;91.0
https://codefor.de/projekte/fl-open-cultural-map/;Karte mit Verantstaltungsorten der Kulturnacht Flensburg;{'Open-Source': 'Open-Source-Software', 'Webseite': 'Webanwendungen', 'Karten': 'Karten & Verzeichnisse', 'Datenvisualisierung': 'Datenreporting', 'Web-App': 'Webanwendungen'};{'Stadt': 'Stadtentwicklung', 'Tourismus': 'Stadtentwicklung'};https://github.com/oklabflensburg/open-cultural-map, https://knf.grain.one;OK Lab Flensburg, Code for Germany;Abgeschlossen;Am 14. September 2024 haben die Flensburger Kulturakteure zur Kulturnacht eingeladen. Dabei haben sie sich an verschiedenen Orten der Stadt präsentiert, um diese kulturellen Orte bekannter zu machen. …;;CC-BY 4.0;https://codefor.de;92.0
https://codefor.de/projekte/wpt-kartenkarte/;KartenKarte;{'Webseite': 'Webanwendungen', 'Karten': 'Karten & Verzeichnisse', 'Datenvisualisierung': 'Datenreporting', 'Interaktive Karte': 'Karten & Verzeichnisse', 'Open Data': 'Öffentliche Daten'};{'Stadtplanung': 'Stadtentwicklung', 'Verkehr': 'Stadtentwicklung', 'Umwelt': 'Klima & Umwelt'};http://kartenkarte.org, https://github.com/Opendatal/kartenkarte.org;OK Lab Wuppertal, Code for Germany;Laufend;KartenKarte ließt vorhandene Daten aus OpenStreetMap aus und stellt diese auf eine andere Art und Weise dar. Viele Informationen sind in der OSM Datenbank vorhanden, werden aber nicht auf der Karte …;;CC-BY 4.0;https://codefor.de;93.0
https://codefor.de/projekte/hn-kastanienapp/;Kastanienapp;{'Open-Source': 'Open-Source-Software', 'Web-App': 'Webanwendungen', 'Karten': 'Karten & Verzeichnisse'};{'Stadtplanung': 'Stadtentwicklung', 'Umwelt': 'Klima & Umwelt', 'Klima': 'Klima & Umwelt', 'Nachhaltigkeit': 'Klima & Umwelt', 'Open Data': '', 'Partizipation': 'Inklusion & Teilhabe'};http://blog.opendatalab.de/opendata/2014/11/19/kastanien-app-mit-baumkataster, https://github.com/opendata-heilbronn/kastanien-app;Code for Heilbronn, Code for Germany;Abgeschlossen;Vor ein paar Monaten hat die Stadt Hamburg auf ihrem Transparenzportal das Baumkataster als Open Data veröffentlicht. Passend zur Zeit der Herbstsparziergänge drängte sich uns bei einem Code For …;;CC-BY 4.0;https://codefor.de;94.0
https://codefor.de/projekte/berlin-lichtenberg/;Kiez-Karte Berlin;{'Karten': 'Karten & Verzeichnisse', 'Datenvisualisierung': 'Datenreporting', 'Web-App': 'Webanwendungen', 'Open Data': 'Öffentliche Daten', 'Interaktive Karte': 'Karten & Verzeichnisse'};{'Stadtplanung': 'Stadtentwicklung', 'Open Data': '', 'Partizipation': 'Inklusion & Teilhabe', 'Verwaltung': 'Organisation & Professionalisierung'};http://kiez-karte.berlin, https://github.com/tursics/kiez-karte;OK Lab Berlin, Code for Germany;Laufend;In Berlin gibt es einen Haufen offener Daten. Wie kann man diese sinnvoll auf einer Karte anzeigen? Und kann man Bürgerbeteilungsmöglichkeiten sinnvoll einbinden (Bürgerhaushalt, Maerker, Stadtbäume, …;;CC-BY 4.0;https://codefor.de;95.0
https://codefor.de/projekte/le-kieznotiz/;KiezNotiz Leipziger Osten;{'Dashboard': 'Datenreporting', 'Datenvisualisierung': 'Datenreporting', 'Web-App': 'Webanwendungen', 'Karten': 'Karten & Verzeichnisse', 'Monitoring': 'Wirkungsmessung'};{'Stadtplanung': 'Stadtentwicklung', 'Umwelt': 'Klima & Umwelt', 'Luftqualität': 'Klima & Umwelt', 'Partizipation': 'Inklusion & Teilhabe', 'Kultur': 'Kultur', 'Open Data': ''};https://kieznotiz.codeforleipzig.de/, https://codeforleipzig.github.io/kieznotiz/, https://github.com/CodeforLeipzig/kieznotiz/, https://leipziger-ecken.de/jsonapi/;OK Lab Leipzig, Code for Germany;Abgeschlossen;"Dieses Projekt ist in Zusammenarbeit mit Leipziger / FabLab Leipzig sowie Studio Johey für den Aufbau eines Wissenschaftsladens entstanden.
In einem Schaufenster sollen die Akteure im Kiez (speziell …";KiezNotiz;CC-BY 4.0;https://codefor.de;96.0
https://codefor.de/projekte/bn-kinderbonn/;kinderbonn.de – Das Portal für Eltern, Kinder und Jugendliche aus Bonn und Umgebung;{'Webseite': 'Webanwendungen'};{'Kinder- und Jugendhilfe': 'Jugendhilfe'};https://codefor.de/projekte/bn-kinderbonn/;OK Lab Bonn-Rhein-Sieg, Code for Germany;Laufend;Was ist KinderBonn? KinderBonn möchte sämtliche Einrichtungen, Orte und Organisationen sichtbar machen, die für Eltern, Kinder und Jugendliche wichtig sind. Dazu gehören auf Kinder und Jugendliche …;;CC-BY 4.0;https://codefor.de;97.0
https://codefor.de/projekte/fl-open-kita-map/;Kitafinder Flensburg;{'Kartenanwendung': 'Karten & Verzeichnisse', 'Web-App': 'Webanwendungen', 'Datenvisualisierung': 'Datenreporting'};{'Soziale Arbeit': 'Soziale Dienste', 'Bildung': 'Bildung'};https://github.com/oklabflensburg/open-kita-map, https://www.flensburg.de/media/custom/2306_2545_1.PDF, https://kitakarte.oklabflensburg.de;OK Lab Flensburg, Code for Germany;Laufend;Die Idee, einen Kitafinder für Flensburg zu entwickeln, ist aus der eigenen Suche nach einer Kita für den Kleinen entstanden. Auf der städtischen Website finden sich zwar Kontaktdetails zu den …;;CC-BY 4.0;https://codefor.de;98.0
https://codefor.de/projekte/dd-kitakarte/;Kitakarte Dresden;{'Karten': 'Karten & Verzeichnisse', 'Kartenanwendung': 'Karten & Verzeichnisse', 'Datenportal': 'Öffentliche Daten'};{};http://kitakarte.okdd.de;Open Data Dresden, Code for Germany;Unbekannt;Die Kitakarte zeigt eine Übersicht aller Kindergärten, Krippen und Horte in Dresden. Alle Einträge werden mit Daten ergänzt, die von der Stadt unter http://www.dresden.de/kindertagesstaetten/ …;;CC-BY 4.0;https://codefor.de;99.0
https://codefor.de/projekte/p-kitarechner/;Kitarechner für Potsdam;{'Web-App': 'Webanwendungen'};{'Soziale Arbeit': 'Soziale Dienste', 'Wohlfahrt': 'Soziale Dienste'};https://kitarechner.oklab-potsdam.de, https://github.com/open-data-potsdam/Kita-Gebuehrenrechner-Potsdam;OK Lab Potsdam, Code for Germany;Laufend;Mit dem Kitarechner kann jeder schnell sehen, wieviel Kitagebühren er/sie monatlich pro Kind bei einer Hort-, Kita-, oder Krippenbetreuung in Potsdam zahlen muss. Die Gebührentabelle der Stadt wurde …;;CC-BY 4.0;https://codefor.de;100.0
https://codefor.de/projekte/le-kitas_und_schulen_in_leipzig/;Kitas und Schulen Verzeichnis Leipzig;{'Open-Source': 'Open-Source-Software', 'Web-App': 'Webanwendungen', 'Verzeichnis / Karte': 'Karten & Verzeichnisse', 'Datenportal': 'Öffentliche Daten', 'Datenvisualisierung': 'Datenreporting'};{'Stadtplanung': 'Stadtentwicklung', 'Soziale Arbeit': 'Soziale Dienste', 'Verwaltung': 'Organisation & Professionalisierung', 'Partizipation': 'Inklusion & Teilhabe'};http://www.leipzig.de/jugend-familie-und-soziales/schulen-und-bildung/schulen/, https://github.com/CodeforLeipzig/kidsle, https://kidsle.leipzig.codefor.de/;OK Lab Leipzig, Code for Germany;Abgeschlossen;"Eine kleine App zur Darstellung aller Kitas, Schulen und Spielplätzen in Leipzig. Die Nutzer sollen später die jeweiligen Orte bewerten können.
Umsetzung Daten: OpenStreetMap extrahiert / selbst …";;CC-BY 4.0;https://codefor.de;101.0
https://codefor.de/projekte/hn-klickde/;Klick Deutschland;{'Webseite': 'Webanwendungen'};{'Stadtplanung': 'Stadtentwicklung'};http://klickde.opendatalab.de/, https://github.com/opendatalab-de/click_that_hood;Code for Heilbronn, Code for Germany;Abgeschlossen;Click that Hood für alle Gemeinden Deutschlands!;;CC-BY 4.0;https://codefor.de;102.0
https://codefor.de/projekte/le-klimabot/;Klimabot;{'Open-Source': 'Open-Source-Software', 'KI Anwendung': '', 'Natural Language Processing': 'Sprachtechnologie', 'Web-App': 'Webanwendungen'};{'Klimaschutz': 'Klima & Umwelt', 'Umweltschutz': 'Klima & Umwelt', 'Nachhaltigkeit': 'Klima & Umwelt'};https://codeforleipzig.github.io/wahldaten/, https://gitlab.com/gerbsen/climatebot, https://gitlab.com/gerbsen/climatebot-ui;OK Lab Leipzig, Code for Germany;Abgeschlossen;"Bot, der auf natürlich-sprachige Fragen rund um den Klimawandel mit Fakten antwortet, Z.B. “Wie viel Tonnen CO2 wurden 2012 in Sachsen emittiert?” - “47,5 Tonnen CO2”
Umsetzung …";;CC-BY 4.0;https://codefor.de;103.0
https://codefor.de/projekte/le-klimadashboard/;Klimadashboard Sachsen;{'Dashboard': 'Datenreporting', 'Web-App': 'Webanwendungen', 'Datenvisualisierung': 'Datenreporting'};{'Energie': 'Klima & Umwelt', 'Verkehr': 'Stadtentwicklung', 'Landwirtschaft': 'Klima & Umwelt', 'Klimaschutz': 'Klima & Umwelt', 'Umweltschutz': 'Klima & Umwelt'};https://klimadashboard.danielgerber.eu, https://gitlab.com/gerbsen/climate-dashboard;OK Lab Leipzig, Code for Germany;Laufend;"Das Projekt „Klimadashboard Sachsen“ möchte den Fortschritt der Energie-, Verkehrs- und Landwirtschaftswende dokumentieren.
Dazu werden Daten aus verschiedenen Quellen und Sektoren zusammengetragen …";;CC-BY 4.0;https://codefor.de;104.0
https://codefor.de/projekte/klimawatch/;Klimawatch;{'Datenvisualisierung': 'Datenreporting', 'Web-App': 'Webanwendungen'};{'Klima': 'Klima & Umwelt', 'Klimaschutz': 'Klima & Umwelt', 'Umwelt': 'Klima & Umwelt', 'Stadt': 'Stadtentwicklung', 'Nachhaltigkeit': 'Klima & Umwelt'};https://klimawatch.de;Code for Münster, Code for Germany;Laufend;Klimawatch visualisiert reale und geplante CO2-Emissionen einzelner Kommunen und erlaubt es, einfach neue Kommunen hinzuzufügen.;;CC-BY 4.0;https://codefor.de;105.0
https://codefor.de/projekte/cologne-daten-in-3d/;Kölner Daten in 3D;{'Datenvisualisierung': 'Datenreporting', 'Open Data': 'Öffentliche Daten', 'Datenanwendung für Öffentlichkeit': 'Datenanwendung für Öffentlichkeit', 'Webseite': 'Webanwendungen'};{'Köln': 'Stadtentwicklung', 'Stadt': 'Stadtentwicklung', 'Verwaltung': 'Organisation & Professionalisierung', 'Partizipation': 'Inklusion & Teilhabe'};http://p3nny.github.io/geojson-3d/, https://github.com/P3nny/geojson-3d;OK Lab Köln, Code for Germany;Abgeschlossen;Wie macht man offene Daten greifbar? Indem man sie ausdruckt. Hier gibt es das Projekt zum Nachmachen. Im OK Lab Köln haben wir die Idee entwickelt, aus offenen Daten der Stadt Köln “Daten zum …;;CC-BY 4.0;https://codefor.de;106.0
https://codefor.de/projekte/le-kompreni/;Kompreni;{'Open-Source': 'Open-Source-Software', 'Datenanalyse': 'Datenanalyse'};{'Antidiskriminierung': 'Anti Dismkriminierung', 'Gewalt': 'Demokratie & Soziale Rechte', 'Menschenrechte': 'Demokratie & Soziale Rechte'};https://gitlab.com/gerbsen/kompreni;OK Lab Leipzig, Code for Germany;Abgeschlossen;"Dieses kleine Tool soll eine statistische Analyse der Kommentare auf LVZ.de durchführen.
Hintergrund: Auf dem Online-Angebot der Leipziger Volkszeitung (LVZ) treten gehäuft Hasskommentare und die …";;CC-BY 4.0;https://codefor.de;107.0
https://codefor.de/projekte/ffpb-krombel/;Krombels Dash auf Android;{'Open-Source': 'Open-Source-Software', 'Web-App': 'Webanwendungen', 'Dashboard': 'Datenreporting'};{'Technologie': '', 'Open Data': ''};https://play.google.com/store/apps/details?id=net.freifunk.paderborn.krombel, https://github.com/codeforpb/ffpb-apps;CodeforPB, Code for Germany;Unbekannt;Die erste unter hoffentlich vielen Apps mit Daten von Freifunk Paderborn. Diese App bringt Krombels Dashboard auf Android. Diese App ist ein erster Prototyp und wurde noch nicht “hübsch” …;;CC-BY 4.0;https://codefor.de;108.0
https://codefor.de/projekte/cologne-kulturpfade/;Kulturpfade Köln;{'Webseite': 'Webanwendungen', 'Kartenanwendung': 'Karten & Verzeichnisse', 'Datenvisualisierung': 'Datenreporting'};{'Kultur': 'Kultur', 'Stadt': 'Stadtentwicklung', 'Tourismus': 'Stadtentwicklung', 'Köln': 'Stadtentwicklung'};https://chfinke.github.io/kulturpfadekoeln, https://github.com/chfinke/kulturpfadekoeln;OK Lab Köln, Code for Germany;Laufend;Das Projekt soll die Informationen zu den Kulturpfaden Köln zusammentragen und in einer nutzbaren Form darstellen. Es handelt sich dabei um eine Reihe von Rad- bzw. Wanderwegen im Kölner Stadtgebiet. …;;CC-BY 4.0;https://codefor.de;109.0
https://codefor.de/projekte/cologne-kvbrad/;KVB Fahrräder in Köln;{'Web-App': 'Webanwendungen', 'Datenvisualisierung': 'Datenreporting', 'Kartenanwendung': 'Karten & Verzeichnisse'};{'Mobilität': '', 'Stadt': 'Stadtentwicklung', 'Verkehr': 'Stadtentwicklung', 'Köln': 'Stadtentwicklung'};https://tom.cologne.codefor.de/kvbrad/, https://github.com/codeforcologne/kvbrad;OK Lab Köln, Code for Germany;Laufend;Die Webapplikation KVB Fahrräder stellt eine mögliche Nutzung Kölns durch Fahrräder dar. Grundlage hierfür sind die Daten, die durch KVB-Rad Köln zur Verfügung gestellt werden in Kombination des …;;CC-BY 4.0;https://codefor.de;110.0
https://codefor.de/projekte/hh-laenderfinanzausgleich/;Länderfinanzausgleich visualisieren;{'Datenvisualisierung': 'Datenreporting', 'Web-App': 'Webanwendungen'};{'Verwaltung': 'Organisation & Professionalisierung', 'Transparenz': 'Inklusion & Teilhabe', 'Datenanalyse': '', 'Open Data': ''};http://public.tableausoftware.com/profile/#!/vizhome/LFA_v2/Dashboard1, http://de.wikipedia.org/wiki/L%C3%A4nderfinanzausgleich;OK Lab Hamburg, Code for Germany;Unbekannt;Im Länderfinanzausgleich werden jährlich riesige Summen bewegt. Daten über die Höhe der Zahlungen liegen seit 1950 durchgehend vor. In dem Projekt sollen verschiedene Visualisierungsansätze und -tools …;;CC-BY 4.0;https://codefor.de;111.0
https://codefor.de/projekte/da-leika-tool/;LeiKa-Tool;{'Web-App': 'Webanwendungen'};{'Verwaltung': 'Organisation & Professionalisierung'};https://opengovtech.de/leika/, https://github.com/codedust/leika-tool/;Code for Germany;Laufend;Der Leistungskatalog der öffentlichen Verwaltung (LeiKa) ist ein Verzeichnis aller Verwaltungsleistungen, die von Bund, Ländern und den Kommunen erbracht werden. Der LeiKa definiert für jede …;LeiKa-Tool;CC-BY 4.0;https://codefor.de;112.0
https://codefor.de/projekte/le-leipziggiesst/;Leipzig giesst;{'Web-App': 'Webanwendungen', 'Webseite': 'Webanwendungen'};{'Stadtplanung': 'Stadtentwicklung', 'Umweltschutz': 'Klima & Umwelt', 'Klima': 'Klima & Umwelt', 'Partizipation': 'Inklusion & Teilhabe'};https://www.leipziggiesst.de/, https://app.leipziggiesst.de/, https://play.google.com/store/apps/details?id=webviewgold.leipziggiesst, https://apps.apple.com/de/app/leipzig-gie%c3%9ft/id6443637713?platform=iphone, https://github.com/CodeforLeipzig/leipziggiesst;OK Lab Leipzig, Code for Germany;Laufend;"Auf dieser Plattform kannst Du Dich über Bäume in deiner Nachbarschaft und ihren Wasserbedarf informieren.
Du kannst einzelne Bäume adoptieren und markieren, wenn Du sie gegossen hast.
Dieses Projekt …";;CC-BY 4.0;https://codefor.de;113.0
https://codefor.de/projekte/leipzig-maps/;Leipzig Maps;{'Karten': 'Karten & Verzeichnisse', 'Web-App': 'Webanwendungen'};{'Stadtplanung': 'Stadtentwicklung', 'Open Data': '', 'Datenanalyse': '', 'Verwaltung': 'Organisation & Professionalisierung'};https://codeforleipzig.github.io/leipzigmaps/, https://github.com/CodeforLeipzig/leipzigmaps;OK Lab Leipzig, Code for Germany;Abgeschlossen;"Eine Karte von Leipzig die Daten zur Stadt wiedergibt.
Die Karte gibt u.a. folgende Daten wieder:
Leipzig - Schwimmhallen (leipzig.de) Leipzig - Freibäder (leipzig.de) Leipzig - Spielplätze …";;CC-BY 4.0;https://codefor.de;114.0
https://codefor.de/projekte/le-leipzigpumpt/;Leipzig pumpt;{'Webseite': 'Webanwendungen'};{'Stadtplanung': 'Stadtentwicklung', 'Umweltschutz': 'Klima & Umwelt', 'Nachhaltigkeit': 'Klima & Umwelt', 'Kultur': 'Kultur'};https://codeforleipzig.github.io/leipzig_auf_pump/, https://github.com/CodeforLeipzig/leipzig_auf_pump, https://stiftung-ecken-wecken.de/content/leipzig-pumpt-handschwengelpumpen-wiederbeleben;OK Lab Leipzig, Code for Germany;Abgeschlossen;"Auf dieser Webseite kannst Du Dich über die Handschwengelpumpen (inklusive abgebaute und inaktive) in Leipzig informieren.
Das Projekt nutzt die Daten von Wikipedia als auch die Daten aus …";;CC-BY 4.0;https://codefor.de;115.0
https://codefor.de/projekte/le-rallymap/;Leipzig Rally Map;{'Karte': 'Karten & Verzeichnisse', 'Web-App': 'Webanwendungen', 'Datenvisualisierung': 'Datenreporting', 'Interaktive Karte': 'Karten & Verzeichnisse'};{'Stadt': 'Stadtentwicklung', 'Demokratie': 'Demokratie & Soziale Rechte', 'Politische Bildung': 'Demokratie & Soziale Rechte', 'Open Data': '', 'Partizipation': 'Inklusion & Teilhabe'};https://codeforleipzig.github.io/rallymap, https://github.com/CodeforLeipzig/rallymap;OK Lab Leipzig, Code for Germany;Abgeschlossen;Das Projekt Rally Map (vormaliger Name war Mobmap 🙂) stellt das Versammlungsgeschehen in Leipzig auf einer interaktiven Karte dar. Dabei werden die Orte und Straßen, auf den Versammlungen stattfinden, …;Mobmap;CC-BY 4.0;https://codefor.de;116.0
https://codefor.de/projekte/dus-ruhr-lernmedien-buddy/;Lernmedien-Buddy;{'Open-Source': 'Open-Source-Software', 'Web-App': 'Webanwendungen', 'E-Learning': 'Fortbildung', 'Plattform': 'Digitale Plattformen'};{'Bildung': 'Bildung', 'Jugend': 'Jugendhilfe', 'Kinder- und Jugendhilfe': 'Jugendhilfe', 'Partizipation': 'Inklusion & Teilhabe'};https://github.com/publicplan/hackathon-prototype, http://www.learnline.schulministerium.nrw.de;OK Lab Ruhrgebiet, Code for Germany;Laufend;Der Lernmedien-Buddy ist eine App (iOS und Android) für Schüler*innen, mit deren hilfe spielerisch nach Lernmaterialien gesucht werden kann. Durch “social logins” bringt die App Suchende …;;CC-BY 4.0;https://codefor.de;117.0
https://codefor.de/projekte/lieblingsplatz/;Lieblingsplatz;{'Web-App': 'Webanwendungen', 'Kartenanwendung': 'Karten & Verzeichnisse'};{'Stadtplanung': 'Stadtentwicklung'};https://github.com/lieblingsplatz/lieblingsplatz;OK Lab Berlin, Code for Germany;Unbekannt;Finde einen Lieblingsplatz in einer KiTa in Berlin! Auf einer Karte siehst Du KiTas und Tagesmütter in eurer Nähe und kannst sie filtern nach Dingen, die Dir wichtig sind.;;CC-BY 4.0;https://codefor.de;118.0
https://codefor.de/projekte/jena-linkedopenhaushalt/;Linked Open Haushalt;{'Datenvisualisierung': 'Datenreporting', 'Web-App': 'Webanwendungen', 'Datenportal': 'Öffentliche Daten'};{'Open Data': '', 'Transparenz': 'Inklusion & Teilhabe', 'Stadt': 'Stadtentwicklung', 'Verwaltung': 'Organisation & Professionalisierung'};http://www.offenes-jena.com/Apps/OffenerHaushalt, https://github.com/OffenesJena/OffenerHaushalt;OK Lab Jena, Code for Germany;Unbekannt;Der offene Haushalt mit seiner wohlbekannten TreeMap-Visualisierung ist natürlich der interessanteste Datensatz jeder offenen Stadt. Wir gehen einen Schritt weiter und setzen den Haushalt direkt mit …;;CC-BY 4.0;https://codefor.de;119.0
https://codefor.de/projekte/bie-linked-data/;Linked Open Statistical Data;{'Datenportal': 'Öffentliche Daten', 'Open-Source': 'Open-Source-Software', 'Datenstandards': 'Datenmanagement'};{'Open Data': '', 'Verwaltung': 'Organisation & Professionalisierung', 'Stadt': 'Stadtentwicklung', 'Datenanalyse': ''};https://github.com/codeforbielefeld/LinkedData;Code for Bielefeld, Code for Germany;Laufend;Im Projekt Linked Data haben wir uns zunächst mit Linked Open Statistical Data beschäftigt. Dafür haben wir die Daten des Bielefelder Statistikamtes in Linked Data transformiert, also statt in …;;CC-BY 4.0;https://codefor.de;120.0
https://codefor.de/projekte/hn-lorawan/;LoRaWAN Gateways in Heilbronn;{'Plattform': 'Digitale Plattformen', 'Monitoring': 'Wirkungsmessung'};{'Stadt': 'Stadtentwicklung', 'Technologie': '', 'Vernetzung': 'Organisation & Professionalisierung', 'Open Data': '', 'Datenanalyse': ''};https://codeforheilbronn.de/projects/2018-02-08-LoraWan, https://codeforheilbronn.de/2018/05/17/ttn-lora-gateway.html;Code for Heilbronn, Code for Germany;Unbekannt;Das Internet der Dinge setzt neue Anforderungen an die Datenübertragungen in Städten und auf dem Land. Neue Funktechniken setzten auf immer schnellere Übetragungsraten zulasten der Reichweite. …;;CC-BY 4.0;https://codefor.de;121.0
https://codefor.de/projekte/le-luftqualitaet_sachsen/;Luftqualität Sachsen;{'Webseite': 'Webanwendungen', 'Datenvisualisierung': 'Datenreporting', 'Open Data': 'Öffentliche Daten'};{'Umwelt': 'Klima & Umwelt', 'Klima': 'Klima & Umwelt', 'Umweltschutz': 'Klima & Umwelt', 'Datenanalyse': ''};http://www.umwelt.sachsen.de/umwelt/infosysteme/luftonline/recherche.aspx, https://github.com/CodeforLeipzig/luftqualitaet_sachsen, https://commons.wikimedia.org/wiki/File:2014-02_Halle_Street_Art_89.jpg;OK Lab Leipzig, Code for Germany;Abgeschlossen;"Eine übersichtliche Darstellung der Messwerte aller sächsischen Messstationen zur Luftqualität. Zu jeder Messstation werden die Daten detailliert als Tabelle und Diagramm dargestellt.
Umsetzung Daten: …";;CC-BY 4.0;https://codefor.de;122.0
https://codefor.de/projekte/le-madmemory/;Mad Memory;{'Web-App': 'Webanwendungen', 'Open-Source': 'Open-Source-Software', 'Interaktive App': 'Webanwendungen'};{'Kultur': 'Kultur', 'Bildung': 'Bildung'};https://madmemory.joergreichert.now.sh, https://codingdavinci.de/de/projekte/madmemory, https://github.com/joergreichert/madmemory;OK Lab Leipzig, Code for Germany;Abgeschlossen;"Online-Memory-Spiel, das dazu einlädt, sich genauer mit Wörtern aus dem Rheinischen Mitmachwörterbuch und dem Sächsischen Wörterbuch zu beschäftigen.
Das Projekt als Beitrag zum Coding da Vinci West …";;CC-BY 4.0;https://codefor.de;123.0
https://codefor.de/projekte/magdeburg-magd-o-mat/;Magd-O-Mat 2019;{'Web-App': 'Webanwendungen'};{'Wahlen': 'Demokratie & Soziale Rechte', 'Stadt': 'Stadtentwicklung'};https://www.magdeburg-waehlt.de;OK Lab Magdeburg, Code for Germany;Abgeschlossen;"Der Magd-O-Mat ist ein Magdeburger Wahl-O-Mat nach dem Vorbild des von der Bundes- und Landeszentrale für politische Bildung eingesetzten Wahl-o-Maten.
Er wird für die Kommunalwahlen von Magdeburg …";Magd-O-Mat;CC-BY 4.0;https://codefor.de;124.0
https://codefor.de/projekte/magdeburg-magd-o-mat-2024/;Magd-O-Mat 2024;{'Web-App': 'Webanwendungen'};{'Wahlen': 'Demokratie & Soziale Rechte'};https://www.magdeburg-waehlt.de;OK Lab Magdeburg, Code for Germany;Laufend;"Der Magd-O-Mat ist ein Magdeburger Wahl-O-Mat nach dem Vorbild des von der Bundes- und Landeszentrale für politische Bildung eingesetzten Wahl-o-Maten.
Er wird für die Kommunalwahlen von Magdeburg …";Magd-O-Mat;CC-BY 4.0;https://codefor.de;125.0
https://codefor.de/projekte/magdeburg-giesst/;Magdeburg gießt;{'Webseite': 'Webanwendungen', 'Kartenanwendung': 'Karten & Verzeichnisse', 'Datenvisualisierung': 'Datenreporting', 'Plattform': 'Digitale Plattformen'};{'Stadtplanung': 'Stadtentwicklung', 'Umweltschutz': 'Klima & Umwelt', 'Nachhaltigkeit': 'Klima & Umwelt', 'Klima': 'Klima & Umwelt', 'Partizipation': 'Inklusion & Teilhabe'};https://magdeburg-giesst.de, https://github.com/code-for-magdeburg/magdeburggiesst;OK Lab Magdeburg, Code for Germany;Laufend;Auf dieser Plattform kannst Du Dich über Bäume in Deiner Nachbarschaft und ihren Wasserbedarf informieren. Du kannst einzelne Bäume adoptieren und markieren, wenn Du sie gegossen hast. Wenn Du die …;;CC-BY 4.0;https://codefor.de;126.0
https://codefor.de/projekte/magdeburg-magdego/;MagdeGo;{'Web-App': 'Webanwendungen'};{'Mobilität': '', 'Öffentlicher Nahverkehr': 'Stadtentwicklung', 'Verkehr': 'Stadtentwicklung'};http://magdego.de;OK Lab Magdeburg, Code for Germany;Abgeschlossen;"UPDATE: Aufgrund Druck von Dritter (wir nennen keine Namen) musste MagdeGo offline genommen werden. Wir planen aber einen Relaunch.
Kein lästiges Warten mehr auf deine Straßenbahn, die ausgerechnet …";MagdeGo;CC-BY 4.0;https://codefor.de;127.0
https://codefor.de/projekte/maifeuer-chemnitz/;Maifeuer 2014 in Chemnitz;{'Webseite': 'Webanwendungen', 'Kartenanwendung': 'Karten & Verzeichnisse', 'Datenvisualisierung': 'Datenreporting'};{'Stadt': 'Stadtentwicklung', 'Umwelt': 'Klima & Umwelt', 'Stadtplanung': 'Stadtentwicklung', 'Klimaschutz': 'Klima & Umwelt'};http://codeforchemnitz.de/projects/maifeuer2014;OK Lab Chemnitz, Code for Germany;Abgeschlossen;Auf einer Karte werden die Maifeuer in Chemnitz übersichtlich dargestellt. Die Daten wurden von der Stadt Chemnitz als Text veröffentlicht.;;CC-BY 4.0;https://codefor.de;128.0
https://codefor.de/projekte/le-villamajorelle/;Majorelle Mystery;{'Online-Spiel': 'Webanwendungen', 'Web-App': 'Webanwendungen', 'Open-Source': 'Open-Source-Software'};{'Kultur': 'Kultur', 'Partizipation': 'Inklusion & Teilhabe', 'Tourismus': 'Stadtentwicklung'};http://majmys.art, https://codingdavinci.de/de/projekte/majorelle-mystery, https://github.com/joergreichert/MajorelleMysteryApp, https://github.com/The-Villains/MajorelleMysteryApp, https://www.hlsplayer.net/mp4-player#type=mp4&src=https%3A%2F%2Fgithub.com%2FThe-Villains%2FMajorelleMysteryApp%2Freleases%2Fdownload%2F0.7%2FMajorelleMystery-Linux-Video-0.7.mp4;OK Lab Leipzig, Code for Germany;Abgeschlossen;"Online Escape-Game, das in der berühmten Jugendstil-Villa Majorelle in Nancy spielt – samt deren ehemaligen Besitzer:innen und Erbauer:innen.
Umsetzung Das Spiel wurde mit der Game-Engine Godot in …";;CC-BY 4.0;https://codefor.de;129.0
https://codefor.de/projekte/meine-stadt-transparent/;Meine Stadt Transparent;{'Open-Source': 'Open-Source-Software', 'Plattform': 'Digitale Plattformen', 'Web-App': 'Webanwendungen'};{'Stadt': 'Stadtentwicklung', 'Verwaltung': 'Organisation & Professionalisierung', 'Partizipation': 'Inklusion & Teilhabe', 'Datenanalyse': ''};http://meine-stadt-transparent.de/, http://github.com/meine-stadt-transparent/meine-stadt-transparent/, https://prototypefund.de/project/open-source-ratsinformationssystem/;OK Lab München, Code for Germany;Laufend;Meine Stadt Transparent ist ein vom Prototype Fund gefördertes Projekt. Mit dieser Förderung können wir für 6 Monate, vom September 2017 bis Februar 2018, an dem Projekt arbeiten. Wir hatten uns unter …;;CC-BY 4.0;https://codefor.de;130.0
https://codefor.de/projekte/stgt-efa-meta-api/;Meta API für Elektronische Fahrplanauskunft;{'API': 'Datenmanagement'};{'Mobilität': '', 'Verkehr': 'Stadtentwicklung', 'Öffentlicher Nahverkehr': 'Stadtentwicklung'};http://efa.asw.io/, https://efa-api.asw.io, https://github.com/opendata-stuttgart, http://www.stuttgarter-zeitung.de/inhalt.open-vvs-day-von-stoerungsmelder-bis-tarifabitur.68a3662d-8bc0-4a99-941a-2454d077520c.html, https://de.wikipedia.org/wiki/Elektronische_Fahrplanauskunft_%28Software%29;OK Lab Stuttgart, Code for Germany;Laufend;Im Rahmen des Open VVS Day der Stuttgarter Zeitung wurde ein JSON-API entwickelt, welches das Application Programming Interface (API) der Elektronischen Fahrplanauskunft (EFA) in eine RESTful API …;;CC-BY 4.0;https://codefor.de;131.0
https://codefor.de/projekte/metacollect/;metacollect;{'Datenbank': 'Datenmanagement', 'Plattform': 'Digitale Plattformen', 'Open-Source': 'Open-Source-Software'};{'Flucht und Migration': 'Flucht & Migration', 'Integration': 'Inklusion & Teilhabe'};http://metacollect.org, https://github.com/metacollect-org/;OK Lab Berlin, Code for Germany;Laufend;metacollect stellt eine zentrale Datenbank für zivilgesellschaftliche Projekte zur Verfügung, die sich mit anderen Plattformen synchronisiert. Derzeit liegt der Fokus im Bereich der Geflüchtetenhilfe. …;;CC-BY 4.0;https://codefor.de;132.0
https://codefor.de/projekte/muc-mietpreisspiegel/;Mietpreisspiegel;{'Datenportal': 'Öffentliche Daten'};{'Wohnen': 'Stadtentwicklung', 'Stadtplanung': 'Stadtentwicklung'};https://codefor.de/projekte/muc-mietpreisspiegel/;OK Lab München, Code for Germany;Abgeschlossen;Ziel ist ein faktenbasierter Mietspiegel für München.;;CC-BY 4.0;https://codefor.de;133.0
https://codefor.de/projekte/gi-mietspiegel/;Mietspiegel Gießen;{'Interaktive Karte': 'Karten & Verzeichnisse', 'Kartenanwendung': 'Karten & Verzeichnisse', 'Webseite': 'Webanwendungen', 'Datenvisualisierung': 'Datenreporting'};{'Stadtplanung': 'Stadtentwicklung', 'Wohnen': 'Stadtentwicklung', 'Datenanalyse': '', 'Open Data': ''};https://github.com/CodeForGiessen/mietspiegel;OK Lab Gießen, Code for Germany;Laufend;"Eine Interaktive Karte mit den aktuellen Mietpreisen pro Quadratmeter in verschiedene Bereiche aufgeteilt.
Dieses Projekt sucht aktuell dringend Leute die mitmachen wollen.";;CC-BY 4.0;https://codefor.de;134.0
https://codefor.de/projekte/gi-muellkalender/;Müllkalender App Gießen;{'Web-App': 'Webanwendungen', 'Kalender': 'Datenreporting', 'Open-Source': 'Open-Source-Software'};{'Abfallwirtschaft': 'Klima & Umwelt', 'Stadt': 'Stadtentwicklung'};https://github.com/CodeForGiessen/muellkalender;OK Lab Gießen, Code for Germany;Laufend;"Wann wird welcher Abfall in meiner Straße abgeholt? Mit dieser App sieht man alles auf einen Blick und erhält auch Push-Nachrichten für die jeweilige Straße.
Dieses Projekt sucht aktuell dringend …";;CC-BY 4.0;https://codefor.de;135.0
https://codefor.de/projekte/muenchen-transparent/;München Transparent;{'Webseite': 'Webanwendungen', 'Datenportal': 'Öffentliche Daten', 'Open-Source': 'Open-Source-Software'};{'Stadt': 'Stadtentwicklung', 'Demokratie': 'Demokratie & Soziale Rechte', 'Verwaltung': 'Organisation & Professionalisierung', 'Partizipation': 'Inklusion & Teilhabe'};https://www.muenchen-transparent.de/, https://github.com/codeformunich/Muenchen-Transparent;OK Lab München, Code for Germany;Laufend;München Transparent ist eine Plattform, die es Münchner BürgerInnen ermöglicht, schnell und einfach Einblicke in die Kommunalpolitik zu bekommen. Dazu werden die normalerweise nur schwer zugängliche …;;CC-BY 4.0;https://codefor.de;136.0
https://codefor.de/projekte/le-museen/;Museen Mitteldeutschlands;{'Kartenanwendung': 'Karten & Verzeichnisse', 'Webseite': 'Webanwendungen', 'Open-Source': 'Open-Source-Software'};{'Kultur': 'Kultur', 'Tourismus': 'Stadtentwicklung'};http://damals.codeforleipzig.de/museums/, https://github.com/CodeforLeipzig/codingdavinciost2018/tree/master/de.oklab.leipzig.cdv.glams;OK Lab Leipzig, Code for Germany;Abgeschlossen;"Alle Museen Mitteldeutschlands auf einer Leaflet-Karte.
Dazu wurde aus OpenStreetMap alle Elemente, die einen Schlüssel “amenity” mit dem Wert “museum” haben, extrahiert.
Die …";;CC-BY 4.0;https://codefor.de;137.0
https://codefor.de/projekte/mvg-rad-citybikes/;MVG Rad für citybik.es;{'Webseite': 'Webanwendungen', 'Open-Source': 'Open-Source-Software', 'Datenportal': 'Öffentliche Daten'};{'Mobilität': '', 'Stadt': 'Stadtentwicklung', 'Verkehr': 'Stadtentwicklung'};https://citybik.es, https://github.com/eskerda/pybikes;OK Lab München, Code for Germany;Laufend;Da MVG Rad - das stadteigene Mietfahrradsystem - zwar wie in vielen anderen Städten auf Nextbike basiert, in München aber tatsächlich eine White-Label-Lösung zu sein scheint, konnte man bislang mit …;;CC-BY 4.0;https://codefor.de;138.0
https://codefor.de/projekte/newcomer/;Newcomer in der Region Mittelhessen;{'Web-App': 'Webanwendungen'};{'Integration': 'Inklusion & Teilhabe', 'Stadt': 'Stadtentwicklung', 'Soziale Arbeit': 'Soziale Dienste', 'Partizipation': 'Inklusion & Teilhabe'};https://codefor.de/projekte/newcomer/;OK Lab Gießen, Code for Germany;Laufend;Die App hilft Neuankömmlingen nach dem Umzug in die Stadt Gießen. Seien es behördliche Erledigungen, die nach einem Umzug anfallen, dem Finden von gemeinnützigen und sozialen Projekten in Gießen oder …;;CC-BY 4.0;https://codefor.de;139.0
https://codefor.de/projekte/offener-haushalt-muenster/;Offener Haushalt Münster 2009-2013;{'Datenportal': 'Öffentliche Daten', 'Webseite': 'Webanwendungen', 'Open Data': 'Öffentliche Daten', 'Datenvisualisierung': 'Datenreporting', 'Dashboard': 'Datenreporting'};{'Verwaltung': 'Organisation & Professionalisierung', 'Transparenz': 'Inklusion & Teilhabe', 'Stadt': 'Stadtentwicklung'};http://offenerhaushalt.de/haushalt/muenster/;Code for Münster, Code for Germany;Abgeschlossen;Der Haushalt der Stadt Münster von 2009-2013 in OpenSpending integriert und auf offenerhaushalt.de veröffentlicht.;;CC-BY 4.0;https://codefor.de;140.0
https://codefor.de/projekte/wpt-offenerhaushalt/;Offener Haushalt Wuppertal;{'Datenvisualisierung': 'Datenreporting', 'Webseite': 'Webanwendungen'};{'Verwaltung': 'Organisation & Professionalisierung', 'Transparenz': 'Inklusion & Teilhabe', 'Partizipation': 'Inklusion & Teilhabe'};http://opendata.devtal.de/tree.php, https://github.com/Opendatal/Offener-Haushalt;OK Lab Wuppertal, Code for Germany;Laufend;Interaktive Visualisierung des Wuppertaler Haushalts, damit sich engagierte BürgerInnen leicht einen Überblick verschaffen können.;;CC-BY 4.0;https://codefor.de;141.0
https://codefor.de/projekte/offenerrat/;Offener Rat Münster;{'Webseite': 'Webanwendungen'};{'Stadt': 'Stadtentwicklung', 'Verwaltung': 'Organisation & Professionalisierung', 'Transparenz': 'Inklusion & Teilhabe', 'Partizipation': 'Inklusion & Teilhabe'};http://rat.codeformuenster.org/, http://github.com/codeformuenster/offenerrat-ms;Code for Münster, Code for Germany;Unbekannt;Ein Tool um die aktuellen Vorlagen und Sitzungen des Rates Münster zu sehen. Besser durchsuchbar und übersichtlicher als das Ratsinformationssystem der Stadt;;CC-BY 4.0;https://codefor.de;142.0
https://codefor.de/projekte/jena-offenesratsinformationssystem/;Offener Stadtrat;{'Datenportal': 'Öffentliche Daten', 'Web-App': 'Webanwendungen'};{'Stadt': 'Stadtentwicklung', 'Verwaltung': 'Organisation & Professionalisierung', 'Transparenz': 'Inklusion & Teilhabe', 'Partizipation': 'Inklusion & Teilhabe'};http://www.offenes-jena.com/Apps/Stadtrat, https://github.com/OffenesJena/OffenerStadtrat;OK Lab Jena, Code for Germany;Unbekannt;Das Ratsinformationssystem der Stadt Jena ist zwar ganz nett, aber wenig zu einer umfassenden und vor allem automatischen Information der Bürger geeignet. Mit diesem Projekt sollen die Inhalte besser …;;CC-BY 4.0;https://codefor.de;143.0
https://codefor.de/projekte/be-oparl/;OParl;{'Open-Source': 'Open-Source-Software', 'Plattform': 'Digitale Plattformen'};{'Open Data': '', 'Verwaltung': 'Organisation & Professionalisierung', 'Transparenz': 'Inklusion & Teilhabe'};https://oparl.org, https://github.com/OParl/, https://dev.oparl.org/;OK Lab Berlin, Code for Germany;Laufend;"OParl ist eine Initiative zur Standardisierung des offenen Zugriffs auf parlamentarische Informationssysteme in Deutschland.
Das Ziel von OParl ist die Schaffung einer Standard-API für den Zugang zu …";OParl;CC-BY 4.0;https://codefor.de;144.0
https://codefor.de/projekte/fl-open-data-api/;Open Data API;{'Open-Source': 'Open-Source-Software', 'Open Data': 'Öffentliche Daten', 'Datenportal': 'Öffentliche Daten'};{'Open Data': '', 'Verwaltung': 'Organisation & Professionalisierung', 'Stadt': 'Stadtentwicklung', 'Datenanalyse': ''};https://github.com/oklabflensburg/open-data-api, https://api.oklabflensburg.de;OK Lab Flensburg, Code for Germany;Laufend;Die Open Data API ist eine Programmierschnittstelle, die vom OK Lab Flensburg entwickelt wird, um den einfachen Zugriff auf öffentliche Daten zu ermöglichen. Diese Daten können von Gemeinden, …;;CC-BY 4.0;https://codefor.de;145.0
https://codefor.de/projekte/od-atlas/;Open Data Atlas;{'Webseite': 'Webanwendungen', 'Datenportal': 'Öffentliche Daten', 'Kartenanwendung': 'Karten & Verzeichnisse', 'Open Data': 'Öffentliche Daten'};{};http://opendata.tursics.de, https://github.com/tursics/open-data-atlas;OK Lab Berlin, Code for Germany;Laufend;"Übersicht über alle Open Data Angebote in Deutschland.
Alle Open Data Portal aus Deutschland, Österreich und der Schweiz. Sowohl die staatlichen Portale als auch die zivilgesellschaftlich betriebenen …";;CC-BY 4.0;https://codefor.de;146.0
https://codefor.de/projekte/open_data_rallye/;Open Data Rallye;{'Open Data': 'Öffentliche Daten', 'Karten': 'Karten & Verzeichnisse'};{'Open Data': '', 'Stadt': 'Stadtentwicklung', 'Bildung': 'Bildung', 'Partizipation': 'Inklusion & Teilhabe'};https://digitaltag.eu/opendata-rallye, https://github.com/codeforbielefeld/Digitaltag2021;Code for Bielefeld, Code for Germany;Abgeschlossen;Im Rahmen des Digitaltags 2021 haben wir für dich eine OpenData-Rallye entlang der Promenade initiiert. Du wirst auf dieser Strecke verschiedene QR-Codes und auch eine Beschreibung des Weges finden. …;;CC-BY 4.0;https://codefor.de;147.0
https://codefor.de/projekte/open-legal-data/;Open Legal Data;{'Open-Source': 'Open-Source-Software', 'Datenportal': 'Öffentliche Daten', 'API': 'Datenmanagement', 'Open Data': 'Öffentliche Daten', 'Datenbank': 'Datenmanagement', 'Webseite': 'Webanwendungen'};{'Recht': 'Demokratie & Soziale Rechte', 'Transparenz': 'Inklusion & Teilhabe', 'Open Data': '', 'Verwaltung': 'Organisation & Professionalisierung', 'Datenanalyse': ''};https://de.openlegaldata.io/, https://github.com/openlegaldata/oldp, https://openlegaldata.io/research/2019/02/19/court-decision-dataset.html;OK Lab Berlin, Code for Germany;Laufend;"Open Legal Data ist eine freie juristische Datenbank für Gesetze und Urteile.
Obwohl Urteile im Namen des Volkes ergehen, werden sie oft nur in kommerziellen Datenbanken oder gar nicht veröffentlicht. …";;CC-BY 4.0;https://codefor.de;148.0
https://codefor.de/projekte/cologne-openair/;OpenAir Cologne;{'Datenportal': 'Öffentliche Daten', 'Web-App': 'Webanwendungen'};{'Luftqualität': 'Klima & Umwelt', 'Umwelt': 'Klima & Umwelt', 'Stadt': 'Stadtentwicklung', 'Köln': 'Stadtentwicklung', 'Open Data': ''};http://openair.codingcologne.de, https://github.com/openaircgn;OK Lab Köln, Code for Germany;Laufend;OpenAir Cologne ist ein gemeinsames Projekt von Teilnehmern des Oklab Cologne, der Stadt Köln und Everykey. Wir wollen gemeinsam in Köln 20 Sensoren in einem Pilotprojekt aufstellen, um zu sehen wie …;;CC-BY 4.0;https://codefor.de;149.0
https://codefor.de/projekte/wpt-openbus/;OpenBus;{'Web-App': 'Webanwendungen', 'Datenvisualisierung': 'Datenreporting', 'Karten': 'Karten & Verzeichnisse'};{'Stadt': 'Stadtentwicklung', 'Verkehr': 'Stadtentwicklung', 'Mobilität': '', 'Öffentlicher Nahverkehr': 'Stadtentwicklung'};http://openbus.devtal.de/, https://github.com/Opendatal/openbus;OK Lab Wuppertal, Code for Germany;Laufend;Entstanden als Techdemo für einen OpenDataDay in Wuppertal. Greift die Daten vom Abfahrtsmonitor ab und visualisiert sie auf Google Maps.;;CC-BY 4.0;https://codefor.de;150.0
https://codefor.de/projekte/opendatawizzard/;OpenDataWizzard;{'Webseite': 'Webanwendungen', 'Open-Source': 'Open-Source-Software'};{'Open Data': '', 'Datenanalyse': '', 'Datenmanagement': ''};https://codeforcologne.github.io/OpenDataWizzard, https://github.com/codeforcologne/OpenDataWizzard;OK Lab Köln, Code for Germany;Abgeschlossen;"Eine kleine Hilfestellung um Daten und deren Sammlungen optimal für alle verfügbar zu machen.
Schritt für Schritt werden im Folgenden die Unterschiede zwischen Daten, Datensätzen, Datenbanken und …";;CC-BY 4.0;https://codefor.de;151.0
https://codefor.de/projekte/cologne-opennoise-map/;OpenNoise Map;{'Webseite': 'Webanwendungen', 'Kartenanwendung': 'Karten & Verzeichnisse', 'Datenvisualisierung': 'Datenreporting'};{'Stadt': 'Stadtentwicklung', 'Umwelt': 'Klima & Umwelt', 'Klima': 'Klima & Umwelt'};https://openmaps.online/noise, https://github.com/codeforcologne/OpenNoiseMap;OK Lab Köln, Code for Germany;Abgeschlossen;Mit dieser Web-Karte lassen sich tägliche Überschreitungswerte des maximal gemessenen Schalldruckes aus den Daten der Sensor Community interaktiv darstellen.;;CC-BY 4.0;https://codefor.de;152.0
https://codefor.de/projekte/hn-osm-editor/;OpenStreetMap QA Editor;{'Web-App': 'Webanwendungen', 'Open-Source': 'Open-Source-Software', 'Datenportal': 'Öffentliche Daten'};{'Barrierefreiheit': 'Inklusion & Teilhabe', 'Stadtplanung': 'Stadtentwicklung', 'Mobilität': '', 'Verkehr': 'Stadtentwicklung'};http://editor.osmsurround.org/, https://github.com/grundid/tracks-editor;Code for Heilbronn, Code for Germany;Abgeschlossen;"Dieses Tool hilft bei der Verbesserung der Qualität von OpenStreetMap Daten.
Es ermöglicht die schnelle Anzeige und Bearbeitung von:
Tracks ohne tracktype Straßen ohne sidewalk oder footway Tag Tracks …";;CC-BY 4.0;https://codefor.de;153.0
https://codefor.de/projekte/bn-oepnv-tracking/;ÖPNV Tracking in Echtzeit;{'Web-App': 'Webanwendungen', 'Datenvisualisierung': 'Datenreporting', 'Open-Source': 'Open-Source-Software', 'Monitoring': 'Wirkungsmessung'};{'Verkehr': 'Stadtentwicklung', 'Mobilität': '', 'Öffentlicher Nahverkehr': 'Stadtentwicklung', 'Stadt': 'Stadtentwicklung'};https://codefor.de/projekte/bn-oepnv-tracking/;OK Lab Bonn-Rhein-Sieg, Code for Germany;Laufend;Der Verkehrsverbund Rhein/Sieg hat eine Programmierschnittstelle (API), für die man sich als Entwickler (auf Nachfrage) einen API Key geben lassen kann. Im ersten Schritt gibt es darüber erst einmal …;;CC-BY 4.0;https://codefor.de;154.0
https://codefor.de/projekte/pb-kneipen/;Paderborner Kneipenplan;{'Webseite': 'Webanwendungen', 'Kartenanwendung': 'Karten & Verzeichnisse', 'Web-App': 'Webanwendungen'};{'Stadtplanung': 'Stadtentwicklung', 'Kultur': 'Kultur', 'Tourismus': 'Stadtentwicklung'};https://fsmi.uni-paderborn.de/kneipenplan/, http://codeforpb.github.io/Kneipenplan/, https://github.com/codeforpb/Kneipenplan;CodeforPB, Code for Germany;Unbekannt;Der Kneipenplan ist ca. 1990 nach einer Vision von Kim und Tö entstanden. Ursprünglich noch auf Papier gezeichnet und fotokopiert, steht der Kneipenplan aktuell auf den Seiten der Fachschaft …;;CC-BY 4.0;https://codefor.de;155.0
https://codefor.de/projekte/pb-parking/;Parken in Paderborn;{'Karte': 'Karten & Verzeichnisse', 'Web-App': 'Webanwendungen'};{'Stadtplanung': 'Stadtentwicklung', 'Mobilität': '', 'Verkehr': 'Stadtentwicklung'};https://github.com/codeforpb/parking_pb;CodeforPB, Code for Germany;Unbekannt;Inspiriert von Parkplätze Dresden. Stellt die Informationen des Parkleitsystems der Stadt Paderborn übersichtlich und schnell erfassbar auf einer Karte dar. Des Weiteren gibt es einen Log der …;;CC-BY 4.0;https://codefor.de;156.0
https://codefor.de/projekte/ms-parkleit-api/;Parkleitsystem API Münster;{'Web-App': 'Webanwendungen'};{'Stadtplanung': 'Stadtentwicklung', 'Verkehr': 'Stadtentwicklung', 'Mobilität': ''};http://parkleit-api.codeformuenster.org/, https://github.com/codeformuenster/parkleitsystem-api;Code for Münster, Code for Germany;Unbekannt;Ein Wrapper für das Parkleitsystem des Tiefbauamts Münster;;CC-BY 4.0;https://codefor.de;157.0
https://codefor.de/projekte/cologne-pegelbot/;Pegelbot;{'Monitoring': 'Wirkungsmessung', 'Datenvisualisierung': 'Datenreporting', 'Prozessautomatisierung': 'Automatisierung', 'Web-App': 'Webanwendungen'};{'Umweltschutz': 'Klima & Umwelt', 'Stadt': 'Stadtentwicklung', 'Köln': 'Stadtentwicklung', 'Datenanalyse': ''};https://github.com/hatorikibble/pegelbot;OK Lab Köln, Code for Germany;Abgeschlossen;"Wasserstand mit kölschem Flair - Der Pegelbot Die Stadtentwässerungsbetriebe Köln stellen Daten zum aktuellen Pegelstand des Rheins über eine offene Schnittstelle zur Verfügung.
Der …";;CC-BY 4.0;https://codefor.de;158.0
https://codefor.de/projekte/hn-poetryslam/;Poetry Slam;{'Web-App': 'Webanwendungen', 'Open-Source': 'Open-Source-Software'};{'Kultur': 'Kultur', 'Veranstaltung': ''};http://poetryslam.opendatalab.de/admin.html, https://github.com/opendata-heilbronn/poetryslam, https://codeforheilbronn.de/projects/2016-12-01-slammaster;Code for Heilbronn, Code for Germany;Abgeschlossen;Für die Landesmeisterschaften im Poetry Slam (BWSLAM 2016) hat Code for Heilbronn ehrenamtlich eine Präsentationssoftware entwickelt. Die Webanwendung ermöglicht, Teilnehmer, Wettbewerbe, Gruppen und …;;CC-BY 4.0;https://codefor.de;159.0
https://codefor.de/projekte/portable-linked-profiles/;Portable Linked Profiles;{'Open-Source': 'Open-Source-Software', 'Datenstandards': 'Datenmanagement', 'Verzeichnis / Karte': 'Karten & Verzeichnisse'};{'Datenschutz': '', 'Partizipation': 'Inklusion & Teilhabe', 'Open Data': ''};https://github.com/hackers4peace/plp-docs, http://profiles.allmende.io/, http://directory.open-steps.org/;OK Lab Berlin, Code for Germany;Laufend;"PLP proposes a pattern for the creation, storage, listing and representation of public profile data for people, groups, organizations, venues and a large etcetera.
Based on Open Web Standards, Common …";PLP;CC-BY 4.0;https://codefor.de;160.0
https://codefor.de/projekte/p-trinkwasser/;Potsdamer Leitungswasser;{'Open Data': 'Öffentliche Daten', 'Datenvisualisierung': 'Datenreporting', 'Webseite': 'Webanwendungen'};{'Wasserversorgung': 'Klima & Umwelt', 'Umweltschutz': 'Klima & Umwelt', 'Transparenz': 'Inklusion & Teilhabe'};http://wahllokalfinder.herokuapp.com/potsdam, https://github.com/open-data-potsdam/wahllokalfinder-cgn;OK Lab Potsdam, Code for Germany;Laufend;Leitungswasser gehört zu den am strengsten kontrollierten Lebensmitteln in Deutschland. Regelmäßig veröffentlichen die Wasserwerke ihre Messwerte. Danke an das OpendataLab in Heilbronn für die …;;CC-BY 4.0;https://codefor.de;161.0
https://codefor.de/projekte/ulm-projekte/;Projekte rund um Ulm;{'Datenvisualisierung': 'Datenreporting', 'Offene Daten': 'Öffentliche Daten', 'Interaktive Datenexploration': 'Datenanalyse'};{'Stadtplanung': 'Stadtentwicklung', 'Bildung': 'Bildung', 'Partizipation': 'Inklusion & Teilhabe'};http://ulmapi.de/#projekte;OK Lab Ulm, Code for Germany;Unbekannt;Du wolltest schon immer wissen, wie weit Dich der Ulmer Nahverkehr in einer Viertelstunde bringt? Ob Dein Vorname wirklich kein zweites Mal an der Uni Ulm vorkommt? Oder suchst am Sonn- oder Feiertag …;;CC-BY 4.0;https://codefor.de;162.0
https://codefor.de/projekte/quereinsteigende/;Quereinsteigende;{'Datenvisualisierung': 'Datenreporting', 'Interaktive Karte': 'Karten & Verzeichnisse', 'Open Data': 'Öffentliche Daten'};{'Bildung': 'Bildung', 'Stadtplanung': 'Stadtentwicklung'};http://www.tursics.de/story/quereinsteigende/, https://github.com/tursics/schule-quereinsteiger;OK Lab Berlin, Code for Germany;Abgeschlossen;"Verteilung von Lehrkräfte-Quereinsteigenden über Berliner Bezirke
Die Daten aus der Kleinen Anfrage „Lehrkräfte-Quereinsteigende in den Berliner Schulen im Schuljahr 2018/2019“ wurde auf dieser Karte …";;CC-BY 4.0;https://codefor.de;163.0
https://codefor.de/projekte/radlquartier/;Radlquartier München;{'Datenanwendung für Öffentlichkeit': 'Datenanwendung für Öffentlichkeit', 'Open-Source': 'Open-Source-Software', 'Webseite': 'Webanwendungen', 'Datenvisualisierung': 'Datenreporting', 'Datenanalyse': 'Datenanalyse'};{'Stadtplanung': 'Stadtentwicklung', 'Verkehr': 'Stadtentwicklung', 'Mobilität': '', 'Klimaschutz': 'Klima & Umwelt', 'Umweltschutz': 'Klima & Umwelt'};http://mvg.manuel.red, https://github.com/codeformunich/radlquartier, https://transit.robbi5.com;OK Lab München, Code for Germany;Laufend;Aufbereitung und Auswertung von Bikesharing Daten. Im Moment können MVG Rad Daten ausgewertet werden, das Ziel des Projekts ist es ein einheitliches Datenformat für die Aufbereitung von …;;CC-BY 4.0;https://codefor.de;164.0
https://codefor.de/projekte/dd-ratskarte/;Ratskarte Dresden;{'Open-Source': 'Open-Source-Software', 'Datenanwendung für Öffentlichkeit': 'Datenanwendung für Öffentlichkeit', 'Interaktive Karte': 'Karten & Verzeichnisse', 'Open Data': 'Öffentliche Daten'};{'Stadtplanung': 'Stadtentwicklung', 'Transparenz': 'Inklusion & Teilhabe', 'Bürgerbeteiligung': '', 'Open Data': ''};http://ratskarte.offenesdresden.de/, https://github.com/astro/democropticon;Open Data Dresden, Code for Germany;Laufend;Finde Dokumente aus dem städtischen Ratsinfosystem welche Straßen in deiner Umgebung erwähnen.;dd-ratskarte;CC-BY 4.0;https://codefor.de;165.0
https://codefor.de/projekte/dus-raumamateur/;Raumamateur;{'Partizipation': 'Datenerhebung', 'Karte': 'Karten & Verzeichnisse', 'Interaktive App': 'Webanwendungen'};{'Stadtplanung': 'Stadtentwicklung', 'Partizipation': 'Inklusion & Teilhabe'};https://codefor.de/projekte/dus-raumamateur/;OK Lab Düsseldorf, Code for Germany;Laufend;Der Raumamateur ist eine App, die Dich durch einen Klick, einen Kommentar oder einen visuellen Beitrag (Foto oder Video) am Prozess der Stadtgestaltung teilhaben lässt. Die App stellt die Planungen …;;CC-BY 4.0;https://codefor.de;166.0
https://codefor.de/projekte/frankfurt-parkendd/;Real-time parking lot app for Frankfurt am Main;{'Datenanwendung für Öffentlichkeit': 'Datenanwendung für Öffentlichkeit', 'Kartenanwendung': 'Karten & Verzeichnisse', 'Interaktive Karte': 'Karten & Verzeichnisse', 'Open Source': 'Open-Source-Software', 'Datenvisualisierung': 'Datenreporting', 'Web-App': 'Webanwendungen'};{'Stadtplanung': 'Stadtentwicklung', 'Verkehr': 'Stadtentwicklung', 'Mobilität': '', 'Umweltschutz': 'Klima & Umwelt', 'Klimaschutz': 'Klima & Umwelt'};https://parkendd.de/map.html#Frankfurt, https://parkendd.de, https://github.com/codeforfrankfurt/ParkAPI;OK Lab Frankfurt, Code for Germany;Abgeschlossen;"Displaying parking lot information for Frankfurt in a 5 min interval.
The city of Frankfurt displays parking lot information on its website But it’s list form is hardly helpful, so we’ve …";;CC-BY 4.0;https://codefor.de;167.0
https://codefor.de/projekte/magdeburg-rechte-gewalt/;Rechte Gewalt in Deutschland;{'Karte': 'Karten & Verzeichnisse', 'Datenvisualisierung': 'Datenreporting', 'Open Data': 'Öffentliche Daten'};{'Antirassismus': 'Anti Dismkriminierung', 'Gewalt': 'Demokratie & Soziale Rechte', 'Recht': 'Demokratie & Soziale Rechte', 'Transparenz': 'Inklusion & Teilhabe', 'Wahlen': 'Demokratie & Soziale Rechte'};https://vis.one/rechte-gewalt;OK Lab Magdeburg, Code for Germany;Abgeschlossen;Berichte von Übergriffen rechter Gewalt werden kartiert, um die Allgegenwärtigkeit von rechten Straftaten aufzuzeigen. Achtung: Das Lesen der Berichte ist nichts für schwache Nerven.;;CC-BY 4.0;https://codefor.de;168.0
https://codefor.de/projekte/hn-muellabfuhrtermine/;Recyclinghof-Finder;{'Datenanwendung für Öffentlichkeit': 'Datenanwendung für Öffentlichkeit', 'Kartenanwendung': 'Karten & Verzeichnisse', 'Open Data': 'Öffentliche Daten'};{'Umweltschutz': 'Klima & Umwelt', 'Abfallwirtschaft': 'Klima & Umwelt', 'Stadtplanung': 'Stadtentwicklung'};http://recycling.gonam.de/, https://github.com/opendatalab-de/recycling-map;Code for Heilbronn, Code for Germany;Laufend;"Mobiloptimierte Karte aller Recyclinghöfe im Stadt- und Landkreis Heilbronn + Kalender-Dateien (ICS) nach Wohnort mit den Müllabfuhrterminen zum Download in den eigenen Kalender.
Alle Recyclinghöfe …";;CC-BY 4.0;https://codefor.de;169.0
https://codefor.de/projekte/ruhrgebiet-recyclingkarte/;Recyclingkarte;{'Karte': 'Karten & Verzeichnisse', 'Open Source': 'Open-Source-Software', 'Datenvisualisierung': 'Datenreporting', 'Webseite': 'Webanwendungen'};{'Umweltschutz': 'Klima & Umwelt', 'Abfallwirtschaft': 'Klima & Umwelt', 'Stadtplanung': 'Stadtentwicklung'};https://abfallkarte.openruhr.de, https://github.com/CodeforRuhrgebiet/recycling-map-essen;OK Lab Ruhrgebiet, Code for Germany;Laufend;Die Recyclingkarte zeigt alle Altkleider-, Altpapier- und Altglas-Container in Essen.;;CC-BY 4.0;https://codefor.de;170.0
https://codefor.de/projekte/refugeeapp/;Refugees Gießen;{'Datenanwendung für Öffentlichkeit': 'Datenanwendung für Öffentlichkeit', 'Interaktive App': 'Webanwendungen', 'Open-Source': 'Open-Source-Software'};{'Flucht und Migration': 'Flucht & Migration', 'Integration': 'Inklusion & Teilhabe', 'Partizipation': 'Inklusion & Teilhabe'};https://github.com/CodeForGiessen/refugeeApp, https://github.com/CodeForGiessen/refugeeService;OK Lab Gießen, Code for Germany;Laufend;Das Thema Flüchtlinge interessiert uns alle und das OK Lab Gießen hat sich entschlossen eine sogenannte RefugeeApp zu entwickeln. Mit Hilfe dieser App sollen die ersten Monate für neu angekommene …;RefugeeApp;CC-BY 4.0;https://codefor.de;171.0
https://codefor.de/projekte/be-drl-refugeeworks/;RefugeesWork;{'Beratung': '', 'Webseite': 'Webanwendungen', 'Datenanwendung für Öffentlichkeit': 'Datenanwendung für Öffentlichkeit'};{'Integration': 'Inklusion & Teilhabe', 'Flucht und Migration': 'Flucht & Migration', 'Arbeit': 'Arbeit & Soziales'};http://www.refugeeswork.com/, https://github.com/refugeeswork/organization, https://youtu.be/5v-xx_7MIH0;OK Lab Berlin, Code for Germany;Laufend;RefugeesWork ist das Projekt eines interationalen Teams, das einen schnellen Einstieg ins Berufsleben für Newcomer ermöglichen will. Aus eigener Erfahrung konzentrieren sie sich dabei auf Angebote für …;;CC-BY 4.0;https://codefor.de;172.0
https://codefor.de/projekte/cologne-sagsunskoeln/;Sag's uns App Köln;{'Datenanwendung für Öffentlichkeit': 'Datenanwendung für Öffentlichkeit', 'Interaktive App': 'Webanwendungen', 'Kartenanwendung': 'Karten & Verzeichnisse'};{'Stadtplanung': 'Stadtentwicklung', 'Umweltschutz': 'Klima & Umwelt', 'Bürgerbeteiligung': ''};http://, https://github.com/codeforcologne/sagsunskoeln-app;OK Lab Köln, Code for Germany;Laufend;Den Service Sag’s uns der Stadt Köln nutzen Bürger, um ihre Probleme mit dem Kölner Stadtbild zu melden. Dazu gehören z.B. wilder Müll, Schrotträder, kaputte Straßenlaternen und mehr. Das klappt …;;CC-BY 4.0;https://codefor.de;173.0
https://codefor.de/projekte/jena-save-o-meter/;Save-O-Meter;{'Datenvisualisierung': 'Datenreporting', 'Interaktive App': 'Webanwendungen', 'Open Data': 'Öffentliche Daten'};{'Energie': 'Klima & Umwelt', 'Umweltschutz': 'Klima & Umwelt', 'Klimaschutz': 'Klima & Umwelt', 'Stadtplanung': 'Stadtentwicklung'};http://www.connectingcities.net/project/save-o-meter, https://github.com/OffenesJena/Save-O-Meter, http://www.jena.de/de/hoehepunkte/city_culture_science_festival/427028;OK Lab Jena, Code for Germany;Abgeschlossen;"Messe, visualisiere und beeinflusse Deinen Strom- und Wasserbedarf und die Menge deines Mülls!
Die Idee für dieses Projekt entstammt dem ‘In/Visible Cities: Prototyping Lab’, welches als …";;CC-BY 4.0;https://codefor.de;174.0
https://codefor.de/projekte/cologne-schulen-in-koeln/;Schulen in Köln;{'Datenvisualisierung': 'Datenreporting', 'Interaktive Karte': 'Karten & Verzeichnisse', 'Web-App': 'Webanwendungen'};{'Stadtplanung': 'Stadtentwicklung', 'Bildung': 'Bildung', 'Partizipation': 'Inklusion & Teilhabe'};http://schuleninkoeln.github.io, https://github.com/schuleninkoeln;OK Lab Köln, Code for Germany;Laufend;Ziel dieses Projektes ist es Schulen und Schüler bezogen auf Stadtteile in Köln anzuzeigen. Beim Überfahren der farblich durch die Anzahl der Schüler unterschiedenen Stadtteile, wird die Anzahl der …;;CC-BY 4.0;https://codefor.de;175.0
https://codefor.de/projekte/schulen-in-nrw/;Schulen in NRW;{'Open Data': 'Öffentliche Daten', 'Karte': 'Karten & Verzeichnisse'};{'Bildung': 'Bildung', 'Open Data': ''};http://unserpad.de/p/SchulenNRW, https://github.com/CodeforRuhrgebiet/schulen-in-nrw, https://open.nrw/de/dataset/msw_001;OK Lab Ruhrgebiet, Code for Germany;Laufend;Eine Karte mit allen Schulen in ganz NRW. Dieses Projekt ist beim Open Data Day 2016 entstanden.;;CC-BY 4.0;https://codefor.de;176.0
https://codefor.de/projekte/schulradar-ruhrgebiet/;Schulradar Ruhrgebiet;{'Webseite': 'Webanwendungen', 'Kartenanwendung': 'Karten & Verzeichnisse', 'Datenvisualisierung': 'Datenreporting'};{'Bildung': 'Bildung', 'Stadtplanung': 'Stadtentwicklung'};https://codeforruhrgebiet.github.io/schulradar/, https://github.com/CodeforRuhrgebiet/schulradar, https://open.nrw/de/dataset/msw_001;OK Lab Ruhrgebiet, Code for Germany;Laufend;Dieses Projekt ist eine Webseite, auf der die Schulen im Ruhrgebiet zu finden sind. Es gibt statistische Berechnungen zu den Städten, Karten für einzelne Städte und eine Karte für das gesamte …;;CC-BY 4.0;https://codefor.de;177.0
https://codefor.de/projekte/cologne-s5p-no2-map/;Sentinel-5P NO2 Map;{'Interaktive Karte': 'Karten & Verzeichnisse', 'Datenvisualisierung': 'Datenreporting', 'Web-App': 'Webanwendungen'};{'Umweltschutz': 'Klima & Umwelt', 'Klimaschutz': 'Klima & Umwelt', 'Stadtplanung': 'Stadtentwicklung'};https://openmaps.online/s5p_no2, https://github.com/codeforcologne/Sentinel5P-NO2-Map;OK Lab Köln, Code for Germany;Abgeschlossen;Seit Januar 2024 gibt es den Copernicus Browser. Damit lassen sich Sentinel Daten global in einer Karte visualisieren. Dies umfasst auch die NO2 Daten. Sämtliche Daten der Sentinel-5P Mission können …;;CC-BY 4.0;https://codefor.de;178.0
https://codefor.de/projekte/bodenfeuchtigkeit/;Sichtbarmachung von Bodenfeuchtigkeit im Teutoburger Wald;{'Open-Source': 'Open-Source-Software', 'Datenvisualisierung': 'Datenreporting', 'Interaktive Karte': 'Karten & Verzeichnisse', 'Citizen Science': '', 'Sensorik': ''};{'Umweltschutz': 'Klima & Umwelt', 'Klimaschutz': 'Klima & Umwelt', 'Wissenschaft': '', 'Bildung': 'Bildung', 'Partizipation': 'Inklusion & Teilhabe'};https://github.com/codeforbielefeld/teuto-soil-moisture-map, https://bodenfeuchte.org/;Code for Bielefeld, Code for Germany;Laufend;"Was wir machen:
Wir messen die Bodenfeuchte an verschiedenen Stellen in und um Bielefeld. Dafür nutzen wir Open-Source-Hardware zum selbst zusammenbauen, und die Funktechnologie LoRaWAN. Diese …";;CC-BY 4.0;https://codefor.de;179.0
https://codefor.de/projekte/be-feinstaub-sos/;SOS für Feinstaub-Daten;{'Datenanwendung für Öffentlichkeit': 'Datenanwendung für Öffentlichkeit', 'Open Source': 'Open-Source-Software', 'Datenvisualisierung': 'Datenreporting', 'API': 'Datenmanagement', 'Interaktive Karte': 'Karten & Verzeichnisse'};{'Umweltschutz': 'Klima & Umwelt', 'Luftqualität': 'Klima & Umwelt', 'Open Data': '', 'Partizipation': 'Inklusion & Teilhabe'};https://github.com/52North/SOS, https://github.com/52North/sos-importer, https://github.com/52North/js-sensorweb-client, /projekte/2014-07-01-be-blume.html, https://github.com/johnjohndoe/SOS-Importer-Blume, https://github.com/johnjohndoe/blume_sos_adapter;OK Lab Berlin, Code for Germany;Laufend;"Feinstaub-Daten über den SOS-Standard als API zur Verfügung stellen - als Karte und Diagramme darstellen.
Der Sensor Observation Service (SOS) ist ein vom OGC spezifizierter Standard zur Speicherung …";;CC-BY 4.0;https://codefor.de;180.0
https://codefor.de/projekte/fl-open-social-map/;Sozialatlas der Stadt Flensburg;{'Datenvisualisierung': 'Datenreporting', 'Interaktive Karte': 'Karten & Verzeichnisse', 'Open Data': 'Öffentliche Daten'};{'Stadtplanung': 'Stadtentwicklung', 'Soziale Arbeit': 'Soziale Dienste', 'Partizipation': 'Inklusion & Teilhabe'};https://github.com/oklabflensburg/open-social-map, https://www.flensburg.de/Leben-Soziales/Familie-Soziales/Sozialatlas, https://sozialatlas.oklabflensburg.de, https://dev.sozialatlas.oklabflensburg.de;OK Lab Flensburg, Code for Germany;Laufend;Der digitale Sozialatlas soll eine Grundlage für verschiedene Planungsaktivitäten der Stadt Flensburg und deren Büger:innen anbieten. Ziel ist die differenzierte Beobachtung von relevanten …;;CC-BY 4.0;https://codefor.de;181.0
https://codefor.de/projekte/cologne-spielplaetze/;Spielplätze in Köln;{'Webseite': 'Webanwendungen'};{'Stadt': 'Stadtentwicklung', 'Kinder- und Jugendhilfe': 'Jugendhilfe'};http://horald.github.io/meinspielplatz/, https://github.com/horald/meinspielplatz;OK Lab Köln, Code for Germany;Laufend;Eine Auflistung von Spiel- und Sportplätzen in Köln auf einer Openstreetmap. Die Liste kann nach Stadtbezirken und Stadtteilen gefiltert werden. Diese Seite wurde nur mit html und javascript …;;CC-BY 4.0;https://codefor.de;182.0
https://codefor.de/projekte/fl-open-playgrounds-map/;Spielplatzkarte der Stadt Flensburg;{'Web-App': 'Webanwendungen'};{'Stadt': 'Stadtentwicklung'};https://github.com/oklabflensburg/open-playgrounds-map, https://spielplatzkarte.oklabflensburg.de;OK Lab Flensburg, Code for Germany;Laufend;Diese webbasierte Karte ist auf Basis der Daten des TBZ Flensburg entstanden. Diese Institution führt zwar selbst eine Karte der “Spielflächen”, wie sie im Amtsdeutsch bezeichnet werden, …;;CC-BY 4.0;https://codefor.de;183.0
https://codefor.de/projekte/hh-spielplatzwuesten/;Spielplatzwüsten kartieren;{'Karten': 'Karten & Verzeichnisse', 'Datenvisualisierung': 'Datenreporting', 'Datenanalyse': 'Datenanalyse'};{'Stadtplanung': 'Stadtentwicklung', 'Kinder- und Jugendhilfe': 'Jugendhilfe'};http://achim-tack.de/projects/spielplatzwuesten/hh_spielplatzwuesten.html, http://www.openstreetmap.org/;OK Lab Hamburg, Code for Germany;Laufend;Wie gerecht sind eigentlich die Spielplätze in Hamburg räumlich verteilt? In dem Projekt sollen verschiedene Auswertungen durchgeführt werden, die mit Spielplätzen ggf. unterversorgte Bereiche in …;;CC-BY 4.0;https://codefor.de;184.0
https://codefor.de/projekte/fl-open-transport-map/;Stadtplan mit dem Nahverkehr in Flensburg;{'Webseite': 'Webanwendungen', 'Interaktive Karte': 'Karten & Verzeichnisse', 'Karten': 'Karten & Verzeichnisse'};{'Verkehr': 'Stadtentwicklung'};https://github.com/oklabflensburg/open-transport-map, https://overpass-turbo.eu, https://nahverkehr.oklabflensburg.de;OK Lab Flensburg, Code for Germany;Laufend;Der Nahverkehr spielt eine entscheidende Rolle in unserem täglichen Leben. Er ermöglicht es uns, zur Arbeit zu gelangen, Freunde und Familie zu besuchen und unsere Stadt zu erkunden. Ein effizienter …;;CC-BY 4.0;https://codefor.de;185.0
https://codefor.de/projekte/ms-stadtradeln-vis/;Stadtradeln Heatmap;{'Datenvisualisierung': 'Datenreporting', 'Visualisierung mit Karten': 'Karten & Verzeichnisse', 'Web-App': 'Webanwendungen', 'Interaktive Karte': 'Karten & Verzeichnisse', 'Dashboard': 'Datenreporting'};{'Mobilität': '', 'Stadtplanung': 'Stadtentwicklung', 'Verkehr': 'Stadtentwicklung', 'Open Data': ''};https://codeformuenster.org/stadtradeln-vis/, https://github.com/codeformuenster/stadtradeln-vis;Code for Münster, Code for Germany;Abgeschlossen;Das Projekt “Stadtradeln-Vis” zeigt eine so genannte Heatmap-Visualisierung der Fahrten, die während der der Stadtradeln-Aktion in den Jahren 2018, 2019 und 2020 in Münster gemacht worden …;Stadtradeln-Vis;CC-BY 4.0;https://codefor.de;186.0
https://codefor.de/projekte/le-ratskarte_leipzig/;Stadtratmonitor Leipzig;{'Webseite': 'Webanwendungen', 'Dashboard': 'Datenreporting', 'Open-Source': 'Open-Source-Software', 'Monitoring': 'Wirkungsmessung'};{'Stadt': 'Stadtentwicklung', 'Verwaltung': 'Organisation & Professionalisierung'};https://stadtratmonitor.leipzig.codefor.de/, https://ratsinfo.leipzig.de, https://github.com/CodeforLeipzig/allris-scraper, https://github.com/CodeforLeipzig/allris-scraper/actions, https://github.com/CodeforLeipzig/stadtratmonitor;OK Lab Leipzig, Code for Germany;Abgeschlossen;"Durchsuche das Ratsinformationssystem der Stadt Leipzig und abboniere deine Suchergebnisse!
Durchsuche das Ratsinformationssystem der Stadt Leipzig per Volltextsuche oder über detailierte Filter. …";;CC-BY 4.0;https://codefor.de;187.0
https://codefor.de/projekte/stolpersteine-app/;Stolpersteine App;{'Web-App': 'Webanwendungen'};{'Kultur': 'Kultur'};https://itunes.apple.com/de/app/stolpersteine-in-berlin/id640731757?mt=8, https://play.google.com/store/apps/details?id=com.option_u.stolpersteine, https://github.com/optionu/stolpersteine-ios;OK Lab Berlin, Code for Germany;Unbekannt;Stolpersteine sind kleine Gedenktafeln im Straßenpflaster zur Erinnerung an die Opfer des Nationalsozialismus. Mehr als 40.000 davon hat der Künstler Gunter Demnig mittlerweile in ganz Europa verlegt. …;;CC-BY 4.0;https://codefor.de;188.0
https://codefor.de/projekte/hn-stolpersteine/;Stolpersteine in Heilbronn;{'Webseite': 'Webanwendungen', 'Open-Source': 'Open-Source-Software'};{'Antirassismus': 'Anti Dismkriminierung', 'Menschenrechte': 'Demokratie & Soziale Rechte', 'Kultur': 'Kultur'};http://stolpersteine-heilbronn.de, https://github.com/opendata-heilbronn/stolpersteine, http://himsel.me/07-06-2017-Stolpersteine-in-Heilbronn-&-Kitzingen.html;Code for Heilbronn, Code for Germany;Abgeschlossen;"In den letzten Monaten ist im Rahmen des OKLabs und in Zusammenarbeit mit dem Stadtarchiv in Heilbronn eine Website für die Stolperstein-Aktion in Heilbronn entstanden.
Stolpersteine sind Denkmäler …";;CC-BY 4.0;https://codefor.de;189.0
https://codefor.de/projekte/fl-open-trees-map/;Straßenbäume der Stadt Flensburg;{'Kartenanwendung': 'Karten & Verzeichnisse', 'Datenvisualisierung': 'Datenreporting', 'Web-App': 'Webanwendungen', 'Datenportal': 'Öffentliche Daten'};{'Umweltschutz': 'Klima & Umwelt', 'Klima': 'Klima & Umwelt', 'Stadtplanung': 'Stadtentwicklung'};https://github.com/oklabflensburg/open-trees-map, https://opendata.schleswig-holstein.de/dataset/baumkataster-flensburg-2023-05-11, https://baumkataster.oklabflensburg.de;OK Lab Flensburg, Code for Germany;Laufend;Im ersten Schritt haben wir einen vorhandenen Datensatz der Straßenbäume der Stadt Flensburg genutzt, um eine einfache Darstellung auf der Karte als transparente Anlaufstelle für Interessierte zu …;;CC-BY 4.0;https://codefor.de;190.0
https://codefor.de/projekte/md-strassennamen/;Straßennamen Magdeburg;{'Web-App': 'Webanwendungen', 'Datenvisualisierung': 'Datenreporting'};{'Geschlechtergerechtigkeit': 'Anti Dismkriminierung'};https://code-for-magdeburg.github.io/streetnames-md/;OK Lab Magdeburg, Code for Germany;Abgeschlossen;Stellt die nach Personen benannten Magdeburger Straßen aufgeschlüsselt nach deren jeweiligem Geschlecht dar.;;CC-BY 4.0;https://codefor.de;191.0
https://codefor.de/projekte/be-street-trees-api/;Street Trees API;{'Datenportal': 'Öffentliche Daten'};{'Umweltschutz': 'Klima & Umwelt', 'Stadtplanung': 'Stadtentwicklung'};https://github.com/codeforberlin/trees-api, https://github.com/codeforberlin/trees-mapnik, https://github.com/codeforberlin/trees-map, https://github.com/codeforberlin/tree-column-names, https://github.com/codeforberlin/treemeta;OK Lab Berlin, Code for Germany;Laufend;"The street trees project aims at providing an API for street tree data. We build a RESTful API on top of geospatially referenced tree data.
The API acts as the foundation for various client …";;CC-BY 4.0;https://codefor.de;192.0
https://codefor.de/projekte/wpt-talso/;Tal, so?;{'Webseite': 'Webanwendungen'};{'Stadt': 'Stadtentwicklung'};http://www.tal.so/;OK Lab Wuppertal, Code for Germany;Abgeschlossen;Suchmaschine, von und für Wuppertal!;;CC-BY 4.0;https://codefor.de;193.0
https://codefor.de/projekte/wpt-talomat/;Talomat;{'Web-App': 'Webanwendungen'};{'Wahlen': 'Demokratie & Soziale Rechte', 'Politische Bildung': 'Demokratie & Soziale Rechte'};http://www.talomat.de/, https://github.com/Opendatal/Talomat;OK Lab Wuppertal, Code for Germany;Laufend;"Der Talomat ist ein Wuppertaler Wahl-O-Mat nach dem Vorbild des von der Bundes- und Landeszentrale für politische Bildung eingesetzten Wahl-o-Maten.
Er wurde für die Kommunalwahlen 2014 eingesetzt. …";;CC-BY 4.0;https://codefor.de;194.0
https://codefor.de/projekte/wpt-talradparken/;Talradparken;{'Web-App': 'Webanwendungen', 'Datenportal': 'Öffentliche Daten', 'Kartenanwendung': 'Karten & Verzeichnisse'};{'Mobilität': '', 'Stadtplanung': 'Stadtentwicklung'};http://talradparken.de, https://github.com/Opendatal/kartenkarte.org;OK Lab Wuppertal, Code for Germany;Abgeschlossen;Talradparken zeigt, wo man sicher sein Fahrrad in Wuppertal anschließen kann.;;CC-BY 4.0;https://codefor.de;195.0
https://codefor.de/projekte/hh-thingsonbikelanes/;Things On Bikelanes;{'Datenportal': 'Öffentliche Daten', 'Karten': 'Karten & Verzeichnisse', 'Datenvisualisierung': 'Datenreporting', 'Web-App': 'Webanwendungen', 'Interaktive Karte': 'Karten & Verzeichnisse'};{'Mobilität': '', 'Stadtplanung': 'Stadtentwicklung'};http://thingsonbikelanes.tumblr.com/;OK Lab Hamburg, Code for Germany;Laufend;Hamburg ist nicht gerade die fahrradfreundlichste Stadt Deutschlands. Das monothematische Blog Things On Bikelanes sammelt Beispiele für Behinderungen auf Hamburgs Radwegen. CodeforHH hat aus den …;Things On Bikelanes;CC-BY 4.0;https://codefor.de;196.0
https://codefor.de/projekte/ffm-toiletsforthedisabled/;Toilets for the Disabled;{'Karte': 'Karten & Verzeichnisse', 'Open Data': 'Öffentliche Daten', 'Datenportal': 'Öffentliche Daten', 'Interaktive Karte': 'Karten & Verzeichnisse'};{'Barrierefreiheit': 'Inklusion & Teilhabe', 'Inklusion': 'Inklusion & Teilhabe', 'Behinderte': ''};http://tftd.herokuapp.com, https://github.com/codeforffm/toilets_for_the_disabled;OK Lab Frankfurt, Code for Germany;Laufend;Toilets for the Disabled zeigt ca. 1800 behindertengerechte Toiletten auf der Karte von Frankfurt. Die einzelnen Punkte sind mit sehr ausführlichen Informationen versehen. Etwa der Türbreite und der …;;CC-BY 4.0;https://codefor.de;197.0
https://codefor.de/projekte/be-trinkwasser/;Trinkwasser Berlin;{'Datenportal': 'Öffentliche Daten', 'Datenvisualisierung': 'Datenreporting', 'Open Data': 'Öffentliche Daten'};{'Umweltschutz': 'Klima & Umwelt', 'Wasser': ''};http://berlin.codefor.de/trinkwasser, http://github.com/k-nut/trinkwasser;OK Lab Berlin, Code for Germany;Laufend;Trinkwasser gilt als das am besten kontrollierte Lebensmittel in Deutschland. Und trotzdem wissen wir sehr wenig über das Wasser, das bei uns aus dem Hahn kommt. Selbst wenn die Zahlen auf den …;;CC-BY 4.0;https://codefor.de;198.0
https://codefor.de/projekte/trinkwasser/;Trinkwasser in Köln;{'Webseite': 'Webanwendungen', 'Datenportal': 'Öffentliche Daten', 'Datenanwendung für Öffentlichkeit': 'Datenanwendung für Öffentlichkeit'};{'Wasser': '', 'Umweltschutz': 'Klima & Umwelt', 'Köln': 'Stadtentwicklung'};https://codeforcologne.github.io/trinkwasser/, https://github.com/codeforcologne/trinkwasser;OK Lab Köln, Code for Germany;Laufend;Trinkwasser, wir alle nutzen es täglich. Es liegt daher nahe, sich über das Trinkwasser Gedanken zu machen und sich zu fragen: “Woraus setzt sich mein Trinkwasser zusammen und wie schneidet es …;;CC-BY 4.0;https://codefor.de;199.0
https://codefor.de/projekte/twitterdashboard/;Twitter Dashboard;{'Datenvisualisierung': 'Datenreporting', 'Datenportal': 'Öffentliche Daten', 'Dashboard': 'Datenreporting'};{'Wahlen': 'Demokratie & Soziale Rechte', 'Politische Bildung': 'Demokratie & Soziale Rechte', 'Demokratie': 'Demokratie & Soziale Rechte'};https://www.hackster.io/wirsam/twitter-dashboard-zur-bundestagswahl-2017-f27862, mailto:kontakt@intuisoft.de;OK Lab Bonn-Rhein-Sieg, Code for Germany;Laufend;Ein Dashboard mit analogen Zeigern signalisiert die Frequenz von Tweets, die über die einzelnen Parteien abgesetzt werden.;;CC-BY 4.0;https://codefor.de;200.0
https://codefor.de/projekte/umweltzone/;Umweltzone Android app;{'Datenanwendung für Öffentlichkeit': 'Datenanwendung für Öffentlichkeit', 'Interaktive App': 'Webanwendungen', 'Datenportal': 'Öffentliche Daten'};{'Umweltschutz': 'Klima & Umwelt', 'Verkehr': 'Stadtentwicklung'};https://github.com/umweltzone/umweltzone, https://play.google.com/store/apps/details?id=de.avpptr.umweltzone;OK Lab Berlin, Code for Germany;Laufend;The Umweltzone app enables citizens to look up the areas of cities which are restricted for being used by cars limited by their specific emission profile. The app shows the outline of the low emission …;;CC-BY 4.0;https://codefor.de;201.0
https://codefor.de/projekte/fl-open-accident-map/;Unfallkarte der Stadt Flensburg;{'Interaktive Karte': 'Karten & Verzeichnisse', 'Datenportal': 'Öffentliche Daten', 'Datenvisualisierung': 'Datenreporting'};{'Stadtplanung': 'Stadtentwicklung', 'Verwaltung': 'Organisation & Professionalisierung', 'Umweltschutz': 'Klima & Umwelt'};https://github.com/oklabflensburg/open-accident-map, https://unfallatlas.statistikportal.de, https://unfallkarte.oklabflensburg.de;OK Lab Flensburg, Code for Germany;Laufend;Während einer kleinen Brainstorming Session ist diese interaktive webbasierte Karte mit den Daten des Bundesamtes für Kartographie und Geodäsie entstanden. Nach einigen Stunden der maschinellen …;;CC-BY 4.0;https://codefor.de;202.0
https://codefor.de/projekte/vbb-api/;VBB-API-Schnittstelle;{'API': 'Datenmanagement', 'Datenportal': 'Öffentliche Daten', 'Open-Source': 'Open-Source-Software'};{'Mobilität': '', 'Verkehr': 'Stadtentwicklung', 'Öffentlicher Nahverkehr': 'Stadtentwicklung'};https://github.com/derhuerst/vbb-modules;OK Lab Berlin, Code for Germany;Laufend;Im Rahmen dieses Projekts sind eine entwicklerfreundliche HTTP-API für Echtzeitdaten und mehrere Module für statische Daten entstanden. Außerdem habe ich einen Telegram-Bot geschrieben und möchte eine …;;CC-BY 4.0;https://codefor.de;203.0
https://codefor.de/projekte/cologne-veranstaltungen/;Veranstaltungen in Köln;{'Webseite': 'Webanwendungen', 'Kartenanwendung': 'Karten & Verzeichnisse', 'Visualisierung mit Karten': 'Karten & Verzeichnisse', 'Kalender': 'Datenreporting'};{'Kultur': 'Kultur', 'Stadt': 'Stadtentwicklung', 'Köln': 'Stadtentwicklung'};http://codeforcologne.github.io/koelner-veranstaltungskalender/, https://github.com/codeforcologne/koelner-veranstaltungskalender;OK Lab Köln, Code for Germany;Laufend;Mithilfe dieser doppelten Visualisierung auf Karte und Kalender kann man Veranstaltungen der Stadt Köln sowohl nach dem Kriterium Ort wie auch Datum suchen. Zu jeder Veranstaltung werden Infos und …;;CC-BY 4.0;https://codefor.de;204.0
https://codefor.de/projekte/cologne-verkehr/;Verkehrsmeldungen Köln;{'Webseite': 'Webanwendungen', 'Datenportal': 'Öffentliche Daten', 'Datenanwendung für Öffentlichkeit': 'Datenanwendung für Öffentlichkeit'};{'Mobilität': '', 'Verkehr': 'Stadtentwicklung', 'Stadtplanung': 'Stadtentwicklung'};http://baustellen-koeln.meteor.com, https://github.com/pajoma/BauMel;OK Lab Köln, Code for Germany;Laufend;Wer in Köln wissen will, wann in der Umgebung seines Auto-Parkplatzes eine verkehsbezogene Meldung ist - um z.B. zu verhindern, dass das Auto abgeschlept wird - hat in der App die Möglichkeit seine …;;CC-BY 4.0;https://codefor.de;205.0
https://codefor.de/projekte/cologne-verteilte-daten-vernetzen/;Verteilte Daten vernetzen mit JSON-LD;{'Webseite': 'Webanwendungen', 'Datenportal': 'Öffentliche Daten', 'Vernetzung': ''};{'Stadt': 'Stadtentwicklung', 'Technologie': '', 'Datenschutz': ''};https://codeforcologne.github.io/linked-distributed-data/, https://github.com/codeforcologne/linked-distributed-data;OK Lab Köln, Code for Germany;Abgeschlossen;Die Idee zu diesem Prototyp ist es, Daten dezentral auf Servern zu speichern und diese via JSON-LD zu vernetzen. WebCrawler können die Daten dann indexieren und für spezielle Anwendungen aufbereiten. …;;CC-BY 4.0;https://codefor.de;206.0
https://codefor.de/projekte/jena-virtuellesjena/;Virtuelles Jena;{'Open-Source': 'Open-Source-Software', 'Datenportal': 'Öffentliche Daten', 'Karten': 'Karten & Verzeichnisse', 'Datenvisualisierung': 'Datenreporting', 'Interaktive Karte': 'Karten & Verzeichnisse'};{'Stadtplanung': 'Stadtentwicklung', 'Mobilität': '', 'Umweltschutz': 'Klima & Umwelt', 'Tourismus': 'Stadtentwicklung'};http://www.offenes-jena.com, https://github.com/OffenesJena/OSMImports, http://www.mapillary.com, http://www.graphhopper.com;OK Lab Jena, Code for Germany;Laufend;Stellenweise ist Jena in der Open-Street-Map noch unentdecktes Land. Vor allem Gebäudeumrisse und Hausnummern, aber auch viele gastronomische, touristische Point-of-Interests fehlen um ein brauchbares …;;CC-BY 4.0;https://codefor.de;207.0
https://codefor.de/projekte/bn-stolpersteine/;Visualisierung der Bonner Stolpersteine;{'Datenvisualisierung': 'Datenreporting', 'Web-App': 'Webanwendungen', 'Open Data': 'Öffentliche Daten'};{'Geschichte': '', 'Kultur': 'Kultur', 'Gedenken': ''};https://github.com/penpendede/stolperstein-bonn, https://stolpersteine.codeforbonn.de/;OK Lab Bonn-Rhein-Sieg, Code for Germany;Abgeschlossen;Die bekannten Stolpersteine jetzt auch für Bonn.;;CC-BY 4.0;https://codefor.de;208.0
https://codefor.de/projekte/le-lvz_polizeiticker_visualisierung/;Visualisierung der Polizeiticker Meldungen der Leipziger Volkszeitung;{'Datenvisualisierung': 'Datenreporting', 'Web-App': 'Webanwendungen', 'Open Source': 'Open-Source-Software'};{'Innere Sicherheit': '', 'Justiz': '', 'Stadtplanung': 'Stadtentwicklung'};https://lvz-viz.leipzig.codefor.de/, http://www.lvz-online.de/leipzig/polizeiticker/r-polizeiticker.html, https://github.com/CodeforLeipzig/lvz-viz;OK Lab Leipzig, Code for Germany;Abgeschlossen;"Eine Weboberfläche zur Visualisierung von Tickermeldungen aus der Leipziger Volkszeitung samt Crawler, Named Entity Recognition, Elastic Search und LeafletJS.
Umsetzung die Server-seitige Anwendung …";;CC-BY 4.0;https://codefor.de;209.0
https://codefor.de/projekte/be-drl-volunteer-planner/;Volunteer-Planner;{'Plattform': 'Digitale Plattformen', 'Schichtplanungsplattform': ''};{'Geflüchtete': 'Flucht & Migration', 'Integration': 'Inklusion & Teilhabe'};https://volunteer-planner.org, https://github.com/coders4help/volunteer_planner/;OK Lab Berlin, Code for Germany;Laufend;Der Volunteer-Planner ist eine Schichtplanungsplattform von Ehrenamtlichen fuer Ehrenamtliche. Mit ihm koennen organisationsuebergreifend bisher ungebundene Ehrenamtliche sich einfach und kurzfristig …;;CC-BY 4.0;https://codefor.de;210.0
https://codefor.de/projekte/vornamen/;Vornamen App;{'Open Data': 'Öffentliche Daten', 'Datenportal': 'Öffentliche Daten', 'Datenanwendung für Öffentlichkeit': 'Datenanwendung für Öffentlichkeit', 'Smartphone-App': ''};{'Offene Daten': '', 'Familie': 'Soziale Dienste', 'Bevölkerung': ''};http://www.tursics.de/nameyourbabe, https://github.com/tursics/NameYourBabe;OK Lab Berlin, Code for Germany;Abgeschlossen;"Ein Namenslexikon für werdende Eltern mit offenen Daten aus ganz Deutschland.
Für die Smartphone-App habe ich alle Open Data Portale abgegrast und nachgefragt nach Vornamen-Statistiken. Mittlerweile …";;CC-BY 4.0;https://codefor.de;211.0
https://codefor.de/projekte/wahlometer/;Wahl-O-Meter;{'Open-Source': 'Open-Source-Software', 'Datenportal': 'Öffentliche Daten', 'Plattform': 'Digitale Plattformen', 'Datenanwendung für Öffentlichkeit': 'Datenanwendung für Öffentlichkeit', 'Interaktiver Fragebogen': 'Datenerhebung', 'Datenauswertung': 'Datenanalyse', 'Datenvisualisierung': 'Datenreporting'};{'Wahlen': 'Demokratie & Soziale Rechte', 'Politische Bildung': 'Demokratie & Soziale Rechte', 'Demokratie': 'Demokratie & Soziale Rechte', 'Bildung': 'Bildung', 'Partizipation': 'Inklusion & Teilhabe'};https://friesenkiwi.github.io/wahl-o-meter/, https://github.com/friesenkiwi/wahl-o-meter/;OK Lab Ruhrgebiet, Code for Germany;Laufend;Im Rahmen der Wahlsalons soll im Datenschatz der Wahl-O-Maten der Bundeszentrale für politische Bildung geschürft werden: Die Daten werden aufbereitet und zueinander in Beziehung gesetzt, ein offenes …;Wahl-O-Meter;CC-BY 4.0;https://codefor.de;212.0
https://codefor.de/projekte/wahlbeteiligung/;Wahlbeteiligung;{'Kartenanwendung': 'Karten & Verzeichnisse', 'Datenvisualisierung': 'Datenreporting', 'Interaktive Karte': 'Karten & Verzeichnisse'};{'Wahlen': 'Demokratie & Soziale Rechte', 'Politische Bildung': 'Demokratie & Soziale Rechte', 'Demokratie': 'Demokratie & Soziale Rechte'};https://github.com/weberius/wahlbeteiligung, mailto:eberius@gmail.com;OK Lab Köln, Code for Germany;Laufend;Das Projekt wahlbeteiligung soll die Wahlbeteiligung auf einer Karte veranschaulichen. Es soll darüber hinaus Eigenschaften der Umgebung dazu in Bezug setzen.;;CC-BY 4.0;https://codefor.de;213.0
https://codefor.de/projekte/wahldatentransparenzranking/;Wahldatentransparenzranking;{'Datenportal': 'Öffentliche Daten', 'Datenanalyse': 'Datenanalyse', 'Datenauswertung': 'Datenanalyse', 'Visualisierung': 'Datenreporting'};{'Wahlen': 'Demokratie & Soziale Rechte', 'Transparenz': 'Inklusion & Teilhabe', 'Demokratie': 'Demokratie & Soziale Rechte'};;OK Lab Berlin, Code for Germany;Laufend;With the Wahldatentransparenzranking, we will examine the information offerings by the Statistische Landesämter in the case of election data. A focus will be on the (missing) openness of election data …;Wahldatentransparenzranking;CC-BY 4.0;https://codefor.de;214.0
https://codefor.de/projekte/wahlkompass-digitales/;Wahlkompass Digitales;{'Plattform für Wahlentscheidungen': 'Digitale Plattformen', 'Datenanwendung': 'Webanwendungen', 'Web-App': 'Webanwendungen'};{'Wahlen': 'Demokratie & Soziale Rechte', 'Politische Bildung': 'Demokratie & Soziale Rechte', 'Demokratie': 'Demokratie & Soziale Rechte'};https://www.hiig.de/wahlkompass, https://github.com/mstats/wahlkompass/;OK Lab Berlin, Code for Germany;Laufend;Der Wahlkompass Digitales schafft Transparenz im Wahlkampf und zeigt, welche Antworten die deutschen Parteien auf digitalpolitische Fragen haben. Das Tool ermöglicht, Wahlprogramme zu Digitalthemen in …;;CC-BY 4.0;https://codefor.de;215.0
https://codefor.de/projekte/le-wahldaten/;Wahlkreise in Sachsen;{'Datenportal': 'Öffentliche Daten', 'Datenanwendung für Öffentlichkeit': 'Datenanwendung für Öffentlichkeit', 'Interaktiver Fragebogen': 'Datenerhebung', 'Karten': 'Karten & Verzeichnisse', 'Datenauswertung': 'Datenanalyse', 'Datenvisualisierung': 'Datenreporting', 'Web-App': 'Webanwendungen'};{'Wahlen': 'Demokratie & Soziale Rechte', 'Politische Bildung': 'Demokratie & Soziale Rechte', 'Demokratie': 'Demokratie & Soziale Rechte', 'Transparenz': 'Inklusion & Teilhabe'};https://codeforleipzig.github.io/wahldaten/, https://github.com/CodeforLeipzig/wahldaten;OK Lab Leipzig, Code for Germany;Abgeschlossen;"Das Projekt hat sich zum Ziel gesetzt, die Wahlkreise in Sachsen zur Landtagswahl maschinenlesbar bereitstellen.
Da keine Shapefile mit den sächsischen Wahlkreisen gefunden werden konnte, sondern nur …";;CC-BY 4.0;https://codefor.de;216.0
https://codefor.de/projekte/p-wahllokalfinder/;Wahllokale Potsdam;{'Webseite': 'Webanwendungen', 'Datenportal': 'Öffentliche Daten'};{'Wahlen': 'Demokratie & Soziale Rechte', 'Politische Bildung': 'Demokratie & Soziale Rechte'};http://wahllokalfinder.herokuapp.com/potsdam, https://github.com/open-data-potsdam/wahllokalfinder-cgn;OK Lab Potsdam, Code for Germany;Abgeschlossen;Wo sind die Potsdamer Wahllokale zur Bundestagswahl 2017?;;CC-BY 4.0;https://codefor.de;217.0
https://codefor.de/projekte/wahllokalfinder/;Wahllokalfinder;{'Web-App': 'Webanwendungen', 'Plattform für Wahlentscheidungen': 'Digitale Plattformen', 'Kartenanwendung': 'Karten & Verzeichnisse', 'Interaktive Karte': 'Karten & Verzeichnisse'};{'Wahlen': 'Demokratie & Soziale Rechte', 'Stadtplanung': 'Stadtentwicklung', 'Politische Bildung': 'Demokratie & Soziale Rechte', 'Demokratie': 'Demokratie & Soziale Rechte'};http://wahllokalfinder.herokuapp.com;OK Lab Köln, Code for Germany;Laufend;Am Sonntag, den 14. Mai, wählte NRW einen neuen Landtag. Der von der Stadt Köln, Railslove und „Kölner Stadt-Anzeiger“ präsentierte Wahllokalfinder #Köln zeigt alle 240 Wahllokale an, und lotste die …;;CC-BY 4.0;https://codefor.de;218.0
https://codefor.de/projekte/wahlprogramm-matrix/;Wahlprogramm-Matrix Kommunalwahl Münster 2014;{'Webseite': 'Webanwendungen', 'Natural Language Processing': 'Sprachtechnologie', 'Analyse von Sensordaten': 'Künstliche Intelligenz'};{'Wahlen': 'Demokratie & Soziale Rechte', 'Politische Bildung': 'Demokratie & Soziale Rechte', 'Demokratie': 'Demokratie & Soziale Rechte'};http://codeformuenster.org/wahlprogramm-matrix, http://github.com/codeformuenster/wahlprogramm-matrix;Code for Münster, Code for Germany;Abgeschlossen;Ein Tool zum Vergleich von Abschnitten in Wahlprogrammen. Per Klick werden ähnliche Abschnitte zum Ausgewählten farblich hervorgehoben. Die Auswertung geschieht automatisiert mit NLP.;;CC-BY 4.0;https://codefor.de;219.0
https://codefor.de/projekte/wahlprogrammat/;Wahlprogrammquiz;{'Quiz': '', 'Interaktiver Fragebogen': 'Datenerhebung', 'Plattform für Wahlentscheidungen': 'Digitale Plattformen'};{'Wahlen': 'Demokratie & Soziale Rechte', 'Politische Bildung': 'Demokratie & Soziale Rechte', 'Demokratie': 'Demokratie & Soziale Rechte'};mailto:nicolas.merz@wzb.eu, https://visuals.manifesto-project.wzb.eu/wahlprogrammquiz/;OK Lab Berlin, Code for Germany;Laufend;Ein Quiz zu den Inhalten der Wahlprogramme der sechs Parteien.;;CC-BY 4.0;https://codefor.de;220.0
https://codefor.de/projekte/be-wahlversprechen/;Wahlversprechen2013;{'Datenportal': 'Öffentliche Daten', 'Datenanwendung für Öffentlichkeit': 'Datenanwendung für Öffentlichkeit', 'Web-App': 'Webanwendungen', 'Datenvisualisierung': 'Datenreporting'};{'Wahlen': 'Demokratie & Soziale Rechte', 'Politische Bildung': 'Demokratie & Soziale Rechte', 'Demokratie': 'Demokratie & Soziale Rechte', 'Transparenz': 'Inklusion & Teilhabe'};http://wahlversprechen2013.de;OK Lab Berlin, Code for Germany;Unbekannt;wahlversprechen2013.de dokumentiert alle Wahlversprechen der Bundesregierung, d.h. die Inhalte des Koalitionsvertrags und die Inhalte der Wahlprogramme von SPD und CDU. Wir möchten im Verlauf der …;;CC-BY 4.0;https://codefor.de;221.0
https://codefor.de/projekte/be-wartezeit-moers/;Wartezeit Moers;{'Datenportal': 'Öffentliche Daten', 'Datenvisualisierung': 'Datenreporting', 'Web-App': 'Webanwendungen'};{'Verwaltung': 'Organisation & Professionalisierung', 'Wohnen': 'Stadtentwicklung', 'Stadt': 'Stadtentwicklung'};http://wartezeit.tursics.de/, https://github.com/tursics/wait-moers;OK Lab Berlin, Code for Germany;Abgeschlossen;Zeigt die durchschnittlichen Wartezeiten für den Bürgerservice in Moers nach Stunden und Tagen. Größere Kreise bedeuten längere, kleinere Kreise kürzere Wartezeiten. Mittwoch bis Samstag Vormittag …;;CC-BY 4.0;https://codefor.de;222.0
https://codefor.de/projekte/hn-lk-wartezeiten/;Wartezeiten KFZ-Zulassungsstelle Heilbronn;{'Datenportal': 'Öffentliche Daten', 'Datenvisualisierung': 'Datenreporting', 'Web-App': 'Webanwendungen'};{'Verwaltung': 'Organisation & Professionalisierung', 'Mobilität': ''};http://wartezeit.opendatalab.de/, https://github.com/opendata-heilbronn/wartezeiten-KFZ-heilbronn, http://wartezeit.tursics.de/about.html;Code for Heilbronn, Code for Germany;Abgeschlossen;"Zeigt die durchschnittlichen Wartezeiten für die KFZ-Zulassungsstelle in Heilbronn nach Stunden und Tagen.
Bei diesem Projekt handelt es sich um ein Redeployment der Wartezeiten-Anwendung für das …";;CC-BY 4.0;https://codefor.de;223.0
https://codefor.de/projekte/frankfurt-was-bekomme-ich-fuer-meine-miete/;Was bekomme ich in Frankfurt für meine Miete?;{'Visualisierung': 'Datenreporting', 'Datenvisualisierung': 'Datenreporting', 'Web-App': 'Webanwendungen'};{'Wohnen': 'Stadtentwicklung', 'Stadtplanung': 'Stadtentwicklung'};https://mieten-ffm.netlify.com/;OK Lab Frankfurt, Code for Germany;Abgeschlossen;Visualisierung, die die Abhängigkeiten von verschiedenen Parametern wie Baumdichte, Ärztedichte und Kitplätzen zum Mietpreis anzeigt.;;CC-BY 4.0;https://codefor.de;224.0
https://codefor.de/projekte/hn-landtag/;Was macht mein Landtagsabgeordneter?;{'Datenportal': 'Öffentliche Daten', 'Datenvisualisierung': 'Datenreporting', 'Web-App': 'Webanwendungen'};{'Politische Bildung': 'Demokratie & Soziale Rechte', 'Demokratie': 'Demokratie & Soziale Rechte', 'Transparenz': 'Inklusion & Teilhabe'};https://codefor.de/projekte/hn-landtag/;Code for Heilbronn, Code for Germany;Laufend;Die Abgeordneten im Landtag von Baden-Württemberg starten jeden Monat viele Initiativen und Anfragen zu ganz unterschiedlichen Themen. Wir wollen diese Daten besser zugängig machen und aufbereiten. …;;CC-BY 4.0;https://codefor.de;225.0
https://codefor.de/projekte/le-trinkwasser/;Was steckt in meinem Leitungswasser?;{'Datenportal': 'Öffentliche Daten', 'Karten': 'Karten & Verzeichnisse', 'Datenvisualisierung': 'Datenreporting', 'Open Data': 'Öffentliche Daten'};{'Umweltschutz': 'Klima & Umwelt', 'Wasser': '', 'Trinkwasser': ''};https://trinkwasser.codeforleipzig.de/, https://github.com/codeforleipzig/trinkwasser;OK Lab Leipzig, Code for Germany;Abgeschlossen;"Qualitätswerte des Trinkwassers aus dem Versorgungsgebiet der MIDEWA schematisch und als Karte.
Trinkwasser gilt als das am besten kontrollierte Lebensmittel in Deutschland. Und trotzdem wissen wir …";;CC-BY 4.0;https://codefor.de;226.0
https://codefor.de/projekte/bundestagswahl/;was wäre wenn;{'Webseite': 'Webanwendungen', 'Datenanalyse': 'Datenanalyse'};{'Wahlen': 'Demokratie & Soziale Rechte', 'Jugendarbeit': 'Jugendhilfe', 'Politische Bildung': 'Demokratie & Soziale Rechte'};https://codeforcologne.github.io/was-wenn/, https://github.com/codeforcologne/was-wenn;OK Lab Köln, Code for Germany;Abgeschlossen;Die Forderung nach einem Gesetz, daß die Wahl ab 16 Jahren erlaubt, ist schon seit langem ein Programmpunkt bei vielen Parteien. Wie würden sich aber die Ergebnisse verändern, wenn auch die junge …;;CC-BY 4.0;https://codefor.de;227.0
https://codefor.de/projekte/muc-finder/;Web-App zum Finden von bestimmten Orten (u.a. Defibrilatoren) in der Umgebung;{'Web-App': 'Webanwendungen', 'Open-Source': 'Open-Source-Software', 'Datenportal': 'Öffentliche Daten'};{'Gesundheit': 'Gesundheit', 'Umweltschutz': 'Klima & Umwelt', 'Mobilität': ''};http://codeformunich.github.io/FinderApp/, https://github.com/codeformunich/FinderApp;OK Lab München, Code for Germany;Laufend;Ziel des Projekts ist eine Web-App, die aus Open-Street-Map-Daten Orte einer bestimmten Kategorie, z.B. öffentliche Toiletten, Spielplätze oder Defibrilatoren in der Umgebung findet und dazu …;;CC-BY 4.0;https://codefor.de;228.0
https://codefor.de/projekte/ms-weihnachtsmarkt/;Weihnachtsmarkt-App Münster 2014;{'Web-App': 'Webanwendungen', 'Kartenanwendung': 'Karten & Verzeichnisse', 'Datenvisualisierung': 'Datenreporting'};{'Tourismus': 'Stadtentwicklung', 'Stadtplanung': 'Stadtentwicklung'};http://codeformuenster.org/weihnachtsmarkt/, https://github.com/codeformuenster/weihnachtsmarkt;Code for Münster, Code for Germany;Abgeschlossen;Weihnachtsmarkt-App Münster 2014 mit Warenangebotssuche auf einer Karte!;;CC-BY 4.0;https://codefor.de;229.0
https://codefor.de/projekte/be-xmas/;Weihnachtsmärkte;{'Open Data': 'Öffentliche Daten', 'App': '', 'Datenanwendung': 'Webanwendungen'};{'Tourismus': 'Stadtentwicklung', 'Kultur': 'Kultur'};https://github.com/tursics/xmas-markets, http://www.tursics.de/xmasmarkets/de/;OK Lab Berlin, Code for Germany;Abgeschlossen;Alle Weihnachtsmärkte aus Berlin in einer App. Man nehme die Open Data-Liste aus Berlin, ein paar Pressetext und -bilder und baue eine App zusammen. Die App ist soweit fertig, muss aber jedes Jahr mit …;;CC-BY 4.0;https://codefor.de;230.0
https://codefor.de/projekte/wepublic/;Wepublic;{'Plattform': 'Digitale Plattformen', 'Web-App': 'Webanwendungen', 'Datenanwendung für Öffentlichkeit': 'Datenanwendung für Öffentlichkeit'};{'Politische Bildung': 'Demokratie & Soziale Rechte', 'Demokratie': 'Demokratie & Soziale Rechte', 'Wahlen': 'Demokratie & Soziale Rechte'};https://www.wepublic.me, https://github.com/wepublic, mailto:hello@wepublic.me;OK Lab Berlin, Code for Germany;Laufend;"Mit dem Projekt Wepublic möchten wir die digitale Kommunikation zwischen Bürgern und Politikern grundsätzlich verändern - hin zu mehr Dialog, mehr Verständnis und mehr konstruktive Kritik.
Starten …";Wepublic;CC-BY 4.0;https://codefor.de;231.0
https://codefor.de/projekte/hh-baualterskarte/;Wie alt sind die Hamburger Gebäude?;{'Karte': 'Karten & Verzeichnisse', 'Datenportal': 'Öffentliche Daten', 'Interaktive Karte': 'Karten & Verzeichnisse', 'Datenvisualisierung': 'Datenreporting'};{'Stadtplanung': 'Stadtentwicklung', 'Umweltschutz': 'Klima & Umwelt', 'Bauwesen': ''};http://hannes.enjoys.it/geo/odd2014/baujahr.html, http://inspire.daten-hamburg.de/DE_HH_Downloaddienst_INSPIRE_A3_2_Gebaeude/ServiceFeed.xml;OK Lab Hamburg, Code for Germany;Abgeschlossen;In den öffentlichen Geodaten der Stadt stecken einige interessante Datensätze: Auf dieser Karte sind beispielsweise die Baualtersklassen der Hamburger Gebäude (soweit bekannt) dargestellt.;;CC-BY 4.0;https://codefor.de;232.0
https://codefor.de/projekte/hh-bruecken/;Wie viele Brücken hat Hamburg?;{'Datenportal': 'Öffentliche Daten', 'Datenanalyse': 'Datenanalyse', 'Datenauswertung': 'Datenanalyse', 'Datenvisualisierung': 'Datenreporting'};{'Stadtplanung': 'Stadtentwicklung', 'Umweltschutz': 'Klima & Umwelt', 'Verkehr': 'Stadtentwicklung'};http://hathamburgmehrbrueckenalsvenedig.tumblr.com/, https://www.openstreetmap.de/;OK Lab Hamburg, Code for Germany;Abgeschlossen;Wie viele Brücken hat Hamburg? Rund 2500 soll es laut Behörde sein. Das wären mehr als Venedig, Amsterdam und Stockholm zusammen. Damit steht Hamburg als brückenreichste Stadt Europas im Guinness Buch …;;CC-BY 4.0;https://codefor.de;233.0
https://codefor.de/projekte/wecount/;Wir zählen;{'Datenportal': 'Öffentliche Daten', 'Datenvisualisierung': 'Datenreporting', 'Interaktives Dashboard': 'Datenreporting'};{'Mobilität': '', 'Stadtplanung': 'Stadtentwicklung', 'Umweltschutz': 'Klima & Umwelt'};https://berlin-zaehlt.de/, https://adfc-tk.de/wir-zaehlen/, https://github.com/codeforberlin/we-count/;OK Lab Berlin, Code for Germany;Laufend;“Wir zählen” möchte Verkehrszählungen aus dem Datenschatz des Projektes “Berlin zählt Mobilität” und darüber hinaus sichtbar machen. Das Ziel ist die Entwicklung eines …;;CC-BY 4.0;https://codefor.de;234.0
https://codefor.de/projekte/le-woistmarkt/;Wo ist Markt?;{'Web-App': 'Webanwendungen', 'Kartenanwendung': 'Karten & Verzeichnisse', 'Datenportal': 'Öffentliche Daten'};{'Landwirtschaft': 'Klima & Umwelt', 'Stadtplanung': 'Stadtentwicklung'};http://wo-ist-markt.de/#leipzig, https://github.com/wo-ist-markt/wo-ist-markt.github.io;OK Lab Leipzig, Code for Germany;Abgeschlossen;"Wo ist gerade Wochenmarkt in Leipzig auf einer Karte dargestellt. Man kann für den aktuellen Tag filtern oder alle anzeigen. Die gerade stattfindenden Märkte werden grün gekennzeichnet.
Umsetzung …";;CC-BY 4.0;https://codefor.de;235.0
https://codefor.de/projekte/wo-ist-testzentrum/;Wo ist Testzentrum?;{'Kartenanwendung': 'Karten & Verzeichnisse', 'Open Source': 'Open-Source-Software', 'Datenportal': 'Öffentliche Daten'};{'Gesundheit': 'Gesundheit'};https://wo-ist-testzentrum.de, https://github.com/CodeforLeipzig/wo-ist-testzentrum;OK Lab Leipzig, Code for Germany;Abgeschlossen;Auf einer Karte werden die Standorte von Corona-Test-Zentren in verschiedenen deutschen Städten und Gemeinden angezeigt. Durch einen Klick auf einen Kartenpin erfährst du, wann ein Test-Zentrum …;;CC-BY 4.0;https://codefor.de;236.0
https://codefor.de/projekte/le-weihnachtsmarktkarte/;Wo ist Weihnachtsmarkt?;{'Webseite': 'Webanwendungen', 'Datenportal': 'Öffentliche Daten', 'Kartenanwendung': 'Karten & Verzeichnisse', 'Interaktive Karte': 'Karten & Verzeichnisse', 'Open Data': 'Öffentliche Daten'};{'Tourismus': 'Stadtentwicklung', 'Stadtplanung': 'Stadtentwicklung', 'Kultur': 'Kultur'};https://wo-ist-weihnachtsmarkt.codeforleipzig.de/, https://github.com/CodeforLeipzig/weihnachtsmarktkarte;OK Lab Leipzig, Code for Germany;Abgeschlossen;"Auf dieser Webseite kannst Du Dich über die Weihnachtsmärkte in Leipzig und näherere Umgebung informieren (Stand November bis Dezember 2022).
Dieses Projekt ist eine Adpation des Berliner …";;CC-BY 4.0;https://codefor.de;237.0
https://codefor.de/projekte/be-schulsanierung/;Wo unsere Kinder lernen;{'Webseite': 'Webanwendungen', 'Karte': 'Karten & Verzeichnisse', 'Datenvisualisierung': 'Datenreporting'};{'Bildung': 'Bildung', 'Stadtplanung': 'Stadtentwicklung'};http://schulsanierung.tursics.de, https://github.com/tursics/schulsanierung;OK Lab Berlin, Code for Germany;Abgeschlossen;"Viele Schulen in Berlin sind marode. Wie teuer die Sanierung wirklich wird, können Sie auf der Karte erkunden.
Die Toiletten stinken, Wasser tropft von der Decke, der Putz bröckelt von der Wand. …";;CC-BY 4.0;https://codefor.de;238.0
https://codefor.de/projekte/zug-direktverbindungen/;Zug-Direktverbindungen;{'Karte': 'Karten & Verzeichnisse', 'Open Data': 'Öffentliche Daten', 'Datenvisualisierung': 'Datenreporting'};{'Mobilität': '', 'Verkehr': 'Stadtentwicklung'};https://direkt.bahn.guru, https://github.com/juliuste/direkt.bahn.guru;OK Lab Berlin, Code for Germany;Abgeschlossen;Eine Karte mit allen Zug-Direktverbindungen aus deiner Stadt.;;CC-BY 4.0;https://codefor.de;239.0
https://codefor.de/projekte/zuwendungen/;Zuwendungsdatenbank;{'Datenportal': 'Öffentliche Daten', 'Open Data': 'Öffentliche Daten'};{'Verwaltung': 'Organisation & Professionalisierung', 'Transparenz': 'Inklusion & Teilhabe'};http://zuwendungen.net/, https://github.com/corny/zuwendungen;Code for Germany;Abgeschlossen;Die Zuwendungsdatenbank sammelt länderübergreifend frei zugängliche Daten über Zuwendungen, überführt sie in ein einheitliches Format und macht sie durchsuchbar.;;CC-BY 4.0;https://codefor.de;240.0
