Quelle;Projektname;Art;Einsatzbereich;Webseite-Link;Organisation;Status;Kurzzusammenfassung;Projekt-Abkürzung;Lizenz;Lizenz-Organisation
https://correlaid.org/projekte/projektdatenbank/2022-11-ATT;Qualitätsanalyse von OpenStreetMap Daten für Trinkbrunnen;Web-App, Dashboard, Bericht;Stadtplanung, Umweltschutz, Nachhaltigkeit;https://correlaid.github.io/trinkbrunnen-analyse/map-deutschland-drinking-water.html, https://correlaid.github.io/trinkbrunnen-analyse/analysis-fountains-germany.html, https://github.com/CorrelAid/trinkbrunnen-analyse;a tip: tap e.V., CorrelAid e.V.;Abgeschlossen;Wir vergleichen Trinkbrunnen-Daten aus OpenStreetMap mit offiziellen Stadtzahlen und prüfen, wie vollständig die Metadaten zu Barrierefreiheit und Zugänglichkeit erfasst sind.;;CC-BY 4.0;https://correlaid.org/
https://correlaid.org/projekte/projektdatenbank/2023-10-ISH;Mithilfe von KI Wirkungsmessung skalieren;Web-App, KI-Anwendung, Maschinelles Lernen, Prozessautomatisierung, Wirkungsmessung, Datenanalyse, Automatisierung;Kinder- und Jugendhilfe, Bildung, Soziale Arbeit, Wohlfahrt, Partizipation;;In safe hands e.V., CorrelAid e.V.;Abgeschlossen;In safe hands e.V. will Wirkungsmessung skalieren. Wir entwickeln ein KI-Tool, das Interviewantworten kategorisiert – mit menschlicher Kontrolle für Datenqualität.;;CC-BY 4.0;https://correlaid.org/
https://correlaid.org/projekte/projektdatenbank/2021-04-SOS;Wertvolle Zeit sparen und Fehler vermeiden durch die Automatisierung von Prozessen;Prozessautomatisierung, Datenvisualisierung, Reporting, R-Paket, Datenanalyse, Automatisierung;Bildung, Technologie, Datenanalyse, Zivilgesellschaft;;Science on Stage e.V., CorrelAid e.V.;Abgeschlossen;Science on Stage kämpft mit Daten aus vielen Quellen. Wir automatisieren die Verarbeitung und machen Schluss mit fehleranfälligen manuellen Prozessen.;SonSD;CC-BY 4.0;https://correlaid.org/
https://correlaid.org/projekte/projektdatenbank/2024-09-CHW;Automatisiertes Monitoring von Zielgruppenentwicklung im Zeitverlauf;Monitoring, Prozessautomatisierung, Datenanalyse, Datenvisualisierung, Reporting;Kinder- und Jugendhilfe, Bildung, Soziale Arbeit;;Chancenwerk e.V., CorrelAid e.V.;Abgeschlossen;Chancenwerk befragt regelmäßig Kinder und Jugendliche, doch die Auswertung kostet viel Zeit. Wir automatisieren das Monitoring, damit mehr Raum für die eigentliche Arbeit bleibt.;;CC-BY 4.0;https://correlaid.org/
https://correlaid.org/projekte/projektdatenbank/2024-06-BAB;Automatisierte Fragebogenauswertung mit Generativer KI;Prozessautomatisierung, Maschinelles Lernen, Datenanalyse, KI-Anwendung;Soziale Arbeit, Stadt, Barrierefreiheit, Verkehr, Kinder- und Jugendhilfe;https://github.com/CorrelAid/workshop-babylotse, https://github.com/CorrelAid/workshop-babylotse/blob/main/data/Umfrage%20DE%20submissions%202024-07-31%2000_25.csv, https://github.com/CorrelAid/workshop-babylotse/;Babylotse, CorrelAid e.V.;Abgeschlossen;Babylotse Frankfurt befragt Familien zu ihren Bedürfnissen. Wir werten rund 1000 offene Antworten mit KI aus und machen Muster sichtbar.;;CC-BY 4.0;https://correlaid.org/
https://correlaid.org/projekte/projektdatenbank/2024-12-SIN;Automatisiertes Qualitätsmanagement für ein Mentoringprogramm;Datenvisualisierung, Reporting, Prozessautomatisierung, Datenanalyse, Monitoring;Bildung, Jugendarbeit, Soziale Arbeit, Chancengleichheit;;Sindbad, CorrelAid e.V.;Abgeschlossen;Sindbad befragt regelmäßig Mentees und Mentor*innen zur Programmqualität. Wir bauen ein Dashboard, das die Ergebnisse verständlich aufbereitet und flexibel anpassbar macht.;;CC-BY 4.0;https://correlaid.org/
https://correlaid.org/projekte/projektdatenbank/2023-12-DEM;Mit Daten zu transparenterer Demokratie;Web-App, Dashboard, Datenvisualisierung, Datenportal;Partizipation, Transparenz, Wahlen;https://civic-data.de/ein-wegweiser-fuer-die-demokratie/, https://karte.demokratie-wegweiser.de;Demokratie-Wegweiser, Civic Data Lab, CorrelAid e.V.;Abgeschlossen;Demokratische Prozesse auf lokaler Ebene sind oft schwer nachvollziehbar. Wir entwickeln einen Leitfaden, der Transparenz mit Daten greifbar macht.;;CC-BY 4.0;https://correlaid.org/
https://correlaid.org/projekte/projektdatenbank/2024-04-TEN;Output Monitoring durch Entwicklung und Implementierung eines Fragebogen mithilfe von Fokusgruppen;Monitoring, Reporting, Datenanalyse;Umfrage, Wirkungsmessung, Partizipation, Jugendarbeit;https://civic-data.de/output-monitoring-ten-sing/;CVJM-Gesamtverband in Deutschland e. V., Civic Data Lab, CorrelAid e.V.;Abgeschlossen;Wir entwickeln einen Fragebogen mit Fokusgruppen, um die Bedürfnisse der Community besser zu verstehen und datenbasierte Empfehlungen zu geben.;;CC-BY 4.0;https://correlaid.org/
https://correlaid.org/projekte/projektdatenbank/2024-03-PZA;Open Data aus Bürger- und Jugendbeteiligungsprojekten;Open Data, Datenportal, Datenvisualisierung, Web-App, Plattform, Partizipation;Jugendarbeit, Bildung, Stadt;https://civic-data.de/kommuki-open-data/;Politik zum Anfassen e.V., Civic Data Lab, CorrelAid e.V.;Abgeschlossen;Wir machen 6500 Jugend-Ideen aus Kommunalpolitik-Planspielen durchsuchbar und zeigen, welche davon tatsächlich umgesetzt wurden.;;CC-BY 4.0;https://correlaid.org/
https://correlaid.org/projekte/projektdatenbank/2024-03-LEM;Unterstützung des Relaunchs des Leerstandsmelders;Web-App, Dashboard;Wohnen, Stadt, Soziale Arbeit, Partizipation;https://civic-data.de/leerstandsmelder/, https://leerstandsmelder.de;Leerstandsmelder, Gängeviertel e.V., Civic Data Lab, CorrelAid e.V.;Abgeschlossen;Wohnungsnot sichtbar machen: Wir unterstützen den Relaunch des Leerstandsmelders, der in 41 Städten ungenutzten Wohnraum dokumentiert.;;CC-BY 4.0;https://correlaid.org/
https://correlaid.org/projekte/projektdatenbank/2024-11-LAF;Auswertung einer Umfrage zu KI im Ehrenamt;Datenanalyse, Datenvisualisierung, Bericht, Open-Source;KI, Soziale Arbeit, Wohlfahrt;https://digital-vereint.de/aktuelles/ki-anwendungen-im-ehrenamt-hype-oder-echter-nutzen/, https://github.com/CorrelAid/dv_ai_survey, https://civic-data.de/ki-ehrenamt/;Civic Data Lab, lagfa bayern, CorrelAid e.V.;Abgeschlossen;Wie nutzen bayerische Vereine KI im Ehrenamt? Wir werten eine Umfrage von digital verein(t) aus und visualisieren die Ergebnisse.;;CC-BY 4.0;https://correlaid.org/
https://correlaid.org/projekte/projektdatenbank/2025-01-SGC;Data Story mit Konstanzer Klima- und Wetterdaten;Web-App, Dashboard, Open-Source, Datenvisualisierung;Klima, Klimaschutz, Umweltschutz, Stadtplanung, Nachhaltigkeit, Open Data;https://stadtdaten.konstanz.digital/stadtklima/ , https://github.com/sgc-kn/dashboards;Smart Green City Konstanz, CorrelAid e.V.;Abgeschlossen;Offene Klima- und Wetterdaten aus Konstanz werden zur Data Story: Bürger*innen sehen, wie sich das Stadtklima verändert und wo Anpassungsmaßnahmen wirken.;;CC-BY 4.0;https://correlaid.org/
https://correlaid.org/projekte/projektdatenbank/2025-05-SIL;Improving and upgrading the Silbernetz dashboard;Dashboard, Web-App, Datenvisualisierung, Open-Source;Senioren, Soziale Arbeit, Wohlfahrt, Gesundheit;;Silbernetz e.V., CorrelAid e.V.;Abgeschlossen;Silbernetz e.V. nutzt ein Dashboard, das die Fundraising-Arbeit revolutioniert hat. Wir modernisieren die Codebasis und optimieren den Bereitstellungsprozess.;;CC-BY 4.0;https://correlaid.org/
https://correlaid.org/projekte/projektdatenbank/2025-05-CAS;Automatisierung von Berichten aus Evaluationsdaten;Prozessautomatisierung, Bericht, Datenvisualisierung, Interaktives Dashboard, Reporting;Bildung, Kinder- und Jugendhilfe, Soziale Arbeit, Chancengleichheit;;Coach@School, CorrelAid e.V.;Abgeschlossen;coach@school sammelt wertvolle Umfragedaten, aber die Auswertung kostet viel Zeit. Wir automatisieren die Berichte und machen sie visuell überzeugender.;;CC-BY 4.0;https://correlaid.org/
https://correlaid.org/projekte/projektdatenbank/2025-10-ECF;Datenbankverwaltungssystem für die Europäische Gemeinschaftsstiftungsinitiative (ECFI);Datenbank, Open-Source, Datenmanagement, Datenvisualisierung, Plattform;Open Data, Datenanalyse, International, Europa, Partizipation;;European Community Foundation Initiative, CorrelAid e.V.;Laufend;Die ECFI braucht einen Überblick über Europas Gemeinschaftsstiftungen. Wir bauen eine DSGVO-konforme Open-Source-Datenbank für systematische Erfassung und Visualisierung.;ECFI;CC-BY 4.0;https://correlaid.org/
https://correlaid.org/projekte/projektdatenbank/2025-05-PBE; Fortschritts-Monitor;Dashboard, Datenvisualisierung, Prozessautomatisierung, Reporting;Jugendarbeit, Soziale Arbeit, Bildung, Arbeit, Chancengleichheit;;Phase BE, CorrelAid e.V.;Abgeschlossen;Phase BE begleitet Jugendliche in die Berufswelt. Wir entwickeln ein Ampelsystem, das Fortschritte zentral bündelt und Unterstützungsbedarf sofort sichtbar macht.;;CC-BY 4.0;https://correlaid.org/
https://correlaid.org/projekte/projektdatenbank/2026-02-DTC;Bedarfsorientierte Wirkungsmessung für mehr sozial-emotionale Kompetenzen an Schulen;Monitoring, Reporting, Datenanalyse;Bildung, Kinder- und Jugendhilfe, Soziale Arbeit, Gesundheit;;Dare2Care, CorrelAid e.V.;Laufend;Wirkungsmessung für sozial-emotionale Schulprogramme: Wir entwickeln mit Dare2Care Fragebögen und Tools, die zeigen, wie Resilienztraining an Schulen wirkt.;;CC-BY 4.0;https://correlaid.org/
https://correlaid.org/projekte/projektdatenbank/2026-01-KMB;Von Daten zu Wirkung – Datenbasierte Argumente für Bildungsgerechtigkeit;Datenportal, Datenvisualisierung, Datenanalyse, Reporting, Datenmanagement, Open Data;Chancengleichheit, Kinder- und Jugendhilfe, Soziale Arbeit, Wohlfahrt, Partizipation;;Stiftung ein Quadratkilometer Bildung, CorrelAid e.V.;Laufend;km2 Bildung sammelt jährlich Daten aus lokalen Bildungsnetzwerken, doch Auswertungen scheitern an fehlenden Standards. Wir schaffen Strukturen für datenbasierte Argumente.;km2 Bildung;CC-BY 4.0;https://correlaid.org/
https://correlaid.org/projekte/projektdatenbank/2026-03-CHW;(Teil)-Automatisierung von Datenprozessen im Kontext Wirkungsmessung;Prozessautomatisierung, Datenportal, Datenmanagement, Datenanalyse, Reporting, Automatisierung;Wirkungsmessung, Bildung, Kinder- und Jugendhilfe, Soziale Arbeit, Chancengleichheit, Partizipation;;Chancenwerk e.V., CorrelAid e.V.;Laufend;Wirkungsmessung bei Chancenwerk braucht weniger Handarbeit. Wir automatisieren Datenexport, Bereinigung und Auswertung mit maßgeschneiderten Tools.;;CC-BY 4.0;https://correlaid.org/
https://correlaid.org/projekte/projektdatenbank/2026-04-KSJ;Prozessoptimierung und Datenprodukte für besseres Wirkungsmanagement;Prozessautomatisierung, Datenvisualisierung, Dashboard, Datenmanagement, Datenanalyse;Bildung, Chancengleichheit, Soziale Arbeit, Wirkungsmessung;;Kindersprachbrücke Jena e.V., CorrelAid e.V.;Laufend;Die Kindersprachbrücke Jena will Wirkung in der Jugendhilfe besser messen. Wir vereinheitlichen Datenquellen und bauen ein Dashboard für schnelle Auswertungen.;;CC-BY 4.0;https://correlaid.org/
https://correlaid.org/projekte/projektdatenbank/2026-03-KMS;“Es war einmal… Wirkung” - Data Storytelling zum Engagement für bessere KI Bildung;Datenvisualisierung, Webseite, Datenmanagement, Automatisierung, Reporting, Datenanalyse, Wirkungsmessung;Bildung, KI, Partizipation, Demokratie, Technologie, Open Data, Wirkungsmessung;;KI macht Schule, CorrelAid e.V.;Laufend;Über 100 Ehrenamtliche bringen KI-Bildung an Schulen. Wir machen ihre Wirkung mit Data Storytelling sichtbar – für Förderpartner und die Öffentlichkeit.;;CC-BY 4.0;https://correlaid.org/
https://correlaid.org/projekte/projektdatenbank/2026-03-AEF;Wirkungsmessung & Datenintegration für mehr Bildungsgerechtigkeit;Wirkungsmessung, Dashboard, Datenvisualisierung, Wissensmanagement, Reporting, Datenmanagement, Monitoring;Kinder- und Jugendhilfe, Chancengleichheit, Soziale Arbeit, Wohlfahrt, Evaluation, Partizipation;;Aelius Förderwerk e.V., CorrelAid e.V.;Laufend;Wirkungsmessung für Bildungsgerechtigkeit: Wir integrieren Datenquellen des Aelius Förderwerks und bauen ein Dashboard, das Steuerung und Kommunikation verbessert.;;CC-BY 4.0;https://correlaid.org/
https://correlaid.org/projekte/projektdatenbank/2019-01-MAP;Lebensmittelverschwendung reduzieren und Planung verbessern: Zeitreihenanalyse für ein Restaurant für bedürftige Menschen;Datenanalyse, Statistik, Zeitreihenanalyse, Bericht, Workshops, Prozessoptimierung, Datenvisualisierung;Armut, Ernährungssicherung, Soziale Arbeit, Wohlfahrt;https://osf.io/3zsn6/;Mannheimer Platte, CorrelAid e.V.;Abgeschlossen;Die Mannheimer Platte serviert bezahlbare Mahlzeiten für Bedürftige. Wir analysieren 17 Jahre Verkaufsdaten, um Nachfragemuster zu erkennen und Lebensmittelverschwendung zu reduzieren.;;CC-BY 4.0;https://correlaid.org/
https://correlaid.org/projekte/projektdatenbank/2025-06-UFZ;Monitoring der Verfügbarkeit und Kapazität des Beratungsangebots U25;Monitoring;Gesundheit, Jugend, Beratung, Soziale Arbeit;;U25, CorrelAid e.V.;Laufend;U25 berät suizidgefährdete junge Menschen, doch die Kapazität schwankt. Wir werten Ampeldaten aus und machen Engpässe sichtbar.;U25;CC-BY 4.0;https://correlaid.org/
https://correlaid.org/projekte/projektdatenbank/2020-10-OKP;Python Paket für Open Data der Stadt Konstanz;Open-Source, Datenportal;Open Data, Stadt, Verwaltung, Datenanalyse;https://github.com/MisterXY89/konstanz-open-data-api/, https://pypi.org/project/opencity/;Offene Daten Konstanz, CorrelAid e.V.;Abgeschlossen;Die Stadt Konstanz veröffentlicht Open Data, wir machen sie durch die Entwicklung eines Python Pakets einfach nutzbar für Data Scientists.;;CC-BY 4.0;https://correlaid.org/
https://correlaid.org/projekte/projektdatenbank/2026-05-MIC;Von Umfragedaten zu Grafiken: App zur Optimierung von Datenvisualisierungsworkflows;Datenvisualisierung, Prozessautomatisierung, Web-App, Dashboard;Soziale Arbeit, Demokratie, Partizipation, Umfrage, Datenanalyse;;More in Common e.V., CorrelAid e.V.;Laufend;Import/Export, manuelle Datenaufbereitung in Excel und zeitaufwändige Fehlerprüfung: So sah der Datenvisualisierungsprozess bei More in Common bis jetzt aus. Wir entwickeln eine Shiny-App, um diese Arbeitsabläufe zu optimieren und teilweise zu automatisieren.;;CC-BY 4.0;https://correlaid.org/
https://correlaid.org/projekte/projektdatenbank/2026-06-HER;Analyse der Wirkung von außerschulischem Erfahrungslernen auf Lehrkräfte;Bericht, Datenvisualisierung, Datenanalyse, Statistik, Wirkungsmessung;Soziale Arbeit, Kinder- und Jugendhilfe;;HERAUSFORDERUNG einfach machen, CorrelAid e.V.;Laufend;„HERAUSFORDERUNG einfach machen“ fehlen Zeit und Kompetenzen, um aus quantitativen Wirkungsdaten fundierte Erkenntnisse zu ziehen. Wir analysieren die Daten und dokumentieren die Ergebnisse in einem Report.;;CC-BY 4.0;https://correlaid.org/
https://correlaid.org/projekte/projektdatenbank/2026-06-YFU;Datenbasierte Steuerung für Schüleraustauschprogramme;Dashboard, Datenvisualisierung, Reporting, Datenportal;Bildung, International, Kultur;;Youth For Understanding Deutschland e.V., CorrelAid e.V.;Laufend;YFU will datenbasierte Entscheidungen treffen. Wir konzipieren KPIs und bauen Datenprozesse und ein Dashboard.;YFU;CC-BY 4.0;https://correlaid.org/
https://correlaid.org/projekte/projektdatenbank/2026-06-LLH;Datenbasierte Steuerung eines Kursangebots für Menschen mit Krebs ermöglichen;Datenmanagement, Dashboard, Reporting, Datenvisualisierung, Datenanalyse, Prozessautomatisierung, Interaktives Dashboard;Gesundheit, Wohlfahrt, Soziale Arbeit, Datenanalyse, Menschen mit Behinderung, Integration, Partizipation;;lebensmut Landshut e.V., CorrelAid e.V.;Laufend;lebensmut Landshut will qualitativ hochwertige und bedarfsorientierte Kurse für Menschen mit Krebs anbieten. Wir ermöglichen eine datenbasierte Steuerung des spendenfinanzierten Kursangebots.;;CC-BY 4.0;https://correlaid.org/
https://correlaid.org/projekte/projektdatenbank/2015-08-PBN;Analyse einer Mitgliederbefragung des Pfadfinderbunds Nord;Blog;Jugendarbeit, Stadt, Datenanalyse;;Pfadfinder*innenbund Nord, CorrelAid e.V.;Abgeschlossen;Der Pfadfinderbund Nord befragt regelmäßig seine 1000 Mitglieder. Wir werten die Umfragedaten aus und machen Erkenntnisse für die 15 Stämme nutzbar.;;CC-BY 4.0;https://correlaid.org/
https://correlaid.org/projekte/projektdatenbank/2026-03-KKN;Datenvisualisierungen für die Konstanzer Schüler*innen-Umfrage;Datenvisualisierung, Reporting, Datenanalyse;Partizipation;https://karla-magazin.de/politik/was-konstanzer-schuelerinnen-wirklich-ueber-ihre-schule-denken, https://karla-magazin.de/meinung/wie-wir-die-demokratie-auf-dem-schulklo-retten, https://karla-magazin.de/politik/wir-muessen-schulen-klueger-planen, https://www.instagram.com/p/DYkCE4DiETd/?utm_source=ig_web_copy_link&igsh=MzRlODBiNWFlZA==;karla Magazin, CorrelAid e.V.;Abgeschlossen;Für die Umfrage von karla unter Konstanzer Schüler*innen werten wir die Daten aus und übersetzen sie in Visualisierungen für die Artikel-Serie.;;CC-BY 4.0;https://correlaid.org/
https://correlaid.org/projekte/projektdatenbank/2018-11-TVK;Mitgliederbefragung des Turnvereins Käfertal;Umfrage, Datenanalyse, Bericht, Datenvisualisierung, Reporting;Umfrage, Evaluation, Partizipation, Jugendarbeit, Gesundheit;;Turnverein 1880 Käfertal, CorrelAid e.V.;Abgeschlossen;Der TV Käfertal will wissen, was seine Mitglieder bewegt. Wir werten eine Befragung aus und zeigen, wo Kommunikation und Strukturen besser werden können.;;CC-BY 4.0;https://correlaid.org/
https://correlaid.org/projekte/projektdatenbank/2019-02-MIN;tf-idf zu Babel: Text Mining zur Optimierung von automatisierten Prozessen in multilingualen Kontexten;Maschinelles Lernen, Datenanalyse, Reporting, Prozessautomatisierung, Natural Language Processing, Dashboard;Migration, Integration, Soziale Arbeit, Antirassismus, Flucht und Migration, Datenanalyse;;Minor Kontor, CorrelAid e.V.;Abgeschlossen;Minor EU erreicht Migranten über Facebook-Gruppen. Wir bauen ein Tool, das relevante Beiträge automatisch filtert und die manuelle Sortierung erspart.;;CC-BY 4.0;https://correlaid.org/
https://correlaid.org/projekte/projektdatenbank/2019-06-WEL;Automatisierte Reportgenerierung zur Verbesserung der Arbeit der Weltläden;Prozessautomatisierung, Bericht, Datenanalyse;Wohlfahrt, Soziale Arbeit, Nachhaltigkeit, Datenanalyse;;Weltladen Dachverband, CorrelAid e.V.;Abgeschlossen;Der Weltladen Dachverband befragt jährlich seine Mitglieder. Wir automatisieren die Erstellung von über 300 individualisierten Reports mit R und LaTeX.;;CC-BY 4.0;https://correlaid.org/
https://correlaid.org/projekte/projektdatenbank/2019-10-BEE;Mithilfe von Machine Learning Anomalien in Bienenstöcken erkennen;Maschinelles Lernen, Anomalieerkennung, Analyse von Sensordaten, Datenanalyse, Monitoring;Umweltschutz, Klima, Nachhaltigkeit, Landwirtschaft, Technologie, Klimaschutz;https://www.youtube.com/watch?v=POqqK7Qj4cU, https://www.youtube.com/watch?v=eGZ98pMt4YI;Bee Observer BOB, CorrelAid e.V.;Abgeschlossen;Maschinelles Lernen auf Sensordaten aus Bienenstöcken erkennt Anomalien und alarmiert Imker*innen rechtzeitig bei Notfällen.;BOB;CC-BY 4.0;https://correlaid.org/
https://correlaid.org/projekte/projektdatenbank/2019-11-WBD;Dashboard für das Tracking von Websitezugriffszahlen;Dashboard, Interaktives Dashboard, Monitoring, Web-App, Datenvisualisierung;Technologie, Verwaltung, Datenanalyse;;CorrelAid e.V.;Abgeschlossen;Wir bauen ein internes Dashboard, das Website-Zugriffszahlen zentral bündelt und die Analyse wichtiger Metriken auf einen Blick ermöglicht.;;CC-BY 4.0;https://correlaid.org/
https://correlaid.org/projekte/projektdatenbank/2019-11-ODA;Weiterbildungen im nachhaltigen Sektor fördern;Web-App, Dashboard;Umwelt, Klima, Klimaschutz;https://www.umweltprofis.ch/assessment;OdA Umwelt, CorrelAid e.V.;Abgeschlossen;Wer sich im Nachhaltigkeitsbereich weiterbilden will, verliert schnell den Überblick. Wir bauen eine durchsuchbare Datenbank mit Bewertungsfunktion für Qualifikationsangebote.;;CC-BY 4.0;https://correlaid.org/
https://correlaid.org/projekte/projektdatenbank/2020-01-KOM;Komunat - die Wirkung von Wahlentscheidungshilfen bei Kommunalwahlen;Bericht, Datenanalyse, Web-App, Datenvisualisierung, Interaktive Datenexploration, Wirkungsmessung;Wahlen, Demokratie, Politische Bildung, Stadt, Partizipation;https://youtu.be/JJoEJGc1eNc?t=2745;VOTO, CorrelAid e.V.;Abgeschlossen;Wir analysieren Nutzungsdaten des KOMUNAT, einer Wahlentscheidungshilfe für Kommunalwahlen, und zeigen, wie solche Tools Wahlverhalten beeinflussen können.;KOMUNAT;CC-BY 4.0;https://correlaid.org/
https://correlaid.org/projekte/projektdatenbank/2020-03-DEN;Wer ist interessiert an einem guten Leben im ländlichen Raum?;Umfrage, Bericht, Datenanalyse, Datenvisualisierung;Senioren, Gesundheit, Partizipation;https://www.berliner-zeitung.de/mensch-metropole/ein-herrenhaus-in-der-warteschleife-li.102754;Denk-mal-Kultur e.V., CorrelAid e.V.;Abgeschlossen;Wie gelingt selbstbestimmtes Altwerden auf dem Land? Wir befragen Bevölkerung und lokale Akteur*innen und liefern Erkenntnisse für Fundraising und Partnersuche.;;CC-BY 4.0;https://correlaid.org/
https://correlaid.org/projekte/projektdatenbank/2020-03-ERL;Interaktives Dashboard zur besseren Darstellung von Verschuldungsdaten;Web-App, Dashboard, Interaktives Dashboard, Datenvisualisierung, Automatisierung, Prozessautomatisierung, Open-Source;International, Transparenz, Open Data, Zivilgesellschaft, Wohlfahrt, Datenanalyse, Partizipation;https://github.com/CorrelAid/erlassjahr, https://erlassjahr.de/informieren/karte-ueberschuldete-staaten-weltweit/;Erlassjahr e.V., CorrelAid e.V.;Abgeschlossen;Erlassjahr.de setzt sich für faire Entschuldung ein. Wir bauen eine interaktive Weltkarte mit R und Shiny, die Verschuldungsdaten zugänglich macht.;;CC-BY 4.0;https://correlaid.org/
https://correlaid.org/projekte/projektdatenbank/2020-05-EYP;Anschauliche Aufbereitung von Umfragen zur Teilnehmerstruktur und dem Impact von Veranstaltungen;Datenanalyse, Bericht, Datenvisualisierung;Politische Bildung, Jugendarbeit, International, Evaluation, Datenanalyse;;European Youth Parliament, CorrelAid e.V.;Abgeschlossen;Das Europäische Jugendparlament will wissen, wie seine Events wirken. Wir analysieren Umfragedaten und visualisieren Teilnehmerprofile und Wirkungsindikatoren.;EYP;CC-BY 4.0;https://correlaid.org/
https://correlaid.org/projekte/projektdatenbank/2020-10-CIT;Netzwerkdynamiken in Citizen Science - Nutzer*innenverhalten auf der iNaturalist Plattform;Datenanalyse, Datenvisualisierung, Web-App, Dashboard, Open-Source;Bildung, Umwelt, Open Data, Nachhaltigkeit;https://github.com/correlaid-paris/citizen_science_inaturalist, https://youtu.be/JJoEJGc1eNc?t=3032, https://inaturalist-cnc.correlaid.org/, https://arxiv.org/abs/2112.02693, https://github.com/correlaid-paris/open_inaturalist_code;CorrelAid e.V.;Abgeschlossen;Wer nutzt iNaturalist und wie? Wir analysieren offene Daten der Citizen-Science-Plattform und zeigen, wie sich Nutzertypen und Interaktionsmuster über die Zeit entwickeln.;;CC-BY 4.0;https://correlaid.org/
https://correlaid.org/projekte/projektdatenbank/2020-11-MAR;Datenvisualisierungen für mehr Aufmerksamkeit für illegale Pushbacks;Datenvisualisierung, Datenanalyse, Bericht, Datenmanagement;Flucht und Migration, Menschenrechte, Geflüchtete;https://cms.correlaid.org/assets/0620a79e-e97d-45d8-aa16-a7b5867f40c3, https://youtu.be/JJoEJGc1eNc?t=222, https://cms.correlaid.org/assets/f804a3f2-e40c-4c04-9867-923c33865910;Mare Liberum, CorrelAid e.V.;Abgeschlossen;Mare Liberum dokumentiert illegale Pushbacks im Mittelmeer. Wir bereinigen ihre Datenbank und erstellen Visualisierungen, die das Thema sichtbarer machen.;Data4Good;CC-BY 4.0;https://correlaid.org/
https://correlaid.org/projekte/projektdatenbank/2021-02-CFE;Diversität erforschen - Visualisierung der Afrozensus Umfrage in R;R-Paket, Datenvisualisierung, Open-Source, Prozessautomatisierung, Bericht, Automatisierung, Datenanalyse;Antidiskriminierung, Integration, Menschenrechte, Chancengleichheit;https://afrozensus.de;Citizens for Europe, CorrelAid e.V.;Abgeschlossen;Der Afrozensus ist die größte Umfrage unter Menschen afrikanischer Abstammung in Deutschland. Wir entwickeln ein R-Paket, das Visualisierungen automatisiert und Datenexploration vereinfacht.;;CC-BY 4.0;https://correlaid.org/
https://correlaid.org/projekte/projektdatenbank/2021-03-HAC;Erstellung eines interaktiven Survey-Reports für die Hacklab Foundation, Ghana;Bericht, Datenvisualisierung, Webseite, Interaktive App, Reporting, Open Data, Dashboard;Ghana, Bildung, Jugendarbeit, Technologie, Internationale, Zivilgesellschaft, Partizipation;https://github.com/CorrelAid/hacklab-foundation, https://correlaid.github.io/hacklab-foundation/Developer-Census-2020-Report.html, https://github.com/Hacklab-Foundation/Developer-Census-2020, https://youtu.be/JJoEJGc1eNc?t=421;Hacklab Foundation, CorrelAid e.V.;Abgeschlossen;Die Hacklab Foundation in Ghana will ihre Developer Community besser verstehen. Wir analysieren Survey-Daten und machen sie in einem interaktiven Report für alle zugänglich.;;CC-BY 4.0;https://correlaid.org/
https://correlaid.org/projekte/projektdatenbank/2021-03-NAK;Ein Dashboard zur Steigerung der Motivation von ehrenamtlichen Tutor*innen;Dashboard, Web-App, Datenvisualisierung, Interaktives Dashboard;Bildung, Kinder- und Jugendhilfe, Soziale Arbeit, Chancengleichheit;https://github.com/CorrelAid/naklar.io;CorrelAid e.V.;Abgeschlossen;Eine Nachhilfeplattform braucht motivierte Ehrenamtliche. Wir bauen ein Dashboard, das Tutor*innen ihre Wirkung zeigt – von Schülerfeedback bis Lernfortschritt.;;CC-BY 4.0;https://correlaid.org/
https://correlaid.org/projekte/projektdatenbank/2021-04-KOB;R Wrapper für die KoboToolbox API;Open-Source, Prozessautomatisierung, Datenmanagement, Automatisierung;Humanitäre Hilfe, International, Technologie, Datenanalyse, Open Data;https://github.com/CorrelAid/kbtbr, https://correlaid.github.io/kbtbr/;CorrelAid e.V.;Abgeschlossen;Wir entwickeln ein R-Package, das den programmatischen Zugriff auf die KoboToolbox API ermöglicht und so Daten-Workflows für Feldforschung automatisiert.;;CC-BY 4.0;https://correlaid.org/
https://correlaid.org/projekte/projektdatenbank/2021-07-CGV;Matching-Algorithmus für die Vereinheitlichung von Ortsnamen in Verlustlisten des 1. Weltkrieges;Open-Source, Datenanalyse, Matching, Datenstandard;Kultur, Open Data;https://github.com/CorrelAid/compgen-ii-cgv/, https://github.com/CorrelAid/compgen-ii-cgv/wiki;Verein für Computergenealogie e.V., CorrelAid e.V.;Abgeschlossen;Millionen Datenpunkte von vor über 100 Jahren - wir helfen bei der Bereinigung für bessere offene Daten!;;CC-BY 4.0;https://correlaid.org/
https://correlaid.org/projekte/projektdatenbank/2021-07-SIL;Zeitersparnisse und verbesserte Wirkungskommunikation dank Automatisierung und Datenvisualisierungen;Datenvisualisierung, Web-App, Dashboard, Automatisierung, Prozessautomatisierung;Senioren, Soziale Arbeit, Wohlfahrt, Stadt;;Silbernetz e.V., CorrelAid e.V.;Abgeschlossen;Silbernetz e.V. wertet Anrufdaten jetzt automatisch aus. Ein Shiny-Dashboard macht die Wirkung der Telefonseelsorge sichtbar und spart dem Team wertvolle Zeit.;;CC-BY 4.0;https://correlaid.org/
https://correlaid.org/projekte/projektdatenbank/2021-10-CAR;Alleinerziehend und arbeitslos: Analyse von Daten der Allgemeinen Sozialberatung der Caritas;Explorative Analyse, Datenanalyse;Armut, Geschlechtergerechtigkeit, Soziale Arbeit, Chancengleichheit, Frauen;https://www.caritas.de/neue-caritas/heftarchiv/jahrgang2022/artikel/alleinerziehend-und-arbeitslos, https://github.com/CorrelAid/caritas-project;Deutscher Caritasverband e.V., Referat Soziale Lebenslagen und Solidarität, CorrelAid e.V.;Abgeschlossen;Wir analysieren Befragungsdaten der Caritas-Sozialberatung und zeigen: Alleinerziehende Mütter tragen ein besonders hohes Risiko für Langzeitarbeitslosigkeit.;;CC-BY 4.0;https://correlaid.org/
https://correlaid.org/projekte/projektdatenbank/2022-04-GEP;Python-Package für die GENESIS Datenbank;Open-Source, Datenanalyse, Datenvisualisierung, API, Datenbank, Datenmanagement;Open Data, Datenanalyse, Verwaltung;https://github.com/CorrelAid/pystatis;CorrelAid e.V.;Abgeschlossen;Wir entwickeln eine Python-Bibliothek, die den Zugriff auf GENESIS-Datenbanken der statistischen Ämter vereinheitlicht und für Analyse und Visualisierung optimiert.;;CC-BY 4.0;https://correlaid.org/
https://correlaid.org/projekte/projektdatenbank/2022-04-GER;R Wrapper for the Genesis API;Open-Source, Datenportal, Datenanalyse;Open Data, Datenanalyse;https://github.com/CorrelAid/restatis, https://cran.r-project.org/web/packages/restatis/index.html, https://correlaid.github.io/restatis/;CorrelAid e.V.;Abgeschlossen;Das R-Paket restatis macht Daten des Statistischen Bundesamtes leichter zugänglich und bringt GENESIS sowie die Zensus-Datenbank in ein einheitliches Interface.;restatis;CC-BY 4.0;https://correlaid.org/
https://correlaid.org/projekte/projektdatenbank/2022-04-LAU;Entwicklung eines interaktiven Fragebogens zur Verbesserung von Kinderschutzmaßnahmen im Sport;Web-App, Interaktiver Fragebogen, Dashboard;Gewalt, Sport, Kinder- und Jugendhilfe;https://laureus.shinyapps.io/Safeinsport-selfaudit/, https://www.laureus.de/international-safeguards-for-children-in-sport-laureus-sport-for-good-setzt-sich-aktiv-dafuer-ein-dass-der-sport-ein-sicherer-ort-fuer-jedes-kind-wird/;Laureus Sport For Good Germany, CorrelAid e.V.;Abgeschlossen;Laureus Sport for Good nutzt einen Kinderschutz-Fragebogen, den wir als mehrsprachige Web-App umsetzen – mit visueller Auswertung und passenden Empfehlungen.;;CC-BY 4.0;https://correlaid.org/
https://correlaid.org/projekte/projektdatenbank/2022-07-COP;Wo sollen neue Fahrradparkplätze in Paris entstehen? Unterstützung der Entscheidungsfindung mit offenen Daten;Web-App, Dashboard, Datenvisualisierung, Kartenanwendung, Open-Source;Stadtplanung, Mobilität, Nachhaltigkeit, Open Data, Umwelt, Verwaltung;https://github.com/CorrelAid/paris-bikes/, https://paris-bikes-wfiz3bgwsa-ew.a.run.app/;City of Paris, CorrelAid e.V.;Abgeschlossen;Wo braucht Paris neue Fahrradparkplätze? Wir kombinieren offene Daten zu Angebot und Nachfrage in einer interaktiven Karte, die der Stadtverwaltung bei der Standortwahl hilft.;;CC-BY 4.0;https://correlaid.org/
https://correlaid.org/projekte/projektdatenbank/2022-07-MIP;Aufbau eines Systems zur Bewertung der Bodenqualität durch maschinelles Lernen und Computer Vision;Maschinelles Lernen, Computer Vision, KI-Anwendung, Plattform, Datenanalyse;Ernährungssicherung, Landwirtschaft, Umweltschutz, Nachhaltigkeit, Klima;;CorrelAid e.V.;Unbekannt;Maschinelles Lernen und Computer Vision ermöglichen neue Wege zur Bodenanalyse. Wir entwickeln ein System, das Bodenqualität automatisiert bewertet.;;CC-BY 4.0;https://correlaid.org/
https://correlaid.org/projekte/projektdatenbank/2022-10-ETL;ETL Pipeline von Limesurvey zu einer Datenbank;Prozessautomatisierung, Datenbank, Datenmanagement, Datenanalyse;Umfrage, Datenanalyse, Verwaltung;;CorrelAid e.V.;Abgeschlossen;Umfragedaten aus Limesurvey landen oft in unübersichtlichen Exporten. Wir bauen eine automatisierte Pipeline, die sie direkt in eine Datenbank überführt.;;CC-BY 4.0;https://correlaid.org/
https://correlaid.org/projekte/projektdatenbank/2022-10-LCR;Datenfluss von R zu Metabase zu Google Docs: ein live-verbundener Berichtsworkflow;Open-Source, Prozessautomatisierung, Dashboard, Reporting, Datenvisualisierung;Datenanalyse, Open Data, Technologie, Verwaltung;https://github.com/CorrelAid/metabase-to-google, https://github.com/CorrelAid/DataToMetabase, https://cms.correlaid.org/assets/1c8e7346-2bc2-4ef8-ba25-dbfd863b2666;CorrelAid e.V.;Abgeschlossen;Wir entwickeln Software-Tools, die einen automatisierten Datenfluss von R über Metabase bis in Google Docs ermöglichen – für Berichte, die sich selbst aktualisieren.;;CC-BY 4.0;https://correlaid.org/
https://correlaid.org/projekte/projektdatenbank/2026-07-EDU;Datenerhebung und -auswertung vereinheitlichen für mehr Bildungsgerechtigkeit;Beratung, Datenerhebung, Datenmanagement, Datenanalyse, Wirkungsmessung, Datenvisualisierung, Prozessoptimierung;Jugendarbeit, Chancengleichheit, Demokratie, Partizipation, Soziale Arbeit;;Edunovo e.V., CorrelAid e.V.;Laufend;Edunovo ist ein junger, komplett ehrenamtlich getragener Verein auf Wachstumskurs – wir stellen sicher, dass die Entwicklung auch datentechnisch Schritt hält.;;CC-BY 4.0;https://correlaid.org/
https://correlaid.org/projekte/projektdatenbank/2026-09-CPU;Output-Monitoring für stärkeren gesellschaftlichen Zusammenhalt;Monitoring, Reporting;Vernetzung, Soziale Arbeit, Zivilgesellschaft, Partizipation;;Common Purpose, CorrelAid e.V.;Laufend;Common Purpose fehlt die Grundlage für datenbasierte Entscheidungen - wir setzen ein erstes Monitoring über die Outputs der verschiedenen Programme auf.;;CC-BY 4.0;https://correlaid.org/
https://huggingface.co/datasets/hiig-ai-lab/publicinterest-ai-projects/blob/main/Public%20Interest%20AI%20Projects%202024.xlsx;VFRAME;Computer Vision, Maschinelles Lernen, Forschung, KI Anwendung;Menschenrechte, Gewalt, Technologie, KI, Datenanalyse;https://vframe.io/;Adam Harvey and VFRAME.io;Unbekannt;Menschenrechtsforscher verlassen sich oft auf online geteilte Videos, um Kriegsverbrechen, Gräueltaten und Menschenrechtsverletzungen zu dokumentieren. Vframe nutzt Computer Vision, um diesen Prozess zu automatisieren, da es zu viel Material gibt, um es manuell zu sichten. VFRAME hat mit Mnemonic.org zusammengearbeitet, einer in Berlin ansässigen Organisation, die sich der Dokumentation von Kriegsverbrechen und Menschenrechtsverletzungen widmet, um Computer-Vision-Tools zur Bewältigung dieser Herausforderungen zu entwickeln. VFRAME wurde vom Prototypefund gefördert.;VFRAME;CC-BY 4.0;https://publicinterest.ai/
https://huggingface.co/datasets/hiig-ai-lab/publicinterest-ai-projects/blob/main/Public%20Interest%20AI%20Projects%202024.xlsx;defalsif-AI;Forschung, Maschinelles Lernen, Natural Language Processing, Computer Vision;Medienaufsicht, KI;https://www.ait.ac.at/themen/surveillance-protection/projects/defalsif-ai;AIT Austrian Institute of Technology;Abgeschlossen;Das Forschungsprojekt defalsif-AI entwickelt medienforensische Werkzeuge, die es Nutzern ermöglichen, eine erste Einschätzung der Glaubwürdigkeit von Text-, Bild-, Video- oder Audiomaterial im Internet vorzunehmen. Dabei wird künstliche Intelligenz eingesetzt. Das Projekt konzentriert sich insbesondere auf politisch motivierte Desinformation. Ziel ist es, ein valides Werkzeug zur Analyse digitaler Inhalte im Internet aufzuzeigen, das eine erste Bewertung der Glaubwürdigkeit und/oder Authentizität von Texten, Bildern, Videos oder Audio ermöglicht. Dies schafft die Grundlage für weitere Handlungsempfehlungen.;defalsif-AI;CC-BY 4.0;https://publicinterest.ai/
https://huggingface.co/datasets/hiig-ai-lab/publicinterest-ai-projects/blob/main/Public%20Interest%20AI%20Projects%202024.xlsx;I4C;Maschinelles Lernen, Simulation, Datenanalyse, Datenmanagement;Klimawandel, Umweltschutz, Stadtplanung, Stadt;https://www.meteo.uni-freiburg.de/de/forschung/I4C/i4c-intelligence-for-cities;Albert-Ludwigs-Universität Freiburg, Fraunhofer-Gesellschaft zur Förderung der angewandten Forschung e. V.;Unbekannt;Ziel von I4C ist es, die Anpassung von Städten an den Klimawandel durch eine Prozesskette von der Datenerhebung über die Analyse und Umweltprognose bis hin zu konkreten Maßnahmen zu verbessern. Der Lehrstuhl für Umweltmeteorologie ist mit zwei Teilprojekten an dem Vorhaben beteiligt. Diese sollen das Downscaling von thermischem Komfort und Stress auf lokaler, gebäudeaufgelöster Skala mittels KI sowie die Vorhersage von Sturmauswirkungen und Sturmschäden mittels Large Eddy Simulations (LES) und KI ermöglichen.;I4C;CC-BY 4.0;https://publicinterest.ai/
https://huggingface.co/datasets/hiig-ai-lab/publicinterest-ai-projects/blob/main/Public%20Interest%20AI%20Projects%202024.xlsx;Simba: AI-Powered Text Simplification;Natural Language Processing, Browser-Erweiterung, Web-App;;https://publicinterest.ai/tool/simba?lang=en;Alexander von Humboldt Insitut für Internet und Gesellschaft;Abgeschlossen;Simba reduziert die Komplexität deutscher Online-Texte unter Beibehaltung der Kernbotschaft. Unsere beiden Tools ersetzen lange Wörter durch kürzere Synonyme, kürzen Sätze und fügen Informationen zur Klärung des Kontextes hinzu. Dies wird durch unsere Web-App (Text-Vereinfacher) und Browser-Erweiterung erreicht, die ein KI-Modell nutzen.;Simba;CC-BY 4.0;https://publicinterest.ai/
https://huggingface.co/datasets/hiig-ai-lab/publicinterest-ai-projects/blob/main/Public%20Interest%20AI%20Projects%202024.xlsx;AI2 Climate Modeling;Open-Source Modellierung, Maschinelles Lernen, Simulation, Forschung;Umweltschutz, Klima, Klimawandel;https://allenai.org/climate-modeling;Allen Institute for Artificial Intelligence;Unbekannt;Es wird Open-Source-Software entwickelt, damit die breitere Klimamodellierungsgemeinschaft diese Fortschritte leicht übernehmen kann. Die Partnerschaft mit dem GFDL stellt sicher, dass die Arbeit auf dessen wertvoller Erfahrung aufbaut und schnellstmögliche Wirkung erzielt. Diese Zusammenarbeit bringt die Innovation des Teams mit der Klimamodellierungserfahrung und den Rechenressourcen des GFDL zusammen, um schnellere Effekte zu erzielen, die als Vorbild für andere Klimamodellierungszentren dienen können.;ACE;CC-BY 4.0;https://publicinterest.ai/
https://huggingface.co/datasets/hiig-ai-lab/publicinterest-ai-projects/blob/main/Public%20Interest%20AI%20Projects%202024.xlsx;Wildlands;Maschinelles Lernen, Datenerhebung, Datenanalyse, Datenbank, Reporting;Umweltschutz, Katastrophenschutz, Klima;https://allenai.org/wildlands;Allen Institute for Artificial Intelligence;Unbekannt;Bereitstellung von KI-gestützten Tools, die die Gesundheit und Widerstandsfähigkeit unserer Wildnisgebiete verbessern, indem sie das Brandmanagement unterstützen. Das Wildlands-Team arbeitet an einem Proof-of-Concept-Projekt, um maschinelles Lernen einzusetzen, um die Belastung für 1-, 10- und 100-Stunden-Brennstoffe in Kg/m2 anhand von Fotos zu schätzen, die mit einer Digitalkamera oder einem Mobiltelefon aufgenommen wurden. Dieses Projekt wird es jedem Förster mit einer Kamera ermöglichen, schnelle und genaue Schätzungen der Brennstoffbelastung zu melden, sodass Brandmanager, Brennstoffspezialisten und Forscher genauere Planungsvorhersagen treffen können. Dies ist Teil einer längerfristigen Vision, maschinelles Lernen zur Unterstützung vieler Aspekte des Brandmanagements in Wildnisgebieten einzusetzen.;Wildlands;CC-BY 4.0;https://publicinterest.ai/
https://huggingface.co/datasets/hiig-ai-lab/publicinterest-ai-projects/blob/main/Public%20Interest%20AI%20Projects%202024.xlsx;EarthRanger;Monitoring, Datenanalyse, Datenvisualisierung, Web-App, Plattform, Karten, Dashboard;Umweltschutz, Verwaltung;https://www.earthranger.com;Allen Institute for Artificial Intelligence;Unbekannt;EarthRanger ist eine Softwarelösung, die Manager von Schutzgebieten, Ökologen und Wildtierbiologen dabei unterstützt, fundiertere operative Entscheidungen für den Wildtierschutz zu treffen. EarthRanger sammelt, integriert und visualisiert alle historischen und verfügbaren Fernerkundungsdaten und kombiniert sie mit Berichten aus dem Feld, um eine einheitliche Sicht auf besenderte Wildtiere, Ranger, Einsatzkräfte und Infrastruktur innerhalb eines Schutzgebiets zu bieten.;EarthRanger;CC-BY 4.0;https://publicinterest.ai/
https://huggingface.co/datasets/hiig-ai-lab/publicinterest-ai-projects/blob/main/Public%20Interest%20AI%20Projects%202024.xlsx;Skylight;Maschinelles Lernen, Open-Source, API, Monitoring, Interaktive Karte, Datenanalyse, Datenvisualisierung;Umweltschutz, Nachhaltigkeit;https://www.skylight.global;Allen Institute for Artificial Intelligence;Unbekannt;"Skylight hilft dabei, die maritime Transparenz zu verbessern und liefert verwertbare Informationen zum Schutz unserer Ozeane. Die Funktionen von Skylight ermöglichen die Durchsetzung von Seerechtsgesetzen durch: Identifizierung von Eindringen oder Verweilen kommerzieller Fischereifahrzeuge in oder nahe Meeresschutzgebieten; Aufzeigen von Stellen, an denen Umladungen von Fisch oder anderen Gütern stattfinden könnten, insbesondere nahe oder in den ausschließlichen Wirtschaftszonen eines Landes; Verfolgung von Netzwerken und Unterstützern illegaler Aktivitäten, wie z. B. Schiffen, die andere illegale Fischereifahrzeuge betanken.";Skylight;CC-BY 4.0;https://publicinterest.ai/
https://huggingface.co/datasets/hiig-ai-lab/publicinterest-ai-projects/blob/main/Public%20Interest%20AI%20Projects%202024.xlsx;Mit KI kinderleicht zum Kindergeld;Web-App;Kinder- und Jugendhilfe;https://www.hamburg.de/kinderleicht-zum-kindergeld/;Amt für IT und Digitalisierung in der Senatskanzlei der Freien und Hansestadt Hamburg, Fraunhofer Institut;Unbekannt;Eltern sind gesetzlich verpflichtet, dem Standesamt in den ersten Tagen nach der Geburt ihres Kindes Informationen zur Beurkundung zur Verfügung zu stellen, um den Namen festzulegen und damit die erste formale Voraussetzung für den Erhalt von Elterngeld und Kindergeld zu erfüllen. Das System vereinfacht diesen Prozess, da es als natürliches Sprachsystem darauf ausgelegt ist, Sprachbarrieren abzubauen und den Antragsprozess zu unterstützen.;;CC-BY 4.0;https://publicinterest.ai/
https://huggingface.co/datasets/hiig-ai-lab/publicinterest-ai-projects/blob/main/Public%20Interest%20AI%20Projects%202024.xlsx;KIKI (KI-basierte Kanalinstandhaltung);Maschinelles Lernen;Wasserversorgung;https://www.aws-institut.de/research/kiki-ki-basierte-kanalinstandhaltung/;August Wilhelm Scheer Institut für digitale Produkte und Prozesse gGmbH;Unbekannt;Ziel von KIKI ist es, die Inspektionsverfahren für die Instandhaltung von Abwasserkanälen mit KI-Methoden anzureichern, sodass eine automatische Schadenserkennung auf Basis von Bilddaten möglich ist.;KIKI;CC-BY 4.0;https://publicinterest.ai/
https://huggingface.co/datasets/hiig-ai-lab/publicinterest-ai-projects/blob/main/Public%20Interest%20AI%20Projects%202024.xlsx;TOP.KI (text optimisation using artificial intelligence);;;https://www.tmdt.uni-wuppertal.de/en/research/research-projects/hws-40-1/;Bergi­sche Uni­ver­sität Wupper­tal, Insti­tut für Text­op­timierung, Halle, Saale, Zen­tral-Fach­aus­schuss Berufs­bildung Druck und Medien, Berufs­bildungs­werke Ober­lin­haus Potsdam und Lei­pzig, deep­sight GmbH Osna­brück;Laufend;Das Projektteam TOP.KI will zu mehr Chancengleichheit bei Prüfungen beitragen. Gemeinsam werden die Beteiligten ein Übersetzungstool entwickeln, erproben und evaluieren, das mit Unterstützung künstlicher Intelligenz die Erstellung von Prüfungsfragen in leicht verständlicher Sprache erleichtert. Die mit diesem Tool erstellten Fragen und Texte sollen für Prüflinge leichter verständlich sein, während Inhalt und Schwierigkeitsgrad gleich bleiben. Diese Übersetzung in einfache Sprache soll dazu beitragen, dass Prüfungsergebnisse primär das Fach- und Anwendungswissen widerspiegeln und nicht die Textverständniskompetenz der Auszubildenden.;TOP.KI;CC-BY 4.0;https://publicinterest.ai/
https://huggingface.co/datasets/hiig-ai-lab/publicinterest-ai-projects/blob/main/Public%20Interest%20AI%20Projects%202024.xlsx;biaslyze - The NLP bias identification toolkit;Open-Source, Maschinelles Lernen, Natural Language Processing, Datenanalyse, Reporting, Dashboard, API;Ethik, Antidiskriminierung;https://biaslyze.org/;Biaslyze;Abgeschlossen;Biaslyze ist ein Python-Paket, das den Einstieg in die Analyse von Bias in NLP-Modellen erleichtert und einen konkreten Ansatzpunkt für weitere Folgenabschätzungen und Minderungsmaßnahmen bietet. Die Toolbox bietet einen aufwandsarmen Ansatz für Bias-Tests in NLP-Anwendungsfällen unter Verwendung von kontrafaktischen Bewertungsmethoden. Alle Textklassifizierungsmodelle mit Wahrscheinlichkeitsausgabe werden unterstützt.;biaslyze;CC-BY 4.0;https://publicinterest.ai/
https://huggingface.co/datasets/hiig-ai-lab/publicinterest-ai-projects/blob/main/Public%20Interest%20AI%20Projects%202024.xlsx;Chatbot Familie;;;https://digitalstrategie-deutschland.de/digitale-familienassistenten/;BMFSFJ;Abgeschlossen;Der Chatbot soll die Informationssuche der Nutzer optimieren und individuelle Informationen schneller als bisher bereitstellen.;;CC-BY 4.0;https://publicinterest.ai/
https://huggingface.co/datasets/hiig-ai-lab/publicinterest-ai-projects/blob/main/Public%20Interest%20AI%20Projects%202024.xlsx;DC2HEAT;KI Anwendung, Maschinelles Lernen, Datenanalyse;Energie, Klima, Umweltschutz, Klimaschutz, Stadt;https://www.borderstep.de/projekte/dc2heat/;Borderstep Institut;Unbekannt;Umsetzung der Erkenntnisse aus dem vorangegangenen Projekt DC-HEAT. Ziel ist die Schaffung eines KI-Leuchtturms für die Abwärmenutzung aus Rechenzentren am Beispiel Frankfurt. DC2HEAT soll dazu beitragen, dass die dynamisch wachsende Rechenzentrumsinfrastruktur klimafreundlich betrieben werden kann.;DC2HEAT;CC-BY 4.0;https://publicinterest.ai/
https://huggingface.co/datasets/hiig-ai-lab/publicinterest-ai-projects/blob/main/Public%20Interest%20AI%20Projects%202024.xlsx;AI-Chatbot for political discourse ;;;https://www.pnas.org/doi/full/10.1073/pnas.2311627120;Brigham Young University, Duke University, University of Washington;Laufend;Es wurde ein KI-Chat-Assistent entwickelt, der als skalierbarer Echtzeit-Moderator in spaltenden politischen Gesprächen fungiert. Der Assistent macht maßgeschneiderte Vorschläge zur Umformulierung spezifischer Texte im Verlauf einer Live-Online-Diskussion, ohne den politischen Inhalt oder die eingenommene Position in den Nachrichten grundlegend zu beeinflussen.;;CC-BY 4.0;https://publicinterest.ai/
https://huggingface.co/datasets/hiig-ai-lab/publicinterest-ai-projects/blob/main/Public%20Interest%20AI%20Projects%202024.xlsx;Erkennung von Studienbescheinigungen für Kindergeld;Bericht, KI-Anwendung;Verwaltung;https://www.oeffentliche-it.de/documents/10181/14412/KI+im+Beh%C3%B6rdeneinsatz+-+Erfahrungen+und+Empfehlungen;Bundesagentur für Arbeit;Unbekannt;Die Prüfung von Immatrikulationsbescheinigungen für die Genehmigung von Kindergeld soll automatisiert und damit schneller und weniger arbeitsintensiv erfolgen.;;CC-BY 4.0;https://publicinterest.ai/
https://huggingface.co/datasets/hiig-ai-lab/publicinterest-ai-projects/blob/main/Public%20Interest%20AI%20Projects%202024.xlsx;Tech4Nature México;Maschinelles Lernen, Computer Vision, Datenvisualisierung, Dashboard, Open-Source, Monitoring, KI Anwendung;Umweltschutz, Klimawandel;https://www.forclimate.ai/tech4nature ;C Minds;Unbekannt;Stärkung effektiver Monitoring-Praktiken für den Schutz des Jaguars und seiner Beutetiere sowie Vertiefung des Verständnisses der Auswirkungen des Klimawandels in prioritären Ökosystemen an der Nordküste der Halbinsel Yucatan durch die Installation eines ganzheitlichen und kontinuierlichen Monitoring-Systems. Dieses besteht aus einem Netzwerk von Kamerafallen und der Entwicklung offener Algorithmen zur Erkennung und Identifizierung von Jaguaren. Mit 20 Kameras und 60 akustischen Überwachungsgeräten (Audiomoths) überwachen wir die biologische Vielfalt im Reservat Dzilam de Bravo, um Arten in der Region zu identifizieren. Mit den Huawei Cloud Artificial Intelligence Plattformen werden die gesammelten Daten analysiert, um Jaguare und andere Schirmarten zu klassifizieren und zu identifizieren.;;CC-BY 4.0;https://publicinterest.ai/
https://huggingface.co/datasets/hiig-ai-lab/publicinterest-ai-projects/blob/main/Public%20Interest%20AI%20Projects%202024.xlsx;Neverending-Altruistic-Donor Initiative (NEAD);;;https://www.cs.cmu.edu/~conitzer/kidneyAAAI18.pdf;Carnegie Mellon University;Unbekannt;Der Kettenalgorithmus der Initiative „Neverending Altruistic Donor“ (NEAD), entwickelt von Prof. Tuomas Sandholm, wird wöchentlich vom United Network for Organ Sharing (UNOS) für deren Nierentausch verwendet. Er gewann in diesem Jahr den „AAAI for the Benefit of Humanity“ Award.;NEAD;CC-BY 4.0;https://publicinterest.ai/
https://huggingface.co/datasets/hiig-ai-lab/publicinterest-ai-projects/blob/main/Public%20Interest%20AI%20Projects%202024.xlsx;Kidney Donation Algorithm;Datenanwendung für Öffentlichkeit, Matching, Optimierung, Datenvisualisierung, Web-App;Gesundheit, Medizin;https://www.cs.cmu.edu/news/2010/organ-network-uses-carnegie-mellon-algorithm-match-live-kidney-donors-recipients;Carnegie Mellon University;Unbekannt;Ein an der Carnegie Mellon University entwickelter Computeralgorithmus vermittelte Ende letzten Monats lebende Nierenspender an medizinisch kompatible Transplantationskandidaten, als das nationale Organbeschaffungs- und Transplantationsnetzwerk (OPTN), betrieben vom United Network for Organ Sharing (UNOS), ein nationales Pilotprogramm startete, um die Anzahl der Nieren-Paarspende-Transplantationen (KPD) zu erhöhen.;;CC-BY 4.0;https://publicinterest.ai/
https://huggingface.co/datasets/hiig-ai-lab/publicinterest-ai-projects/blob/main/Public%20Interest%20AI%20Projects%202024.xlsx;vera.ai;KI-Anwendung, Datenanalyse, Verifizierung, Künstliche Intelligenz;Medienaufsicht, Desinformation, Digitale Manipulation, Künstliche Intelligenz;https://www.veraai.eu/home;CERTH;Unbekannt;vera.ai ist ein Forschungs- und Entwicklungsprojekt, das sich auf die Analyse von Desinformation sowie KI-gestützte Verifizierungs-Tools und -Dienste konzentriert.;vera.ai;CC-BY 4.0;https://publicinterest.ai/
https://huggingface.co/datasets/hiig-ai-lab/publicinterest-ai-projects/blob/main/Public%20Interest%20AI%20Projects%202024.xlsx;CRTX;;;https://crtx.ai/project/;circular.fashion, TU Berlin, FU Berlin;Unbekannt;Ziel ist es, die Lücke zwischen der Alttextilsammlung und der gezielten Sortierung für Second-Hand- und Faser-zu-Faser-Recycling mittels KI-gestützter Spektroskopie und Bildanalyse zu schließen und so einen kontinuierlichen Stoffkreislauf zu ermöglichen.;CRTX;CC-BY 4.0;https://publicinterest.ai/
https://huggingface.co/datasets/hiig-ai-lab/publicinterest-ai-projects/blob/main/Public%20Interest%20AI%20Projects%202024.xlsx;Bike Angels;;;https://ride.citibikenyc.com/blog/rebalancing-the-citi-bike-system;Citibike (provided by lyft);Unbekannt;In Zusammenarbeit mit dem New Yorker Bike-Sharing-Anbieter Citi Bike haben Forschende eine Anwendung entwickelt, mit der Fahrradstationen gezielter „aufgefüllt“ werden können, sodass Kunden stets Zugriff auf Fahrräder haben.;Bike Angels;CC-BY 4.0;https://publicinterest.ai/
https://huggingface.co/datasets/hiig-ai-lab/publicinterest-ai-projects/blob/main/Public%20Interest%20AI%20Projects%202024.xlsx;QTrees ;Web-App, Datenvisualisierung, Open Data;Stadtplanung, Umweltschutz;https://citylab-berlin.org/de/projects/qtrees/ sowie https://qtrees.ai/;CityLab Berlin, Technologiestiftung Berlin;Abgeschlossen;Das Konsortium „Quantified Trees“ (kurz QTrees) zielt darauf ab, dem Baumsterben langfristig entgegenzuwirken, indem ein durch künstliche Intelligenz (KI) unterstütztes Vorhersagesystem entwickelt wird, das anhand einer Vielzahl von Daten akut trockenheitsgefährdete Stadtbäume frühzeitig identifiziert.;QTrees ;CC-BY 4.0;https://publicinterest.ai/
https://huggingface.co/datasets/hiig-ai-lab/publicinterest-ai-projects/blob/main/Public%20Interest%20AI%20Projects%202024.xlsx;Climate TRACE;Datenportal, Monitoring, Reporting, Datenanalyse, Datenvisualisierung;Umweltschutz, Klimaschutz, Umwelt;https://climatetrace.org/;Climate TRACE;Abgeschlossen;Climate TRACE ist eine gemeinnützige Koalition von Organisationen, die eine zeitnahe, offene und zugängliche Bestandsaufnahme darüber erstellen, wo genau Treibhausgasemissionen entstehen. Wir machen aussagekräftigen Klimaschutz schneller und einfacher, indem wir Technologie nutzen, um Treibhausgasemissionen (THG) mit beispielloser Detailgenauigkeit und Geschwindigkeit zu verfolgen und Informationen bereitzustellen, die für alle Parteien relevant sind, die auf das Ziel von Netto-Null-Emissionen hinarbeiten.;Climate TRACE;CC-BY 4.0;https://publicinterest.ai/
https://huggingface.co/datasets/hiig-ai-lab/publicinterest-ai-projects/blob/main/Public%20Interest%20AI%20Projects%202024.xlsx;ZuSiNa;KI Anwendung, Maschinelles Lernen, Empfehlungssystem, Web-App, Plattform;Umweltschutz, Klima, Nachhaltigkeit, Verbraucherschutz;https://www.z-u-g.org/foerderung/ki-leuchttuerme-fuer-umwelt-klima-natur-und-ressourcen/projekt/zusina/;ConPolicy GmbH, Deutsches Forschungszentrum für Künstliche Intelligenz GmbH, Fraunhofer-Gesellschaft zur Förderung der angewandten Forschung e.V.;Unbekannt;Besserer Zugang und Sichtbarkeit von Nachhaltigkeitsinformationen im Online-Handel durch künstliche Intelligenz.;ZuSiNa;CC-BY 4.0;https://publicinterest.ai/
https://huggingface.co/datasets/hiig-ai-lab/publicinterest-ai-projects/blob/main/Public%20Interest%20AI%20Projects%202024.xlsx;Chatbot Bobbi;;;https://service.berlin.de/chatbot/chatbot-bobbi-606279.php;DAI-Labor der TU Berlin in Kooperation mit ITDZ Berlin;Unbekannt;„Bobbi“ ist ein mehrsprachiger Chatbot für Fragen rund um die Berliner Verwaltung. Er beherrscht neun Sprachen und basiert auf DeepL.;Bobbi;CC-BY 4.0;https://publicinterest.ai/
https://huggingface.co/datasets/hiig-ai-lab/publicinterest-ai-projects/blob/main/Public%20Interest%20AI%20Projects%202024.xlsx;Frag nach! – Die interaktiven Zeitzeugnisse von Inge Auerbacher und Kurt S. Maier;Web-App, Interaktive App, Webseite;Kultur, Bildung;https://fragnach.org/;Deutsche Exilarchiv 1933-1945 (Deutsche Nationalbibliothek), USC Shoah Foundation - The Institute for Visual History and Education;Laufend;Seit September 2023 zeigt das Deutsche Exilarchiv 1933–1945 die Ausstellung „Frag nach! Digitale interaktive Interviews mit Inge Auerbacher und Kurt S. Maier“, die den Lebensgeschichten und Erinnerungen der Zeitzeugen Inge Auerbacher und Kurt S. Maier gewidmet ist. Das Exilarchiv erprobt eine neue Form des digitalen Zeugnisses, die darauf abzielt, die Möglichkeit der Befragung von Zeitzeugen für die Zukunft zu bewahren. Besucher der Ausstellung können bereits in einen Dialog mit dem digitalen interaktiven Interview mit Kurt S. Maier treten. Eine Spracherkennungssoftware wandelt die mündlichen Fragen in Textdaten um. Mittels natürlicher Sprachverarbeitung werden die Fragen mit dem Inhalt einer Datenbank abgeglichen. Anschließend wird die passende Antwortsequenz abgespielt.;Frag nach!;CC-BY 4.0;https://publicinterest.ai/
https://huggingface.co/datasets/hiig-ai-lab/publicinterest-ai-projects/blob/main/Public%20Interest%20AI%20Projects%202024.xlsx;"Caritas ""Lernende Systeme in der Beratung""";Plattform, Web-App, Beratung, Datenanalyse, Maschinelles Lernen, Wissensmanagement, Vernetzung;Soziale Arbeit, Flucht und Migration;https://www.caritas-digital.de/projekte/lernende-systeme-in-der-beratung/;Deutscher Caritasverband e.V.;Unbekannt;CariFIX ist eine webbasierte Plattform, über die sich Caritas-Berater vernetzen und zu spezifischen Fragen aus ihrem Arbeitsalltag austauschen können – deutschlandweit.;CariFIX;CC-BY 4.0;https://publicinterest.ai/
https://huggingface.co/datasets/hiig-ai-lab/publicinterest-ai-projects/blob/main/Public%20Interest%20AI%20Projects%202024.xlsx;PlasticObs_plus;Datenportal, Datenanwendung für Öffentlichkeit, Interaktiver Fragebogen, Karten, Datenvisualisierung, Web-App;Umweltschutz, Klima, Klimaschutz, Umwelt;https://www.plasticobs.de/   https://www.z-u-g.org/foerderung/ki-leuchttuerme-fuer-umwelt-klima-natur-und-ressourcen/projekt/plasticobs-plus/;Deutsches Forschungszentrum für Künstliche Intelligenz GmbH, OPTIMARE Systems GmbH, Jade Hochschule Wilhelmshaven, Oldenburg, Elsflet, everwave GmbH;Unbekannt;Plastikmüll im Meer aus der Luft erkennen: Das Projekt „PlasticObs_plus“ zielt darauf ab, Quellen und Verteilungswege von Plastikmüll mithilfe von Luftfahrzeugen und KI zu identifizieren.;Plasticobs;CC-BY 4.0;https://publicinterest.ai/
https://huggingface.co/datasets/hiig-ai-lab/publicinterest-ai-projects/blob/main/Public%20Interest%20AI%20Projects%202024.xlsx;AuSeSol_AI;Künstliche Intelligenz, Energieerzeugung, Klimaschutz, Umweltschutz;Umweltschutz, Klimaschutz, Energie;https://www.z-u-g.org/foerderung/ki-leuchttuerme-fuer-umwelt-klima-natur-und-ressourcen/projekt/ausesol-ai/;Deutsches Zentrum für Luft- und Raumfahrt e.V. (DLR), Concentrating Solar Power España S.L (CSPS), Industrial Solar GmbH, Technische Universität München, Forschungszentrum Jülich GmbH, fortiss GmbH;Unbekannt;KI-Methoden für die Wärme- und Stromerzeugung mit solarthermischen Kollektorsystemen.;AuSeSol_AI;CC-BY 4.0;https://publicinterest.ai/
https://huggingface.co/datasets/hiig-ai-lab/publicinterest-ai-projects/blob/main/Public%20Interest%20AI%20Projects%202024.xlsx;Smart Recycling;Datenanwendung, KI-Anwendung, Maschinelles Lernen;Umweltschutz, Klimaschutz, Recycling;https://robotik.dfki-bremen.de/de/forschung/projekte/smartrecycling-up/ https://www.z-u-g.org/foerderung/ki-leuchttuerme-fuer-umwelt-klima-natur-und-ressourcen/projekt/smart-recycling-up/;DFKI Bremen;Unbekannt;KI-basierte Methoden zur automatischen Sortierung großer Abfallstücke.;SmartRecyclingUP;CC-BY 4.0;https://publicinterest.ai/
https://huggingface.co/datasets/hiig-ai-lab/publicinterest-ai-projects/blob/main/Public%20Interest%20AI%20Projects%202024.xlsx;MBAZA A.I CHATBOT ;Chatbot, KI-Anwendung, Natural Language Processing;Internationale, Geschlechtergerechtigkeit, Bildung;https://digitalumuganda.com/chatbot/;Digital Umuganda, GIZ;Unbekannt;Dies ist ein Regierungs-Chatbot in der Landessprache (Sprache und Text), über den Bürger Zugangsinformationen und Unterstützung erhalten sowie Feedback geben können. Darüber hinaus werden „Kontaminationsfälle über diese Schnittstelle verfolgt“. Ziel ist es, Zugangs- und Alphabetisierungsbarrieren zu überwinden.;MBAZA A.I;CC-BY 4.0;https://publicinterest.ai/
https://huggingface.co/datasets/hiig-ai-lab/publicinterest-ai-projects/blob/main/Public%20Interest%20AI%20Projects%202024.xlsx;RBC-Mbaza Chatbot;Chatbot, Open-Source, Datenanwendung für Öffentlichkeit, Information Retrieval, Datenvisualisierung;Gesundheit, Internationale, Afrika, Klimawandel, Umwelt;https://international-partnerships.ec.europa.eu/policies/programming/projects/mbaza-chatbot-giving-access-covid-19-information-throughout-rwanda_en;Digital Umuganda, GIZ Digital Transformation Center;Abgeschlossen;Was soll ich tun, wenn ich Fieber habe? Woran erkenne ich, ob ich das Coronavirus habe? Der „RBC-Mbaza Chatbot“ hat die Antworten. Er berät bei Fragen zum Coronavirus, informiert über Symptome und Prävention – und wird dabei immer besser. Denn der Chatbot basiert auf künstlicher Intelligenz. Wenn Ruander ihn nutzen, erhalten sie nicht nur verlässliche Antworten, sondern das System lernt auch dazu, indem es sich hilfreiche Antworten und häufig gestellte Fragen merkt und diese entsprechend verknüpft. Der Chatbot baut auf bestehenden Informationssystemen in Ruanda auf, darunter Datenbanken des Biomedical Center und der Rwanda Information Society Authority.;RBC-Mbaza;CC-BY 4.0;https://publicinterest.ai/
https://huggingface.co/datasets/hiig-ai-lab/publicinterest-ai-projects/blob/main/Public%20Interest%20AI%20Projects%202024.xlsx;NiMo – Nitrat-Monitoring 4.0;;;https://nimo-projekt.de/;Disy Informationssysteme GmbH, Fraunhofer IOSB, Karlsruher Institut für Technologie (KIT) (Abteilung Hydrogeologie), TZW: DVGW-Technologiezentrum Wasser;Unbekannt;Das intelligente System zur nachhaltigen Reduzierung von Nitrat im Grundwasser soll mithilfe von KI den Anteil von Nitrat im Grundwasser vorhersagen und so eine angemessene Reaktion und Prävention ermöglichen.;NiMo;CC-BY 4.0;https://publicinterest.ai/
https://huggingface.co/datasets/hiig-ai-lab/publicinterest-ai-projects/blob/main/Public%20Interest%20AI%20Projects%202024.xlsx;Zamba;Computer Vision, Maschinelles Lernen, Datenanalyse;Umweltschutz, Wildtierconservation;https://zamba.drivendata.org/;DrivenData;Unbekannt;Zamba ist das Ergebnis eines Wettbewerbs von DrivenData, bei dem Computer Vision zur Analyse von Wildtierkamera-Videos eingesetzt wird. So können beispielsweise typische Fehlauslösungen ohne erkennbare Tiere oder durch Menschen ausgelöste Bilder herausgefiltert und Tierarten erkannt werden. Das bereitgestellte Modell ist in der Lage, 31 typischerweise in Zentral- und Westafrika vorkommende Tierarten sowie 10 westeuropäische Tierarten zu erkennen.;ZAMBA;CC-BY 4.0;https://publicinterest.ai/
https://huggingface.co/datasets/hiig-ai-lab/publicinterest-ai-projects/blob/main/Public%20Interest%20AI%20Projects%202024.xlsx;Earth Species Project;Maschinelles Lernen, KI-Anwendung, Natural Language Processing, Datenanalyse;Umweltschutz, Tierschutz, Nachhaltigkeit;https://www.earthspecies.org/;Earth Species Project (ESP);Unbekannt;Das Earth Species Project (ESP) ist ein gemeinnütziges Forschungslabor und eine Impact-Organisation, die sich darauf konzentriert, künstliche Intelligenz einzusetzen, um unser Verständnis der tierischen Kommunikation zu vertiefen und letztlich nicht-menschliche Sprachen zu entschlüsseln.;Earth Species Project;CC-BY 4.0;https://publicinterest.ai/
https://huggingface.co/datasets/hiig-ai-lab/publicinterest-ai-projects/blob/main/Public%20Interest%20AI%20Projects%202024.xlsx;OTT;KI-Anwendung, Erfolgsgeschichte;Öffentlicher Sektor;https://nortal.com/de/einblicke/ott-eine-ki-gestutzte-erfolgsgeschichte-im-offentlichen-sektor/;Estonia Unemployment Insurance Fund;Unbekannt;Vor zwei Jahren hat die estnische Regierung potenzielle Probleme erarbeitet, die durch den Einsatz von KI gelöst werden könnten. Im Oktober 2020 ging das EUIF-Entscheidungsunterstützungstool für Berater (kurz OTT) live. Das OTT-System ist ein Werkzeug, das Beratern der Arbeitslosenversicherung hilft, schnell und effektiv Daten über eine arbeitslose Person (d. h. den Kunden) zu sammeln und zu analysieren. Gleichzeitig ist es möglich, die wirtschaftliche Lage zu berücksichtigen und die Chancen auf eine neue Stelle datengestützt und automatisiert vorherzusagen. OTT setzt auf den Einsatz von künstlicher Intelligenz. Genauer gesagt auf das maschinelle Lernmodell „Random Forest“, das auf Basis von Arbeitslosendaten der letzten fünf Jahre trainiert und getestet wurde. Basierend auf diesem spezifischen Modell sowie 60 verschiedenen Attributen und Indikatoren wird jede arbeitslose Person bewertet und ihre Chancen auf eine neue Stelle berechnet.;OTT;CC-BY 4.0;https://publicinterest.ai/
https://huggingface.co/datasets/hiig-ai-lab/publicinterest-ai-projects/blob/main/Public%20Interest%20AI%20Projects%202024.xlsx;"MAMMOth ""Multi-Attribute, Multimodal Bias Mitigation in AI Systems""";KI-Anwendung, Forschung, Maschinelles Lernen;Klima, Umweltschutz, Nachhaltigkeit;https://mammoth-ai.eu/;ETHNIKO KENTRO EREVNAS KAI TECHNOLOGIKIS ANAPTYXIS (CERTH);Unbekannt;Das EU-geförderte Projekt MAMMOth bekämpft KI-Bias, indem es sich auf die Minderung von Mehrfachdiskriminierung bei tabellarischen, Netzwerk- und multimodalen Daten konzentriert. In Zusammenarbeit mit Informatik- und KI-Experten wird das Projekt Werkzeuge für eine fairnessorientierte KI entwickeln, die die Rechenschaftspflicht in Bezug auf geschützte Merkmale wie Geschlecht, Rasse und Alter sicherstellen. Das Projekt wird auch Gemeinschaften schutzbedürftiger und/oder unterrepräsentierter Gruppen in die KI-Forschung einbeziehen, um sicherzustellen, dass die Bedürfnisse und Probleme der Nutzer tatsächlich im Mittelpunkt der Agenda stehen. Endziel ist die Entwicklung von Pilotprojekten für Finanz-/Kreditanträge, Identitätsprüfung und akademische Evaluierung.;MAMMOTH;CC-BY 4.0;https://publicinterest.ai/
https://huggingface.co/datasets/hiig-ai-lab/publicinterest-ai-projects/blob/main/Public%20Interest%20AI%20Projects%202024.xlsx;Claudette Tool ;Web-App, Analyse von Sensordaten, Natural Language Processing;Antidiskriminierung, Recht;http://claudette.eui.eu/demo/;European University Institute: Law Department, (led by professors Giovanni Sartor and Hans-W. Micklitz) & engineers from University of Bologna and University of Modena and Reggio Emilia;Unbekannt;CLAUDETTE ist ein Tool, das KI nutzt, um potenziell unfaire Vertragsklauseln in Verbraucherverträgen und Datenschutzerklärungen zu identifizieren. Dabei kommen grammatikbasierte Ansätze zum Einsatz. Nutzer können Verträge innerhalb weniger Minuten per Copy-Paste prüfen lassen.;CLAUDETTE;CC-BY 4.0;https://publicinterest.ai/
https://huggingface.co/datasets/hiig-ai-lab/publicinterest-ai-projects/blob/main/Public%20Interest%20AI%20Projects%202024.xlsx;EyeCaptain ;Open-Source, Barrierefrei, Apps, Kommunikation, Soziale Arbeit;Barrierefreiheit, Inklusion, Gesundheit, Soziale Arbeit;https://eyecaptain.de/;EyeCaptain e.V.;Unbekannt;Kostenlose App, mit der andere Apps über Augenbewegungen gesteuert werden können. EyeCaptain nutzt Eye-Tracking, eine Technologie, mit der gemessen werden kann, welcher Bereich des Bildschirms betrachtet wird. Eine Infrarotkamera am Endgerät, z. B. dem Tablet, erkennt die Pupillen. Die Steuerung basiert dann auf den Bewegungen der Augen: Wenn man beispielsweise ein App-Icon länger betrachtet, öffnet sich die App.;EyeCaptain;CC-BY 4.0;https://publicinterest.ai/
https://huggingface.co/datasets/hiig-ai-lab/publicinterest-ai-projects/blob/main/Public%20Interest%20AI%20Projects%202024.xlsx;K1:STE – KI System für Erdsystemdaten;KI-Anwendung, E-Learning, Plattform, Forschung, Datenanalyse, Maschinelles Lernen, Umweltdaten;Umweltschutz, Klima, Klimaschutz, Wasser, Luftqualität, Vegetation;https://kiste-project.de/home-de/;Forschungszentrum Jülich GmbH;Unbekannt;Ziel des Projekts ist es, die Analyse von Umweltdaten zu verbessern. Im Zuge dessen sollen zwei Plattformen entwickelt werden: Einerseits eine Plattform, die Datensätze und KI-Analysetools bereitstellt, und andererseits eine Plattform, die als Lernplattform für die Anwendung von KI-Tools dienen soll. Gesamtziel ist es, die Vorhersage bestimmter Wetterphänomene und deren Auswirkungen – z. B. Wolken und die Erzeugung von Solarstrom – zu erleichtern.;KI:STE;CC-BY 4.0;https://publicinterest.ai/
https://huggingface.co/datasets/hiig-ai-lab/publicinterest-ai-projects/blob/main/Public%20Interest%20AI%20Projects%202024.xlsx;KISTE;KI-Anwendung, Datenportal, Plattform, Forschung, Open Source;Umweltschutz, Klimaschutz, Klimawandel, Umwelt, Nachhaltigkeit;https://www.z-u-g.org/foerderung/ki-leuchttuerme-fuer-umwelt-klima-natur-und-ressourcen/projekt/kiste/;Forschungszentrum Jülich GmbH, Universität zu Köln, 52° North Initiative for Geospatial Open Source Software GmbH, Rheinisch-Westfälische Technische Hochschule Aachen, Rheinische Friedrich-Wilhelms-Universität Bonn, Ambrosys GmbH;Unbekannt;Eine KI-Strategie für Erdsystemdaten zur Analyse, Verarbeitung und Bereitstellung von Umweltveränderungen.;KISTE;CC-BY 4.0;https://publicinterest.ai/
https://huggingface.co/datasets/hiig-ai-lab/publicinterest-ai-projects/blob/main/Public%20Interest%20AI%20Projects%202024.xlsx;SAI;Maschinelles Lernen, Forschung, KI-Anwendung;Umweltschutz, Katastrophenschutz;https://fias.institute/de/projekte/sai-seismology-and-artificial-intelligence/;Frankfurt Institute for Advanced Studies;Unbekannt;In diesem Projekt werden KI-Methoden auf die Seismologie angewendet. Ansätze des maschinellen Lernens und Deep Learnings werden auf Erdbebendaten angewendet. Zu diesem Zweck werden neue KI-Methoden entwickelt, die nicht nur für das Verständnis von Erdbeben, sondern auch für andere Naturkatastrophen genutzt werden können. Die daraus resultierende Expertise wird auch in Lehre und Forschung einfließen und könnte zudem auf industrielle Anwendungen übertragen werden.;SAI;CC-BY 4.0;https://publicinterest.ai/
https://huggingface.co/datasets/hiig-ai-lab/publicinterest-ai-projects/blob/main/Public%20Interest%20AI%20Projects%202024.xlsx;Smart-E-Factory;KI-Anwendung, Datenportal, Plattform, Energie, Umweltschutz, Prozessautomatisierung, Datenmanagement;Umweltschutz, Klima, Klimaschutz, Energie, Industrie, Nachhaltigkeit;https://www.z-u-g.org/foerderung/ki-leuchttuerme-fuer-umwelt-klima-natur-und-ressourcen/projekt/smart-e-factory/;Fraunhofer-Anwendungszentrum Industrial Automation des IOSB-INA, Hadi-Plast GmbH, IANUS Simulation GmbH, Technische Hochschule Ostwestfalen-Lippe (Institut für Energieforschung – iFE);Unbekannt;Das Projekt Smart-E-Factory entwickelt KI-basierte Lösungen, um Nachhaltigkeitsziele in der Industrie zu erreichen.;Smart-E-Factory;CC-BY 4.0;https://publicinterest.ai/
https://huggingface.co/datasets/hiig-ai-lab/publicinterest-ai-projects/blob/main/Public%20Interest%20AI%20Projects%202024.xlsx;DESIRE4ELECTRONICS;Maschinelles Lernen, Prozessautomatisierung, Robotik, Datenanalyse;Umweltschutz, Klimaschutz, Recycling, Ressourcen;https://www.z-u-g.org/foerderung/ki-leuchttuerme-fuer-umwelt-klima-natur-und-ressourcen/projekt/desire4electronics/;Fraunhofer-Gesellschaft zur Förderung der angewandten Forschung e. V., acp systems AG, United Nations Institute for Training and Research (UNITAR), Deprag Schulz GmbH u. Co.;Unbekannt;Das Projekt nutzt künstliche Intelligenz, um den Recyclingprozess für Elektrokleingeräte zu automatisieren.;DESIRE4ELECTRONICS;CC-BY 4.0;https://publicinterest.ai/
https://huggingface.co/datasets/hiig-ai-lab/publicinterest-ai-projects/blob/main/Public%20Interest%20AI%20Projects%202024.xlsx;DeepBirdDetect;Künstliche Intelligenz, Open-Source, Maschinelles Lernen, Datenanalyse, Umwelt, Klimaschutz, Naturschutz;Umweltschutz, Klimaschutz, Artenschutz, Erneuerbare Energien;https://www.z-u-g.org/foerderung/ki-leuchttuerme-fuer-umwelt-klima-natur-und-ressourcen/projekt/deepbirddetect/;Fraunhofer-Gesellschaft zur Förderung der angewandten Forschung e.V. (Institut für Energiewirtschaft und Energiesystemtechnik), Universität Kassel (Fachgebiet Intelligente Eingebettete Systeme), Christian-Albrechts-Universität zu Kiel (Arbeitsgruppe Intelligente Systeme), Technische Universität Chemnitz (Fakultät für Informatik - Professur Medieninformatik);Unbekannt;Das Projekt hat das Potenzial, den Ausbau der Windenergie besser mit dem Natur- und Artenschutz in Einklang zu bringen.;DeepBirdDetect;CC-BY 4.0;https://publicinterest.ai/
https://huggingface.co/datasets/hiig-ai-lab/publicinterest-ai-projects/blob/main/Public%20Interest%20AI%20Projects%202024.xlsx;Full Fact;Fact Checking, Datenanalyse, Monitoring;Politik, Gesundheit, Medien, Demokratie;https://fullfact.org;Gemeinnützige Initiative (registered charity & non-profit company);Unbekannt;Full Fact ist eine gemeinnützige Initiative, die KI einsetzt, um Tools für Trendmonitoring und Clustering bereitzustellen, die Faktenprüfern bei der Analyse von Nachrichten und anderen Informationen helfen.;Full Fact;CC-BY 4.0;https://publicinterest.ai/
https://huggingface.co/datasets/hiig-ai-lab/publicinterest-ai-projects/blob/main/Public%20Interest%20AI%20Projects%202024.xlsx;DataKind: efficient vaccine coverage;Datenportal, Datenanalyse, KI-Anwendung, Plattform;Internationale, Soziale Arbeit, Umweltschutz, Gesundheit;https://www.datakind.org/;Global Nonprofit Organisation;Unbekannt;DataKind ist eine Organisation, die ehrenamtliche Datenwissenschaftler mit humanitären Organisationen zusammenbringt.;DataKind;CC-BY 4.0;https://publicinterest.ai/
https://huggingface.co/datasets/hiig-ai-lab/publicinterest-ai-projects/blob/main/Public%20Interest%20AI%20Projects%202024.xlsx;Govii;KI-Anwendung, Chatbot, Plattform;Verwaltung, Öffentlicher Nahverkehr, Umweltschutz;https://govii.de/;Govii UG;Unbekannt;Govii ist ein intelligenter Bot, der Fragen zu allen behördlichen Themen beantworten kann. Govii greift unter anderem auf bestehende Zuständigkeitsinformationen der öffentlichen Verwaltung zurück. Hierzu durchsucht er eine Vielzahl von Schnittstellen und (XÖV-)Standards, um die passenden Informationen zu finden.;Govii;CC-BY 4.0;https://publicinterest.ai/
https://huggingface.co/datasets/hiig-ai-lab/publicinterest-ai-projects/blob/main/Public%20Interest%20AI%20Projects%202024.xlsx;ReCirCe;Plattform, Datenportal;Wirtschaft, Technologie;https://www.recirce.de/ https://www.z-u-g.org/foerderung/ki-leuchttuerme-fuer-umwelt-klima-natur-und-ressourcen/projekt/recirce/;GreenDelta GmbH (mit Deutsches Forschungszentrum für Künstliche Intelligenz GmbH (DFKI), Technische Universität Darmstadt - FG Stoffstrommanagement und Ressourcenwirtschaft (SuR), Fraunhofer-Einrichtung für Wertstoffkreisläufe und Ressourcenstrategie (IWKS));Unbekannt;"Ziel ist es, Recyclingprozesse zu verbessern und so eine nachhaltigere Kreislaufwirtschaft anzustreben, indem das Recycling von Materialien durch digitale Lebenszyklusakten und den Einsatz von KI vereinfacht wird; im Projekt „Digital Lifecycle Record for the Circular Economy“ (ReCircE) werden Stoffkreisläufe transparent gemacht und die Abfallsortierung mithilfe von künstlicher Intelligenz optimiert.";ReCirCe;CC-BY 4.0;https://publicinterest.ai/
https://huggingface.co/datasets/hiig-ai-lab/publicinterest-ai-projects/blob/main/Public%20Interest%20AI%20Projects%202024.xlsx;EKAPEx;KI-Anwendung, Datenanalyse, Maschinelles Lernen, Open Source, Umwelt;Umweltschutz, Klimaschutz, Klimawandel, Umwelt, Landwirtschaft;https://www.z-u-g.org/foerderung/ki-leuchttuerme-fuer-umwelt-klima-natur-und-ressourcen/projekt/ekapex/;Hasso-Plattner-Institut für Digital Engineering gGmbH, Technische Universität München (School of Engineering and Design), Helmholtz-Zentrum Potsdam (Deutsches GeoForschungsZentrum);Unbekannt;Das Projekt entwickelt eine KI-basierte Niederschlagsvorhersage für Deutschland, mit der insbesondere Extremwetterereignisse vorhergesagt werden können.;EKAPEx;CC-BY 4.0;https://publicinterest.ai/
https://huggingface.co/datasets/hiig-ai-lab/publicinterest-ai-projects/blob/main/Public%20Interest%20AI%20Projects%202024.xlsx;RecyclaBot;Künstliche Intelligenz, Maschinelles Lernen, Computer Vision, KI-Anwendung, Automatisierung;Umweltschutz, Klimaschutz, Abfallwirtschaft, Ressourcen;https://www.z-u-g.org/foerderung/ki-leuchttuerme-fuer-umwelt-klima-natur-und-ressourcen/projekt/recyclebot/;Hochschule Aalen - Hochschule für Technik und Wirtschaft, Gesellschaft im Ostalbkreis für Abfallbewirtschaftung mbH, GreenDelta GmbH, WeSort.Al GmbH, Holzer GmbH;Unbekannt;Ziel des Projekts ist es, die Recyclingquote von Kunststoffabfällen zu erhöhen. Zu diesem Zweck wird der Sortierprozess mithilfe von künstlicher Intelligenz optimiert.;RecycleBot;CC-BY 4.0;https://publicinterest.ai/
https://huggingface.co/datasets/hiig-ai-lab/publicinterest-ai-projects/blob/main/Public%20Interest%20AI%20Projects%202024.xlsx;IsoSens;Künstliche Intelligenz, Klimaschutz, Umweltschutz, Forschung;Klimaschutz, Umweltschutz, Klimawandel;https://www.z-u-g.org/foerderung/ki-leuchttuerme-fuer-umwelt-klima-natur-und-ressourcen/projekt/isosens/;Hochschule für Angewandte Wissenschaften Hamburg, Zukunft – Umwelt – Gesellschaft (ZUG) gGmbH;Unbekannt;Entwicklung eines KI-basierten Sensors zur Bestimmung der isotopologischen Zusammensetzung von Treibhausgasen für die Erforschung klimatischer Prozesse (IsoSens).;IsoSens;CC-BY 4.0;https://publicinterest.ai/
https://huggingface.co/datasets/hiig-ai-lab/publicinterest-ai-projects/blob/main/Public%20Interest%20AI%20Projects%202024.xlsx;CognitiveWeeding;;;https://cognitive-weeding.de/projekterklaerung/;Hochschule Osnabrück, AMAZONEN-WERKE H. DREYER SE & Co. KG;Unbekannt;Ziel von „CognitiveWeeding“ ist es, neue Wege der Unkrautregulierung zu entwickeln, indem die Sichtweise auf die Begleitflora von Ackerkulturen verändert wird. Bei der Planung der Regulierungsmaßnahmen muss abgewogen werden, inwieweit Unkräuter bekämpft oder toleriert bzw. vorübergehend nicht bekämpft werden, um die pflanzliche Biodiversität zu erhöhen und Lebensräume sowie Nahrungsquellen für Insekten zu schaffen oder zu erhalten.;CognitiveWeeding;CC-BY 4.0;https://publicinterest.ai/
https://huggingface.co/datasets/hiig-ai-lab/publicinterest-ai-projects/blob/main/Public%20Interest%20AI%20Projects%202024.xlsx;Korn Recycling / Müll Sortierung;Maschinelles Lernen, KI-Anwendung;Umweltschutz, Abfallwirtschaft;https://www.wirtschaft-digital-bw.de/ki-made-in-bw/innovationswettbewerb-ki-fuer-kmu/hyperspec-sortierung-von-wertstoffen;Hochschule Reutlingen, Korn Recycling GmbH, LuxFlux GmbH;Unbekannt;Ziel des Projekts ist es, unsortierte, aber recycelbare Materialien automatisch in Echtzeit zu erkennen. Ohne Sortierung müssten diese verbrannt werden. Zu diesem Zweck wird eine Datenbank aufgebaut, die Hyperspektralaufnahmen (Abbildung chemischer Merkmale) von Abfällen enthält. Diese dient als Basis für ein KI-System zur Kategorisierung von Materialklassen. Zusätzliche Sensordaten werden später bei der Implementierung zum Abgleich verwendet.;;CC-BY 4.0;https://publicinterest.ai/
https://huggingface.co/datasets/hiig-ai-lab/publicinterest-ai-projects/blob/main/Public%20Interest%20AI%20Projects%202024.xlsx;GreenTwin;Künstliche Intelligenz, KI-Anwendung, Datenanalyse, Umweltschutz, Nachhaltigkeit;Umweltschutz, Klimaschutz, Ländlicher Raum, Mobilität, Logistik;https://www.z-u-g.org/foerderung/ki-leuchttuerme-fuer-umwelt-klima-natur-und-ressourcen/projekt/greentwin/;Hochschule Trier – Umwelt Campus Birkenfeld, PSI Logistics GmbH, DFKI, RWTH Aachen;Unbekannt;Das Projekt GreenTwin widmet sich der Entwicklung nachhaltiger Regionallogistik im ländlichen Raum unter Einsatz künstlicher Intelligenz.;GreenTwin;CC-BY 4.0;https://publicinterest.ai/
https://huggingface.co/datasets/hiig-ai-lab/publicinterest-ai-projects/blob/main/Public%20Interest%20AI%20Projects%202024.xlsx;AISUM;Plattform, Datenportal, Maschinelles Lernen, KI-Anwendung, Interaktive App, Datenmanagement;Umweltschutz, Klimaschutz, Mobilität, Stadtplanung, Nachhaltigkeit;https://www.htw-berlin.de/forschung/online-forschungskatalog/projekte/projekt/?eid=2913;HTW Berlin;Unbekannt;Das Projekt zielte darauf ab, eine Plattform für nachhaltige urbane Mobilität zu etablieren, in der Klimaschutz und Ressourceneffizienz strukturell verankert sind. Das Ergebnis war ein Prototyp.;AISUM;CC-BY 4.0;https://publicinterest.ai/
https://huggingface.co/datasets/hiig-ai-lab/publicinterest-ai-projects/blob/main/Public%20Interest%20AI%20Projects%202024.xlsx;AQUA-KI;Forschung, Maschinelles Lernen, Datenanalyse, Umweltschutz;Umweltschutz, Klimaschutz, Wasser, Nachhaltigkeit;https://www.igb-berlin.de/projekt/aqua-ki;IGB Leibniz-Institut für Gewässerökologie und Binnenfischerei;Unbekannt;KI-basierte optische Methoden zum Nachweis von Mikroorganismen in aquatischen Ökosystemen.;AQUA-KI;CC-BY 4.0;https://publicinterest.ai/
https://huggingface.co/datasets/hiig-ai-lab/publicinterest-ai-projects/blob/main/Public%20Interest%20AI%20Projects%202024.xlsx;Tracking attacks on health care in Ukraine;Datenportal, Karten, Datenvisualisierung, Monitoring;Gesundheit, Menschenrechte;https://www.attacksonhealthukraine.org;Insecurity Insights, Physicians for Human Rigths, DrivenData;Unbekannt;Erstellung einer interaktiven Echtzeitkarte zur Visualisierung von Angriffen auf das ukrainische Gesundheitssystem seit Beginn der russischen Invasion im Februar 2022. Die Karte soll Partnerorganisationen dabei unterstützen, Hilfe zu leisten, Aggressoren vor Gericht zur Rechenschaft zu ziehen und das öffentliche Bewusstsein zu schärfen.;;CC-BY 4.0;https://publicinterest.ai/
https://huggingface.co/datasets/hiig-ai-lab/publicinterest-ai-projects/blob/main/Public%20Interest%20AI%20Projects%202024.xlsx;WindGISKI;KI-Anwendung, Forschung, Geoinformationssystem, Datenanalyse;Umweltschutz, Klimaschutz, Energie;https://www.iph-hannover.de/de/forschung/forschungsprojekte/?we_objectID=5712 https://www.z-u-g.org/foerderung/ki-leuchttuerme-fuer-umwelt-klima-natur-und-ressourcen/projekt/windgiski/;Institut für integrierte Produktion Hannover;Unbekannt;Entwicklung eines KI-basierten Geoinformationssystems zur Auswahl von Windenergie-Potenzialflächen im Spannungsfeld zwischen Arten-, Umwelt- und Klimaschutz.;WindGISKI;CC-BY 4.0;https://publicinterest.ai/
https://huggingface.co/datasets/hiig-ai-lab/publicinterest-ai-projects/blob/main/Public%20Interest%20AI%20Projects%202024.xlsx;AI for Reporters;Forschung, Datenanalyse, KI-Anwendung, Datenportal, Interaktiver Fragebogen, Datenvisualisierung, Web-App;Geschlechtergerechtigkeit, Internationale, Integration, Verwaltung, Umweltschutz, Klima, Klimaschutz, Wirkungsmessung;https://iatpp.calpoly.edu/initiatives;Institute for Advanced Technology and Public Policy, California Polytechnic State University;Unbekannt;Ein KI-gestützter digitaler Nachrichtendienst, der automatisch Nachrichtenartikel, Entwürfe und zugehörige Medieninhalte aus strukturierten legislativen Informationsquellen generieren kann.;;CC-BY 4.0;https://publicinterest.ai/
https://huggingface.co/datasets/hiig-ai-lab/publicinterest-ai-projects/blob/main/Public%20Interest%20AI%20Projects%202024.xlsx;IDETECT;Datenportal, Monitoring, Datenanalyse;Internationale, Menschenrechte, Inklusion;https://www.internal-displacement.org/monitoring-tools/monitoring-platform;Internal Displacement Monitoring Centre (IDMC);Unbekannt;Die Ergebnisse von IDETECT, unserem Tool für natürliche Sprachverarbeitung und überwachtes maschinelles Lernen, werden auf einer Plattform (IDMC-Monitore) visualisiert, die Informationen über gemeldete Konfliktvorfälle und das Auftreten von Naturgefahren anzeigt.;IDMC;CC-BY 4.0;https://publicinterest.ai/
https://huggingface.co/datasets/hiig-ai-lab/publicinterest-ai-projects/blob/main/Public%20Interest%20AI%20Projects%202024.xlsx;Giga Project Unicef;Datenportal, Kartenanwendung, Interaktive Karte;Internationale, Kinder- und Jugendhilfe, Bildung;https://projectconnect.unicef.org/map;ITU, Unicef;Unbekannt;Project Connect zielt darauf ab, die digitale Kluft im Bildungswesen zu verringern, indem Schulen und deren Ausstattung kartiert werden, und bietet detaillierte Hintergrundinformationen zur Nutzung von Datensätzen und Software. Maschinelles Lernen wird eingesetzt, um Schulen mittels Computer Vision auf Satellitenbildern zu erkennen und deren Einrichtungen (insbesondere die Internetanbindung) zu kategorisieren.;Project Connect;CC-BY 4.0;https://publicinterest.ai/
https://huggingface.co/datasets/hiig-ai-lab/publicinterest-ai-projects/blob/main/Public%20Interest%20AI%20Projects%202024.xlsx;C-19;KI Anwendung, Datenanalyse, Beratung;Verwaltung, Technologie, Datenschutz;https://www.oeffentliche-it.de/documents/10181/14412/KI+im+Beh%C3%B6rdeneinsatz+-+Erfahrungen+und+Empfehlungen (S.22);ITZBund, Ministerien und Behörden;Unbekannt;Der C-19-Chatbot wird von den Behörden eingesetzt, um Informationen über das Coronavirus an die Bürger zu kommunizieren.;C-19;CC-BY 4.0;https://publicinterest.ai/
https://huggingface.co/datasets/hiig-ai-lab/publicinterest-ai-projects/blob/main/Public%20Interest%20AI%20Projects%202024.xlsx;Botometer;Datenanalyse, Maschinelles Lernen, Natural Language Processing;Soziale Arbeit, Technologie, Medienaufsicht;https://botometer.osome.iu.edu/;joint project of the Observatory on Social Media (OSoMe) and the Network Science Institute (IUNI) at Indiana University;Unbekannt;Botometer sammelt zunächst Daten von der Social-Media-Website Twitter über deren öffentliche API. Anschließend extrahiert es über tausend Merkmale in Bezug auf das Konto, Freunde, Netzwerk, Inhalt und Stimmung des betreffenden Nutzers. Schließlich verwendet Botometer ein Random-Forest-Klassifikationsmodell, das auf einem öffentlichen Datensatz trainiert wurde (von dem ein Teil manuell als Mensch oder Bot gekennzeichnet ist) und Tausende von verifizierten Bot-Konten, deren Tweets sowie Tweets, in denen sie erwähnt werden, enthält. Der Klassifikator gibt einen Wahrscheinlichkeitswert aus, der angibt, wie wahrscheinlich es ist, dass es sich bei einem bestimmten Konto um einen Bot handelt.;Botometer X;CC-BY 4.0;https://publicinterest.ai/
https://huggingface.co/datasets/hiig-ai-lab/publicinterest-ai-projects/blob/main/Public%20Interest%20AI%20Projects%202024.xlsx;PoliTrack;KI-Anwendung, Datenanalyse, Datenvisualisierung;Politische Bildung, Medienaufsicht;https://politrack.org/;Jonas Dippel, Michael Perk GbR;Unbekannt;"Politrack vergleicht die Umfragewerte der deutschen Parteien mit den in den großen deutschen Zeitungen diskutierten Themen. Zum Beispiel: Von X bis Y waren die Plagiatsvorwürfe gegen Baerbock ein großes Thema in den Zeitungen; wie verhielten sich in diesem Zeitraum die Umfragewerte der Grünen? Das Projekt wurde vom Prototypefund gefördert.";PoliTrack;CC-BY 4.0;https://publicinterest.ai/
https://huggingface.co/datasets/hiig-ai-lab/publicinterest-ai-projects/blob/main/Public%20Interest%20AI%20Projects%202024.xlsx;Genderly ;Datenanwendung für Öffentlichkeit, KI-Anwendung, Interaktiver Fragebogen, Natural Language Processing;Geschlechtergerechtigkeit, Chancengleichheit, Antidiskriminierung;https://gendern.jetzt/?text=;Karl Engelhardt, Charlotte Friedrich, Felix Haak & Philipp Müller GbR;Abgeschlossen;Der Wunsch nach inklusiver Sprache rückt sowohl bei der öffentlichen als auch bei der privaten Texterstellung zunehmend in den Mittelpunkt. Um Nutzern bei den typischen sprachlichen Problemen zu helfen, die dabei auftreten (z. B. „Arztgehalt oder ärztliches Gehalt?“), bieten wir eine einfache und benutzerfreundliche Softwarelösung an, die im Gegensatz zu herkömmlichen präskriptiven Nachschlagewerken die Sprache so abbildet, wie sie von Textern tatsächlich verwendet wird.;Genderly ;CC-BY 4.0;https://publicinterest.ai/
https://huggingface.co/datasets/hiig-ai-lab/publicinterest-ai-projects/blob/main/Public%20Interest%20AI%20Projects%202024.xlsx;Methods for Extremely Rapid Observation of Nutritional Status (MERON);Datenanalyse, Datenportal, Bericht;Ernährungssicherung, Gesundheit;https://kimetrica.com/our-projects/?country=&service=&search=Methods+for+Extremely+Rapid+Observation+of+Nutritional+Status#start;Kimetrica (Affiliate of the American Institutes for Research);Abgeschlossen;MERON ist eine Smartphone-App, die Deep-Learning-Technologie nutzt, um Gesichtszüge auf Fotos zu erfassen und Mangelernährung bei Kindern unter fünf Jahren schnell zu erkennen.;MERON;CC-BY 4.0;https://publicinterest.ai/
https://huggingface.co/datasets/hiig-ai-lab/publicinterest-ai-projects/blob/main/Public%20Interest%20AI%20Projects%202024.xlsx;KIVI ;;;https://www.medienanstalt-nrw.de/imagebroschuere/viel-mehr-als-nur-loeschen.html;Landesanstalt für Medien NRW;Unbekannt;"KIVI ist ein Werkzeug zur Erkennung von Hate Speech im Internet. Ziel des Tools ist es, das Medienmonitoring online, sowohl auf Social-Media-Plattformen als auch auf Websites, zu beschleunigen und zu vereinfachen und so die Mitarbeiter bei der Überwachung von Inhalten im Netz zu entlasten. Das Tool sortiert die Inhalte vor und kategorisiert potenziell kritische Inhalte in Verstoßkategorien (z. B. verfassungsfeindlich, gewaltverherrlichend etc.). Mitarbeiter prüfen die Inhalte anschließend und entscheiden, welche Inhalte strafrechtlich verfolgt werden sollen. Das IT-Unternehmen Condat AG wurde mit der Entwicklung von KIVI beauftragt; der Trainingsdatensatz besteht aus Inhalten, die von der Landesmedienanstalt zusammengestellt wurden. Das Tool wird nun von allen Landesmedienanstalten in Form eines Dashboards genutzt.";KIVI;CC-BY 4.0;https://publicinterest.ai/
https://huggingface.co/datasets/hiig-ai-lab/publicinterest-ai-projects/blob/main/Public%20Interest%20AI%20Projects%202024.xlsx;Open Source tool for lung cancer clinicians;Datenanalyse, Datenvisualisierung, Maschinelles Lernen, Computer Vision, Natural Language Processing, Open Source;Umweltschutz, Bildung, Gesundheit, Armut, Geschlechtergerechtigkeit, Internationale Zusammenarbeit;https://drivendata.co/projects;Love Justice, DrivenData;Unbekannt;Unterstützung von Bemühungen gegen Menschenhandel an Grenzübergängen und Flughäfen durch die Zusammenführung von Daten verschiedener Standorte und das Aufzeigen von Erkenntnissen, die den Befragern bessere Informationen darüber geben, welche Fragen gestellt werden sollten und wie diese zu richten sind.;;CC-BY 4.0;https://publicinterest.ai/
https://huggingface.co/datasets/hiig-ai-lab/publicinterest-ai-projects/blob/main/Public%20Interest%20AI%20Projects%202024.xlsx;MasakhaNER;Natural Language Processing, Maschinelles Lernen, Datenportal, Datenanalyse;Internationale, Integration, Bildung, Inklusion, Kultur;https://www.masakhane.io/ongoing-projects/masakhaner-know-our-names;Masakhane;Unbekannt;Eigennamenerkennung (Named Entity Recognition) für afrikanische Sprachen. Hierbei geht es um die Identifizierung vordefinierter Kategorien in Texten, wie z. B. Personennamen, Orte und Organisationen.;MasakhaNER;CC-BY 4.0;https://publicinterest.ai/
https://huggingface.co/datasets/hiig-ai-lab/publicinterest-ai-projects/blob/main/Public%20Interest%20AI%20Projects%202024.xlsx;Project ZAMBA (Automating wildlife identification for research and conservation);Datenanalyse, Datenvisualisierung, Maschinelles Lernen, Computer Vision, Natural Language Processing, Open Source, Interaktive Datenexploration;Umweltschutz, Bildung, Gesundheit, Armut, Geschlechtergerechtigkeit, Internationale Zusammenarbeit, Menschenrechte;https://drivendata.co/projects;Max Planck Institute for Evolutionary Anthropology, Arcus Foundation, DrivenData;Unbekannt;Erkennung von Wildtieren in Videomaterial – automatisch und skalierbar – durch die Durchführung einer globalen Challenge zur Algorithmenentwicklung und den Aufbau einer Open-Source-Anwendung mit der Gewinnerlösung (Project Zamba).;ZAMBA;CC-BY 4.0;https://publicinterest.ai/
https://huggingface.co/datasets/hiig-ai-lab/publicinterest-ai-projects/blob/main/Public%20Interest%20AI%20Projects%202024.xlsx;General Computer Vision for Healthcare;Maschinelles Lernen, Computer Vision, Gesundheit;Gesundheit;https://de.mi4people.org/general-computer-vision-for-healthcare;MI4People;Laufend;Vision ist ein kostenloses und leicht zugängliches Open-Source-System für allgemeine Computer Vision, das eine breite Palette von Krankheiten abdeckt und verschiedene Arten von Eingabebildern (Fotos, Röntgenbilder, CT- und MRT-Scans usw.) verarbeiten kann.;;CC-BY 4.0;https://publicinterest.ai/
https://huggingface.co/datasets/hiig-ai-lab/publicinterest-ai-projects/blob/main/Public%20Interest%20AI%20Projects%202024.xlsx;Marine Litter Detection via Satellites;;;https://de.mi4people.org/marinelitterdetectionviasatellites;MI4People;Laufend;Gemeinsam mit Alexander Thamm haben wir vor Kurzem ein Projekt gestartet, das Computer Vision und Satellitenbilder nutzt, um eine globale Karte von Meeresmüll zu erstellen. Ziel ist es, Transparenz in diesem Bereich zu schaffen, die Forschung zu erleichtern und Verbesserungen bei der Koordinierung von Säuberungsaktionen auf See zu ermöglichen! Ziel des Projekts ist die Entwicklung eines mit künstlicher Intelligenz und maschinellem Lernen (KI/ML) ausgestatteten Computer-Vision-Systems, das in der Lage ist, in Ozeanen und Meeren treibendes Plastik und anderen Meeresmüll sowie dessen Position und Größe mithilfe von Satellitenbildern in (nahezu) Echtzeit zu identifizieren und diese Informationen Forschern, Umweltschützern, Aktivisten, Behörden und anderen Organisationen kostenlos zur Verfügung zu stellen.;;CC-BY 4.0;https://publicinterest.ai/
https://huggingface.co/datasets/hiig-ai-lab/publicinterest-ai-projects/blob/main/Public%20Interest%20AI%20Projects%202024.xlsx;Soil Quality Evaluation System;;;https://de.mi4people.org/soil-quality-evaluation-system;MI4People;Laufend;Die Vision ist die Schaffung eines kostenlosen MI-Systems, das die wichtigsten Bodenqualitätsindikatoren vorhersagen kann, ohne dass teure chemische Labortests erforderlich sind, und das direkt von Landwirten jeglicher Bildungsstufe genutzt werden kann. Das System soll in der Lage sein, diese Vorhersagen auf Basis verschiedener Dateneingabequellen wie Satellitenbildern, Infrarotspektralmessungen usw. zu treffen und seine Vorhersagegenauigkeit jedes Mal zu verbessern, wenn seine Vorhersagen mit chemischen Testdaten kreuzvalidiert werden.;;CC-BY 4.0;https://publicinterest.ai/
https://huggingface.co/datasets/hiig-ai-lab/publicinterest-ai-projects/blob/main/Public%20Interest%20AI%20Projects%202024.xlsx;Land Cover Mapping;Maschinelles Lernen, Computer Vision, Datenvisualisierung, Datenanalyse;Umwelt, Klimawandel, Klimaschutz, Umweltschutz;https://www.microsoft.com/en-us/research/project/land-cover-mapping/;Microsoft;Abgeschlossen;Umweltwissenschaftler nutzen Satelliten- und Luftbilder, um Landnutzungsmuster zu verstehen, insbesondere um die Auswirkungen des Klimawandels und der menschlichen Bevölkerungsausbreitung auf die natürlichen Ressourcen der Erde zu begreifen. Die Aufbereitung von Bildmaterial in verwertbare Daten – in Form von Landbedeckungskarten – erfordert derzeit jedoch eine umfangreiche manuelle Annotation. Diese Arbeit nutzt Computer Vision, um diesen Prozess zu beschleunigen, sodass Umweltwissenschaftler und Geodatenanalysten weniger Zeit mit dem Zeichnen von Polygonen und mehr Zeit mit der Naturschutzplanung verbringen können.;;CC-BY 4.0;https://publicinterest.ai/
https://huggingface.co/datasets/hiig-ai-lab/publicinterest-ai-projects/blob/main/Public%20Interest%20AI%20Projects%202024.xlsx;Global Renewables Watch (GRW);;;https://www.globalrenewableswatch.org/;Microsoft Corp., Planet Labs PBC and The Nature Conservancy;Laufend;Ein in dieser Form einzigartiger „lebender Atlas“, der darauf abzielt, alle großflächigen Solar- und Windkraftanlagen auf der Erde mithilfe von künstlicher Intelligenz (KI) und Satellitenbildern zu kartieren und zu vermessen. So können Nutzer den Fortschritt der Energiewende bewerten und Trends im Zeitverlauf verfolgen.;GRW;CC-BY 4.0;https://publicinterest.ai/
https://huggingface.co/datasets/hiig-ai-lab/publicinterest-ai-projects/blob/main/Public%20Interest%20AI%20Projects%202024.xlsx;Syrianarchive;;;https://syrianarchive.org/en/about/methods-tools;Mnemonic, a non-profit organisation;Unbekannt;Syrian Archive ist eine Plattform, die es ermöglicht, visuelle Beweise in sozialen Netzwerken zu finden, zu sammeln, zu archivieren und gemeinsam zu prüfen. Sie wurde vom Prototypefund gefördert und nutzt VFRAME.;Syrianarchive;CC-BY 4.0;https://publicinterest.ai/
https://huggingface.co/datasets/hiig-ai-lab/publicinterest-ai-projects/blob/main/Public%20Interest%20AI%20Projects%202024.xlsx;ClinicalBERT;Maschinelles Lernen;Gesundheit;https://arxiv.org/abs/1904.05342;New York University, One Fact Foundation;Unbekannt;Dieses Open-Source-KI-Modell zielt darauf ab, wiederverwendbare, transparente Technologie für Gesundheitssysteme, Krankenhäuser und Kliniker zu schaffen. Das Modell wurde mit klinischen Notizen von Zehntausenden Patienten aus Intensivstationen eines Krankenhauses im Raum Boston trainiert. Das KI-Modell wurde mit dem klinischen Urteil von Menschen hinsichtlich der Ähnlichkeit klinischer Konzepte und der Genauigkeit bei der Vorhersage der Wiederaufnahme von Patienten in ein Krankenhaus verglichen. Diese Arbeit wurde inzwischen mehr als 600 Mal zitiert und in mehreren akademischen medizinischen Zentren und Krankenhäusern für Aufgaben wie Datenbereinigung und die Extraktion strukturierter Konzepte wie Diagnose, Prognose usw. verwendet.;ClinicalBERT;CC-BY 4.0;https://publicinterest.ai/
https://huggingface.co/datasets/hiig-ai-lab/publicinterest-ai-projects/blob/main/Public%20Interest%20AI%20Projects%202024.xlsx;Kilkari;;;https://armman.org/about-us/;nonprofit organisation;Unbekannt;„Kilkari“ wird als IVR-Chatbot beschrieben, und auf der Website heißt es in Bezug auf KI: „Integration von künstlicher Intelligenz (KI) zur Programmverbesserung, Erstellung gezielter Programme sowie Vorhersage von Hochrisikozuständen und Empfängerverhalten in Partnerschaft mit Google Research India“. Gehört zu einer gemeinnützigen Organisation mit Sitz in Indien, die mHealth nutzt, um kosteneffiziente, geschlechtsspezifische Lösungen zu entwickeln. Ziel ist es, den Zugang schwangerer Frauen und Mütter zu präventiven Informationen und Diensten zu verbessern und Gesundheitspersonal zu schulen, um die Mütter- und Kindersterblichkeit sowie die Morbidität zu senken.;Kilkari;CC-BY 4.0;https://publicinterest.ai/
https://huggingface.co/datasets/hiig-ai-lab/publicinterest-ai-projects/blob/main/Public%20Interest%20AI%20Projects%202024.xlsx;Rainforest Connection;Open-Source, Maschinelles Lernen, Monitoring, Datenportal, Dashboard, Web-App, API;Umweltschutz, Klimawandel, Nachhaltigkeit;https://rfcx.org/;Nonprofit Technology Start Up;Unbekannt;Rainforest Connection setzt akustische Echtzeit-Überwachungssysteme ein, um illegale Abholzung vorherzusagen und zu verhindern. Sie werden in 22 Ländern, unter anderem auch Österreich, eingesetzt. Mithilfe von Deep Learning werden akustische Anomalien, die auf bevorstehende illegale Rodungen hindeuten, detektiert.;RFCx;CC-BY 4.0;https://publicinterest.ai/
https://huggingface.co/datasets/hiig-ai-lab/publicinterest-ai-projects/blob/main/Public%20Interest%20AI%20Projects%202024.xlsx;Business for Ocean Sustainability;Blog;Umweltschutz, Klimawandel, Klimaschutz;https://www.mckinsey.com/about-us/new-at-mckinsey-blog/with-gen-ai-we-are-helping-green-businesses-strengthen-our-blue-economy;One Ocean Foundation & McKinsey;Abgeschlossen;Dieses jährliche Profil, das zusammen mit der One Ocean Foundation erstellt wurde, schließt eine kritische Lücke in der Nachhaltigkeitsberichterstattung: Während die meisten Unternehmen Berichte mit Schwerpunkt auf Landumgebungen veröffentlichen, befasst sich keiner mit den Geschehnissen in unseren Meeren. Es wurde generative KI von OpenAI eingesetzt, um die Nachhaltigkeitsberichte von etwa 2.500 Unternehmen (insgesamt 300.000 Seiten) in 17 Sektoren zu analysieren, die mehr als 70 Prozent der weltweiten Marktkapitalisierung repräsentieren. Mit Hilfe von McKinsey und QuantumBlack wird die One Ocean Foundation den diesjährigen Bericht zu einer Ocean Disclosure Initiative weiterentwickeln – einem Rahmenwerk, das Unternehmen nutzen können, um ihre meeresbezogenen Projekte zu verfolgen. Man könnte es als die nächste Welle der Nachhaltigkeitsberichterstattung betrachten.;;CC-BY 4.0;https://publicinterest.ai/
https://huggingface.co/datasets/hiig-ai-lab/publicinterest-ai-projects/blob/main/Public%20Interest%20AI%20Projects%202024.xlsx;WERTIS-KI;KI-Anwendung, Computer Vision, Interaktive App, Datenanalyse;Abfallwirtschaft, Recycling, Umweltschutz, Klima;https://www.z-u-g.org/foerderung/ki-leuchttuerme-fuer-umwelt-klima-natur-und-ressourcen/projekt/wertis-ki/;Ostfalia Hochschule für angewandte Wissenschaften - Hochschule Braunschweig, Wolfenbüttel (Institut für Recycling), Abfallwirtschafts- und Beschäftigungsbetriebe Landkreis Peine, GE-T GmbH, dida Datenschmiede GmbH;Unbekannt;Das Projekt „Wertstoff-Informationssystem mit künstlicher Intelligenz“ zielt darauf ab, das Umweltbewusstsein der Bürger für die Abfalltrennung zu schärfen und so erhöhte CO2-Emissionen zu reduzieren.;WERTIS-KI;CC-BY 4.0;https://publicinterest.ai/
https://huggingface.co/datasets/hiig-ai-lab/publicinterest-ai-projects/blob/main/Public%20Interest%20AI%20Projects%202024.xlsx;KI-Inspire;Forschung, Maschinelles Lernen, KI Anwendung;Gesundheit;https://www.lms.ovgu.de/Forschung/Aktuelle+Projekte/KI_INSPIRE+%7C+Anwendung+von+KI+f%C3%BCr+den+Strahlenschutz-p-332.html https://www.z-u-g.org/foerderung/ki-leuchttuerme-fuer-umwelt-klima-natur-und-ressourcen/projekt/ki-inspire/;Otto-von-Guericke-Universität, Universität Lübeck, Deutsches Krebsforschungszentrum;Laufend;"Eine der vielversprechenden Möglichkeiten für den Einsatz dieser Technologie im Gesundheitswesen, die das Interesse der Forschung geweckt hat, ist die Bildgebung. Durch die Nutzung dieser spannenden Technologie können Forscher nun die Qualität medizinischer Bilder verbessern. Diesem Trend und den Fortschritten im Bereich der medizinischen Bildgebung folgend, zielt das Projekt AI-INSPIRE darauf ab, die Qualität medizinischer Bilder für Interventionen zu optimieren und Kliniker bei ihrer Entscheidungsfindung zu unterstützen. Das Projekt wird direkte Auswirkungen auf den Strahlenschutz von Patienten haben, die sich chirurgischen Eingriffen unter Zuhilfenahme medizinischer Bildgebungssysteme unterziehen. Die in diesem Projekt entwickelte Technologie wird es ermöglichen, verrauschte Bilder bei niedriger Dosis aufzunehmen und anschließend das Rauschen aus dem Bild zu entfernen, was zu einem Bild von akzeptabler Qualität führt; Künstliche Intelligenz für den innovativen nachhaltigen Strahlenschutz von Patienten in interventionellen radiologischen Einsatzgebieten.";KI_INSPIRE;CC-BY 4.0;https://publicinterest.ai/
https://huggingface.co/datasets/hiig-ai-lab/publicinterest-ai-projects/blob/main/Public%20Interest%20AI%20Projects%202024.xlsx;Equitable AI: Prevent and mitigate gender bias in Early Warning Systems for school dropouts;Open-Source, Beratung, Reporting, KI Anwendung;Bildung, Antidiskriminierung, Geschlechtergerechtigkeit, Ethik, KI;https://www.policylab.tech/equitable-ai;PIT Policy Lab, Itad, Women in Digital Transformation, Athena Infonomics;Unbekannt;Das Projekt zielte darauf ab, die Schulverbleibs- und Abschlussquoten zu verbessern, indem gefährdete Schüler identifiziert und unterstützt wurden und geschlechtsspezifische Verzerrungen in den im Bundesstaat Guanajuato, Mexiko, verwendeten Frühwarnsystemen verhindert wurden. Das Projekt hatte 4 Ziele: 1. Kapazitätsaufbau, 2. Einsatz des Tools AI Fairness 360 (AIF360), 3. Schulungskurs für wichtige SEG-Profile, 4. Entwicklung eines KI-Ethik-Leitfadens und einer Checkliste für Entscheidungsträger im öffentlichen Sektor.;;CC-BY 4.0;https://publicinterest.ai/
https://huggingface.co/datasets/hiig-ai-lab/publicinterest-ai-projects/blob/main/Public%20Interest%20AI%20Projects%202024.xlsx;La Independiente:  Mainstreaming Gender Perspective in AI crowd work in the Global South;Forschung, Workshop, Bericht, Dokumentationstool;Geschlechtergerechtigkeit, Arbeit, Inklusion, Vernetzung;https://www.policylab.tech/feminist-ai;PIT Policy Lab, Universidad Nacional Autonoma de Mexico (UNAM), Northeastern University Civic AI Lab, PuentechLab;Unbekannt;Das Team führte eine Pilotumfrage unter 60 Frauen in Lateinamerika durch, die die Crowd-Work-Plattform Toloka nutzen, um deren persönliche Ziele, berufliche Werte und Schwierigkeiten bei der Arbeit zu verstehen. Zentrale Erkenntnis war, dass die meisten Frauen den Wunsch äußerten, von den Erfahrungen anderer Frauen zu hören, die auf Plattformen arbeiten. La Independiente wird einen Prototyp eines KI-gestützten Systems für soziale Vernetzung und Empfehlungen entwickeln, das speziell darauf ausgelegt ist, kollektiven Plattformarbeitern dabei zu helfen, eine unterstützende Gemeinschaft aufzubauen und ihre technischen und sozialen Fähigkeiten weiterzuentwickeln.;;CC-BY 4.0;https://publicinterest.ai/
https://huggingface.co/datasets/hiig-ai-lab/publicinterest-ai-projects/blob/main/Public%20Interest%20AI%20Projects%202024.xlsx;Uwazi;;;https://uwazi.io/about/;Projekt, Anwendung;Unbekannt;Unsere Datenbankanwendung ist für Menschenrechtsverteidiger konzipiert, um Informationssammlungen zu bewahren und zu verwalten.;Uwazi;CC-BY 4.0;https://publicinterest.ai/
https://huggingface.co/datasets/hiig-ai-lab/publicinterest-ai-projects/blob/main/Public%20Interest%20AI%20Projects%202024.xlsx;ODiWiP (Optimierter Wertstoffkreislauf in der Industrie);Maschinelles Lernen, KI-Anwendung, Prozessautomatisierung, Datenanalyse;Abfallwirtschaft, Umweltschutz, Klimaschutz, Nachhaltigkeit;https://kibapap.de/;PROTECH – Institut der Universität Siegen;Unbekannt;Ziel dieses Forschungsprojekts ist es, die Daten verschiedener Unternehmen und Prozesse zu vernetzen und den Recyclingkreislauf mithilfe von Big-Data-Ansätzen und ausgewählten KI-Tools ganzheitlich zu optimieren. Es wird der Prototyp einer KI-Anwendung entwickelt und eingesetzt, um den Stoffkreislauf von der Sammlung und Sortierung von Altpapier bis zur Herstellung des Papierprodukts zu optimieren und so einen wesentlichen Beitrag zur Schonung der benötigten Ressourcen zu leisten.;KIBAPap;CC-BY 4.0;https://publicinterest.ai/
https://huggingface.co/datasets/hiig-ai-lab/publicinterest-ai-projects/blob/main/Public%20Interest%20AI%20Projects%202024.xlsx;DiKueRec;Forschung, Maschinelles Lernen, Datenanalyse, Automatisierung, KI Anwendung;Abfallwirtschaft, Umweltschutz, Klimawandel, Umwelt;https://ips.mb.tu-dortmund.de/meldung/digitaler-zwilling-im-kuehlgeraeterecycling-10440/;RIF e.V. Institut für Forschung und Transfer;Unbekannt;Um den hohen Anforderungen an Recyclingprozesse künftig gerecht zu werden, müssen diese um Sensorik und digitale Zwillinge erweitert werden. Eine intelligente Verknüpfung von Daten und Algorithmen wird zur effizienten Steuerung von Recyclinganlagen beitragen. Die Vision des Projekts DiKueRec ist es, die sichere und effiziente Aufbereitung aktueller und künftiger Kühlschrankmodelle zu gewährleisten.;DiKueRec;CC-BY 4.0;https://publicinterest.ai/
https://huggingface.co/datasets/hiig-ai-lab/publicinterest-ai-projects/blob/main/Public%20Interest%20AI%20Projects%202024.xlsx;Right-hear;;;https://www.right-hear.com/;Right-Hear;Unbekannt;Unser Unternehmen hilft dabei, Veranstaltungsorte für Blinde und Sehbehinderte zugänglicher zu machen, indem wir ihnen mehr Unabhängigkeit ermöglichen.;Right-hear;CC-BY 4.0;https://publicinterest.ai/
https://huggingface.co/datasets/hiig-ai-lab/publicinterest-ai-projects/blob/main/Public%20Interest%20AI%20Projects%202024.xlsx;Reporting issues in public space;KI Anwendung, Web-App, Datenvisualisierung, Computer Vision, Prozessautomatisierung, Datenanalyse, Textzusammenfassung;Armut, Soziale Arbeit, Mobilität, Umweltschutz, Stadtplanung, Gesundheit, Bildung;https://algoritmeregister.amsterdam.nl/en/reporting-issues-in-public-space/;Stadt Amsterdam;Unbekannt;Die Anwendung kann beispielsweise genutzt werden, um Abfälle, Wartungsprobleme oder gefährliche Straßensituationen an die Stadtverwaltung zu melden. Während Nutzer zuvor die Kategorie und damit die Zuständigkeit selbst auswählen mussten, wurde dieser Prozess nun mithilfe von NLP automatisiert, um Fehlkategorisierungen durch Nutzer zu verhindern und die Behebung der jeweiligen Situation zu beschleunigen.;;CC-BY 4.0;https://publicinterest.ai/
https://huggingface.co/datasets/hiig-ai-lab/publicinterest-ai-projects/blob/main/Public%20Interest%20AI%20Projects%202024.xlsx;Frag-den-Michel;Web-App, KI Anwendung, Datenanwendung für Öffentlichkeit, Interaktive Datenexploration;Verwaltung;https://www.hamburg.de/fragdenmichel;Stadt Hamburg;Unbekannt;Der Verwaltungs-Chatbot „Frag den Michel“ beantwortet Fragen zu Verwaltungsleistungen.;Frag-den-Michel;CC-BY 4.0;https://publicinterest.ai/
https://huggingface.co/datasets/hiig-ai-lab/publicinterest-ai-projects/blob/main/Public%20Interest%20AI%20Projects%202024.xlsx;Health center chatbot;;;https://ai.hel.fi/en/health-center-chatbot/;Stadt Helsinki;Unbekannt;Der Gesundheitszentrum-Chatbot der Stadt Helsinki ist ein Chatbot, der Antworten auf Fragen zu beispielsweise psychischer Gesundheit oder Drogenmissbrauch gibt und Nutzer an andere digitale Dienste der Gesundheitszentren verweist.;;CC-BY 4.0;https://publicinterest.ai/
https://huggingface.co/datasets/hiig-ai-lab/publicinterest-ai-projects/blob/main/Public%20Interest%20AI%20Projects%202024.xlsx;Intelligent material management system;Prozessautomatisierung, Datenvisualisierung, Plattform, Web-App;Kultur, Bildung, Inklusion, Nachhaltigkeit, Datenanalyse;https://ai.hel.fi/en/intelligent-material-management-system/;Stadt Helsinki;Unbekannt;Das IMMS (Intelligent Material Management System) ist ein intelligentes Managementsystem, das genutzt wird, um den gesamten Bestand zu organisieren. Es ermöglicht die Ausleihe und Rückgabe an allen Zweigstellen der Bibliothek. Der Bestand umfasst ca. 1,8 Mio. Artikel.;IMMS;CC-BY 4.0;https://publicinterest.ai/
https://huggingface.co/datasets/hiig-ai-lab/publicinterest-ai-projects/blob/main/Public%20Interest%20AI%20Projects%202024.xlsx;Maternity clinic chatbot NeRo;;;https://ai.hel.fi/en/maternity-clinic-chatbot-nero/;Stadt Helsinki;Unbekannt;Der Chatbot NeRo wird von der Geburts- und Kinderklinik der Stadt Helsinki genutzt, um Fragen der PatientInnen in Bezug auf Schwangerschaft, Geburt und frühe Kindheit zu beantworten.;NeRo;CC-BY 4.0;https://publicinterest.ai/
https://huggingface.co/datasets/hiig-ai-lab/publicinterest-ai-projects/blob/main/Public%20Interest%20AI%20Projects%202024.xlsx;Obotti;Empfehlungssystem, Chatbot, KI Anwendung, Natural Language Processing, Web-App;Kultur, Bildung, Datenanalyse, Information Retrieval;https://ai.hel.fi/en/oodis-book-recommendation-service-obotti/;Stadt Helsinki;Unbekannt;"Dies ist ein Chatbot, der Bücher auf Basis einer Kontextanalyse empfiehlt. Zielgruppe sind die Kunden der Bibliothek Helsinki; die empfohlenen Bücher sind dort verfügbar. Es gibt sechs verschiedene Chatbot-Agenten, die sich jeweils auf unterschiedliche Themen konzentrieren.";Obotti;CC-BY 4.0;https://publicinterest.ai/
https://huggingface.co/datasets/hiig-ai-lab/publicinterest-ai-projects/blob/main/Public%20Interest%20AI%20Projects%202024.xlsx;Parking Chatbot;Beratung, KI Anwendung, Maschinelles Lernen, Web-App, Interaktive Datenexploration;Mobilität, Stadt, Beratung, Open Data;https://ai.hel.fi/en/parking-chatbot/;Stadt Helsinki;Unbekannt;Dies ist ein Chatbot, der GPS-Daten nutzt, um Informationen über das Parksystem der Stadt Helsinki bereitzustellen.;;CC-BY 4.0;https://publicinterest.ai/
https://huggingface.co/datasets/hiig-ai-lab/publicinterest-ai-projects/blob/main/Public%20Interest%20AI%20Projects%202024.xlsx;KI4LSA (KI 4 Lichtsignalanlagen);Maschinelles Lernen, KI Anwendung, Datenanalyse, Simulation;Umweltschutz, Klimaschutz, Verkehr, Mobilität, Stadtplanung, Open Data;https://www.iosb-ina.fraunhofer.de/de/geschaeftsbereiche/maschinelles-lernen/forschungsthemen-und-projekte/projekt-KI4LSA.html;Stadt Lemgo;Unbekannt;Der Verkehrsfluss in der Teststadt soll durch die automatisierte Steuerung von Ampeln auf Basis von Echtzeitdaten optimiert werden. Ziel ist es, die Durchlaufzeiten zu verkürzen und Lärm zu reduzieren.;KI4LSA;CC-BY 4.0;https://publicinterest.ai/
https://huggingface.co/datasets/hiig-ai-lab/publicinterest-ai-projects/blob/main/Public%20Interest%20AI%20Projects%202024.xlsx;Handwerkstatistiken;KI Anwendung, Bericht;KI, Verwaltung;https://www.oeffentliche-it.de/documents/10181/14412/KI+im+Beh%C3%B6rdeneinsatz+-+Erfahrungen+und+Empfehlungen;Statistisches Bundesamt;Unbekannt;Ausgangspunkt ist ein Klassifizierungsproblem: Um zu entscheiden, ob ein Datenpunkt (z. B. ein Handwerksbetrieb) in eine Statistik aufgenommen wird, muss dieser als relevant oder nicht relevant eingestuft werden. Bisher erfolgte dies manuell, was jedoch viel Zeit in Anspruch nimmt und fehleranfällig ist. Zudem sind die Personalkapazitäten hierfür begrenzt. Lösungsansatz: ergänzend. Unter Verwendung zuvor ermittelter Klassifikationsmuster für Einheiten (Informationen aus Unternehmensregistern) wird ein Klassifikationssystem trainiert, das neue Datenpunkte automatisch als relevant oder nicht relevant kategorisiert. Den Sachbearbeitern steht das gleiche Zeitfenster wie bisher zur Verfügung, um die nun vorsortierten Fälle weiter zu bearbeiten.;;CC-BY 4.0;https://publicinterest.ai/
https://huggingface.co/datasets/hiig-ai-lab/publicinterest-ai-projects/blob/main/Public%20Interest%20AI%20Projects%202024.xlsx;The Ocean Clean Up/ Sustainable Coastlines;Plattform, Kartenanwendung;Umwelt, Nachhaltigkeit, Klimaschutz;https://theoceancleanup.com/about/;"Stiftung ""The Ocean Cleanup""";Unbekannt;"The Ocean Cleanup ist eine gemeinnützige Initiative, die daran arbeitet, die Ozeane von Plastik zu befreien und die Tierwelt zu schützen. Eine KI wurde im Rahmen des Microsoft Hackathons für Nachhaltigkeit entwickelt; alle verwendeten Schritte und Anwendungen (Azure Microsoft) werden kommuniziert. KI wird beispielsweise gezielt für die Objekterkennung eingesetzt, um die Verschmutzung zu kartieren.";;CC-BY 4.0;https://publicinterest.ai/
https://huggingface.co/datasets/hiig-ai-lab/publicinterest-ai-projects/blob/main/Public%20Interest%20AI%20Projects%202024.xlsx;Flora Incognita;Plattform, KI Anwendung, Maschinelles Lernen, Monitoring, Datenanalyse, Datenvisualisierung;Biodiversität, Umwelt, Klima, Zivilgesellschaft, Monitoring, Umweltschutz;https://www.z-u-g.org/foerderung/ki-leuchttuerme-fuer-umwelt-klima-natur-und-ressourcen/projekt/natura-incognita/;Technische Universität Ilmenau, Max-Planck-Gesellschaft zur Förderung der Wissenschaften e. V.;Unbekannt;Die bestehende App „Flora Incognita“ (https://floraincognita.com/) soll um weitere Arten erweitert werden. Die Anwendung, die Computer Vision zur automatischen Klassifizierung von Pflanzenarten nutzt, ermöglicht ein großflächiges Monitoring der biologischen Vielfalt und hat einen edukativen Effekt.;;CC-BY 4.0;https://publicinterest.ai/
https://huggingface.co/datasets/hiig-ai-lab/publicinterest-ai-projects/blob/main/Public%20Interest%20AI%20Projects%202024.xlsx;Natura Incognita;Plattform, KI Anwendung, Maschinelles Lernen, Monitoring, Datenvisualisierung, Prozessautomatisierung, Datenanalyse;Biodiversität, Umweltschutz, Klimaschutz, Umwelt, Klima, Monitoring, Zivilgesellschaft;https://www.z-u-g.org/foerderung/ki-leuchttuerme-fuer-umwelt-klima-natur-und-ressourcen/projekt/natura-incognita/;Technische Universität Ilmenau, Max-Planck-Gesellschaft zur Förderung der Wissenschaften e. V.;Unbekannt;Eine Workflow-Plattform für die KI-basierte Artenidentifizierung.;NaturaIncognita;CC-BY 4.0;https://publicinterest.ai/
https://huggingface.co/datasets/hiig-ai-lab/publicinterest-ai-projects/blob/main/Public%20Interest%20AI%20Projects%202024.xlsx;ADIS;Maschinelles Lernen, Datenvisualisierung, Visualisierung mit Karten, Monitoring;Umweltschutz, Klimaschutz, Meeresschutz;https://theoceancleanup.com/updates/using-artificial-intelligence-to-monitor-plastic-density-in-the-ocean/;The Ocean Cleanup Projects B.V.;Unbekannt;ADIS basiert auf schiffsgestützten Kameras und künstlicher Intelligenz. In der Sondierungsphase des Projekts wurden über 10 Millionen (20 TB) Offshore-Bilder mit GPS-fähigen Action-Kameras im Außenbereich gesammelt. Es wurde ein Algorithmus zur Objekterkennung mittels künstlicher Intelligenz entwickelt, der die Bilder automatisch nach treibenden Makroplastik-Teilen scannt. Alle Objekterkennungen werden von einem Team von Freiwilligen auf falsch-positive Ergebnisse gefiltert, bevor sie zu georeferenzierten numerischen Dichtedaten aggregiert werden. In dieser Sitzung werden Ergebnisse aus den Sondierungsdaten sowie künftige Entwicklungspläne vorgestellt. Bei einer Hochskalierung hat ADIS das Potenzial, eine kontinuierlichere und globalere Datenbank für Makroplastik-Konzentrationen (>50 cm) an der Meeresoberfläche bereitzustellen.;ADIS;CC-BY 4.0;https://publicinterest.ai/
https://huggingface.co/datasets/hiig-ai-lab/publicinterest-ai-projects/blob/main/Public%20Interest%20AI%20Projects%202024.xlsx;KInsecta;Forschung, Open-Source, Vernetzung, Maschinelles Lernen;Umweltschutz, Umwelt;https://kinsecta.org/;Trägerverein Umweltbildungszentrum Listhof e.V., Berliner Hochschule für Technik;Unbekannt;Es soll ein Insektenzähler entwickelt werden, der das Zählen und Identifizieren von Insekten automatisiert. Hierfür sollen nicht nur Bilddaten, sondern auch optoakustische Signale des Flügelschlags, kombiniert mit Wetter- oder Vegetation data, eine Identifizierung ermöglichen.;KInsecta;CC-BY 4.0;https://publicinterest.ai/
https://huggingface.co/datasets/hiig-ai-lab/publicinterest-ai-projects/blob/main/Public%20Interest%20AI%20Projects%202024.xlsx;Decoding Antisemitism;Forschung, KI Anwendung;Antidiskriminierung, Medienaufsicht, Internationale;https://decoding-antisemitism.eu/;TU Berlin;Unbekannt;„Decoding Antisemitism“ ist ein interdisziplinäres und transnationales Forschungsprojekt, das Antisemitismus im Internet mithilfe von KI untersucht, wobei der Fokus auf dem politischen Mainstream ausgewählter europäischer Gesellschaften liegt – Großbritannien, Frankreich und Deutschland.;;CC-BY 4.0;https://publicinterest.ai/
https://huggingface.co/datasets/hiig-ai-lab/publicinterest-ai-projects/blob/main/Public%20Interest%20AI%20Projects%202024.xlsx;Green Consumption Assistant (integrated into Ecosia Shopping Serach Engine);KI Anwendung, Web-App, Datenvisualisierung;Nachhaltigkeit, Klimaschutz, Umweltschutz;https://www.tu.berlin/en/transformation/research/projects/green-consumption-assistant;TU Berlin;Unbekannt;Ziel eines KI-gestützten Assistenten, der zum Zeitpunkt des Kaufs Nachhaltigkeitsinformationen präsentiert und nachhaltige Alternativen anbietet, die für Verbraucher ebenso einfach zu nutzen sein sollten wie die weniger nachhaltigen Optionen.;GCA;CC-BY 4.0;https://publicinterest.ai/
https://huggingface.co/datasets/hiig-ai-lab/publicinterest-ai-projects/blob/main/Public%20Interest%20AI%20Projects%202024.xlsx;Seaclear;Robotik, KI-Anwendung, Umweltschutz;Umwelt, Klimaschutz, Abfallwirtschaft, Europa, Meeresschutz;https://seaclear-project.eu/;TU Delft;Unbekannt;Diese Initiative nutzt Roboter und künstliche Intelligenz, um Abfälle unter Wasser zu sammeln. Das System besteht aus vier Komponenten: zwei unbemannten Unterwasserrobotern, einem Wasserfahrzeug und einer Flugdrohne. Es wird im Hafen unter sehr robusten Bedingungen getestet. KI wird eingesetzt, um Abfälle auf dem gescannten Meeresboden zu erkennen. Ziel ist es sicherzustellen, dass die Unterwasserlandschaft nicht beeinträchtigt wird, sondern ausschließlich Abfälle gesammelt werden.;SEACLEAR;CC-BY 4.0;https://publicinterest.ai/
https://huggingface.co/datasets/hiig-ai-lab/publicinterest-ai-projects/blob/main/Public%20Interest%20AI%20Projects%202024.xlsx;ForestCare;Monitoring, Maschinelles Lernen, KI Anwendung, High Performance Computing / - Data Analytics (HPC / HPDA);Umwelt, Klimaschutz;https://www.uni-goettingen.de/de/647748.html;u.A. Georg-August-Universität Göttingen;Unbekannt;Einzelbaumbezogenes, satellitengestütztes Monitoring von Waldökosystemen mittels autoadaptiver Hyperdimensionen – Geodatenanalyse.;FORESTCARE;CC-BY 4.0;https://publicinterest.ai/
https://huggingface.co/datasets/hiig-ai-lab/publicinterest-ai-projects/blob/main/Public%20Interest%20AI%20Projects%202024.xlsx;Cider;Open-Source, Datenanalyse, Prozessautomatisierung, Datenstandards, Datenmanagement;Armut, Klimawandel, Umweltschutz, International;https://global-policy-lab.github.io/cider-documentation/intro.html;UC Berkeley Global Policy Lab;Unbekannt;Cider ist eine Sammlung von Software-Tools zur Bekämpfung von Armut mithilfe von Mobilfunkdaten. Es wurde gemeinsam vom Global Policy Lab der UC Berkeley, dem Center for Effective Global Action (CEGA) der UC Berkeley und der gemeinnützigen Organisation GiveDirectly entwickelt. Cider basiert auf den in Aiken et al. (2022) beschriebenen Methoden zur Identifizierung von Armut. Ein Ziel von Cider ist es, diese Methoden benutzerfreundlicher und kontextübergreifend replizierbar zu machen. Ein zweites Ziel ist der einfache Vergleich von Identifizierungsmethoden, einschließlich des von Cider entwickelten mobilfunkbasierten Ansatzes: Während die empirischen Ergebnisse zur Genauigkeit des mobilfunkbasierten Ansatzes in Aiken et al. (2022) vielversprechend sind, ist noch nicht bekannt, wie dieser im Vergleich zu Alternativen in verschiedenen Kontexten abschneidet. Da Cider mit digitalen Daten arbeitet, hat es zwei wesentliche Stärken: Es kann Menschen schnell identifizieren und erreichen (Geschwindigkeit) und dies in einer Größenordnung von Millionen von Menschen tun (Skalierbarkeit).;Cider;CC-BY 4.0;https://publicinterest.ai/
https://huggingface.co/datasets/hiig-ai-lab/publicinterest-ai-projects/blob/main/Public%20Interest%20AI%20Projects%202024.xlsx;Crossfoam;Browser-Erweiterung, Open Source, Datenvisualisierung, Interaktive Datenexploration;Datenanalyse, Demokratie;https://www.ultrapop.de/;Ultrapop;Unbekannt;Crossfoam analysiert und visualisiert Filterblasen in sozialen Netzwerken. Dies gibt Nutzern die Möglichkeit zu erkennen, ob die eigene Online-Community eine Echo-Kammer ist oder verschiedene Meinungen zusammenbringt. Detaillierte Analysen ermöglichen es den Nutzern, das soziale Netzwerk zu erkunden, es vielfältiger zu gestalten oder – falls gewünscht – noch spezifischer zu machen. Das Projekt wurde vom Prototypefund gefördert.;Crossfoam;CC-BY 4.0;https://publicinterest.ai/
https://huggingface.co/datasets/hiig-ai-lab/publicinterest-ai-projects/blob/main/Public%20Interest%20AI%20Projects%202024.xlsx;Kudu;Plattform, KI Anwendung;Landwirtschaft, Afrika;"https://ai4sibook.org/kudu/; ";unclear;Unbekannt;Landwirte in Uganda verfügen oft nicht über ausreichende Informationen über den Agrarmarkt des Landes, was sie beim Verkauf ihrer Erzeugnisse benachteiligt. Kudu ist ein elektronischer Agrarmarkt, der den Informationsfluss erleichtern soll. „Die Kudu-KI-Schnittstelle. Handelskoordinatoren wurden Übereinstimmungen angezeigt, die den größten Handelsgewinnen entsprachen.“;Kudu;CC-BY 4.0;https://publicinterest.ai/
https://huggingface.co/datasets/hiig-ai-lab/publicinterest-ai-projects/blob/main/Public%20Interest%20AI%20Projects%202024.xlsx;Tracking global CO2 emissions;Monitoring, Datenanalyse;Klima, Klimaschutz;https://news.microsoft.com/2023/11/29/unfccc-partners-with-microsoft-to-use-ai-and-advanced-data-technology-to-track-global-carbon-emissions-and-assess-progress-under-the-paris-agreement/;UNFCCC, Microsoft;Laufend;Partnerschaft, die es der UNFCCC ermöglicht, eine neue KI-gestützte Plattform und einen globalen Klimadaten-Hub zu schaffen. Diese Plattform wird fortschrittliche Analysen globaler Klimadaten ermöglichen. Dies wird die UNFCCC und die Mitgliedstaaten mit den Werkzeugen ausstatten, die sie benötigen, um Fortschritte bei den CO2-Reduktionszielen effizient zu melden und zu validieren. Dies umfasst die Überwachung von Verkehr, Landwirtschaft, industriellen Prozessen und anderen Quellen von Kohlenstoffemissionen. Zudem werden der UNFCCC und den Mitgliedstaaten Werkzeuge zur Planung von Strategien zur Kohlenstoffreduzierung mittels Simulationen, Benchmarks und Datenvisualisierungen zur Verfügung gestellt, um gezielte Maßnahmen zu unterstützen und Zeit sowie Geld zu sparen.;;CC-BY 4.0;https://publicinterest.ai/
https://huggingface.co/datasets/hiig-ai-lab/publicinterest-ai-projects/blob/main/Public%20Interest%20AI%20Projects%202024.xlsx;AI4Biodiv;KI Anwendung, Monitoring, Datenvisualisierung, Web-App, Analyse von Sensordaten;Biodiversität, Umweltschutz, Klimaschutz, Landwirtschaft;https://www.tu-ilmenau.de/unionline/forschung/details/wir-brauchen-ki-zum-erhalt-der-biodiversitaet-1143;Uni Ilmenau;Laufend;Es sollen KI-Methoden und -Technologien entwickelt werden, die eine effiziente, schnelle und automatisierte Überwachung der biologischen Vielfalt in verschiedenen Lebensräumen und Landschaften ermöglichen, um die Entwicklung von Ökosystemen, Artengemeinschaften und Populationen zu verfolgen und die Ursachen von Veränderungen zu analysieren.;KI4BioDiv;CC-BY 4.0;https://publicinterest.ai/
https://huggingface.co/datasets/hiig-ai-lab/publicinterest-ai-projects/blob/main/Public%20Interest%20AI%20Projects%202024.xlsx;CAROLL;Forschung, KI Anwendung, Natural Language Processing;Recht, Antidiskriminierung, Technologie;https://www.uni-passau.de/caroll/;Uni Passau;Unbekannt;Im Projekt CAROLL kombinieren die Informatiker um Prof. Dr. Mitrović numerische Ansätze wie maschinelles Lernen mit Erkenntnissen aus der jahrtausendealten Kunst der Rhetorik. Computergestützte Rhetorik ist ein Ansatz zur natürlichen Sprachverarbeitung (NLP). Das Passauer Team kombiniert diesen Ansatz mit Argumentation Mining, ebenfalls ein Forschungsgebiet innerhalb von NLP.;CAROLL;CC-BY 4.0;https://publicinterest.ai/
https://huggingface.co/datasets/hiig-ai-lab/publicinterest-ai-projects/blob/main/Public%20Interest%20AI%20Projects%202024.xlsx;sensassist2sens;Prozessautomatisierung, Maschinelles Lernen, Datenanalyse, Datenvisualisierung, Evaluation, Vernetzung, Beratung;Soziale Arbeit, Arbeit, Datenanalyse, KI, Europa, Nachhaltigkeit, Inklusion;https://sensassist2sens.de/;Uni Rostock;Unbekannt;Software für Kinder- und Jugendhilfezentren: „Wie können Sozialarbeit, Softwareentwicklung und Wissenschaft das Potenzial künstlicher und menschlicher Intelligenz erforschen und anwenden?“;sensassist2sens;CC-BY 4.0;https://publicinterest.ai/
https://huggingface.co/datasets/hiig-ai-lab/publicinterest-ai-projects/blob/main/Public%20Interest%20AI%20Projects%202024.xlsx;Kindly;KI Anwendung;Kinder- und Jugendhilfe, Gewalt;https://kindly.unicef.io;UNICEF, Gitanjali Rao;Unbekannt;Kindly ist eine Open-Source-API, die beleidigende und Cybermobbing-Absichten in Nachrichten erkennt und den Nutzern sofortiges Feedback gibt, damit sie ihre Nachricht überdenken können.;Kindly;CC-BY 4.0;https://publicinterest.ai/
https://huggingface.co/datasets/hiig-ai-lab/publicinterest-ai-projects/blob/main/Public%20Interest%20AI%20Projects%202024.xlsx;Komp-Hi;Maschinelles Lernen, Natural Language Processing, KI Anwendung, E-Learning, Datenanalyse, Datenvisualisierung, Forschung;Bildung, KI;https://komp-hi.de/;Universität Kassel;Abgeschlossen;Das Projekt Komp-HI konzentriert sich auf die Förderung fachlicher und überfachlicher Kompetenzen durch die soziotechnische Gestaltung von hybriden Intelligenzsystemen. Das Projekt zielt darauf ab, KI einzusetzen, um Lernende beim Aufbau und der Entwicklung wichtiger Kompetenzen parallel zu fachspezifischen Inhalten zu unterstützen. Die Grundidee des Projekts basiert auf der Bereitstellung individualisierter Lernmaterialien sowie individuellem und formativem Feedback während des gesamten Lernprozesses. KI-basierte Lerninnovationen erfordern eine möglichst genaue Analyse der individuellen Kompetenzen zu Beginn des Lernens und die Erfassung des Lernfortschritts, um individualisierte Lernprozesse bestmöglich begleiten und kompetenzbezogenes Feedback geben zu können.;Komp-HI;CC-BY 4.0;https://publicinterest.ai/
https://huggingface.co/datasets/hiig-ai-lab/publicinterest-ai-projects/blob/main/Public%20Interest%20AI%20Projects%202024.xlsx;Preventing Poaching ;Maschinelles Lernen, KI Anwendung;Umwelt, International;https://seas.harvard.edu/news/2020/06/preventing-poaching;University of Southern California Center for AI in Society;Unbekannt;Das Projekt versucht mittels maschinellem Lernen das Verhalten von Wilderern vorherzusagen. Das Modell lernt die Verhaltensmodelle der Wilderer aus den gesammelten Kriminalitätsdaten. Auf dieser Grundlage berechnet PAWS Patrouillenrouten und die Wahrscheinlichkeit ihres Erfolgs.;PAWS;CC-BY 4.0;https://publicinterest.ai/
https://huggingface.co/datasets/hiig-ai-lab/publicinterest-ai-projects/blob/main/Public%20Interest%20AI%20Projects%202024.xlsx;KIkKa;KI Anwendung, Forschung;Umwelt, Klima, Klimaschutz, Nachhaltigkeit;https://www.z-u-g.org/foerderung/ki-leuchttuerme-fuer-umwelt-klima-natur-und-ressourcen/projekt/klkka/;Variolytics GmbH, Hohenstaufenstadt Göppingen (Stadtentwässerung Göppingen), Universität Kassel (Fachgebiet Siedlungswasserwirtschaft, Institut für Wasser, Abfall, Umwelt), Fraunhofer-Gesellschaft zur Förderung der angewandten Forschung e. V. (Institut für Grenzflächen- und Bioverfahrenstechnik);Unbekannt;Das Verbundprojekt zielt darauf ab, künstliche Intelligenz einzusetzen, um Abwasserreinigungsprozesse klimaoptimiert zu steuern und Treibhausgasemissionen zu reduzieren.;KlKka;CC-BY 4.0;https://publicinterest.ai/
https://huggingface.co/datasets/hiig-ai-lab/publicinterest-ai-projects/blob/main/Public%20Interest%20AI%20Projects%202024.xlsx;DecS (Decoding Spurenstoffe);Forschung, Simulation, Prozessautomatisierung, Digital Twin, Datenanalyse, Modellierung;Umweltschutz, Klimaschutz, Technologie, Nachhaltigkeit, Wissenschaft, Wasser;https://www.uni-kassel.de/fb14bau/institute/institut-fuer-wasser-abfall-umwelt-iwau/siedlungswasserwirtschaft/forschung/decs-decoding-spurenstoffe;Verbundprojekt von Fachgebiet Siedlungswasserwirtschaft der Universität Kassel (Verbundkoordinator), UNISENSOR Sensorsysteme GmbH, Forschungsinstitut ifak e.V., das Ingenieurbüro Weber-Ingenieure GmbH und der Lippeverband;Unbekannt;Das Projekt DecS verfolgt die Vision, organische Spurenstoffe gezielt aus Abwasserströmen zu entfernen und die für die hierfür verfügbaren Technologien (Ozon, Pulveraktivkohle, Kornaktivkohle) benötigten Ressourcen zu schonen.;DecS;CC-BY 4.0;https://publicinterest.ai/
https://huggingface.co/datasets/hiig-ai-lab/publicinterest-ai-projects/blob/main/Public%20Interest%20AI%20Projects%202024.xlsx;"K2I (Künstliche und kollektive Intelligenz zum Spurenstoff-Tracking in 
Oberflächenwasser für eine nachhaltige Trinkwassergewinnung K2I)";Maschinelles Lernen, Datenvisualisierung, Plattform, Datenanalyse, Cloud-Infrastruktur, Forschung, Analyse von Sensordaten;Umweltschutz, Klimaschutz, Umwelt, Klimawandel, Technologie, Vernetzung;https://www.k2i-tracker.de/;Verbundprojekt von Landeswasserversorgung, das Leibniz-Rechenzentrum der Bayerischen Akademie der Wissenschaften, die Technische Universität München mit ihrem Lehrstuhl für Analytische Chemie und Wasserchemie, und das TZW: DVGW-Technologiezentrum Wasser;Unbekannt;Es soll eine laborübergreifende Cloud-Lösung entwickelt werden, mit der Wasserversorger organische Spurenstoffe schnell erkennen und mögliche Quellen auf Basis einer überregionalen Datenbank eingrenzen können.;K2I;CC-BY 4.0;https://publicinterest.ai/
https://huggingface.co/datasets/hiig-ai-lab/publicinterest-ai-projects/blob/main/Public%20Interest%20AI%20Projects%202024.xlsx;CYCLOPS (Circularity Optimisation for Plastics);Open-Source, Plattform, Datenportal, Datenanalyse, KI Anwendung, Maschinelles Lernen, Prozessautomatisierung;Umweltschutz, Nachhaltigkeit, Klimaschutz;https://wupperinst.org/p/wi/p/s/pd/1910;Verbundprojekt von Wuppertal Institut, GreenDelta GmbH, SKZ-KFE gGmbH;Unbekannt;Cyclops zielt darauf ab, die Recyclingfähigkeit von Sekundärkunststoffen durch die Einführung eines digitalen Unterstützungssystems zu optimieren. Es wird eine Plattform bereitstellen, auf der technisch, wirtschaftlich und ökologisch sinnvolle Verwendungsmöglichkeiten für die am Markt verfügbaren Kunststoffabfälle und Rezyklate identifiziert und darauf basierend Einkaufs-, Recycling- und Vermarktungsentscheidungen getroffen werden können.;CYCLOPS;CC-BY 4.0;https://publicinterest.ai/
https://huggingface.co/datasets/hiig-ai-lab/publicinterest-ai-projects/blob/main/Public%20Interest%20AI%20Projects%202024.xlsx;FutureForest;KI Anwendung, Datenanalyse, Simulation, Open Data, Datenmanagement, Entscheidungsassistent, Vernetzung;Umweltschutz, Klima, Klimaschutz, Forstwirtschaft, Open Data;https://www.z-u-g.org/foerderung/ki-leuchttuerme-fuer-umwelt-klima-natur-und-ressourcen/projekt/futureforest/;wetransform GmbH, M.O.S.S. Computer Graphik Systeme GmbH, Freie Universität Berlin (FU), Technische Universität München (TUM), ECOSOPH GmbH;Unbekannt;Einsatz von KI zur Analyse des Waldzustands, zur Bewertung der künftigen Waldentwicklung und zur Vorbereitung von Entscheidungen für einen klimaangepassten Waldumbau.;FutureForest;CC-BY 4.0;https://publicinterest.ai/
https://huggingface.co/datasets/hiig-ai-lab/publicinterest-ai-projects/blob/main/Public%20Interest%20AI%20Projects%202024.xlsx;SIDE;Information Retrieval, Maschinelles Lernen, KI Anwendung;Open Data, Datenanalyse, Transparenz;https://www.nature.com/articles/s42256-023-00726-1;Wikimedia Foundation;Laufend;Dieses auf neuronalen Netzen basierende System, das wir SIDE nennen, kann Wikipedia-Zitate identifizieren, die ihre Behauptungen wahrscheinlich nicht stützen, und anschließend bessere Zitate aus dem Web empfehlen. Wir trainieren dieses Modell auf bestehenden Wikipedia-Referenzen und lernen so von den Beiträgen und dem kombinierten Wissen Tausender Wikipedia-Editoren.;SIDE;CC-BY 4.0;https://publicinterest.ai/
https://huggingface.co/datasets/hiig-ai-lab/publicinterest-ai-projects/blob/main/Public%20Interest%20AI%20Projects%202024.xlsx;MetallKIDD;Forschung, KI Anwendung;Umweltschutz, Klima, Nachhaltigkeit, KI, Klimaschutz;https://www.z-u-g.org/foerderung/ki-leuchttuerme-fuer-umwelt-klima-natur-und-ressourcen/projekt/metallkidd/;Wuppertal Institut für Klima, Umwelt, Energie gGmbH, Fraunhofer-Institut für Optronik, Systemtechnik und Bildauswertung (IOSB), Folkwang Universität der Künste;Unbekannt;Gestaltung eines zirkulären Metallmanagements unter Nutzung einer Metallstrategie und KI-Unterstützung.;MetallKIDD;CC-BY 4.0;https://publicinterest.ai/
https://huggingface.co/datasets/hiig-ai-lab/publicinterest-ai-projects/blob/main/Public%20Interest%20AI%20Projects%202024.xlsx;Predicting public health risks from restaurant reviews;Maschinelles Lernen, Bericht, Datenanalyse;Gesundheit, Stadt;https://drivendata.co/case-studies/using-yelp-reviews-to-flag-restaurant-health-risks/;Yelp, Harvard University, City of Boston, DrivenData;Unbekannt;Fallstudie: Aufdeckung von Gesundheitsrisiken in Restaurants durch die Kombination von Yelp-Bewertungen mit offenen Stadtdaten zu vergangenen Inspektionen. Ein algorithmischer Ansatz entdeckt 25 % mehr Verstöße bei gleicher Anzahl an Inspektionen.;;CC-BY 4.0;https://publicinterest.ai/
https://huggingface.co/datasets/hiig-ai-lab/publicinterest-ai-projects/blob/main/Public%20Interest%20AI%20Projects%202024.xlsx;AI4grids;Forschung, KI Anwendung, Prozessautomatisierung, Monitoring, Klimaschutz, Datenanalyse;Energie, Klimaschutz, Umweltschutz, Klima, Nachhaltigkeit, Stadt;https://www.htwg-konstanz.de/hochschule/projekte/ai4grids/ueber-ai4grids/;Zukunft – Umwelt – Gesellschaft (ZUG) gGmbH;Unbekannt;KI-basierte Planung und Betriebsführung von Verteilnetzen und Microgrids zur Optimierung der Integration erneuerbarer Erzeuger und schwankender Lasten im Rahmen der Energiewende.;AI4Grids;CC-BY 4.0;https://publicinterest.ai/
https://www.giessdenkiez.de;Giess den Kiez;Interaktive Karte, Datenanwendung für Öffentlichkeit, Crowd-Sourced Daten, Visualisierung mit Karten, Datenerhebung, Monitoring;Umweltschutz, Nachhaltigkeit, Stadt, Partizipation, Klimaanpassung;https://www.giessdenkiez.de, https://www.giessdenkiez.de/map?treeAgeMax=200&lang=de&lat=52.494590307846366&lng=13.388836926491992, https://deinestadt.giessdenkiez.de/;Technologiestiftung Berlin, CityLAB Berlin, Senatskanzlei Berlin;In Weiterentwicklung;Giess den Kiez ist eine interaktive Karte, die den Wasserbedarf von Berliner Stadtbäumen visualisiert und Bürger dazu aufruft, Bäume in ihrer Nachbarschaft zu adoptieren und zu gießen. Das Projekt fördert bürgerschaftliches Engagement zum Schutz der Stadtbäume vor Trockenheit.;;CC-BY 4.0;https://civic-data.de/
https://www.hilf-mir.berlin;HILF-MIR Berlin;Digitale Plattform, Datenanwendung für Öffentlichkeit, Verzeichnis / Karte, Interaktive Karte;Gesundheit, Mentale Gesundheit, Beratung, Stadt;https://www.hilf-mir.berlin;Technologiestiftung Berlin, CityLAB Berlin, Senatskanzlei Berlin, Senatsverwaltung für Wissenschaft, Gesundheit und Pflege (SenWGP);Im Testbetrieb;HILF-MIR Berlin ist ein digitaler Wegweiser, der Nutzern hilft, schnell und einfach psychosoziale Hilfsangebote in den Bereichen Psychiatrie und Suchthilfe in Berlin zu finden, die zu ihrer Situation passen.;;CC-BY 4.1;https://civic-data.de/
https://www.caritas-digital.de/projekte/lernende-systeme-in-der-beratung/;Lernende Systeme in der Beratung;KI Anwendung, Beratung, Digitale Plattform, Vernetzungsassistent, Matching, Datenanalyse, Prozessautomatisierung, Wissensmanagement, Offene Daten;Soziale Arbeit, Beratung, Migration;https://carifix.carinet.de/, https://labor.caritas-digital.de/lernende-systeme/;Caritas Deutschland, Bundesministerium für Familie, Senioren, Frauen und Jugend (BMFSFJ);In Weiterentwicklung;"Das Pilotprojekt ""Lernende Systeme in der Beratung"" erforscht und entwickelt den gemeinwohlorientierten Einsatz von Künstlicher Intelligenz zur Unterstützung der Sozialberatung der Caritas. Ein Prototyp namens CariFIX ermöglicht die webbasierte Vernetzung und den Austausch von Beratenden zu fachlichen Fragen, um Expertise bundesweit zu matchen.";CariFIX;CC-BY 4.2;https://civic-data.de/
https://www.seniorennetz.berlin;Seniorennetz Berlin;Digitale Plattform, Verzeichnis / Karte, Interaktive Karte, Datenanwendung für Öffentlichkeit, Beratung, Visualisierung mit Karten;Senioren, Soziale Arbeit, Teilhabe, Beratung, Inklusion, Barrierefreiheit, Stadt, Demenz, Energie;https://seniorennetz.berlin/de;Arbeiterwohlfahrt Landesverband Berlin e.V., Land Berlin;In Betrieb;Das Seniorennetz Berlin ist eine digitale Plattform, die älteren Menschen in Berlin eine Übersicht über kostenlose Aktivitäten aus Freizeit, Kultur, Bildung und Beratung bietet und wichtige Informationen zum Thema Altern zur Verfügung stellt.;;CC-BY 4.3;https://civic-data.de/
;Disposition von Rettungsmitteln;Interne Datenanwendung, KI Anwendung, Maschinelles Lernen;Rettungsdienst;;DRK Rheinland-Pfalz;online - im Testbetrieb;Basierend auf vergangenen Einsätzen, Wetter- und Verkehrsdaten wurde ein KI-Modell trainiert, das Vorschläge zur Umdisposition von Rettungsfahrzeugen an andere Rettungswachen oder geeignete Orte macht. So soll eine lückenfreie Abdeckung von Rettungsmitteln und die 15 Minuten Hilfsfrist besser eingehalten werden.;;CC-BY 4.4;https://civic-data.de/
https://www.codo-mentoring.org;codo – Das Daten-Tool für Mentoringprojekte;Digitale Plattform, Datenerhebung, Datenanalyse, Reporting, Interne Datenanwendung, Dokumentations- und Netzwerktool;Mentoring, Soziale Arbeit, Jugendarbeit, Wirkungsmessung, Patenschaft, Vernetzung, Beratung, Wissensmanagement;https://codo-mentoring.org/;BMBFSFJ, msm, Affirmative;In Weiterentwicklung;codo ist ein Open Source Daten-Tool (Web-App) für Mentoringprojekte, das alle Daten an einem zentralen Ort bündelt. Es erleichtert die Koordination, Dokumentation und das Reporting für Mentoringprojekte.;codo;CC-BY 4.5;https://civic-data.de/
https://www.fairsharewl.org;FAIR SHARE – Fair Share of Women Leaders;Monitoring, Bericht, Datenerhebung, Datenanalyse, Dokumentations- und Netzwerktool, Veranstaltung;Frauen, Chancengleichheit, Gleichberechtigung, Gleichstellung, Mentoring, Wissensmanagement;https://fairsharewl.org/, https://www.feministleadershiphub.com/;FAIR SHARE of Women Leaders;In Weiterentwicklung;FAIR SHARE ist eine Initiative, die sich zum Ziel gesetzt hat, bis 2030 einen fairen Anteil von Frauen in Führungspositionen im sozialen Sektor zu erreichen. Sie misst und veröffentlicht regelmäßig den Anteil von Frauen in Führungspositionen durch jährliche Monitore und fördert feministische Führung.;FAIR SHARE;CC-BY 4.7;https://civic-data.de/
https://strassenlotse.hamburg;Strassenlotse.Hamburg;Digitale Plattform, Interaktive Karte, Verzeichnis / Karte;Wohnungslosenhilfe, Soziale Arbeit, Beratung, Gesundheit, Stadt;https://www.strassenlotse.hamburg/;Strassenlotse.Hamburg;In Betrieb;Strassenlotse.Hamburg ist ein digitaler Wegweiser, der wohnungslosen Menschen in Hamburg dabei unterstützt, Angebote wie Schlafplätze, medizinische Hilfe, Beratung und Lebensmittel zu finden.;;CC-BY 4.8;https://civic-data.de/
https://www.e-beratungsinstitut.de/projekte/kaimo/;Kann ein Algorithmus im Konflikt moralisch kalkulieren?;KI Anwendung, Entscheidungsassistent, Datenanalyse, Visualisierung, Large Language Model (LLM);Kinderschutz, Kinder- und Jugendhilfe, Soziale Arbeit, Ethik, KI;https://www.e-beratungsinstitut.de/projekte/kaimo/;Hochschule für Philosophie in München (HfPH), Technische Hochschule für Angewandte Wissenschaften Würzburg Schweinfurt (THWS), Institut für E-Beratung der Technische Hochschule Nürnberg Georg Simon Ohm (IEB);Eingestellt;Das Projekt KAIMo untersuchte, ob Künstliche Intelligenz ethische Reflexionsprozesse im Kontext der Kindeswohlgefährdung automatisieren kann. Es entwickelte und testete ein prototypisches KI-Modell, das Fachkräfte bei der Strukturierung von Fallinformationen und der Generierung von Hypothesen unterstützt, aber die menschliche Entscheidungsfindung nicht ersetzt.;KAIMo;CC-BY 4.9;https://civic-data.de/
https://correlaid.org/en/using-data/project-database/2021-07-SIL/;Automatisierte Datenanalyse und Visualisierung für Silbernetz e.V.;Automatisierte Datenübermittlung, Datenanalyse, Dashboard, Visualisierung, Berichterstattung;Senioren, Wohlfahrt, Soziale Arbeit, Wirkungs-messung;;CorrelAid, Silbernetz e.V.;In Betrieb;CorrelAid automatisierte die Datenverarbeitung und erstellte ein interaktives Shiny Dashboard für Silbernetz e.V. zur wöchentlichen Auswertung von Anrufdaten. Dies spart Zeit bei der manuellen Erfassung und verbessert die Wirkungs-kommunikation des Vereins, beispielsweise für die Spenderansprache.;;CC-BY 4.10;https://civic-data.de/
https://www.caremates.de;CareMates – Das KI-unterstützte CRM für die Sozialwirtschaft;KI Anwendung, CRM, Prozessautomatisierung, Automatisierte Datenübermittlung, Entscheidungsassistent, Digitale Plattform, Datenanalyse;Sozialwirtschaft, Pflege, Altenhilfe, Eingliederungshilfe, Kinder- und Jugendhilfe, Ambulant, Stationär, Tagespflege, Hospiz, Datenschutz, KI, Wohlfahrt;https://www.caremates.de/;Caritas;In Betrieb;CareMates ist eine KI-unterstützte CRM-Software für die Sozialwirtschaft, die Verwaltungsprozesse bei Anfragen und Aufnahmen digitalisiert und automatisiert. Sie hilft, den manuellen Aufwand zu reduzieren und mehr Zeit für die Betreuung von Klienten zu gewinnen.;CareMates;CC-BY 4.12;https://civic-data.de/
;CarDia;interne Datenanwendung, Erhebung, Dashboard;Beratung, Soziale Arbeit, Organisationsentwicklung;;Caritasverband Hannover;online - in Betrieb;CarDia ist eine Software, die ermöglicht, Soziale Arbeit qualitativ zu bewerten und damit eine Brücke zu den kaufmännischen Schnittstellen im Unternehmen zu bauen. Beratende reflektieren damit ihre Arbeit datenbasiert, Führungskräfte entwickeln ihre Organisation werteorientiert, hierarchie- und professionsübergreifend. Ein Ansatz wie CarDia macht deutlich, wie viel mehr als eine Anzahl an Stunden und Menschen mit Sozialer Arbeit verbunden ist und dabei, unsere Dienste zu verbessern.;;CC-BY 4.13;https://civic-data.de/
https://erfrischungskarte.odis-berlin.de/;Berliner Erfrischungskarte;Datenvisualisierung, Interaktive Karte, Offene Daten;Stadt, Stadtplanung, Umwelt, Klimaanpassung;https://erfrischungskarte.odis-berlin.de/;Open Data Informationsstelle Berlin, CityLAB Berlin;In Weiterentwicklung;Die Berliner Erfrischungskarte ist eine prototypische Datenvisualisierung, die kühle, windige und schattige Flächen sowie Orte mit Infrastruktur zum Erfrischen und Verweilen im Sommer in Berlin anzeigt.;;CC-BY 4.14;https://civic-data.de/
https://drk-wohlfahrt.de/blog/eintrag/mit-webscraping-data-science-die-wohnungslosenhilfen-im-drk-verstehen/;Analyse der Wohnungslosenhilfen im DRK mittels Web Scraping und Data Science;Automatisierte Datenerhebung, Datenanalyse, KI Anwendung;Wohnungslosenhilfe, Soziale Arbeit, Wohlfahrt;;DRK-Wohlfahrt, Data Science for Social Good Berlin, Heidelberg Experimental Geometry Lab der Universität Heidelberg;In Weiterentwicklung;Dieses Projekt der DRK-Wohlfahrt in Zusammenarbeit mit DSSG Berlin nutzte Web Scraping und datenwissenschaftliche Methoden, um systematisch Hilfsangebote für wohnungslose Menschen auf den Websites der DRK-Gliederungen zu identifizieren und zu analysieren. Es diente als Machbarkeitsstudie (Proof of Concept) und demonstrierte das Potenzial datengetriebener Ansätze zur Verbesserung des Verständnisses und der Skalierbarkeit von Angeboten im DRK.;;CC-BY 4.15;https://civic-data.de/
https://www.cropburning.in, www.energyharvesttrust.com;Energy Harvest Trust, India;Datenanwendung für Öffentlichkeit, Dashboard, KI Anwendung, Machine Learning, Computer Vision;International, Indien, Energie, Landwirtschaft;https://www.cropburning.in, www.energyharvesttrust.com;Energy Harvest Trust, India;Unbekannt;MIthilfe von Satellitendaten idetifiziert die NGO Energy Harvest Trust Reisfelder, auf denen das Reisstroh verbrannt wird. Als Alternative zur Verbrennung wird den Bäuerinnen und Bauren angeboten, ihr Stroh an ein Biomassekraftwerk zu verkaufen. Zu Pellets verarbeitet, kann so Strom gewonnen werden, Luftverschmutzung verringert und den Bäuerinnen und Bauern ein zusätzliches Einkommen ermöglicht werden.;;CC-BY 4.16;https://civic-data.de/
https://shelter-associates.org/plus-code/;Plus Code;Digitale Plattform, Interaktive Karte, Datenerhebung, Datenanwendung für Öffentlichkeit, Geodaten;Armut, Wohnen, Stadtplanung, Soziale Arbeit, Zugänglichkeit, Verwaltung, Partizipation;https://shelter-associates.org/plus-code/;Shelter Associates, Google;In Betrieb;Das Projekt „Plus Code“ generiert und weist digitalen Adressen für Slum-Haushalte und kritische Infrastruktur zu. Es nutzt Google Plus Codes und GIS-Technologie, um die Zugänglichkeit wesentlicher Dienstleistungen für Bewohner in abgelegenen Gebieten zu verbessern und die Stadtplanung zu unterstützen.;;CC-BY 4.17;https://civic-data.de/
https://shelter-associates.org/statistical-data-2/;Statistische Daten und Dashboards von Shelter Associates;Datenerhebung, Datenanalyse, Dashboard, Offene Daten, Visualisierung mit Karten;Armut, Wohnen, Gleichstellung, Nachhaltigkeit, Partizipation, Stadtplanung, Transparenz;https://shelter-associates.org/statistical-data-2/, https://app.shelter-associates.org/dashboard/city::Pune, https://app.shelter-associates.org/dashboard/city::Panvel, https://app.shelter-associates.org/dashboard/city::Kolhapur, https://app.shelter-associates.org/dashboard/city::PCMC, https://app.shelter-associates.org/dashboard/city::Thane, https://app.shelter-associates.org/dashboard/city::Navi%20Mumbai;Shelter Associates, Pramiti Philanthropy Partners, DMI Finance, Tata Trust, Sun Vacuum Formers Private Ltd. and TRW Sun Steering Wheels Pvt. Ltd, UNICEF, Bank of America and HT Parekh Foundation;In Betrieb;Shelter Associates erhebt, organisiert und veröffentlicht Slumdaten, um städtische Armut zu bekämpfen und den Zugang zu grundlegenden Dienstleistungen zu verbessern. Die Daten werden über Dashboards visualisiert, um Gemeinschaften zu befähigen und Lücken in der Dienstleistungsversorgung aufzuzeigen.;;CC-BY 4.18;https://civic-data.de/
https://www.sightsavers.org/programmes/inclusive-data/;Inclusive data at Sightsavers;Datenerhebung, Datenanalyse, Datenanwendung für Öffentlichkeit, Monitoring, Bericht;Behinderung, Inklusion, Teilhabe, Menschenrechte, Chancengleichheit, Gleichberechtigung, International;https://www.sightsavers.org/programmes/inclusive-data/;Sightsavers;In Weiterentwicklung;Sightsavers setzt sich weltweit dafür ein, den Mangel an genauen Daten über Behinderungen zu beheben. Dies geschieht durch das Sammeln, Analysieren und Nutzen inklusiver Daten, um marginalisierte Menschen besser zu verstehen und Barrieren für ihre Teilhabe und den Zugang zu Dienstleistungen abzubauen.;;CC-BY 4.19;https://civic-data.de/
https://www.impactsproject.com/;Inclusive Mobility: Public And Collaborative Trusted Spaces;Digitale Plattform, Interaktive App, Datenerhebung, Reporting, Crowd-Sourced Daten, Vernetzungsassistent, Offene Daten;Stadt, Stadtplanung, Vernetzung;https://www.impactsproject.com/;Technical University of Berlin, Centre for Research & Technology, Hellas, Wizgo UG (haftungsbeschränkt), Municipality of Dugopolje, ISBAK Istanbul IT and Smart City Technologies Inc., nexus Institut GmbH, European Passengers' Federation, Urbanex d.o.o., EIT Urban Mobility;Eingestellt;IMPACTS testete die Einführung von Feedback-Mechanismen zwischen Nutzern öffentlicher Verkehrssysteme, um die Sicherheit zu stärken, gegenseitige Unterstützung zu ermöglichen und das urbane Umfeld zu verbessern. Das Projekt zielte darauf ab, ein sozio-technisches Tool zu implementieren, das die Online- und Offline-Konnektivität unter Passagieren förderte, Vertrauen durch ein Bewertungssystem aufbaute und Passagiere befähigte, Probleme im urbanen Umfeld zu melden.;IMPACTS;CC-BY 4.20;https://civic-data.de/
https://de.mi4people.org/general-computer-vision-for-healthcare;General Computer Vision für das Gesundheitswesen;Analyse von Sensordaten und ML, KI Anwendung, Entscheidungsassistent;Gesundheit, International, Afrika, Kongo, KI;https://de.mi4people.org/general-computer-vision-for-healthcare;MI4People gGmbH;In Weiterentwicklung;Das Projekt entwickelt ein kostenloses und leicht zugängliches Open-Source General Computer Vision System, das mithilfe von Machine Learning ein breites Krankheitsspektrum anhand verschiedener medizinischer Bildarten diagnostizieren kann. Ziel ist es, AllgemeinärztInnen, insbesondere in Entwicklungsländern, bei der schnelleren und genaueren Diagnose zu unterstützen.;;CC-BY 4.22;https://civic-data.de/
https://homeless.org.uk/what-we-do/streetlink-and-chain/chain/;CHAIN (Combined Homelessness and Information Network);Datenbank, Datenerhebung, Datenanalyse, Reporting, Visualisierung mit Karten;Wohnungslosenhilfe, Kältehilfe, Armut, Soziale Arbeit, Gesundheit, Stadt;https://homeless.org.uk/what-we-do/streetlink-and-chain/chain/;Homeless Link, Mayor of London, Greater London Authority (GLA);In Betrieb;CHAIN ist eine behördenübergreifende Datenbank, die Informationen über obdachlose Menschen und die Straßenbevölkerung in London erfasst. Das System ermöglicht den Informationsaustausch zwischen Nutzern, um die Unterstützung zu optimieren und Berichte für operative Überwachung und strategische Politikgestaltung zu erstellen.;CHAIN;CC-BY 4.23;https://civic-data.de/
https://socialmap-berlin.de/l/de;social map Paritätischer Wegweiser für soziale Angebote;Digitale Plattform, Interaktive Karte, Verzeichnis / Karte, Datenbank;Soziale Arbeit, Stadt, Beratung, Jugendarbeit, Kinder- und Jugendhilfe, Gesundheit, Mentale Gesundheit, Pflege, Senioren, Wohnen, Wohnungslosenhilfe, Inklusion, Menschen mit Behinderung, Geflüchtete, Migration, Integration, Chancengleichheit, Frauen, Queere Sichtbarkeit, Vernetzung;https://socialmap-berlin.de/l/de;Paritätischer Wohlfahrtsverband LV Berlin e.V.;In Betrieb;socialmap berlin ist eine Online-Datenbank mit vielen bunten Angeboten der sozialen Arbeit für Berlinerinnen und Berliner. Über die interaktive Karte finden Sie schnell Angebote in Ihrer Nachbarschaft.;socialmap;CC-BY 4.24;https://civic-data.de/
https://www.beratungsnetz-migration.de/l/de;Berliner Beratungsnetz für Zugewanderte;Verzeichnis / Karte, Datenanwendung für Öffentlichkeit, Digitale Plattform, Beratung;Migration, Integration, Geflüchtete, Arbeit, Bildung, Gesundheit, Wohnen, Antidiskriminierung, Behinderung, Familien, Soziale Arbeit;https://www.beratungsnetz-migration.de/l/de;VIA Service-Akademie für MO im Kompetenznetzwerk für Migrationsgesellschaft, Beauftragte des Berliner Senats für Partizipation, Integration und Migration;In Weiterentwicklung;Das Berliner Beratungsnetz für Zugewanderte ist eine digitale Plattform und ein Verzeichnis, das Zugewanderten und Geflüchteten in Berlin eine Übersicht über verschiedene Beratungsangebote zu Themen wie Migration, Arbeit, Bildung und Gesundheit bietet. Es ermöglicht die Suche nach Angeboten und die Nutzung einer interaktiven Karte.;BfZ;CC-BY 4.25;https://civic-data.de/
https://mittendrin.in/l/de;mittendrin.in Brandenburg;Digitale Plattform, Verzeichnis / Karte, Interaktive Karte, Datenanwendung für Öffentlichkeit, Offene Daten;Senioren, Pflege, Demenz, Barrierefreiheit, Teilhabe, Gesundheit, Bildung, Kultur, Wissensmanagement;https://mittendrin.in/;Deutsche Fernsehlotterie;In Weiterentwicklung;Mittendrin in Brandenburg ist eine digitale Pinnwand und Plattform für Menschen in der zweiten Lebenshälfte, die nichtkommerzielle Einrichtungen und Angebote im Land Brandenburg listet. Sie ermöglicht das Suchen und Stöbern nach Angeboten über eine interaktive Karte und verschiedene Themenbereiche, mit Fokus auf Barrierefreiheit.;;CC-BY 4.26;https://civic-data.de/
https://www.glaice.de;GLAICE Health;Analyse von Sensordaten und ML, KI Anwendung, Entscheidungsassistent, Interaktive App;Gesundheit;https://www.glaice.de/;GLAICE;Im Testbetrieb;GLAICE Health ist eine digitale Plattform, die Menschen mit Typ-1 und Typ-2 Diabetes unterstützt, indem sie persönliche Gesundheitsdaten mit medizinischer Wissenschaft kombiniert, um individuelle Einblicke und Empfehlungen für ein besseres Diabetesmanagement zu bieten.;GLAICE;CC-BY 4.28;https://civic-data.de/
https://integreat-app.de/;Integreat;Digitale Plattform, Interaktive App, Datenerhebung, Datenanwendung für Öffentlichkeit, Offene Daten;Migration, Integration, Geflüchtete, Beratung, Partizipation;https://integreat-app.de/, https://www.integreat.app;Digitalfabrik gGmbH;In Betrieb;Integreat ist eine digitale Integrationsplattform, die Kommunen dabei hilft, mehrsprachige lokale Informationen an zugewanderte Menschen weiterzugeben und deren gesellschaftliche Teilhabe zu fördern.;;CC-BY 4.30;https://civic-data.de/
https://tuerantuer.de/digitalfabrik/projekte/netzwerkobdachwohnen/;Netzwerk Obdach & Wohnen;Digitale Plattform, Interaktive App, Karte, Datenerhebung, Datenanwendung für Öffentlichkeit;Wohnungslosenhilfe, Wohlfahrt, Soziale Arbeit, Migration, Integration;https://netzwerkobdachwohnen.de/;Tür an Tür, Bundesministerium für Wirtschaft und Klimaschutz;Im Testbetrieb;Netzwerk Obdach & Wohnen ist eine mehrsprachige Orientierungs-App und digitale Plattform für wohnungslose und von Wohnungslosigkeit bedrohte Menschen. Sie stellt Informationen zu Beratungsstellen, Notübernachtungen und Unterstützungsprogrammen bereit, um informierte Entscheidungen zu ermöglichen und bei der Inanspruchnahme von Leistungen zu begleiten.;;CC-BY 4.31;https://civic-data.de/
https://de.mi4people.org/dofe;DOfE - Data Open for Everyone;Digitale Plattform, Datenanalyse, Datenerhebung, Visualisierung, Offene Daten, Datenanwendung für Öffentlichkeit, Datensatz und Visualisierung;Offene Daten, Transparenz, Demokratie, Partizipation, Wirtschaft, Umwelt, Gesundheit, Verwaltung, Nachhaltigkeit, Deutschland;https://dofe-mi4people.streamlit.app/;MI4People gGmbH;In Weiterentwicklung;DOfE ist eine Plattform, die relevante offene Daten aus ganz Deutschland sammelt, konsolidiert, harmonisiert, visualisiert und erklärt. Ziel ist es, diese Daten für jeden verständlich und zugänglich zu machen und so zur Demokratisierung von Daten und mehr Transparenz beizutragen.;DOfE;CC-BY 4.32;https://civic-data.de/
https://unique-united.de/;Unique United;Digitale Plattform, Datenerhebung, Datenanwendung für Öffentlichkeit, Verzeichnis / Karte, Beratung, Dokumentations- und Netzwerktool;Inklusion, Menschen mit Behinderung, Barrierefreiheit, Chancengleichheit, Arbeit, Beratung, Sport;https://www.unique-united.com/;Unique United GmbH, Einzigartig wie du” gUG;In Betrieb;Unique United ist eine inklusive Online-Plattform, die es Unternehmen, Vereinen, gUGs und Privatpersonen ermöglicht, barrierefreie Angebote und Suchanzeigen für Menschen mit Behinderung zu veröffentlichen und zu finden. Sie fördert Chancengleichheit und eine inklusive Arbeitswelt.;;CC-BY 4.33;https://civic-data.de/
https://senf.app;Senf.app;Digitale Plattform, Partizipation;Stadt, Stadtplanung, Partizipation;https://senf.app/;Fuhr, Morino, Wild von Hohenborn GbR;Unbekannt;Senf.app ist eine digitale Partizipationsplattform für lebenswerte Städte, die die Beteiligung an Stadtentwicklungsprojekten attraktiv und flexibel gestaltet.;;CC-BY 4.35;https://civic-data.de/
https://machine-vs-rage.bag-gegen-hass.net/;Machine Against the Rage;Online-Magazin, Datenanalyse, Monitoring, Bericht;Demokratie, Antidiskriminierung, Transparenz, Wissensmanagement;https://machine-vs-rage.net/;Institut für Demokratie und Zivilgesellschaft (IDZ), Civic Research and Innovation (CRI), toneshift - Netzwerk gegen Hass im Netz und Desinformation, Bundesministerium für Bildung, Familie, Senioren, Frauen und Jugend, BAG »Gegen Hass im Netz«;In Betrieb;Machine Against the Rage ist ein Online-Magazin und Trendreport, das vierteljährlich Datenanalysen zu Hass und Desinformation sowie Untersuchungen des politischen Streits im digitalen Raum präsentiert. Es bietet Einblicke in digitale Konfliktforschung und Monitoring-Ergebnisse.;;CC-BY 4.36;https://civic-data.de/
https://frankfurter-plattform-55plus.de/;Frankfurter Plattform 55+;Digitale Plattform, Verzeichnis / Karte, Datenanwendung für Öffentlichkeit, Vernetzungsassistent, Beratung, Datenerhebung;Senioren, Bildung, Beratung, Vernetzung, Stadt, Teilhabe, Mentale Gesundheit, Sport, Inklusion, KI;https://frankfurter-plattform-55plus.de/;VHS Frankfurt;In Betrieb;Die Frankfurter Plattform 55+ ist ein Netzwerk, das Bildungs-, Beratungs- und Hilfsangebote für Personen ab 55 Jahren in Frankfurt am Main bündelt und zugänglich macht. Sie bietet eine Vielzahl von Kursen, Treffpunkten, Workshops und Unterstützung in verschiedenen Lebenslagen an.;FP55+;CC-BY 4.37;https://civic-data.de/
https://jugendhilfe.ai/;Jugendhilfe.ai - Die Suchmaschine für die SGB;KI Anwendung, Suchmaschine, Digitale Plattform, Entscheidungsassistent, Large Language Model (LLM), Datenanalyse;Jugendhilfe, Soziale Arbeit, Kinder- und Jugendhilfe, Sozialrecht;https://jugendhilfe.ai/, https://app.jugendhilfe.ai;AWO Bezirksverband Braunschweig e. V., WALHALLA Fachverlag, Social Impact gGmbH, AFET – Bundesverband für Erziehungshilfe e. V., Syndicats eG, DROSOS STIFTUNG, Deutsche Postcode Lotterie;In Weiterentwicklung;Jugendhilfe.ai ist eine KI-gestützte Suchmaschine und Plattform, die Fachkräften in der Jugendhilfe hilft, komplexe Rechtsfragen, gesetzliche Ansprüche und Finanzierungsmöglichkeiten im Sozialrecht schnell und fundiert zu finden. Sie basiert auf geprüften Quellen und soll die Recherchezeit verkürzen, damit mehr Zeit für die pädagogische Arbeit bleibt.;JUGENDHILFE.ai;CC-BY 4.38;https://civic-data.de/
https://www.tmz-hamm.de/;Telemedizinzentrum Hamm;Digitale Plattform, Beratung, Telemedizin, Datenanalyse, Monitoring, Vernetzungsassistent;Pflege, Gesundheit, Medizin, Demenz, Pflegende Angehörige, Senioren, Teilhabe, Telemedizin, Vernetzung;https://www.tmz-hamm.de/, https://tmz-hamm.de/online-beratungsportal, https://tmz-hamm.de/therapieangebot, https://www.tmz-hamm.de/unser-angebot/;Telemedizinzentrum Hamm;In Weiterentwicklung;Das Telemedizinzentrum Hamm ist eine gemeinnützige und wissenschaftliche Einrichtung, die sich auf Telemedizin und Digitalisierung in Pflege, Gesundheit und Medizin konzentriert. Es bietet Unterstützungsangebote wie Kurse, ein Online-Beratungsportal und Therapien, um die Lebensqualität von Pflegebedürftigen und pflegenden Angehörigen zu steigern.;TMZ Hamm;CC-BY 4.39;https://civic-data.de/
https://www.generationgermany.de/presse/;GENERATION GERMANY;Festival und Studie, Datenerhebung, Datenanalyse, Bericht;Demokratie, Jugendarbeit, Jugendbeteiligung;https://www.generationgermany.de/;Children for a better World e.V.;In Betrieb;GENERATION GERMANY ist ein Demokratiefestival und eine Jugendstudie, die sich der Demokratiebildung von Jugendlichen in Deutschland widmet. Es wird von Children for a better World e.V. initiiert und durchgeführt.;GenGer;CC-BY 4.40;https://civic-data.de/
https://go.ifrc.org/;IFRC GO;Digitale Plattform, Datenanalyse, Monitoring, Dashboard, Visualisierung mit Karten, Offene Daten;Humanitäre Hilfe, Katastrophenschutz, International, Afrika;https://go.ifrc.org/;IFRC;In Betrieb;IFRC GO ist eine digitale Plattform, die Katastropheninformationen für IFRC-Einsatzkräfte weltweit zugänglich und nutzbar macht, um bessere Entscheidungen zu ermöglichen. Sie bietet einen Überblick über aktive Notfalleinsätze, Finanzierungsbedarfe und betroffene Populationen.;GO;CC-BY 4.41;https://civic-data.de/
https://civic-data.de/output-monitoring-ten-sing/;TEN SING Gesamterhebung;Interne Datenanwendung, Output Monitoring, Reporting, Dashboard;Jugendarbeit, Vernetzung, Wirkungsmessung, Evaluation;;Christlicher Verein Junger Menschen, CDL;online - im Testbetrieb;TenSing ist ein Musikprojekt für Jugendliche und nutzt Daten aus qualitativen und quantitativen Teilnehmendenbefragungen effektiv für die Weiterentwicklung und Verstetigung des Programms. Die gesammelten Daten sollen mit Hilfe des Civic Data Lab in einem Dashboard visualisiert und analysiert werden.;;CC-BY 4.42;https://civic-data.de/
https://insafehands.de;BUNTER BALL;Bildung, Datenerhebung, Datenanalyse, Dokumentations- und Netzwerktool, Vernetzung;Arbeit mit Kindern, Chancengleichheit, Bildung, Kinderschutz, Soziale Arbeit, Sport, Partizipation, Nachhaltigkeit;https://insafehands.de, https://insafehands.de/bunterball/;In safe hands e.V.;In Weiterentwicklung;Das Programm BUNTER BALL von In safe hands e.V. verbindet die Förderung sozial-emotionaler Kompetenzen von Grundschulkindern mit dem Sportunterricht. Es setzt sich für mehr Chancengerechtigkeit in der Bildung ein und trägt zur Erreichung der Sustainable Development Goals bei.;;CC-BY 4.43;https://civic-data.de/
https://paris-bikes-wfiz3bgwsa-ew.a.run.app;Paris Parking Demand Index;Datenanalyse, Visualisierung mit Karten, Dashboard, Interaktive Karte, Offene Daten;Stadtplanung, Umwelt, Nachhaltigkeit, Offene Daten;https://paris-bikes-wfiz3bgwsa-ew.a.run.app/;CorrelAid, City of Paris;Im Testbetrieb;Der Paris Parking Demand Index visualisiert die Anzahl der vorhandenen Fahrradparkplätze in Paris im Verhältnis zu Nachfrageindikatoren. Er hilft zu bestimmen, wie adäquat Gebiete in Bezug auf Parkmöglichkeiten versorgt sind.;;CC-BY 4.45;https://civic-data.de/
https://correlaid.github.io/trinkbrunnen-analyse/map-deutschland-drinking-water.html;Trinkbrunnen-Analyse;Interaktive Karte, Visualisierung mit Karten, Offene Daten;Umwelt, Stadt, Nachhaltigkeit;https://correlaid.github.io/trinkbrunnen-analyse/map-deutschland-drinking-water.html;CorrelAid;In Betrieb;Eine interaktive Karte, die Trinkbrunnen in Deutschland visualisiert und Daten aus OpenStreetMap nutzt.;;CC-BY 4.46;https://civic-data.de/
https://laureus.shinyapps.io/Safeinsport-selfaudit/;Safeguarding Self-Audit;Interaktiver Fragebogen, Datenanalyse, Evaluierung;Kinderschutz, Sport, Evaluation;https://laureus.shinyapps.io/Safeinsport-selfaudit/;Laureus, ISFC (International Safeguards for Children in Sport);In Betrieb;Ein interaktives Online-Tool, das Organisationen ermöglicht, ihre Kinderschutzrichtlinien und -prozesse anhand internationaler Standards zu bewerten. Es bietet einen Selbst-Audit, um Lücken zu identifizieren und die Sicherheit von Kindern im Sport zu gewährleisten.;;CC-BY 4.47;https://civic-data.de/
https://www.correlaid.org/daten-nutzen/projektdatenbank/2019-10-BEE/;BeeObserver;Analyse von Sensordaten und ML, KI Anwendung, Monitoring;Umweltschutz, Nachhaltigkeit, Landwirtschaft;;CorrelAid, BeeObserver;In Betrieb;CorrelAid unterstützte die Citizen-Science-Initiative BeeObserver dabei, Sensordaten von Bienenstöcken mittels maschinellem Lernen auszuwerten und ein Alarmsystem für Imker*innen aufzubauen. Ziel ist es, Risiken und Gefahren für Honigbienen schneller zu erkennen und zu reduzieren.;BOB;CC-BY 4.49;https://civic-data.de/
https://www.correlaid.org/daten-nutzen/projektdatenbank/2020-03-DEN/;Akademie für selbstbestimmtes Altwerden und Praxisforschungsstelle;Umfrage, Datenerhebung, Datenanalyse, Visualisierung, Bericht;Senioren, Wohnen, Teilhabe, Wissensmanagement;;Denk-mal-Kultur e.V., CorrelAid;In Weiterentwicklung;Das Projekt zielt darauf ab, eine Akademie für selbstbestimmtes Altwerden und eine Praxisforschungsstelle im ländlichen Raum aufzubauen. CorrelAid unterstützte Denk-mal-Kultur e.V. dabei, das Interesse der Bevölkerung und relevanter Akteure mittels einer Umfrage zu ermitteln und die Ergebnisse in einem Bericht zusammenzufassen.;;CC-BY 4.50;https://civic-data.de/
https://www.correlaid.org/daten-nutzen/projektdatenbank/2020-11-MAR/;Datenvisualisierungen für illegale Pushbacks;Datenvisualisierung, Datenanalyse, Datenerhebung, Bericht, Output Monitoring;Geflüchtete, Menschenrechte, Migration, International;;Mare Liberum e. V., CorrelAid;In Betrieb;CorrelAid unterstützte Mare Liberum dabei, ihre Datenbank zu illegalen Pushbacks zu bereinigen und zu analysieren. Ziel war es, überzeugende Datenvisualisierungen für Advocacy, PR und Berichterstattung zu erstellen, um die Sichtbarkeit und Aufmerksamkeit für Menschenrechtsverletzungen im Mittelmeer zu erhöhen.;;CC-BY 4.51;https://civic-data.de/
https://teresa.ai/;Teresa.AI;KI Anwendung, Interaktive App, Entscheidungsassistent, Large Language Model (LLM);Soziale Arbeit, Beratung, Wohlfahrt, Wissensmanagement;https://teresa.ai/;teresa.ai GmbH;In Weiterentwicklung;Teresa.AI ist eine einfach bedienbare und sichere KI-Anwendung, die speziell für die soziale Arbeit entwickelt wurde, um Sozialarbeiter*innen bei ihrer täglichen Arbeit zu unterstützen.;;CC-BY 4.52;https://civic-data.de/
https://inklusio.ai/;Inclusio.ai;KI-Anwendung, LLM;Kinder- und Jugendhilfe, Wissensmanagement;;Bundesverband Caritas Kinder- und Jugendhilfe (BVkE);Unbekannt;;;CC-BY 4.53;https://civic-data.de/
https://news.wheelmap.org;Wheelmap;Datenanwendung für die Öffentlichkeit, interaktive Karte/ Verzeichnis, Crowd-Sourced Daten;Inklusion, Menschen mit Behinderung;;Sozialhelden;Unbekannt;Die Sozialheld*innen stellen mit der Wheelmap eine interaktive Karte für das Finden rollstuhlgerechter Orte zur Verfügung. Alle können mitmachen und die Rollstuhlgerechtigkeit von öffentlich zugänglichen Orten bewerten – weltweit. Alle Informationen stehen als offener Datensatz zur Verfügung.;;CC-BY 4.55;https://civic-data.de/
https://goodcitylife.org/chattymaps/project.php;Chatty Maps;Datenanalyse, Datenerhebung, Datenstandards, Visualisierung mit Karten, Interaktive Karte, Entscheidungsassistent;Stadt, Stadtplanung, Umwelt;https://goodcitylife.org/chattymaps/project.php, https://goodcitylife.org/chattymaps/index.php;Nokia Bell Labs, Turin University, Goodcitylife.org;In Betrieb;Chatty Maps ist ein Projekt, das eine Methode zur Erstellung von Klangkarten städtischer Gebiete aus georeferenzierten Social-Media-Bild-Tags vorschlägt. Es erfasst angenehme und unangenehme Geräusche, untersucht die Beziehung zwischen Klanglandschaften und Emotionen und kartiert Bereiche nach ihrer Geräuschwahrnehmung.;;CC-BY 4.56;https://civic-data.de/
https://www.civic-innovation.de/community-information/projektfoerderungs/lup-ai-intelligente-unterstuetzung-fuer-buerokratie-und-recht;LUPAI: Intelligente Unterstützung für Bürokratie und Recht;KI Anwendung, Digitale Plattform, Interaktive App, Large Language Model (LLM), Datenanalyse, Vernetzungsassistent, Sprach-Editor;Migration, Arbeit, Beratung, Verwaltung, Integration, Geflüchtete, Demokratie, Partizipation, Frauen, Queere Sichtbarkeit, Gleichberechtigung, Wohnen, Gesundheit, Barrierefreiheit, Transparenz;;Bildungszentrum Lohana Berkins des gemeinnützigen Vereins Plan:B e. V., aureka;In Weiterentwicklung;LUPAI ist eine KI-basierte mobile Webanwendung, die Menschen mit Migrations- und Fluchterfahrung den selbstständigen Zugang zu Informationen über rechtliche Rahmenbedingungen und administrative Abläufe im Bereich Migration und Arbeit erleichtert. Sie nutzt KI-Technologien wie Large Language Models für intelligente Suche, einfache Erklärungen und zur Vernetzung mit Fachleuten und Organisationen.;LUPAI;CC-BY 4.58;https://civic-data.de/
https://www.das-steht-dir-zu.de/;Das steht dir zu;Digitale Plattform, Datenanwendung für Öffentlichkeit, Entscheidungsassistent, KI Anwendung, Reporting;Soziale Arbeit, Beratung, Armut, Senioren, Kinder- und Jugendhilfe, Eltern, Geflüchtete, Wohnen, Migration, Teilhabe;https://www.das-steht-dir-zu.de/start/, http://ki-chat.das-steht-dir-zu.de/, https://www.das-steht-dir-zu.de/arbeit/buergergeld/der-buergergeld-rechner/;Caritas in NRW und die Caritas- und Fachverbände in Nordrhein-Westfalen;In Betrieb;Das steht dir zu ist ein Informationsportal der Caritas in NRW, das umfassend über Sozialleistungen wie Bürgergeld, Wohngeld und Kindergeld informiert. Es bietet praktische Tools wie einen Bürgergeld-Rechner und einen KI-Chat zur Unterstützung bei der Beantragung von Leistungen.;;CC-BY 4.60;https://civic-data.de/
https://K(l)ein Geld für Demokratie?! Demokratieförderung - AWO;K(l)ein Geld für Demokratie?!;Open Data, Web Scraping, Textklassifizierung;Demokratie;;AWO;Unbekannt;Wie viel ist der Bundesregierung die Demokratieförderung wert? Der AWO Bundesverband sammelt Daten, um das mit einer konkreten Zahl zu unterlegen. Doch zu ermitteln, wie viele Bundesförderprogramme welche Summen für die verschiedenen Aspekte der Demokratieförderung bereitstellen, ist gar nicht so leicht. Das Civic Data Lab unterstützt mit Webscraping, Textklassifizierung und Named-Entity Recognition. ;;CC-BY 4.63;https://civic-data.de/
https://civic-data.de/datenmanagement-bei-ngos/;Datenmanagement bei Terre des Hommes;Datenmanagement, Automatisierte Datenübermittlung, Datenerhebung, Datenanalyse, Wirkungsmessung;Humanitäre Hilfe, International, Kinder- und Jugendhilfe, Wirkungsmessung, Wissensmanagement;;Terre des Hommes, Civic Data Lab;In Weiterentwicklung;Terre des Hommes baut in Zusammenarbeit mit dem Civic Data Lab ein weltweites Datenmanagementsystem auf. Ziel ist es, die Datenerhebung aus über 400 Projekten in 44 Ländern zu systematisieren und die strategische Wirkungsmessung zu verbessern.;;CC-BY 4.65;https://civic-data.de/
https://A thousand channels; A Thousand Channels;Datenanwendung für Öffentlichkeit, interaktive Karte, Map to go, Crowd-Sourced Daten;Queere Sichtbarkeit, AntiDiskriminierung, Teilhabe;;;Unbekannt;A 1000 channels ist eine queere Mappingplattform, mit der queere Narrationen leicht zugänglich auf einer Karte visualisiert und veröffentlicht werden können. So können queeren Akteur*innen, Gruppen und Projekte ihre Räume und Aktivitäten sichtbar machen. Das Civic Data Lab unterstützt das ehrenamtliche Team bei der Weiterentwicklung ihrer Plattform.;;CC-BY 4.66;https://civic-data.de/
https://Sunflower Care;Sunflower Care;Chatbot, Plattformentwicklung;Geflüchtete, Beratung, Teilhabe;https://Sunflower Care;sunflower care e.V.;Unbekannt;Sunflower care e.V. unterstützt Menschen, die vor dem Krieg aus der Ukraine nach Deutschland fliehen mussten. Auch nach dem Ankommen in Deutschland bleibt Beratungsbedarf und dafür wird die Peer-Onlineberatungsplattform We Care entwickelt. Beratende haben oft selbst Migrations- und Fluchtgeschichten und geben ihr Wissen direkt weiter – wo sie nicht selbst Bescheid wissen, recherchiert ein Chatbot Informationen zum Leben in Deutschland. Diesen stellt das Civic Data Lab mit Partnern von aureka zur Verfügung.;;CC-BY 4.68;https://civic-data.de/
https://[U25] Mailberatung und Hilfe für Jugendliche mit Suizidgedanken;[U25] Mailberatung und Hilfe für Jugendliche mit Suizidgedanken;Beratung, Digitale Plattform;Mentale Gesundheit, Jugendhilfe, Kinderschutz, Beratung;;Deutscher Cariatsverband;Unbekannt;Dieses Projekt bietet Mailberatung und Hilfe für Jugendliche, die Suizidgedanken haben. Es ist eine digitale Anlaufstelle für junge Menschen in Krisensituationen.;[U25];CC-BY 4.69;https://civic-data.de/
https://www.dajeb.de/beratungsfuehrer-online/beratung-in-ihrer-naehe;Beratungsführer online;Verzeichnis / Karte, Datenanwendung für Öffentlichkeit;Beratung, Jugendarbeit;https://www.dajeb.de/beratungsfuehrer-online/beratung-in-ihrer-naehe;Deutsche Arbeitsgemeinschaft für Jugend- und Eheberatung e.V. (DAJEB);In Betrieb;Der „Beratungsführer online“ der DAJEB hilft Nutzern, Beratungsstellen in ihrer Nähe zu finden. Es bietet eine Übersicht über lokale, telefonische und Internet-Beratungsangebote.;;CC-BY 4.70;https://civic-data.de/
https://de.mi4people.org/covision;CoVision;KI Anwendung, Analyse von Sensordaten und ML, Interaktive App, Datenerhebung, Datenanalyse, Offene Daten;Barrierefreiheit, Gesundheit, Inklusion, Menschen mit Behinderung;https://covision.app/;MI4People, InnovationLab der Stadt München, Bayerischer Blinden- und Sehbehindertenbund, TUM.ai;In Weiterentwicklung;CoVision ist ein KI-basiertes Klassifikationssystem, das sehbehinderten und blinden Menschen ermöglicht, CoVid-Schnelltests selbstständig mit mobilen Geräten auszuwerten. Dies erhöht den Komfort und die Privatsphäre für diese Personengruppe und macht die Tests zugänglicher.;;CC-BY 4.72;https://civic-data.de/
https://de.mi4people.org/artificialintelligenceforpediatricrarediseases;Künstliche Intelligenz für seltene Kinderkrankheiten;KI Anwendung, Digitale Plattform, Datenanalyse, Entscheidungsassistent, Large Language Model (LLM);Gesundheit, KI, Kinder, Mentale Gesundheit, Medizin, Prävention, Soziale Arbeit;https://de.mi4people.org/artificialintelligenceforpediatricrarediseases;MI4People, Care for Rare Foundation, Dr. von Haunersches Kinderspital (Ludwig-Maximilians-Universität München);In Weiterentwicklung;Das Projekt entwickelt eine dezentrale KI-Plattform, um Kinder mit seltenen Krankheiten effizienter, gezielter und individueller zu unterstützen. Es zielt darauf ab, Diagnosen und Behandlungen durch die Analyse medizinischer Daten zu verbessern und die Zeit bis zur Diagnose zu minimieren.;;CC-BY 4.73;https://civic-data.de/
https://de.mi4people.org/hope;HOPE - KI und Data Science für personalisierte Suchtbehandlung;KI Anwendung, Datenanalyse, Entscheidungsassistent, Interne Datenanwendung;Gesundheit, Mentale Gesundheit;https://de.mi4people.org/hope;MI4People, Therapieverbund Ludwigsmühle;In Planung;Das Projekt HOPE nutzt KI und Data Science, um die Suchtbehandlung zu personalisieren. Es soll Therapeuten bei der Erstellung von Behandlungsplänen unterstützen und Hilfesuchenden helfen, passende Therapieeinrichtungen zu finden.;HOPE;CC-BY 4.74;https://civic-data.de/
https://de.mi4people.org/sustain-ai-ecg;SUSTAIN-AI ECG;Analyse von Sensordaten und ML, KI Anwendung, Entscheidungsassistent, Digitale Plattform;Gesundheit, Afrika, International;https://de.mi4people.org/sustain-ai-ecg;MI4People, Armauer Hansen Research Institute (AHRI), Technische Hochschule Mittelhessen (THM), Bayerische Staatskanzlei;In Planung;SUSTAIN-AI ECG ist ein webbasiertes, KI-gestütztes System zur Analyse von 12-Kanal-EKG-Daten, um 10 wichtige Herzrisikofaktoren zu erkennen. Es soll medizinisches Fachpersonal in unterversorgten Regionen wie Äthiopien bei der Früherkennung von Herz-Kreislauf-Erkrankungen unterstützen.;;CC-BY 4.75;https://civic-data.de/
https://virtualdisaster.de/;Virtual Disaster;Datenanalyse, Datenerhebung, Datenanwendung für Öffentlichkeit, Entscheidungsassistent, Interaktive Karte, KI Anwendung, Monitoring, Visualisierung mit Karten;Katastrophenschutz, Rettungsdienst, Gesundheit;https://virtualdisaster.de/;Berufsfeuerwehr Aachen, RWTH Aachen, TEMA Technologie Marketing AG;Eingestellt;Virtual Disaster ist ein Forschungsprojekt, das Drohnen mit 360°-Kameras und Laser-Abstandsmessern nutzt, um ein virtuelles Abbild von Großschadenslagen zu erstellen. Dies ermöglicht Tele-Einsatzleitern, sich mithilfe von Virtual Reality ein frühzeitiges Bild der Lage zu machen und Rettungskräfte vor Ort effizient zu unterstützen.;;CC-BY 4.76;https://civic-data.de/
https://www.decentrale.co/projekte-und-kooperationen/unsere-projekte/;AIceberg - eine wertebasierte KI-Lernassistenz;KI Anwendung;Inklusion, Teilhabe, Antidiskriminierung, Gleichberechtigung;;Decentrale;;;;CC-BY 4.77;https://civic-data.de/
CeMAS - Center für Monitoring, Analyse und Strategie;Cemas (Center für Monitoring, Analyse und Strategie);Daten und Studien über Hass und Angriffe auf Pride-Paraten und CSDs (aus: : https://www.spiegel.de/panorama/afd-und-queere-als-feindbild-rechtsextreme-angriffe-auf-lgbtqia-nehmen-zu-a-c1450602-621a-4969-a636-52d8e399371e?giftToken=31acd377-8c20-4000-b249-defce6a9b66a);Queere Sichtbarkeit, AntiDiskriminierung, Teilhabe;;CeMAS - Center für Monitoring, Analyse und Strategie;Unbekannt;;;CC-BY 4.78;https://civic-data.de/
https://digital.awo.org/wp-content/uploads/2023/10/Themenpapier-Wohfalhrt-und-Daten-2-Impulse-fu%CC%88r-die-Pflege.pdf;Effiziente und mitarbeitendenfreundliche Routenplanung in der ambulanten Pflege;KI-Anwendung, maschinelles Lernen;Pflege;;AWO;Unbekannt;;;CC-BY 4.79;https://civic-data.de/
https://digital.awo.org/wp-content/uploads/2023/10/Themenpapier-Wohfalhrt-und-Daten-2-Impulse-fu%CC%88r-die-Pflege.pdf;Die Verwaltung entlasten & Fehler reduzieren durch Automatisierung;Reporting, Datenstandards, automatisierte Datenübermittlung;Wohlfahrt, Verwaltung;;AWO;Unbekannt;;;CC-BY 4.80;https://civic-data.de/
https://digital.awo.org/wp-content/uploads/2023/10/Themenpapier-Wohfalhrt-und-Daten-2-Impulse-fu%CC%88r-die-Pflege.pdf;Höhere Qualität durch datengestützte Pflege;KI-Anwendung;Pflege;;AWO;Unbekannt;;;CC-BY 4.81;https://civic-data.de/
https://fgz-risc-data.de/;Forschungsdatenzentrum des Forschungsinstituts Gesellschaftlicher Zusammenhalt;Datenportal, Datenerhebung, Datenanalyse, Datensatz und Visualisierung, Monitoring, Bericht, Interaktive App;Demokratie, Soziale Arbeit, Wissensmanagement, International, Partizipation;https://fgz-risc-data.de/;Forschungsinstitut Gesellschaftlicher Zusammenhalt, Universität Bremen, RatSWD, Qualiservice;In Weiterentwicklung;Das Forschungsdatenzentrum des FGZ entwickelt eine Dateninfrastruktur zur Analyse des gesellschaftlichen Zusammenhalts. Es sammelt, archiviert und stellt quantitative und qualitative Daten für die wissenschaftliche Nutzung sowie interaktive Tools und Berichte zur Verfügung.;FDZ-FGZ;CC-BY 4.82;https://civic-data.de/
https://www.dezim-institut.de/projekte/projekt-detail/datenportal-fuer-die-rassismus-und-rechtsextremismusforschung-dp-r-ex-4-11/;Datenportal für die Rassismus- und Rechtsextremismusforschung;Datenanalyse, Datenerhebung, Datensatz und Visualisierung, Digitale Plattform, Interaktive App, Offene Daten;Antidiskriminierung, Antirassismus, Demokratie, Forschung, Offene Daten;https://www.gesis.org/forschung/drittmittelprojekte/details/project/187/datenportal-fuer-die-rassismus-und-rechtsextremismusforschung;GESIS, Qualiservice an der Universität Bremen, Hans-Bredow-Institut, DeZIM;Eingestellt;Das Projekt DP-R|EX verbessert die Forschungsdateninfrastruktur für die Rassismus- und Rechtsextremismusforschung. Es entwickelt ein Metadatenschema, Prozesse für die föderierte Archivierung und einen „Data Explorer“, der Nutzern das Generieren von Verteilungen aus Datensätzen ermöglicht.;DP-R|EX;CC-BY 4.83;https://civic-data.de/
https://pubmed.ncbi.nlm.nih.gov/37201542/;ACTIVATE bei Diabetes;Digitale Plattform;Telemedizin;;CITRIS Health, USA;Unbekannt;;;CC-BY 4.84;https://civic-data.de/
https://www.htw-berlin.de/forschung/online-forschungskatalog/projekte/projekt/?eid=3606;Analyse- und Recherche-Software zur KI-gestützten Analyse antidemokratischer Bewegungen online (ARAI);KI Anwendung, Datenanalyse, Digitale Plattform;Demokratie, Menschenrechte, Transparenz;;Hochschule für Technik und Wirtschaft Berlin;Unbekannt;Das Projekt ARAI entwickelt eine KI-gestützte Analyse- und Recherche-Software, um antidemokratische Bewegungen im Internet zu identifizieren und zu analysieren.;ARAI;CC-BY 4.85;https://civic-data.de/
https://genialsozial - Sächsische Jugendstiftung;Prozessdigitalisierung bei der Sächsischen Jugendstiftung;Digitale Workflows, Datenkultur;Jugendarbeit, Teilhabe, Ehrenamt;https://genialsozial - Sächsische Jugendstiftung;Sächsische Jugendstiftung;Unbekannt;Beim jährlichen Aktionstag genialsozial der Sächsischen Jugendstiftung engagieren sich viele tausend Schüler*innen, indem sie den Lohn eines freiwilligen Arbeitstages spenden. Um den Verwaltungsaufwand für Anmeldung und Abrechnung zwischen Verein und Schulen zu bewältigen, wurde ein digitales Formular entwickelt, das bisher noch zu wenig angenommen wird. Gemeinsam stärken wir die Akzeptanz für digitale Prozesse und schaffen eine gute Basis für die automatisierte Nutzung von Daten. Zugleich wird ein Verfahren zur Digitalisierung von Handschriften (Computer Vision) geprüft.;;CC-BY 4.86;https://civic-data.de/
https://codefor.de/projekte/2018-24-11-1000-lorawan-nodes-im-laendlichen-raum/;1000 LoRaWAN Nodes im ländlichen Raum von Schleswig-Holstein;Open-Source, Analyse von Sensordaten, Monitoring, Vernetzung, Datenmanagement;Technologie;https://iot-usergroup.de/projekte/1000-lorawan-nodes-im-laendlichen-raum-von-schleswig-holstein/, https://gitlab.com/iotssl/nucleon-nodes;OK Lab Kreis Schleswig-Flensburg, Code for Germany;Laufend;Aufbau einer Schleswig-Holstein-weiten flächendeckenden Versorgung mit LoRaWAN-Technologie, welche durch vorausgehende Installation einer ausreichenden Anzahl von Gateways und anschließender …;;CC-BY 4.0;https://codefor.de
https://codefor.de/projekte/fl-open-data-day/;2. Open Data Day in Flensburg;Open Data, Workshops;Open Data;https://github.com/oklabflensburg/oddfl, https://opendataday.org/de/, https://opendataday-flensburg.de;OK Lab Flensburg, Code for Germany;Laufend;Zum zweiten Mal nimmt das OK Lab Flensburg am weltweit stattfindenden Open Data Day teil und lädt alle Interessierten zu Workshops, Präsentationen sowie einem offenen Austausch und Networking ein. Wir …;;CC-BY 4.0;https://codefor.de
https://codefor.de/projekte/chartchallenge/;30 Day Chart Challenge Bielefeld;Datenvisualisierung, Open Data;Stadt;https://bsky.app/profile/codeforbielefeld.bsky.social;Code for Bielefeld, Code for Germany;Laufend;Unter dem Hashtag #30DayChartChallenge teilen weltweit Designer:innen, Data Scientists, Journalist:innen, … jeden Tag im April eine Grafik. Jeder Tag hat ein Motto, zum Beispiel “Anteile”, …;;CC-BY 4.0;https://codefor.de
https://codefor.de/projekte/abschiebungen/;Abschiebungen;Datensatz, Datenportal, Reporting;Flucht und Migration, Menschenrechte, Humanitäre Hilfe;https://github.com/jochenklar/abschiebungen;OK Lab Berlin, Code for Germany;Unbekannt;2012 wurden in Deutschland 6919 Menschen auf dem Luftweg, 722 Menschen auf dem Landweg und 10 Menschen auf dem Seeweg abgeschoben. 3037 Menschen wurden in andere EU-Länder überstellt, darunter 456 …;;CC-BY 4.0;https://codefor.de
https://codefor.de/projekte/accessmap/;Access Map;Web-App, Datenvisualisierung;Barrierefreiheit, Öffentlicher Nahverkehr;http://arduina.github.io/access_map/;OK Lab Berlin, Code for Germany;Unbekannt;Little project that aims at raising awareness for accessibility in public transport systems. It uses a simple slider to visualize how the public transport system looks like if all the non-accessible …;;CC-BY 4.0;https://codefor.de
https://codefor.de/projekte/bn-air-quality-box/;Air Quality Box – Feinstaub und mehr messen;Monitoring, Datenvisualisierung, Open Data;Luftqualität, Umweltschutz;https://codefor.de/projekte/bn-air-quality-box/;OK Lab Bonn-Rhein-Sieg, Code for Germany;Laufend;Was ist die Air-Quality-Box? Auch Bonn hat ein Problem mit seiner Luftqualität. Leider gibt es bei uns nur eine einzige, offizielle Messstation für ganz Bonn und die steht auch noch am Stadtrand. Mit …;;CC-BY 4.0;https://codefor.de
https://codefor.de/projekte/altglas/;Altglas Container;Web-App, Interaktive Karte, Datenvisualisierung, Open Data;Abfallwirtschaft, Recycling, Umweltschutz;https://bitbucket.org/tbsprs/altglas, https://github.com/k-nut/altglas, http://k-nut.github.io/altglas;OK Lab Berlin, Code for Germany;Unbekannt;"Die Anwendungen zeigen die Positionen von Altglas-Containern auf einer Karte.
Die erste Version zeigt die Altglas-Container in Berlin Charlottenburg-Wilmersdorf. Hoffentlich veröffentlichen bald auch …";;CC-BY 4.0;https://codefor.de
https://codefor.de/projekte/le-drl-amikeco/;Amikeco;Web-App;Integration, Flucht und Migration;http://jrlover.github.io/amikeco, https://github.com/CodeforLeipzig/amikeco;OK Lab Leipzig, Code for Germany;Abgeschlossen;"Plattform, um Gleichgesinnte für allerlei Arten von Aktivitäten zu finden.
Amikeco ist das Esperanto-Wort für “Freundschaft”. Refugees und anderweitig Zugezogene haben oft das Problem, …";;CC-BY 4.0;https://codefor.de
https://codefor.de/projekte/da-ars-tool/;ARS-Tool;Open-Source, Web-App, Datenportal;Verwaltung;https://opengovtech.de/ars/, https://github.com/codedust/ars-tool/;Code for Germany;Laufend;Der Amtliche Regionalschlüssel (ARS) definiert eine eindeutige ID für jedes verwaltungspolitische Gebiet in Deutschland (Stadt, Gemeinde, Landkreis, Bundesland, etc.). Der ARS erweitert den Amtlichen …;ARS-Tool;CC-BY 4.0;https://codefor.de
https://codefor.de/projekte/aufbau-ostberlin/;Aufbau Ostberlin;Web-App, Datenvisualisierung;Stadtplanung;http://www.aufbau-ostberlin.de, https://github.com/zfhui/CodingDaVinci;OK Lab Berlin, Code for Germany;Laufend;Unser digitaler Architekturführer arbeitet mit einem Datensatz aus dem Nachlass der Fotografin Gisela Dutschmann. Diese war 37 Jahre lang am Ostberliner Fotoarchiv mit der Dokumentation der …;;CC-BY 4.0;https://codefor.de
https://codefor.de/projekte/2018-23-09-aufbau-von-lorawan-gateways-im-laendlichen-raum/;Aufbau von LoRaWAN Gateways im ländlichen Raum;Plattform;Landwirtschaft, Technologie, Verwaltung;https://nucleon-ev.eu/best-of-digital-2018/;OK Lab Kreis Schleswig-Flensburg, Code for Germany;Laufend;Wir ermöglichen mit dem Aufbau von LoRaWAN Gateways in Schleswig-Holstein anderen Projekten, Firmen, Kommunen und der Landwirtschaft den Zugang zum größten IoT Netzwerk. Durch diese Gateways wird es …;;CC-BY 4.0;https://codefor.de
https://codefor.de/projekte/badeseen-berlin/;Baden in Berlin;Webseite;Stadt, Umweltschutz, Gesundheit, Tourismus;https://badestellen.berlin.codefor.de, https://github.com/MagdaN/berliner-badestellen;OK Lab Berlin, Code for Germany;Unbekannt;Die Badesaison hat eröffnet! Erfahre, wo gebadet werden kann und wie die Wasserqualität an den einzelnen Badestellen ist.;;CC-BY 4.0;https://codefor.de
https://codefor.de/projekte/badeseen-hessen/;Badeseen in Hessen;Web-App;Umweltschutz, Klima;https://play.google.com/store/apps/details?id=de.codefor.giessen.Badeseenapp, https://github.com/CodeForGiessen/badeseenapp, https://github.com/CodeForGiessen/badeseenservice, http://badeseen.hlug.de/;OK Lab Gießen, Code for Germany;Abgeschlossen;Die App soll einen Überblick über alle Badeseen in Hessen bieten. Seien es aktuelle oder historische Messwerte, die Qualitätseinstufung der EU oder andere hilfreiche Informationen, wie das …;;CC-BY 4.0;https://codefor.de
https://codefor.de/projekte/fl-open-bath-map/;Badestellenkarte Schleswig-Holstein;Karten, Web-App, Datenvisualisierung, Open Data, Interaktive Karte;Umwelt;https://github.com/oklabflensburg/open-bath-map, https://opendata.schleswig-holstein.de/dataset/badegewasser-stammdaten-2026-04-01, https://badestellenkarte.oklabflensburg.de;OK Lab Flensburg, Code for Germany;Laufend;Die Badestellenkarte Schleswig-Holstein ist eine offene, webbasierte Kartenanwendung, die Badestellen und wassernahe Points of Interest in Schleswig-Holstein übersichtlich auf einer interaktiven Karte …;;CC-BY 4.0;https://codefor.de
https://codefor.de/projekte/pricemap-eu/;Bahn- und Buspreiskarte;Web-App, Kartenanwendung;Verkehr;https://pricemap.eu, https://github.com/juliuste/pricemap.eu;OK Lab Berlin, Code for Germany;Laufend;Preiskarte für Bahn- und Busreisen in Europa: Zeigt die günstigsten Verbindungen in viele europäische Städte.;;CC-BY 4.0;https://codefor.de
https://codefor.de/projekte/bahn-guru/;Bahn-Guru;Web-App;Mobilität, Öffentlicher Nahverkehr;https://bahn.guru, https://github.com/juliuste/bahn.guru, https://github.com/derhuerst/db-prices-cli, https://github.com/juliuste/db-prices;OK Lab Berlin, Code for Germany;Laufend;Preiskalender für den Bahn-Fernverkehr: Zeigt die täglich günstigste Zugverbindung auf der gewählten Strecke für die kommenden Wochen.;Bahn-Guru;CC-BY 4.0;https://codefor.de
https://codefor.de/projekte/baumbie_bielefeld/;BaumBie;Web-App, Kartenanwendung, Interaktive Karte, Datenvisualisierung, Open-Source, Plattform;Stadtplanung, Umweltschutz, Klima, Nachhaltigkeit, Partizipation, Umwelt, Klimaschutz;https://github.com/codeforbielefeld/baumbie;Code for Bielefeld, Code for Germany;Laufend;BaumBie bringt Menschen mit der Natur in Verbindung. Die interaktive Karte zeigt Bäume an und bringt sie zum Sprechen. Für jeden Baum zeigt die App grundlegende Informationen an, etwa Alter, Baumart …;BaumBie;CC-BY 4.0;https://codefor.de
https://codefor.de/projekte/le-baumfilter/;Baumfilter;Webseite;Stadtplanung, Umwelt, Klima, Nachhaltigkeit, Datenanalyse, Open Data;https://codeforleipzig.github.io/giessdeibohm/, https://github.com/CodeforLeipzig/giessdeibohm;OK Lab Leipzig, Code for Germany;Abgeschlossen;"Auf dieser Webseite kannst Du Dich über die Straßenbäume in Leipzig informieren.
Die Bäume können nach Stadtteil oder für komplett Leipzig angezeigt werden. Die Anzeige lässt sich über die …";;CC-BY 4.0;https://codefor.de
https://codefor.de/projekte/magdeburg-baumfreunde-md/;Baumfreunde-MD;Webseite, Web-App, Datenvisualisierung;Stadtplanung, Umwelt, Nachhaltigkeit, Klimaschutz, Partizipation;https://www.baumfreunde-md.de, https://www.magdeburg.de/Start/B%C3%BCrger-Stadt/Stadt/Aktionen/index.php?NavID=37.452&object=tx%7C37.9220.1&La=1;OK Lab Magdeburg, Code for Germany;Laufend;Das Projekt “Baumfreunde-MD” informiert über aktuelle Baumfällungen der Landeshauptstadt Magdeburg. Diese Informationen werden offiziell auf der Homepage der Stadt veröffentlicht, sind …;;CC-BY 4.0;https://codefor.de
https://codefor.de/projekte/cologne-baumkataster/;Baumkataster Köln Editor;Web-App;Stadtplanung, Umweltschutz, Klima, Nachhaltigkeit;https://giesst.koeln/editor/, https://github.com/codeforcologne/baumkataster;OK Lab Köln, Code for Germany;Abgeschlossen;Mit dieser Web Anwendung könnt Ihr das Baumkataster der Stadt Köln pflegen. Das zugrunde liegende Baumkataster der Stadt Köln ist ein freier Datensatz (CC BY 3.0 DE) der Stadt vom Juni 2020. Leider …;;CC-BY 4.0;https://codefor.de
https://codefor.de/projekte/hh-baumkataster/;Baumkataster nutzen;Open-Source, Web-App, Karten, Datenvisualisierung;Stadtplanung, Umwelt, Nachhaltigkeit, Klima;"http://achim-tack.de/projects/strassenbaeume/hh_strassenbaumkataster.html, http://www.hmdk.de/portal/_ns:YTU4fGMwfGQwfGVwbHVnaWQ9MT0vaW5ncmlkLWdyb3VwOmRzYy1zY3JpcHRlZC1pbnRlcm5ldHxlZG9jdXVpZD0xPUQzRkE3OTZGLTNEMTItNDc4NC1CN0YyLUUxOTg1NTQ3MkQyQQ__/search-detail.psml;jsessionid=7079CB7853A5FFD7B935CBEFFF66AD8F";OK Lab Hamburg, Code for Germany;Unbekannt;Im Straßenbaumkataster der Stadt Hamburg sind rund 240.000 Straßenbäume mit Standort und Attributen wie Pflanzjahr, Baumart usw. erfasst. Das Projekt versucht, diese Daten kartografisch aufzubereiten …;;CC-BY 4.0;https://codefor.de
https://codefor.de/projekte/bn-baustellen/;Baustellen Übersicht;Webseite, Datenvisualisierung, Karten;Stadtplanung, Verkehr;http://wipokar.de/maps/bonn_baustelle/;OK Lab Bonn-Rhein-Sieg, Code for Germany;Laufend;Transparenz über die existierenden und die geplanten Baustellen in und um Bonn. Eine spätere Erweiterung um Parkhausdaten (Belegung, Tendenz etc.) ist angedacht.;;CC-BY 4.0;https://codefor.de
https://codefor.de/projekte/be-berliner-schulen/;Berliner Schulen;Web-App, Kartenanwendung, Datenvisualisierung;Kinder- und Jugendhilfe, Stadtplanung;http://berlinerschulen.ini20.de, https://github.com/ini20/berliner-schulen;OK Lab Berlin, Code for Germany;Laufend;Wir wissen, dass die Wahl der „richtigen“ Schule sehr wichtig ist, da sie ein prägendes Fundament für den Bildungsweg eines Menschen setzt. Entsprechend schwierig ist es auch eine Schule zu finden, …;;CC-BY 4.0;https://codefor.de
https://codefor.de/projekte/vornamen-in-berlin/;Berliner Vornamen;Web-App;Stadt, Datenvisualisierung, Open Data;https://codefor.de/projekte/vornamen-in-berlin/;OK Lab Berlin, Code for Germany;Unbekannt;Welche Vornamen wurden in den Jahren 2012 und 2013 in Berlin vergeben? Mithilfe der App kann nach Vornamen gesucht werden und es wird angezeigt, wie häufig der Name in den beiden Jahren - nach Bezirk …;;CC-BY 4.0;https://codefor.de
https://codefor.de/projekte/fl-open-school-map/;Bildungsatlas Flensburg;Datenportal, Karte, Datenvisualisierung, Web-App, Open Data, Interaktive Karte, Dashboard;Stadt, Kinder- und Jugendhilfe;https://github.com/oklabflensburg/open-school-map, https://www.statistik-nord.de/fileadmin/Dokumente/Verzeichnisse/Schulverzeichnis_A_22-23.pdf, https://schulkarte.oklabflensburg.de;OK Lab Flensburg, Code for Germany;Laufend;Die Idee, einen offenen Bildungsatlas für Flensburg zu entwickeln, ist aus der eigenen Suche nach einer Grundschule für den Lütten entstanden. Auf der städtischen Website finden sich zwar …;;CC-BY 4.0;https://codefor.de
https://codefor.de/projekte/ruhrgebiet-blitzerkarte/;Blitzerkarte;Karten, Datenvisualisierung, Web-App, Open-Source;Verkehr, Mobilität;https://blitzerkarte.openruhr.de, https://github.com/CodeForRuhrgebiet/speed-cam-map;OK Lab Ruhrgebiet, Code for Germany;Laufend;Die Blitzerkarte visualisiert täglich Straßen, auf denen die Stadt möglicherweise mobile Geschwindigkeitskontrollen durchführt. Die Daten werden freundlicherweise bereitgestellt durch das Ordnungsamt …;;CC-BY 4.0;https://codefor.de
https://codefor.de/projekte/be-blume/;BLUME Messnetz API/Map;Web-App, Datenvisualisierung, Datenportal;Luftqualität, Umwelt, Umweltschutz, Stadtplanung;https://github.com/dirkschumacher/blume_messnet_api, https://github.com/dirkschumacher/blume_crawler;OK Lab Berlin, Code for Germany;Unbekannt;Feinstaub Daten aus dem BLUME Messnetzwerk verfügbar machen und visualisieren. Ziel sollte sein, eine gute API bereitzustellen, eine gute Visualisierung anzubieten und evtl. ein statistisches Modell …;;CC-BY 4.0;https://codefor.de
https://codefor.de/projekte/fl-open-surface-map/;Bodenfläche nach Art der Nutzung;Kartenanwendung, Interaktive Karte, Datenvisualisierung;Umwelt, Stadtplanung, Nachhaltigkeit;https://github.com/oklabflensburg/open-surface-map, https://service.destatis.de/DE/karten/flaechenatlas2019daten.xlsx, https://bodennutzung.oklabflensburg.de;OK Lab Flensburg, Code for Germany;Laufend;Diese interaktive Karte zeigt die Verteilung der verschiedenen Flächennutzungsarten beim Klick auf die entsprechende Gemeinde an. So lässt sich in Kürze herausfinden in welchen Regionen der …;;CC-BY 4.0;https://codefor.de
https://codefor.de/projekte/bodenrichtwerte/;Bodenrichtwerte im Zeitverlauf;Webseite, Datenvisualisierung;Stadtplanung, Wohnen;http://hanshans.ursa.uberspace.de/bodenrichtwerte/bodenrichtwerte.html;OK Lab Berlin, Code for Germany;Unbekannt;Bodenrichtwerte im Zeitverlauf - gefunden im FIS-Broker. Was sind Bodenrichtwerte? Laut Wikipedia ist “der Bodenrichtwert im deutschen Städtebaurecht ein durchschnittlicher Lagewert, ermittelt …;;CC-BY 4.0;https://codefor.de
https://codefor.de/projekte/bn-bonn-o-mat/;BONN-O-MAT Wahlautomat für die Oberbürgermeisterwahl 2015;Web-App;Wahlen;http://bonn-o-mat.de/, https://github.com/OKLabBonn/bonn-o-mat;OK Lab Bonn-Rhein-Sieg, Code for Germany;Abgeschlossen;Was ist der Bonn-O-Mat? Der Bonn-O-Mat ist eine Wahl-O-Mat, nach dem Vorbild der von Bundes- und Landeszentrale für politische Bildung eingesetzter Wahl-O-Maten. Der Bonn-O-Mat möchte den Nutzer mit …;BONN-O-MAT;CC-BY 4.0;https://codefor.de
https://codefor.de/projekte/p-brandengo/;BrandenGo;Webseite;Öffentlicher Nahverkehr;https://brandengo.de, https://github.com/open-data-potsdam/brandengo;OK Lab Potsdam, Code for Germany;Laufend;Was fährt an öffentlichem Nahverkehr in meiner Nähe? Nach dem Vorbild von MagdeGo. Derzeit noch in der Prototyphase.;BrandenGo;CC-BY 4.0;https://codefor.de
https://codefor.de/projekte/hn-buga/;Buga2019-Visualisierung;Web-App, Datenvisualisierung;Stadtplanung, Partizipation;http://opendata-heilbronn.github.io/feld/, https://github.com/opendata-heilbronn/feld;Code for Heilbronn, Code for Germany;Laufend;2019 findet die Bundesgartenschau in Heilbronn statt. Schon heute verändert sie das Stadtbild: Heilbronn bekommt ein neues Stadtquartier, den Neckarbogen. Die Stadt soll näher an den Fluss rücken, …;;CC-BY 4.0;https://codefor.de
https://codefor.de/projekte/cctvwatch/;cctvwatch - big brother is watching you;Web-App, Kartenanwendung, Interaktive Karte, Datenvisualisierung, Open Data, Webseite;Stadt, Technologie, Open Data, Transparenz;http://cctv.antares.uberspace.de, https://github.com/moklick/cctvwatch, https://github.com/moklick/cctvwatch-api;OK Lab Berlin, Code for Germany;Laufend;Berlin ist voll von CCTV Cams. Das visualisieren wir mit unserer interaktiven Karte ‘cctvwatch’. Neben der Darstellung der Kameras wird es für den Nutzer auch möglich sein neue Kameras …;;CC-BY 4.0;https://codefor.de
https://codefor.de/projekte/hn-bad-wimpfen-app/;City-App für Bad Wimpfen;Web-App, Interaktive App;Tourismus, Stadt, Kultur;http://blog.opendatalab.de/opendata/2015/04/29/bad-wimpfen-app/, https://itunes.apple.com/app/apple-store/id989719442?pt=74937800&ct=ODL&mt=8;Code for Heilbronn, Code for Germany;Abgeschlossen;Der Markt der CityApps ist sehr groß. Fast jede größere Stadt und vor allem Touristenorte bieten in den App Stores eigene Apps an, die den Besucher über das Geschehene vor Ort informieren sollen. …;;CC-BY 4.0;https://codefor.de
https://codefor.de/projekte/le-cityconnect/;CityConnect;Web-App, Plattform, Open-Source;Stadt, Kultur, Tourismus, Partizipation;https://cityconnect.now.sh/index, https://github.com/CityConnect11/app, https://devpost.com/software/1_025_e-kulturangebote_virtuelles_pizzaessen/;OK Lab Leipzig, Code for Germany;Abgeschlossen;"CityConnect sieht aus wie ein Computerspiel im Retro Style, ist aber kein Spiel, sondern ein virtueller Raum, in dem sich Menschen zufällig als Avatare treffen.
Ein virtueller Raum ist dabei einer …";;CC-BY 4.0;https://codefor.de
https://codefor.de/projekte/hn-codeweek/;Code Week Heilbronn;Webseite, Blog, Workshops;Jugend, Technologie, Open Data, Partizipation;http://coworking-heilbronn.org/code-week-heilbronn-2015/, http://blog.opendatalab.de/opendata/2016/01/18/code-week-2015;Code for Heilbronn, Code for Germany;Abgeschlossen;Basierend auf einer Idee der Young Advisors Gruppe der EU Kommission ging die “EU Code Week” vom 10. – 18. Oktober 2015 bereits in die dritte Runde. Letztes Jahr haben in ganz Europa über 150.000 …;;CC-BY 4.0;https://codefor.de
https://codefor.de/projekte/cologne-cute-pets/;CutePetsCologne;Webseite, Automatisierung;Wohlfahrt;https://github.com/karen-sch/CutePetsCologne;OK Lab Köln, Code for Germany;Abgeschlossen;Ein Twitterbot, der süße Tiere aus den Kölner Tierheimen Dellbrück und Zollstock postet. Implementiert auf Basis von CutePetsChemnitz im Rahmen des #openimpact Marathon von DataLook.;;CC-BY 4.0;https://codefor.de
https://codefor.de/projekte/dus-cycledorf/;CycleDorf;Open-Source, Web-App, Plattform, Datenvisualisierung, Datenanwendung für Öffentlichkeit;Stadtplanung, Verkehr, Mobilität, Open Data, Nachhaltigkeit;http://www.cycledorf.de/, https://github.com/codefordus/CycleDorf-iOS, https://github.com/codefordus/CycleDorf-Android, https://codefordus.hackpad.com/collection/FvUzMKdDmvA;OK Lab Düsseldorf, Code for Germany;Laufend;CycleDorf ist eine App, die Deine Fahrradtouren aufnimmt. Dadurch gesammelte Daten können für die kommunale Verkahrsplanung verwendet werden, um Düsseldorf zu einer besseren Stadt für Fahrradfahrer zu …;;CC-BY 4.0;https://codefor.de
https://codefor.de/projekte/le-damals/;damals in Leipzig;Webseite, Kartenanwendung, Datenportal;Stadt, Open Data;http://damals.codeforleipzig.de/leipzig/, https://github.com/CodeforLeipzig/codingdavinciost2018;OK Lab Leipzig, Code for Germany;Abgeschlossen;"Dieses Projekt ist als Beitrag für den Kulturhackathon Coding da Vinci Ost entstanden.
Die Bilder wurden bereitgestellt vom Stadtgeschichtlichen Museum Leipzig und dem Stadtarchiv Leipzig im Rahmen …";;CC-BY 4.0;https://codefor.de
https://codefor.de/projekte/fis-broker/;Daten aus dem Geoportal Berlin;Datenportal, Open Data, Web-App, Datenvisualisierung;Stadt, Stadtplanung, Verwaltung;https://berlin.codefor.de/luftbilder/, https://github.com/jochenklar/berlin-aerial, https://berlin.codefor.de/maps/, https://github.com/jochenklar/berlin-maps;OK Lab Berlin, Code for Germany;Unbekannt;Berlin veröffentlicht Datensätze über das Geoportal Berlin, den sog. FIS Broker. Die Daten sind über WMS und WFS Schnittstellen erreichbar und daher nicht ohne weiteres für eigene Webanwendungen …;FIS Broker;CC-BY 4.0;https://codefor.de
https://codefor.de/projekte/rberlindata/;daten.berlin.de für R;Open-Source, R-Paket;Open Data, Stadt, Datenanalyse;http://dirkschumacher.github.io/RBerlinData, https://github.com/dirkschumacher/RBerlinData, http://cran.r-project.org/web/packages/BerlinData/index.html;OK Lab Berlin, Code for Germany;Unbekannt;Ein R Paket, um einfach auf die Daten von daten.berlin.de zuzugreifen. Führ nähere Infos, folgt den Links unten:;;CC-BY 4.0;https://codefor.de
https://codefor.de/projekte/be-datenwaben/;Datenwaben;Datenportal, Webseite, Visualisierung;Open Data, Stadt, Verwaltung;http://daten-waben.tursics.de/, https://github.com/tursics/data-dashboard;OK Lab Berlin, Code for Germany;Laufend;Die moderne Art ein Datenportal darzustellen: Pro Datensatz wird eine Wabe dargestellt. Mit einem bunten Hintergrund und kurzem Text können sowohl statische als auch Live-Daten angezeigt werden. …;;CC-BY 4.0;https://codefor.de
https://codefor.de/projekte/dbpediaplacesberlin/;DBpedia Places Berlin;Web-App, Karten, Open Data, Datenvisualisierung;Stadt, Kultur, Tourismus, Open Data;https://github.com/notapirate/dbpediaplacesberlin;OK Lab Berlin, Code for Germany;Unbekannt;Eine Webseite/WebApp, die Wikipediaseiten mit Berliner Koordinaten auf einer Karte markiert und beim Anklicken Titel, Bild, Zusammenfassung und Wikipedialink anzeigt. Die Koordinaten stammen aus …;;CC-BY 4.0;https://codefor.de
https://codefor.de/projekte/aedmap/;Defibrillatoren in Köln;Karten, Datenvisualisierung, Open Data, Web-App, Plattform, Interaktive Karte;Gesundheit, Stadt;https://github.com/KoelnAPI/aedmap;OK Lab Köln, Code for Germany;Abgeschlossen;Defibrillatoren können im Fall eines plötzlichen Herzstillstandes Leben retten. Deshalb werden im öffentlichen Raum immer mehr sogenannte Laiendefibrillatoren oder AEDs (Automatisierte Externe …;AED;CC-BY 4.0;https://codefor.de
https://codefor.de/projekte/muc-defis/;Defibrillatoren in OpenStreetMap eintragen (für FinderApp);Open-Source, Web-App, Datenportal;Gesundheit, Stadt, Mobilität;http://wiki.osm.org/M%c3%bcnchen/Defi;OK Lab München, Code for Germany;Abgeschlossen;"Die Standorte der Defis (AEDs) werden von diversen öffentlichen Stellen erfragt und in OpenStreetMap gemappt. Als zweiter Schritt soll die FinderApp damit gefüllt werden.
Auf Der Projektseite im …";;CC-BY 4.0;https://codefor.de
https://codefor.de/projekte/hh-demogenerator/;Demogenerator;Webseite, Web-App, Interaktive App;Demokratie, Partizipation;http://achim-tack.de/projects/Demofinder/index.html, https://github.com/ATack/demofinder;OK Lab Hamburg, Code for Germany;Unbekannt;Deine Montagsdemo wurde abgesagt? Kein Problem - es gibt Alternativen. Finde deine Lieblingsdemo mit dem Demogenerator!;;CC-BY 4.0;https://codefor.de
https://codefor.de/projekte/cologne-denkmal4d/;Denkmal 4D Köln;Webseite;Stadt, Tourismus, Köln;https://codeforcologne.github.io/Denkmal-4D-Koeln/, https://github.com/codeforcologne/Denkmal-4D-Koeln;OK Lab Köln, Code for Germany;Laufend;Mit dieser Web-Anwendung könnt Ihr Metadaten über die Denkmäler der Stadt Köln pflegen. Der besondere Fokus liegt auf der Verlinkung von existierenden 3D-Modellen und der Erfassung geplanter Modelle. …;;CC-BY 4.0;https://codefor.de
https://codefor.de/projekte/cologne-denkmaeler/;Denkmal in Köln;Web-App, Kartenanwendung, Datenportal;Stadt, Kultur, Tourismus;http://denkmalinkoeln.github.io/, https://github.com/weberius/denkmalinkoeln;OK Lab Köln, Code for Germany;Abgeschlossen;Du interessierst Dich für Baudenkmäler? Du wolltest auch schon immer mal wissen, ob es welche in Deiner Umgebung gibt? Diese Webapp zeigt sie Dir alle. Wähle aus, in welchem Zeitraum das Baujahr …;;CC-BY 4.0;https://codefor.de
https://codefor.de/projekte/denkmal-magdeburg/;Denkmal Magdeburg;Web-App;Kultur, Stadtplanung, Tourismus;https://vis.one/denkmal-magdeburg/, https://github.com/code-for-magdeburg/denkmal-magdeburg;OK Lab Magdeburg, Code for Germany;Abgeschlossen;Denkmal Magdeburg zeigt dir Informationen zu Denkmälern in deiner Umgebung an. Das Projekt ist gerade nur ein Minimum Viaable Prodct (MVP) und es sind herzlichst Mistreiter*innen gesucht es zu …;;CC-BY 4.0;https://codefor.de
https://codefor.de/projekte/hh-kitakarte/;Die passende Kita in Hamburg finden;Kartenanwendung, Datenvisualisierung, Web-App;Bildung, Stadt;http://www.hamburg.de/kita-finden/;OK Lab Hamburg, Code for Germany;Unbekannt;Visualisierung aller Hamburger Kitas auf einer Karte mit der Möglichkeit nach einer Bestimmten zu suchen.;;CC-BY 4.0;https://codefor.de
https://codefor.de/projekte/hh-zuwendungen/;Die Zuwendungen der Hamburger Behörden.;Datenportal, Web-App, Datenvisualisierung, Open Data;Verwaltung, Transparenz, Stadt;http://hannes.enjoys.it/oklab/zuwendungen/datatablesmityadcf.html, https://github.com/kannes/hh_zuwendungen;OK Lab Hamburg, Code for Germany;Unbekannt;Die Zuwendungen der Hamburger Behörden als filterbare Tabelle. Weitere Features kommen noch dazu.;;CC-BY 4.0;https://codefor.de
https://codefor.de/projekte/hn-crimemap/;Diebstähle Region Heilbronn;Datenvisualisierung, Karten, Web-App;Stadt, Transparenz;http://opendata-heilbronn.github.io/crimemap/, https://github.com/opendata-heilbronn/crimemap;Code for Heilbronn, Code for Germany;Abgeschlossen;Visualisierung der Einbrüche in der Region Heilbronn, Daten aus den Polizeimeldungen seit November 2013. Entwickelt am Open Data Day 2014 in Zusammenarbeit mit der Heilbronner Stimme.;;CC-BY 4.0;https://codefor.de
https://codefor.de/projekte/fl-open-monuments-map/;Digitale Denkmalkarte für Schleswig-Holstein;Kartenanwendung, Interaktive Karte, Web-App, Datenvisualisierung;Tourismus, Stadtplanung, Open Data;https://github.com/oklabflensburg/open-monuments-map, https://opendata.schleswig-holstein.de/organization/landesamt-fur-denkmalpflege, https://denkmalkarte.oklabflensburg.de;OK Lab Flensburg, Code for Germany;Laufend;Die digitale Denkmalkarte stellt Kulturdenkmäler in Schleswig-Holstein interaktiv dar. Sie bietet eine Übersicht über Kulturdenkmäler und deren Merkmale auf einer digitalen Karte. Durch das Anklicken …;;CC-BY 4.0;https://codefor.de
https://codefor.de/projekte/disabled-railway/;Disabled Railway;Karten, Datenvisualisierung, Web-App;Barrierefreiheit, Mobilität, Menschen mit Behinderung;http://netaction.github.io/disabled-railway/;OK Lab Berlin, Code for Germany;Unbekannt;Eine Karte, auf der man sehen kann, von wo auf der Welt schnell ein Bahnhof erreicht werden kann – und wie sich die Situation ändert, sobald man im Rollstuhl sitzt. Vergleicht mal Paris und Berlin!;;CC-BY 4.0;https://codefor.de
https://codefor.de/projekte/le-dresdenrallye/;Dresden Rallye;Web-App;Mobilität, Stadt, Umwelt, Klimaschutz;https://geo3eck.github.io/dresden-rallye-web/, https://github.com/Geo3eck/dresden-rallye-web/blob/master/Vortrag/Zukunftsstadt_Vortrag.pdf, https://github.com/geo3eck/dresden-rallye-web/;OK Lab Leipzig, Code for Germany;Abgeschlossen;"Über Gamification (Nudging, Serious Game) die verschiedenen Mobilitätsangebote der Stadt bekannt machen.
Die Nutzer sollen dazu gebracht werden, von ihrem gewohnten Mobilitätsverhalten abzuweichen und …";;CC-BY 4.0;https://codefor.de
https://codefor.de/projekte/datennutzung/;Einführung Datennutzung mit R und Python;Workshops, Datenanalyse;Bildung, Datenanalyse;https://codefor.de/projekte/datennutzung/;Code for Bielefeld, Code for Germany;Laufend;Gemeinsam erarbeiten wir uns die Grundlagen in R und Python und werden erste einfache Datenanalysen damit durchführen. Ziel ist es, den Teilnehmer:innen eine Einführung in die Nutzung von Daten und …;;CC-BY 4.0;https://codefor.de
https://codefor.de/projekte/le-einwohner/;Einwohner-Daten Leipzig;Open-Source, Web-App, Datenvisualisierung, Open Data, Kartenanwendung;Stadtplanung, Open Data, Datenanalyse;https://codeforleipzig.github.io/opendata-leipzig-playground/, https://github.com/CodeforLeipzig/opendata-leipzig-playground/, https://github.com/CodeforLeipzig/opendata-leipzig-playground/tree/master/docs;OK Lab Leipzig, Code for Germany;Abgeschlossen;"Dieses Projekt ist entstanden für ein Schritt-für-Schritt-Tutorial für das Erstellen von Karten-Anwendungen mit Leaflet.
Jede der enthaltenen HTML-Dateien lässt sich einzeln im Browser öffnen, sie …";;CC-BY 4.0;https://codefor.de
https://codefor.de/projekte/be-drl-empower-rangers/;Empower Rangers;Webseite;Flucht und Migration, Integration, Soziale Arbeit, Wohnen;https://codefor.de/projekte/be-drl-empower-rangers/;OK Lab Berlin, Code for Germany;Laufend;Wir wollen den Verein Refugees Emancipation dabei unterstützen, noch bekannter zu werden. Deshalb wollen wir eine neue Webseite bauen, auf der sich der Verein präsentiert und auf der sich …;;CC-BY 4.0;https://codefor.de
https://codefor.de/projekte/ms-wahlkarte/;Ergebnisse der Kommunalwahl 2014;Webseite, Open-Source;Wahlen;http://codeformuenster.org/wahlkarte, http://github.com/codeformuenster/wahlkarte;Code for Münster, Code for Germany;Unbekannt;Die Ergebnisse je Wahlbezirk live gemappt währen die Stimmzettel ausgefüllt wurden. Dargestellt werden die Gewinner der Direktmandate.;;CC-BY 4.0;https://codefor.de
https://codefor.de/projekte/ernteteilen/;Ernte Teilen;Webseite, Plattform, Open-Source;Ernährungssicherung;https://ernte-teilen.org, https://github.com/teikei/teikei;OK Lab Berlin, Code for Germany;Unbekannt;Ernte-teilen.org bietet eine Plattform, die Landwirte und Verbraucherinnen, die sich an Solidarischer Landwirtschaft beteiligen möchten, zusammenfinden lässt.;;CC-BY 4.0;https://codefor.de
https://codefor.de/projekte/p-hiddenkosmos/;Exploring the Hidden Kosmos;Webseite;Bildung;http://humboldt-kosmos.oklab-potsdam.de/, https://github.com/calculatinginfinity/ExploringTheHiddenKosmos;OK Lab Potsdam, Code for Germany;Abgeschlossen;Entdecke Alexander von Humboldts Kosmos-Vorlesungen aus den Jahren 1827/28. Die Seite entstand 2017 auf dem Kultur-Hackathon Coding da Vinci.;;CC-BY 4.0;https://codefor.de
https://codefor.de/projekte/le-fancylvbot/;fancyLVBot;Open-Source, Web-App, Plattform;Mobilität, Verkehr, Öffentlicher Nahverkehr, Stadt;https://github.com/CodeforLeipzig/fancy_LVB_Telegram_Bot, https://gtfs.leipzig.codefor.de;OK Lab Leipzig, Code for Germany;Laufend;"Telegram-Chat-Bot, den man unter dem Namen “fancyLVBot” als Kontakt hinzufügen und nach der aktuellen Abfahrtzeiten fragen kann.
Unsere Zielgruppe sind Einheimische, die Streckenverbindung …";fancyLVBot;CC-BY 4.0;https://codefor.de
https://codefor.de/projekte/hn-farmbot/;Farmbot // Code for Buga 2019;Open-Source, Workshops;Landwirtschaft, Bildung, Jugendbeteiligung, Technologie, Partizipation;https://codeforheilbronn.de/projects/2016-01-01-farmbot, https://codeforheilbronn.de/categories/#farmbot, http://award.codeweek.de/projects/code-for-buga-heilbronn-2016/, https://github.com/opendata-heilbronn/farmbot;Code for Heilbronn, Code for Germany;Unbekannt;Der Mensch ist seit seiner Existenz ein Selbstversorger. Durch den rasanten Fortschritt im Bereich der Software und Hardware erreichen wir einen Punkt, wo Maschinen Selbstversorger beim Anbau von Obst …;;CC-BY 4.0;https://codefor.de
https://codefor.de/projekte/stgt-dust-sensor/;Feinstaubsensoren;Open-Source, Monitoring, Datenvisualisierung;Luftqualität, Umwelt;http://sensor.community/, http://api.sensor.community/, https://github.com/opendata-stuttgart;OK Lab Stuttgart, Code for Germany;Unbekannt;Wir entwickeln und bauen bezahlbare open source DIY Feinstaub-Sensoren. Stand Anfang 2021 messen weltweit über 14.000 Sensoren in über 70 Ländern, um ein genaueres Bild der Feinstaubverteilung zu …;;CC-BY 4.0;https://codefor.de
https://codefor.de/projekte/be-tempelhof/;Feld - die Bebauung des Tempelhofer Felds in 3D;Datenvisualisierung, Web-App;Stadtplanung, Stadt, Partizipation;https://github.com/stefanw/feld;OK Lab Berlin, Code for Germany;Abgeschlossen;"Am 25. Mai 2014 ist Volksabstimmung zur Bebauung des Tempelhofer Felds. Was wo gebaut werden soll erklärt dieses Projekt des OK Lab Berlin.
Die Morgenpost hat das Projekt aufgegriffen und mit ein …";;CC-BY 4.0;https://codefor.de
https://codefor.de/projekte/flaechengerechtigkeit/;Flächengerechtigkeits-Tool;Webseite;Verkehr, Stadtplanung, Mobilität;http://clevere-staedte.de/flaechen-gerechtigkeits-report-online;OK Lab Berlin, Code for Germany;Unbekannt;Bürger können ihre Straßen vermessen und die Frage nach der Gerechtigkeit im Verkehr quadratmeter-scharf diskutieren.;;CC-BY 4.0;https://codefor.de
https://codefor.de/projekte/flaechentool/;Flächentool;Web-App, Kartenanwendung, Datenvisualisierung;Stadtplanung, Umweltschutz, Nachhaltigkeit, Open Data;https://codefor.de/projekte/flaechentool/;OK Lab Berlin, Code for Germany;Unbekannt;Das Tool berrechnet die Nutzung der Flächen, basierend auf OpenStreetMap (OSM) Daten. Die OSM Daten wurden von verschiedenen Nutzern zusammengetragen. Es kommt zu Ungenauigkeiten, wenn die Daten …;;CC-BY 4.0;https://codefor.de
https://codefor.de/projekte/dd-freieparkplaetze/;Freie Parkplätze Dresden;Maschinelles Lernen, Datenvisualisierung, Web-App, Datenportal, Plattform;Verkehr, Tourismus, Stadt, Mobilität, Datenanalyse;https://ubahn.draco.uberspace.de/opendata/ui/, https://jkliemann.de/parkendd/, https://parkendd.kilian.io, https://mechlab-engineering.de/2015/03/vorhersage-der-parkhausbelegung-mit-offenen-daten/;Open Data Dresden, Code for Germany;Unbekannt;Die Stadt Dresden bietet auf https://www.dresden.de/freie-parkplaetze eine Übersicht der freien Parkplätze in der Stadt Dresden an. Leider nicht maschinenlesbar (barrierefrei). Darum haben wir uns …;ParkenDD;CC-BY 4.0;https://codefor.de
https://codefor.de/projekte/ffpb-nodes/;Freifunk Knotenliste;Web-App, Kartenanwendung, Datenvisualisierung;Stadt, Technologie, Open Data;https://github.com/codeforpb/ffpb-apps;CodeforPB, Code for Germany;Laufend;Der Beginn einer Freifunk Companion App. Aktuell wird nur die Knotenliste dargestellt und man kann die Details der Knoten anzeigen lassen. Später soll die Darstellung der Knoten auch auf einer Karte …;;CC-BY 4.0;https://codefor.de
https://codefor.de/projekte/le-gentrifizierung/;Gebäude-Entwicklung in Leipzig;Webseite, Karten, Datenvisualisierung, Open Data, Interaktive Karte;Stadtplanung, Wohnen, Soziale Arbeit;https://codeforleipzig.github.io/Gentrification/buildings.html, https://github.com/CodeforLeipzig/Gentrification;OK Lab Leipzig, Code for Germany;Abgeschlossen;"Leipzig ist eine stark wachsende Stadt, was sich entsprechend im Haus- und Wohnungsbau niederschlägt.
Dieses Projekt möchte das zunehmende Schließen von Baulücken und Wachstum an den Rändern in …";;CC-BY 4.0;https://codefor.de
https://codefor.de/projekte/gedenktafelnberlin/;Gedenktafeln in Berlin;Webseite;Kultur, Bildung;https://github.com/notapirate/gedenktafelnberlin;OK Lab Berlin, Code for Germany;Unbekannt;Eine Webseite, die vorhandene und, auf Wunsch entfernte Tafeln zu historischen Orten in Berlin anzeigt. Viele davon sind der Erinnerung an jene Menschen gewidmet, die sich der nationalsozialistischen …;;CC-BY 4.0;https://codefor.de
https://codefor.de/projekte/geodata-time/;Geodaten mit Zeitdimension;Datenportal, Karten, Datenmanagement, Web-App;Stadtplanung, Umwelt;https://codefor.de/projekte/geodata-time/;OK Lab Berlin, Code for Germany;Unbekannt;Ich möchte eine Datenbank bauen, in der ich mehrere Versionen des gleichen Geodatensatzes ablegen kann. Ich möchte damit den zeitlichen Verlauf, also Änderungen am Datensatz festhalten. Die API soll …;;CC-BY 4.0;https://codefor.de
https://codefor.de/projekte/bn-veranstaltungskalender/;Geographischer Veranstaltungskalender;Web-App;Stadt, Kultur, Tourismus;https://codefor.de/projekte/bn-veranstaltungskalender/;OK Lab Bonn-Rhein-Sieg, Code for Germany;Laufend;In Anlehnung an das Projekt “Wo steppt der Bär in Wien heute?” soll es einen heatmap-artigen Veranstaltungskalender auch für Bonn geben.;;CC-BY 4.0;https://codefor.de
https://codefor.de/projekte/hn-geojson-utilities/;Geojson Utilities;Web-App;Open Data, Stadtplanung, Datenanalyse;http://opendatalab.de/projects/geojson-utilities/, https://github.com/opendatalab-de/simple-geodata-selector;Code for Heilbronn, Code for Germany;Abgeschlossen;Dieses Projekt ermöglicht einen schnellen Export der Gemeindeflächen, Landkreisflächen und Bundeslandflächen in Deutschland im .geojson Format. Dies ist besonders hilfreich für Journalisten und …;;CC-BY 4.0;https://codefor.de
https://codefor.de/projekte/cologne-giesst/;GießtKölle;Webseite, Kartenanwendung;Stadtplanung, Umweltschutz, Nachhaltigkeit;https://giesst.koeln, https://github.com/codeforcologne/giesstKoelle;OK Lab Köln, Code for Germany;Abgeschlossen;Mit dieser Web Karte kannst Du Dich über den Wasserbedarf der Bäume in deiner Nachbarschaft informieren und Deinen Nachbar*innen mitteilen ob Du die Bäume gegossen hast.;;CC-BY 4.0;https://codefor.de
https://codefor.de/projekte/le-glaeserne-klaeranlage/;Gläsernes Klärwerk;Open-Source, Web-App, Datenvisualisierung;Umweltschutz, Technologie;https://codeforleipzig.github.io/glaeserne-klaeranlage/, https://github.com/CodeforLeipzig/glaeserne-klaeranlage;OK Lab Leipzig, Code for Germany;Abgeschlossen;"Interaktive Visualisierungen über die Funktionsweise einer Kläranlage.
Beim OpenDataDay am 4. März 2017 wurde mit Hilfe der Anwesenden sowie der Unterstützung der OEWA, der Gesellschaft für Informatik …";;CC-BY 4.0;https://codefor.de
https://codefor.de/projekte/grossstadtbaum/;Großstadt-Baum;Open-Source, Datenportal;Stadtplanung, Umweltschutz, Klima, Nachhaltigkeit, Datenanalyse;http://www.tursics.de/story/grossstadt-baum/, https://github.com/tursics/trees-story;OK Lab Berlin, Code for Germany;Abgeschlossen;Berlin veröffentlicht Datensätze zu Anlagenbäumen, Straßenbäumen und Uferbäumen. In unserer Stadt stehen über 1 Million Bäume. Ich habe den typischen Berliner Baum gesucht und habe ihn gefunden.;;CC-BY 4.0;https://codefor.de
https://codefor.de/projekte/c-haltestellen/;Haltestellen in Chemnitz & Umland;Karten, Datenvisualisierung, Web-App, Open Data, Datenportal;Verkehr, Stadtplanung, Mobilität, Öffentlicher Nahverkehr;https://github.com/CodeforChemnitz/Haltestellen;OK Lab Chemnitz, Code for Germany;Abgeschlossen;Die Karte Zeigt die von der CVAG zur Verfügung gestellten Haltestellendaten. Man sieht deutliche Abweichungen der Koordinaten zu den Punkten auf der OSM Karte.;;CC-BY 4.0;https://codefor.de
https://codefor.de/projekte/hh-echtzeit/;Hamburg in Zahlen;Dashboard, Web-App, Datenvisualisierung;Stadt, Verwaltung, Open Data;https://ndldd.github.io/echtzeit/app/#/, https://ndldd.github.io/echtzeit/;OK Lab Hamburg, Code for Germany;Unbekannt;Was verändert sich gerade (durchschtnittlich) in Hamburg? Eine Übersicht interessanter Zahlen.;;CC-BY 4.0;https://codefor.de
https://codefor.de/projekte/p-haushalt/;Haushalt Potsdam 2018/2019;Open-Source, Webseite, Datenportal, Datenvisualisierung;Verwaltung, Transparenz, Stadt;https://offenerhaushalt.de/haushalt/BB/Potsdam/, https://github.com/open-data-potsdam/offenerhaushalt.de;OK Lab Potsdam, Code for Germany;Abgeschlossen;Erkunde interaktiv den Doppelhaushalt von Potsdam für die Jahre 2018 und 2019.;;CC-BY 4.0;https://codefor.de
https://codefor.de/projekte/historic-berlin/;Historische Entwicklung Berlins;Open-Source, Webseite, Datenportal;Stadt, Open Data;http://community.codefor.de/entwicklung-berlins/, https://github.com/jochenklar/entwicklung-berlins;OK Lab Berlin, Code for Germany;Unbekannt;Historische Berlin-Karten aus dem FIS-Broker zur Benutzung in anderen Projekten.;;CC-BY 4.0;https://codefor.de
https://codefor.de/projekte/muc-ddj/;How-To Datenjournalismus;Bericht;Datenanalyse;http://howto.ddjdach.de;OK Lab München, Code for Germany;Abgeschlossen;;;CC-BY 4.0;https://codefor.de
https://codefor.de/projekte/vortrag_bielefeld_io/;Innovationen durch Open Data bei der Bielefeld.IO 2021;Workshop, Vortrag, Open Data;Stadt, Partizipation;https://www.eventbrite.de/e/bielefeld-io-2021-tickets-163043755261?aff=foundersfoundation, https://bielefeld.io/;Code for Bielefeld, Code for Germany;Abgeschlossen;Vortrag und Workshop zu „Innovationen durch Open Data“ im Rahmen der Bielfeld.IO am Freitag, 3. September 2021. Anmeldung und weitere Infos auf eventbrite.;;CC-BY 4.0;https://codefor.de
https://codefor.de/projekte/le-intelligentes-rathaus/;Intelligentes Rathaus Leipzig;Web-App, Open-Source, Datenportal, Knowledge Graph, Monitoring;Stadt, Verwaltung, Open Data, Transparenz, Partizipation;https://stadtratmonitor.codeforleipzig.de, https://github.com/CodeforLeipzig/stadtratmonitor-scraper, https://github.com/CodeforLeipzig/stadtratmonitor-frontend, https://github.com/orgs/CodeforLeipzig/projects/2, https://ratsinfo.leipzig.de;OK Lab Leipzig, Code for Germany;Laufend;"Durchsuche das Ratsinformationssystem der Stadt Leipzig und abboniere deine Suchergebnisse!
Durchsuche das Ratsinformationssystem der Stadt Leipzig per Volltextsuche oder über detailierte Filter. …";;CC-BY 4.0;https://codefor.de
https://codefor.de/projekte/fl-open-biotope-map/;Interaktive Biotopkarte mit Wertbiotopen und Nichtwertbiotopen;Kartenanwendung, Interaktive Karte, Web-App, Datenvisualisierung;Umweltschutz, Klimaschutz, Nachhaltigkeit;https://github.com/oklabflensburg/open-biotope-map, https://opendata.schleswig-holstein.de/dataset/biotopkartierung-sh4-flachen-gesamt, https://biotopkarte.oklabflensburg.de;OK Lab Flensburg, Code for Germany;Laufend;Diese kleine interaktive Biotopkarte ist nach einem Spaziergang durch Salzwiesen und an der Steilküste in Holnis entstanden. Nach mehrfacher Begehung der einzigartigen Landschaft an der Ostsee …;;CC-BY 4.0;https://codefor.de
https://codefor.de/projekte/fl-open-parcel-map/;Interaktive Flurstücksauskunft für Schleswig-Holstein;Web-App, Kartenanwendung, Interaktive Karte, Datenvisualisierung, Open-Source, Webseite;Stadtplanung, Verwaltung, Open Data;https://github.com/oklabflensburg/open-parcel-map, https://opendata.schleswig-holstein.de/dataset/alkis-schleswig-holstein-ohne-eigentumerangaben, https://flurstuecksauskunft.oklabflensburg.de;OK Lab Flensburg, Code for Germany;Laufend;Diese interaktive nicht amtliche Flurstücksauskunft ohne Eigentümerangaben für Schleswig-Holstein entstand nach Gesprächen mit Bürgerinitiativen durch das OK Lab Flensburg um Verwaltungs-, Kreis-, …;;CC-BY 4.0;https://codefor.de
https://codefor.de/projekte/interessante-orte/;Interessante Orte;Web-App, Karten, Datenvisualisierung;Barrierefreiheit, Datenschutz;https://github.com/codeforcologne/interessante-orte;OK Lab Köln, Code for Germany;Abgeschlossen;"Schritt für Schritt wirst Du eine einfache Kartenanwendung erstellen, mit der Du interessante Orte visualisieren kannst. Programmierkenntnisse sind nicht erforderlich.
Besonderer Fokus liegt dabei …";;CC-BY 4.0;https://codefor.de
https://codefor.de/projekte/le-schulinternet/;Internetgeschwindigkeit in Sachsens Schulen;Open-Source, Web-App, Kartenanwendung, Datenvisualisierung, Open Data;Technologie, Datenanalyse, Open Data;https://gitlab.com/gerbsen/internet-an-sachsens-schulen;OK Lab Leipzig, Code for Germany;Abgeschlossen;"Stellt Internetverbindungen von Schulen in Sachsen auf einer Karte dar und soll damit den weiteren Breitbandausbau vor allem im Bildungssektor anregen.
Nutzt cheerio.js zum Scrapen der Web-Seiten, …";;CC-BY 4.0;https://codefor.de
https://codefor.de/projekte/jedeschule-2/;jedeschule.de API;Datenportal, API, Open Data, Plattform, Datenmanagement;Verwaltung, Open Data, Technologie;https://jedeschule.codefor.de/docs, https://jedeschule.codefor.de/csv-data/;OK Lab Berlin, Code for Germany;Abgeschlossen;jedeschule.de startete 2015 als Projekt der Open Knowledge Foundation Deutschland in Zusammenarbeit mit dem Verein BildsungsCent e.V.. Ziel war es, alle Schulen Deutschlands auf einer Platform zu …;;CC-BY 4.0;https://codefor.de
https://codefor.de/projekte/baustellen-chemnitz/;Karte Chemnitzer Baustellen;Karte, Web-App, Datenvisualisierung, Open Data;Stadt, Verkehr, Mobilität;https://github.com/ChaosChemnitz/BaustellenChemnitz, http://morrisjobke.de/stuff/baustellen-chemnitz/;OK Lab Chemnitz, Code for Germany;Abgeschlossen;Auf einer Karte werden die Baustellen in Chemnitz übersichtlich dargestellt. Die Daten werden von der Stadt Chemnitz als Text veröffentlicht.;;CC-BY 4.0;https://codefor.de
https://codefor.de/projekte/blitzerkarte-chemnitz/;Karte Chemnitzer Blitzer;Karten, Webseite, Datenvisualisierung, Interaktive Karte;Verkehr, Stadtplanung, Mobilität;http://morrisjobke.cartodb.com/viz/00030762-7ce5-11e4-9b32-0e4fddd5de28/public_map;OK Lab Chemnitz, Code for Germany;Unbekannt;Auf einer Karte werden die monatlich veröffentlichten Geschwindigkeitskontrollen in Chemnitz übersichtlich dargestellt. Die Daten werden von der Stadt Chemnitz als Text veröffentlicht.;;CC-BY 4.0;https://codefor.de
https://codefor.de/projekte/bn-opendatamap-nrw/;Karte der Open Data – Angebote in NRW;Karten, Datenvisualisierung, Web-App;Stadtplanung, Verwaltung, Transparenz, Datenanalyse;http://data.paderta.com/OpenData-NRW-Map/, https://github.com/daimpad/OpenData_Map_NRW;OK Lab Bonn-Rhein-Sieg, Code for Germany;Abgeschlossen;Welche Kommunen in NRW besitzen ein Open Data-Portal? Welches System oder Lizenz verwenden sie? Gibt es eine Anbindung an das Open.NRW-Portal? Die Karte bildet eine Übersicht aller aktuellen …;;CC-BY 4.0;https://codefor.de
https://codefor.de/projekte/fl-open-recycling-map/;Karte der Recyclingcontainer in Flensburg;Karten, Web-App;Abfallwirtschaft, Umweltschutz, Nachhaltigkeit, Stadt;https://github.com/oklabflensburg/open-recycling-map, https://recycling.oklabflensburg.de;OK Lab Flensburg, Code for Germany;Laufend;Karte der Standorte von Recycling Containern für Altkleidung und Altglas vom Technisches Betriebszentrum Flensburg AöR. Es werden nur Standorte auf städtischen Flächen angezeigt. Unser Ziel ist es, …;;CC-BY 4.0;https://codefor.de
https://codefor.de/projekte/fl-open-cultural-map/;Karte mit Verantstaltungsorten der Kulturnacht Flensburg;Kartenanwendung, Visualisierung mit Karten, Web-App;Kultur, Stadt, Tourismus;https://github.com/oklabflensburg/open-cultural-map, https://knf.grain.one;OK Lab Flensburg, Code for Germany;Abgeschlossen;Am 14. September 2024 haben die Flensburger Kulturakteure zur Kulturnacht eingeladen. Dabei haben sie sich an verschiedenen Orten der Stadt präsentiert, um diese kulturellen Orte bekannter zu machen. …;;CC-BY 4.0;https://codefor.de
https://codefor.de/projekte/wpt-kartenkarte/;KartenKarte;Karten, Datenvisualisierung, Web-App, Open Data;Stadtplanung, Open Data;http://kartenkarte.org, https://github.com/Opendatal/kartenkarte.org;OK Lab Wuppertal, Code for Germany;Laufend;KartenKarte ließt vorhandene Daten aus OpenStreetMap aus und stellt diese auf eine andere Art und Weise dar. Viele Informationen sind in der OSM Datenbank vorhanden, werden aber nicht auf der Karte …;;CC-BY 4.0;https://codefor.de
https://codefor.de/projekte/hn-kastanienapp/;Kastanienapp;Web-App;Stadtplanung, Umwelt, Open Data;http://blog.opendatalab.de/opendata/2014/11/19/kastanien-app-mit-baumkataster, https://github.com/opendata-heilbronn/kastanien-app;Code for Heilbronn, Code for Germany;Abgeschlossen;Vor ein paar Monaten hat die Stadt Hamburg auf ihrem Transparenzportal das Baumkataster als Open Data veröffentlicht. Passend zur Zeit der Herbstsparziergänge drängte sich uns bei einem Code For …;;CC-BY 4.0;https://codefor.de
https://codefor.de/projekte/berlin-lichtenberg/;Kiez-Karte Berlin;Karten, Datenvisualisierung, Open Data, Web-App, Interaktive Karte, Datenportal, Partizipation;Stadt, Verwaltung, Partizipation, Open Data, Datenanalyse;http://kiez-karte.berlin, https://github.com/tursics/kiez-karte;OK Lab Berlin, Code for Germany;Laufend;In Berlin gibt es einen Haufen offener Daten. Wie kann man diese sinnvoll auf einer Karte anzeigen? Und kann man Bürgerbeteilungsmöglichkeiten sinnvoll einbinden (Bürgerhaushalt, Maerker, Stadtbäume, …;;CC-BY 4.0;https://codefor.de
https://codefor.de/projekte/le-kieznotiz/;KiezNotiz Leipziger Osten;Dashboard;Stadtplanung, Umwelt, Luftqualität, Mobilität, Partizipation;https://kieznotiz.codeforleipzig.de/, https://codeforleipzig.github.io/kieznotiz/, https://github.com/CodeforLeipzig/kieznotiz/, https://leipziger-ecken.de/jsonapi/;OK Lab Leipzig, Code for Germany;Abgeschlossen;"Dieses Projekt ist in Zusammenarbeit mit Leipziger / FabLab Leipzig sowie Studio Johey für den Aufbau eines Wissenschaftsladens entstanden.
In einem Schaufenster sollen die Akteure im Kiez (speziell …";;CC-BY 4.0;https://codefor.de
https://codefor.de/projekte/bn-kinderbonn/;kinderbonn.de – Das Portal für Eltern, Kinder und Jugendliche aus Bonn und Umgebung;Webseite;;https://codefor.de/projekte/bn-kinderbonn/;OK Lab Bonn-Rhein-Sieg, Code for Germany;Laufend;Was ist KinderBonn? KinderBonn möchte sämtliche Einrichtungen, Orte und Organisationen sichtbar machen, die für Eltern, Kinder und Jugendliche wichtig sind. Dazu gehören auf Kinder und Jugendliche …;;CC-BY 4.0;https://codefor.de
https://codefor.de/projekte/fl-open-kita-map/;Kitafinder Flensburg;Kartenanwendung, Webseite;Kinder- und Jugendhilfe, Familie;https://github.com/oklabflensburg/open-kita-map, https://www.flensburg.de/media/custom/2306_2545_1.PDF, https://kitakarte.oklabflensburg.de;OK Lab Flensburg, Code for Germany;Laufend;Die Idee, einen Kitafinder für Flensburg zu entwickeln, ist aus der eigenen Suche nach einer Kita für den Kleinen entstanden. Auf der städtischen Website finden sich zwar Kontaktdetails zu den …;;CC-BY 4.0;https://codefor.de
https://codefor.de/projekte/dd-kitakarte/;Kitakarte Dresden;Kartenanwendung, Datenvisualisierung, Web-App, Open Data;Stadt, Soziale Arbeit;http://kitakarte.okdd.de;Open Data Dresden, Code for Germany;Unbekannt;Die Kitakarte zeigt eine Übersicht aller Kindergärten, Krippen und Horte in Dresden. Alle Einträge werden mit Daten ergänzt, die von der Stadt unter http://www.dresden.de/kindertagesstaetten/ …;;CC-BY 4.0;https://codefor.de
https://codefor.de/projekte/p-kitarechner/;Kitarechner für Potsdam;Web-App, Datenvisualisierung;Soziale Arbeit, Stadt;https://kitarechner.oklab-potsdam.de, https://github.com/open-data-potsdam/Kita-Gebuehrenrechner-Potsdam;OK Lab Potsdam, Code for Germany;Laufend;Mit dem Kitarechner kann jeder schnell sehen, wieviel Kitagebühren er/sie monatlich pro Kind bei einer Hort-, Kita-, oder Krippenbetreuung in Potsdam zahlen muss. Die Gebührentabelle der Stadt wurde …;;CC-BY 4.0;https://codefor.de
https://codefor.de/projekte/le-kitas_und_schulen_in_leipzig/;Kitas und Schulen Verzeichnis Leipzig;Web-App, Karten, Verzeichnis / Karte, Open-Source, Datenportal;Stadt, Bildung, Kinder- und Jugendhilfe, Open Data, Stadtplanung, Partizipation, Datenanalyse;http://www.leipzig.de/jugend-familie-und-soziales/schulen-und-bildung/schulen/, https://github.com/CodeforLeipzig/kidsle, https://kidsle.leipzig.codefor.de/;OK Lab Leipzig, Code for Germany;Abgeschlossen;"Eine kleine App zur Darstellung aller Kitas, Schulen und Spielplätzen in Leipzig. Die Nutzer sollen später die jeweiligen Orte bewerten können.
Umsetzung Daten: OpenStreetMap extrahiert / selbst …";;CC-BY 4.0;https://codefor.de
https://codefor.de/projekte/hn-klickde/;Klick Deutschland;Webseite, Open-Source;Stadt, Verwaltung;http://klickde.opendatalab.de/, https://github.com/opendatalab-de/click_that_hood;Code for Heilbronn, Code for Germany;Abgeschlossen;Click that Hood für alle Gemeinden Deutschlands!;;CC-BY 4.0;https://codefor.de
https://codefor.de/projekte/le-klimabot/;Klimabot;Open-Source, Web-App, KI Anwendung;Klima, Klimaschutz, Umweltschutz, Nachhaltigkeit;https://codeforleipzig.github.io/wahldaten/, https://gitlab.com/gerbsen/climatebot, https://gitlab.com/gerbsen/climatebot-ui;OK Lab Leipzig, Code for Germany;Abgeschlossen;"Bot, der auf natürlich-sprachige Fragen rund um den Klimawandel mit Fakten antwortet, Z.B. “Wie viel Tonnen CO2 wurden 2012 in Sachsen emittiert?” - “47,5 Tonnen CO2”
Umsetzung …";;CC-BY 4.0;https://codefor.de
https://codefor.de/projekte/le-klimadashboard/;Klimadashboard Sachsen;Webseite, Dashboard, Datenvisualisierung;Klima, Klimaschutz, Energie, Verkehr, Landwirtschaft;https://klimadashboard.danielgerber.eu, https://gitlab.com/gerbsen/climate-dashboard;OK Lab Leipzig, Code for Germany;Laufend;"Das Projekt „Klimadashboard Sachsen“ möchte den Fortschritt der Energie-, Verkehrs- und Landwirtschaftswende dokumentieren.
Dazu werden Daten aus verschiedenen Quellen und Sektoren zusammengetragen …";;CC-BY 4.0;https://codefor.de
https://codefor.de/projekte/klimawatch/;Klimawatch;Datenvisualisierung, Web-App, Karten, Interaktive Karte;Klima, Klimaschutz, Umwelt, Nachhaltigkeit;https://klimawatch.de;Code for Münster, Code for Germany;Laufend;Klimawatch visualisiert reale und geplante CO2-Emissionen einzelner Kommunen und erlaubt es, einfach neue Kommunen hinzuzufügen.;;CC-BY 4.0;https://codefor.de
https://codefor.de/projekte/cologne-daten-in-3d/;Kölner Daten in 3D;Webseite, Datenvisualisierung;Stadt, Stadtplanung, Datenanalyse;http://p3nny.github.io/geojson-3d/, https://github.com/P3nny/geojson-3d;OK Lab Köln, Code for Germany;Abgeschlossen;Wie macht man offene Daten greifbar? Indem man sie ausdruckt. Hier gibt es das Projekt zum Nachmachen. Im OK Lab Köln haben wir die Idee entwickelt, aus offenen Daten der Stadt Köln “Daten zum …;;CC-BY 4.0;https://codefor.de
https://codefor.de/projekte/le-kompreni/;Kompreni;Open-Source, Statistik, Datenanalyse, Natural Language Processing;Antidiskriminierung, Gewalt, Kultur, Technologie;https://gitlab.com/gerbsen/kompreni;OK Lab Leipzig, Code for Germany;Abgeschlossen;"Dieses kleine Tool soll eine statistische Analyse der Kommentare auf LVZ.de durchführen.
Hintergrund: Auf dem Online-Angebot der Leipziger Volkszeitung (LVZ) treten gehäuft Hasskommentare und die …";;CC-BY 4.0;https://codefor.de
https://codefor.de/projekte/ffpb-krombel/;Krombels Dash auf Android;Open-Source, Web-App;Technologie, Open Data, Stadt;https://play.google.com/store/apps/details?id=net.freifunk.paderborn.krombel, https://github.com/codeforpb/ffpb-apps;CodeforPB, Code for Germany;Unbekannt;Die erste unter hoffentlich vielen Apps mit Daten von Freifunk Paderborn. Diese App bringt Krombels Dashboard auf Android. Diese App ist ein erster Prototyp und wurde noch nicht “hübsch” …;;CC-BY 4.0;https://codefor.de
https://codefor.de/projekte/fl-kulturbytes/;kulturbytes – Plattform für kulturschaffende;Plattform, Web-App, Datenportal;;https://github.com/sndcds/uranus, https://github.com/sndcds/uranus-dashboard, https://github.com/sndcds/kulturbytes-client, https://kulturbytes.de;OK Lab Flensburg, Code for Germany;Laufend;Unser Ziel ist es, kulturelle Informationen einfacher zugänglich zu machen und die Vielfalt kultureller Angebote an einem Ort zusammenzuführen. Dafür stellen wir eine Plattform bereit, auf der …;;CC-BY 4.0;https://codefor.de
https://codefor.de/projekte/cologne-kulturpfade/;Kulturpfade Köln;Webseite, Karten, Datenvisualisierung;Tourismus, Stadt;https://chfinke.github.io/kulturpfadekoeln, https://github.com/chfinke/kulturpfadekoeln;OK Lab Köln, Code for Germany;Laufend;Das Projekt soll die Informationen zu den Kulturpfaden Köln zusammentragen und in einer nutzbaren Form darstellen. Es handelt sich dabei um eine Reihe von Rad- bzw. Wanderwegen im Kölner Stadtgebiet. …;;CC-BY 4.0;https://codefor.de
https://codefor.de/projekte/cologne-kvbrad/;KVB Fahrräder in Köln;Webseite, Kartenanwendung, Datenvisualisierung, Interaktive Karte, Web-App;Stadtplanung, Verkehr, Mobilität, Köln;https://tom.cologne.codefor.de/kvbrad/, https://github.com/codeforcologne/kvbrad;OK Lab Köln, Code for Germany;Laufend;Die Webapplikation KVB Fahrräder stellt eine mögliche Nutzung Kölns durch Fahrräder dar. Grundlage hierfür sind die Daten, die durch KVB-Rad Köln zur Verfügung gestellt werden in Kombination des …;KVB;CC-BY 4.0;https://codefor.de
https://codefor.de/projekte/hh-laenderfinanzausgleich/;Länderfinanzausgleich visualisieren;Datenvisualisierung, Web-App, Dashboard;Verwaltung, Transparenz;http://public.tableausoftware.com/profile/#!/vizhome/LFA_v2/Dashboard1, http://de.wikipedia.org/wiki/L%C3%A4nderfinanzausgleich;OK Lab Hamburg, Code for Germany;Unbekannt;Im Länderfinanzausgleich werden jährlich riesige Summen bewegt. Daten über die Höhe der Zahlungen liegen seit 1950 durchgehend vor. In dem Projekt sollen verschiedene Visualisierungsansätze und -tools …;;CC-BY 4.0;https://codefor.de
https://codefor.de/projekte/da-leika-tool/;LeiKa-Tool;Web-App;Verwaltung;https://opengovtech.de/leika/, https://github.com/codedust/leika-tool/;Code for Germany;Laufend;Der Leistungskatalog der öffentlichen Verwaltung (LeiKa) ist ein Verzeichnis aller Verwaltungsleistungen, die von Bund, Ländern und den Kommunen erbracht werden. Der LeiKa definiert für jede …;LeiKa;CC-BY 4.0;https://codefor.de
https://codefor.de/projekte/le-leipziggiesst/;Leipzig giesst;Web-App, Plattform;Stadtplanung, Umweltschutz, Klima, Nachhaltigkeit, Partizipation;https://www.leipziggiesst.de/, https://app.leipziggiesst.de/, https://play.google.com/store/apps/details?id=webviewgold.leipziggiesst, https://apps.apple.com/de/app/leipzig-gie%c3%9ft/id6443637713?platform=iphone, https://github.com/CodeforLeipzig/leipziggiesst;OK Lab Leipzig, Code for Germany;Laufend;"Auf dieser Plattform kannst Du Dich über Bäume in deiner Nachbarschaft und ihren Wasserbedarf informieren.
Du kannst einzelne Bäume adoptieren und markieren, wenn Du sie gegossen hast.
Dieses Projekt …";;CC-BY 4.0;https://codefor.de
https://codefor.de/projekte/leipzig-maps/;Leipzig Maps;Karten, Web-App, Datenvisualisierung;Stadt, Open Data, Datenanalyse;https://codeforleipzig.github.io/leipzigmaps/, https://github.com/CodeforLeipzig/leipzigmaps;OK Lab Leipzig, Code for Germany;Abgeschlossen;"Eine Karte von Leipzig die Daten zur Stadt wiedergibt.
Die Karte gibt u.a. folgende Daten wieder:
Leipzig - Schwimmhallen (leipzig.de) Leipzig - Freibäder (leipzig.de) Leipzig - Spielplätze …";;CC-BY 4.0;https://codefor.de
https://codefor.de/projekte/le-leipzigpumpt/;Leipzig pumpt;Webseite;Umweltschutz, Stadtplanung, Nachhaltigkeit;https://codeforleipzig.github.io/leipzig_auf_pump/, https://github.com/CodeforLeipzig/leipzig_auf_pump, https://stiftung-ecken-wecken.de/content/leipzig-pumpt-handschwengelpumpen-wiederbeleben;OK Lab Leipzig, Code for Germany;Abgeschlossen;"Auf dieser Webseite kannst Du Dich über die Handschwengelpumpen (inklusive abgebaute und inaktive) in Leipzig informieren.
Das Projekt nutzt die Daten von Wikipedia als auch die Daten aus …";;CC-BY 4.0;https://codefor.de
https://codefor.de/projekte/le-rallymap/;Leipzig Rally Map;Kartenanwendung, Web-App, Datenvisualisierung;Demokratie, Politische Bildung, Open Data, Partizipation, Stadt;https://codeforleipzig.github.io/rallymap, https://github.com/CodeforLeipzig/rallymap;OK Lab Leipzig, Code for Germany;Abgeschlossen;Das Projekt Rally Map (vormaliger Name war Mobmap 🙂) stellt das Versammlungsgeschehen in Leipzig auf einer interaktiven Karte dar. Dabei werden die Orte und Straßen, auf den Versammlungen stattfinden, …;Mobmap;CC-BY 4.0;https://codefor.de
https://codefor.de/projekte/dus-ruhr-lernmedien-buddy/;Lernmedien-Buddy;Interaktive App, Open-Source;Bildung;https://github.com/publicplan/hackathon-prototype, http://www.learnline.schulministerium.nrw.de;OK Lab Ruhrgebiet, Code for Germany;Laufend;Der Lernmedien-Buddy ist eine App (iOS und Android) für Schüler*innen, mit deren hilfe spielerisch nach Lernmaterialien gesucht werden kann. Durch “social logins” bringt die App Suchende …;;CC-BY 4.0;https://codefor.de
https://codefor.de/projekte/lieblingsplatz/;Lieblingsplatz;Open-Source, Web-App, Interaktive Karte, Kartenanwendung, Datenvisualisierung;Soziale Arbeit, Stadt, Bildung;https://github.com/lieblingsplatz/lieblingsplatz;OK Lab Berlin, Code for Germany;Unbekannt;Finde einen Lieblingsplatz in einer KiTa in Berlin! Auf einer Karte siehst Du KiTas und Tagesmütter in eurer Nähe und kannst sie filtern nach Dingen, die Dir wichtig sind.;;CC-BY 4.0;https://codefor.de
https://codefor.de/projekte/jena-linkedopenhaushalt/;Linked Open Haushalt;Datenvisualisierung, Web-App, Karten;Verwaltung, Stadt, Open Data, Datenanalyse;http://www.offenes-jena.com/Apps/OffenerHaushalt, https://github.com/OffenesJena/OffenerHaushalt;OK Lab Jena, Code for Germany;Unbekannt;Der offene Haushalt mit seiner wohlbekannten TreeMap-Visualisierung ist natürlich der interessanteste Datensatz jeder offenen Stadt. Wir gehen einen Schritt weiter und setzen den Haushalt direkt mit …;;CC-BY 4.0;https://codefor.de
https://codefor.de/projekte/bie-linked-data/;Linked Open Statistical Data;Open-Source, Datenportal, Web-App;Open Data, Stadt, Datenanalyse, Verwaltung;https://github.com/codeforbielefeld/LinkedData;Code for Bielefeld, Code for Germany;Laufend;Im Projekt Linked Data haben wir uns zunächst mit Linked Open Statistical Data beschäftigt. Dafür haben wir die Daten des Bielefelder Statistikamtes in Linked Data transformiert, also statt in …;;CC-BY 4.0;https://codefor.de
https://codefor.de/projekte/hn-lorawan/;LoRaWAN Gateways in Heilbronn;Plattform, Monitoring, Datenportal;Stadt, Technologie, Umwelt, Datenanalyse;https://codeforheilbronn.de/projects/2018-02-08-LoraWan, https://codeforheilbronn.de/2018/05/17/ttn-lora-gateway.html;Code for Heilbronn, Code for Germany;Laufend;Das Internet der Dinge setzt neue Anforderungen an die Datenübertragungen in Städten und auf dem Land. Neue Funktechniken setzten auf immer schnellere Übetragungsraten zulasten der Reichweite. …;;CC-BY 4.0;https://codefor.de
https://codefor.de/projekte/le-luftqualitaet_sachsen/;Luftqualität Sachsen;Webseite, Datenportal, Dashboard;Umweltschutz, Klima;http://www.umwelt.sachsen.de/umwelt/infosysteme/luftonline/recherche.aspx, https://github.com/CodeforLeipzig/luftqualitaet_sachsen, https://commons.wikimedia.org/wiki/File:2014-02_Halle_Street_Art_89.jpg;OK Lab Leipzig, Code for Germany;Abgeschlossen;"Eine übersichtliche Darstellung der Messwerte aller sächsischen Messstationen zur Luftqualität. Zu jeder Messstation werden die Daten detailliert als Tabelle und Diagramm dargestellt.
Umsetzung Daten: …";;CC-BY 4.0;https://codefor.de
https://codefor.de/projekte/le-madmemory/;Mad Memory;Open-Source, Web-App;Kultur, Bildung;https://madmemory.joergreichert.now.sh, https://codingdavinci.de/de/projekte/madmemory, https://github.com/joergreichert/madmemory;OK Lab Leipzig, Code for Germany;Abgeschlossen;"Online-Memory-Spiel, das dazu einlädt, sich genauer mit Wörtern aus dem Rheinischen Mitmachwörterbuch und dem Sächsischen Wörterbuch zu beschäftigen.
Das Projekt als Beitrag zum Coding da Vinci West …";;CC-BY 4.0;https://codefor.de
https://codefor.de/projekte/magdeburg-magd-o-mat/;Magd-O-Mat 2019;Web-App;Wahlen, Stadt;https://www.magdeburg-waehlt.de;OK Lab Magdeburg, Code for Germany;Abgeschlossen;"Der Magd-O-Mat ist ein Magdeburger Wahl-O-Mat nach dem Vorbild des von der Bundes- und Landeszentrale für politische Bildung eingesetzten Wahl-o-Maten.
Er wird für die Kommunalwahlen von Magdeburg …";Magd-O-Mat;CC-BY 4.0;https://codefor.de
https://codefor.de/projekte/magdeburg-magd-o-mat-2024/;Magd-O-Mat 2024;Web-App;Wahlen, Partizipation, Stadt;https://www.magdeburg-waehlt.de;OK Lab Magdeburg, Code for Germany;Laufend;"Der Magd-O-Mat ist ein Magdeburger Wahl-O-Mat nach dem Vorbild des von der Bundes- und Landeszentrale für politische Bildung eingesetzten Wahl-o-Maten.
Er wird für die Kommunalwahlen von Magdeburg …";Magd-O-Mat;CC-BY 4.0;https://codefor.de
https://codefor.de/projekte/magdeburg-giesst/;Magdeburg gießt;Webseite, Datenportal, Karten, Interaktive Karte, Datenvisualisierung, Web-App, Open Data;Stadtplanung, Umweltschutz, Klima, Klimaschutz, Partizipation, Open Data, Nachhaltigkeit;https://magdeburg-giesst.de, https://github.com/code-for-magdeburg/magdeburggiesst;OK Lab Magdeburg, Code for Germany;Laufend;Auf dieser Plattform kannst Du Dich über Bäume in Deiner Nachbarschaft und ihren Wasserbedarf informieren. Du kannst einzelne Bäume adoptieren und markieren, wenn Du sie gegossen hast. Wenn Du die …;;CC-BY 4.0;https://codefor.de
https://codefor.de/projekte/magdeburg-magdego/;MagdeGo;Web-App;Verkehr, Mobilität, Stadt;http://magdego.de;OK Lab Magdeburg, Code for Germany;Abgeschlossen;"UPDATE: Aufgrund Druck von Dritter (wir nennen keine Namen) musste MagdeGo offline genommen werden. Wir planen aber einen Relaunch.
Kein lästiges Warten mehr auf deine Straßenbahn, die ausgerechnet …";MagdeGo;CC-BY 4.0;https://codefor.de
https://codefor.de/projekte/maifeuer-chemnitz/;Maifeuer 2014 in Chemnitz;Webseite, Kartenanwendung, Datenvisualisierung;Stadtplanung, Umwelt, Klimaschutz;http://codeforchemnitz.de/projects/maifeuer2014;OK Lab Chemnitz, Code for Germany;Abgeschlossen;Auf einer Karte werden die Maifeuer in Chemnitz übersichtlich dargestellt. Die Daten wurden von der Stadt Chemnitz als Text veröffentlicht.;;CC-BY 4.0;https://codefor.de
https://codefor.de/projekte/le-villamajorelle/;Majorelle Mystery;Online-Spiel, Open-Source, Web-App, Webseite, Interaktive App, Webentwicklung;Kultur, Bildung, Tourismus, International;http://majmys.art, https://codingdavinci.de/de/projekte/majorelle-mystery, https://github.com/joergreichert/MajorelleMysteryApp, https://github.com/The-Villains/MajorelleMysteryApp, https://www.hlsplayer.net/mp4-player#type=mp4&src=https%3A%2F%2Fgithub.com%2FThe-Villains%2FMajorelleMysteryApp%2Freleases%2Fdownload%2F0.7%2FMajorelleMystery-Linux-Video-0.7.mp4;OK Lab Leipzig, Code for Germany;Abgeschlossen;"Online Escape-Game, das in der berühmten Jugendstil-Villa Majorelle in Nancy spielt – samt deren ehemaligen Besitzer:innen und Erbauer:innen.
Umsetzung Das Spiel wurde mit der Game-Engine Godot in …";;CC-BY 4.0;https://codefor.de
https://codefor.de/projekte/meine-stadt-transparent/;Meine Stadt Transparent;Open-Source, Plattform, Web-App;Stadt, Verwaltung, Demokratie;http://meine-stadt-transparent.de/, http://github.com/meine-stadt-transparent/meine-stadt-transparent/, https://prototypefund.de/project/open-source-ratsinformationssystem/;OK Lab München, Code for Germany;Laufend;Meine Stadt Transparent ist ein vom Prototype Fund gefördertes Projekt. Mit dieser Förderung können wir für 6 Monate, vom September 2017 bis Februar 2018, an dem Projekt arbeiten. Wir hatten uns unter …;;CC-BY 4.0;https://codefor.de
https://codefor.de/projekte/stgt-efa-meta-api/;Meta API für Elektronische Fahrplanauskunft;Web-App, Open-Source, Open Data;Verkehr, Mobilität, Stadt, Öffentlicher Nahverkehr, Open Data;http://efa.asw.io/, https://efa-api.asw.io, https://github.com/opendata-stuttgart, http://www.stuttgarter-zeitung.de/inhalt.open-vvs-day-von-stoerungsmelder-bis-tarifabitur.68a3662d-8bc0-4a99-941a-2454d077520c.html, https://de.wikipedia.org/wiki/Elektronische_Fahrplanauskunft_%28Software%29;OK Lab Stuttgart, Code for Germany;Unbekannt;Im Rahmen des Open VVS Day der Stuttgarter Zeitung wurde ein JSON-API entwickelt, welches das Application Programming Interface (API) der Elektronischen Fahrplanauskunft (EFA) in eine RESTful API …;;CC-BY 4.0;https://codefor.de
https://codefor.de/projekte/metacollect/;metacollect;Open-Source, Datenportal, Plattform;Geflüchtete, Humanitäre Hilfe;http://metacollect.org, https://github.com/metacollect-org/;OK Lab Berlin, Code for Germany;Laufend;metacollect stellt eine zentrale Datenbank für zivilgesellschaftliche Projekte zur Verfügung, die sich mit anderen Plattformen synchronisiert. Derzeit liegt der Fokus im Bereich der Geflüchtetenhilfe. …;;CC-BY 4.0;https://codefor.de
https://codefor.de/projekte/muc-mietpreisspiegel/;Mietpreisspiegel;Datenportal;Wohnen, Stadt, Datenanalyse;https://codefor.de/projekte/muc-mietpreisspiegel/;OK Lab München, Code for Germany;Abgeschlossen;Ziel ist ein faktenbasierter Mietspiegel für München.;;CC-BY 4.0;https://codefor.de
https://codefor.de/projekte/gi-mietspiegel/;Mietspiegel Gießen;Webseite, Kartenanwendung, Interaktive Karte, Datenvisualisierung;Stadtplanung, Wohnen, Open Data;https://github.com/CodeForGiessen/mietspiegel;OK Lab Gießen, Code for Germany;Laufend;"Eine Interaktive Karte mit den aktuellen Mietpreisen pro Quadratmeter in verschiedene Bereiche aufgeteilt.
Dieses Projekt sucht aktuell dringend Leute die mitmachen wollen.";;CC-BY 4.0;https://codefor.de
https://codefor.de/projekte/gi-muellkalender/;Müllkalender App Gießen;Web-App, Open-Source, Kalender;Abfallwirtschaft, Stadtplanung, Umwelt;https://github.com/CodeForGiessen/muellkalender;OK Lab Gießen, Code for Germany;Laufend;"Wann wird welcher Abfall in meiner Straße abgeholt? Mit dieser App sieht man alles auf einen Blick und erhält auch Push-Nachrichten für die jeweilige Straße.
Dieses Projekt sucht aktuell dringend …";;CC-BY 4.0;https://codefor.de
https://codefor.de/projekte/muenchen-transparent/;München Transparent;Plattform, Open-Source, Webseite, Datenportal, Datenvisualisierung;Stadt, Demokratie, Politische Bildung, Verwaltung, Partizipation;https://www.muenchen-transparent.de/, https://github.com/codeformunich/Muenchen-Transparent;OK Lab München, Code for Germany;Laufend;München Transparent ist eine Plattform, die es Münchner BürgerInnen ermöglicht, schnell und einfach Einblicke in die Kommunalpolitik zu bekommen. Dazu werden die normalerweise nur schwer zugängliche …;;CC-BY 4.0;https://codefor.de
https://codefor.de/projekte/le-museen/;Museen Mitteldeutschlands;Kartenanwendung, Web-App, Open-Source, Datenvisualisierung;Kultur, Tourismus, Stadtplanung;http://damals.codeforleipzig.de/museums/, https://github.com/CodeforLeipzig/codingdavinciost2018/tree/master/de.oklab.leipzig.cdv.glams;OK Lab Leipzig, Code for Germany;Abgeschlossen;"Alle Museen Mitteldeutschlands auf einer Leaflet-Karte.
Dazu wurde aus OpenStreetMap alle Elemente, die einen Schlüssel “amenity” mit dem Wert “museum” haben, extrahiert.
Die …";;CC-BY 4.0;https://codefor.de
https://codefor.de/projekte/mvg-rad-citybikes/;MVG Rad für citybik.es;Webseite, Open-Source, Datenportal;Mobilität, Stadt, Verkehr;https://citybik.es, https://github.com/eskerda/pybikes;OK Lab München, Code for Germany;Laufend;Da MVG Rad - das stadteigene Mietfahrradsystem - zwar wie in vielen anderen Städten auf Nextbike basiert, in München aber tatsächlich eine White-Label-Lösung zu sein scheint, konnte man bislang mit …;;CC-BY 4.0;https://codefor.de
https://codefor.de/projekte/newcomer/;Newcomer in der Region Mittelhessen;Web-App;Integration, Stadt, Soziale Arbeit, Migration, Beratung;https://codefor.de/projekte/newcomer/;OK Lab Gießen, Code for Germany;Laufend;Die App hilft Neuankömmlingen nach dem Umzug in die Stadt Gießen. Seien es behördliche Erledigungen, die nach einem Umzug anfallen, dem Finden von gemeinnützigen und sozialen Projekten in Gießen oder …;;CC-BY 4.0;https://codefor.de
https://codefor.de/projekte/fl-open-emergency-map/;Notfallkarte Schleswig-Holstein;Web-App, Open-Source, Karten;Verwaltung, Open Data, Stadt;https://github.com/oklabflensburg/open-emergency-map, https://opendata.schleswig-holstein.de/collection/polizeidienststellen, https://notfallkarte.oklabflensburg.de;OK Lab Flensburg, Code for Germany;Laufend;Die Notfallkarte Schleswig-Holstein ist eine offene, webbasierte Kartenanwendung, mit der Nutzer:innen Polizeidienststellen in Schleswig-Holstein schnell und einfach in ihrer Nähe finden können. Über …;;CC-BY 4.0;https://codefor.de
https://codefor.de/projekte/offener-haushalt-muenster/;Offener Haushalt Münster 2009-2013;Datenportal, Open Data, Webseite;Verwaltung, Transparenz, Stadt;http://offenerhaushalt.de/haushalt/muenster/;Code for Münster, Code for Germany;Abgeschlossen;Der Haushalt der Stadt Münster von 2009-2013 in OpenSpending integriert und auf offenerhaushalt.de veröffentlicht.;;CC-BY 4.0;https://codefor.de
https://codefor.de/projekte/wpt-offenerhaushalt/;Offener Haushalt Wuppertal;Web-App, Datenvisualisierung, Interaktive App;Stadt, Verwaltung, Transparenz;http://opendata.devtal.de/tree.php, https://github.com/Opendatal/Offener-Haushalt;OK Lab Wuppertal, Code for Germany;Laufend;Interaktive Visualisierung des Wuppertaler Haushalts, damit sich engagierte BürgerInnen leicht einen Überblick verschaffen können.;;CC-BY 4.0;https://codefor.de
https://codefor.de/projekte/offenerrat/;Offener Rat Münster;Webseite;Stadt, Verwaltung, Transparenz;http://rat.codeformuenster.org/, http://github.com/codeformuenster/offenerrat-ms;Code for Münster, Code for Germany;Unbekannt;Ein Tool um die aktuellen Vorlagen und Sitzungen des Rates Münster zu sehen. Besser durchsuchbar und übersichtlicher als das Ratsinformationssystem der Stadt;;CC-BY 4.0;https://codefor.de
https://codefor.de/projekte/jena-offenesratsinformationssystem/;Offener Stadtrat;Web-App;Stadt, Partizipation, Verwaltung;http://www.offenes-jena.com/Apps/Stadtrat, https://github.com/OffenesJena/OffenerStadtrat;OK Lab Jena, Code for Germany;Unbekannt;Das Ratsinformationssystem der Stadt Jena ist zwar ganz nett, aber wenig zu einer umfassenden und vor allem automatischen Information der Bürger geeignet. Mit diesem Projekt sollen die Inhalte besser …;;CC-BY 4.0;https://codefor.de
https://codefor.de/projekte/be-oparl/;OParl;Open-Source, Plattform;Open Data, Transparenz, Politische Bildung, Verwaltung;https://oparl.org, https://github.com/OParl/, https://dev.oparl.org/;OK Lab Berlin, Code for Germany;Laufend;"OParl ist eine Initiative zur Standardisierung des offenen Zugriffs auf parlamentarische Informationssysteme in Deutschland.
Das Ziel von OParl ist die Schaffung einer Standard-API für den Zugang zu …";OParl;CC-BY 4.0;https://codefor.de
https://codefor.de/projekte/fl-open-data-api/;Open Data API;Open-Source, Datenportal, Open Data;Open Data, Verwaltung, Transparenz;https://github.com/oklabflensburg/open-data-api, https://api.oklabflensburg.de;OK Lab Flensburg, Code for Germany;Laufend;Die Open Data API ist eine Programmierschnittstelle, die vom OK Lab Flensburg entwickelt wird, um den einfachen Zugriff auf öffentliche Daten zu ermöglichen. Diese Daten können von Gemeinden, …;;CC-BY 4.0;https://codefor.de
https://codefor.de/projekte/od-atlas/;Open Data Atlas;Open-Source, Datenportal, Webseite, Web-App, Kartenanwendung, Datenvisualisierung;Open Data;http://opendata.tursics.de, https://github.com/tursics/open-data-atlas;OK Lab Berlin, Code for Germany;Laufend;"Übersicht über alle Open Data Angebote in Deutschland.
Alle Open Data Portal aus Deutschland, Österreich und der Schweiz. Sowohl die staatlichen Portale als auch die zivilgesellschaftlich betriebenen …";;CC-BY 4.0;https://codefor.de
https://codefor.de/projekte/open_data_rallye/;Open Data Rallye;Open Data, Webseite, Web-App;Stadt, Tourismus, Partizipation, Bildung;https://digitaltag.eu/opendata-rallye, https://github.com/codeforbielefeld/Digitaltag2021;Code for Bielefeld, Code for Germany;Abgeschlossen;Im Rahmen des Digitaltags 2021 haben wir für dich eine OpenData-Rallye entlang der Promenade initiiert. Du wirst auf dieser Strecke verschiedene QR-Codes und auch eine Beschreibung des Weges finden. …;;CC-BY 4.0;https://codefor.de
https://codefor.de/projekte/open-legal-data/;Open Legal Data;Open-Source, Datenportal, Webseite;Open Data, Verwaltung, Datenanalyse;https://de.openlegaldata.io/, https://github.com/openlegaldata/oldp, https://openlegaldata.io/research/2019/02/19/court-decision-dataset.html;OK Lab Berlin, Code for Germany;Laufend;"Open Legal Data ist eine freie juristische Datenbank für Gesetze und Urteile.
Obwohl Urteile im Namen des Volkes ergehen, werden sie oft nur in kommerziellen Datenbanken oder gar nicht veröffentlicht. …";;CC-BY 4.0;https://codefor.de
https://codefor.de/projekte/cologne-openair/;OpenAir Cologne;Monitoring, Datenportal, Web-App;Luftqualität, Umwelt, Stadt, Open Data;http://openair.codingcologne.de, https://github.com/openaircgn;OK Lab Köln, Code for Germany;Laufend;OpenAir Cologne ist ein gemeinsames Projekt von Teilnehmern des Oklab Cologne, der Stadt Köln und Everykey. Wir wollen gemeinsam in Köln 20 Sensoren in einem Pilotprojekt aufstellen, um zu sehen wie …;;CC-BY 4.0;https://codefor.de
https://codefor.de/projekte/wpt-openbus/;OpenBus;Web-App, Datenvisualisierung, Karten;Verkehr, Mobilität, Stadt;http://openbus.devtal.de/, https://github.com/Opendatal/openbus;OK Lab Wuppertal, Code for Germany;Laufend;Entstanden als Techdemo für einen OpenDataDay in Wuppertal. Greift die Daten vom Abfahrtsmonitor ab und visualisiert sie auf Google Maps.;;CC-BY 4.0;https://codefor.de
https://codefor.de/projekte/opendatawizzard/;OpenDataWizzard;Open-Source, Webseite, Datenportal;Open Data, Transparenz, Verwaltung, Datenanalyse;https://codeforcologne.github.io/OpenDataWizzard, https://github.com/codeforcologne/OpenDataWizzard;OK Lab Köln, Code for Germany;Abgeschlossen;"Eine kleine Hilfestellung um Daten und deren Sammlungen optimal für alle verfügbar zu machen.
Schritt für Schritt werden im Folgenden die Unterschiede zwischen Daten, Datensätzen, Datenbanken und …";;CC-BY 4.0;https://codefor.de
https://codefor.de/projekte/cologne-opennoise-map/;OpenNoise Map;Webseite, Kartenanwendung, Datenvisualisierung;Stadtplanung, Umweltschutz;https://openmaps.online/noise, https://github.com/codeforcologne/OpenNoiseMap;OK Lab Köln, Code for Germany;Abgeschlossen;Mit dieser Web-Karte lassen sich tägliche Überschreitungswerte des maximal gemessenen Schalldruckes aus den Daten der Sensor Community interaktiv darstellen.;;CC-BY 4.0;https://codefor.de
https://codefor.de/projekte/hn-osm-editor/;OpenStreetMap QA Editor;Web-App, Open-Source;Barrierefreiheit, Stadtplanung, Mobilität, Technologie;http://editor.osmsurround.org/, https://github.com/grundid/tracks-editor;Code for Heilbronn, Code for Germany;Abgeschlossen;"Dieses Tool hilft bei der Verbesserung der Qualität von OpenStreetMap Daten.
Es ermöglicht die schnelle Anzeige und Bearbeitung von:
Tracks ohne tracktype Straßen ohne sidewalk oder footway Tag Tracks …";;CC-BY 4.0;https://codefor.de
https://codefor.de/projekte/bn-oepnv-tracking/;ÖPNV Tracking in Echtzeit;Web-App, Datenvisualisierung, Monitoring, Open Data;Verkehr, Mobilität, Öffentlicher Nahverkehr, Stadt, Stadtplanung;https://codefor.de/projekte/bn-oepnv-tracking/;OK Lab Bonn-Rhein-Sieg, Code for Germany;Laufend;Der Verkehrsverbund Rhein/Sieg hat eine Programmierschnittstelle (API), für die man sich als Entwickler (auf Nachfrage) einen API Key geben lassen kann. Im ersten Schritt gibt es darüber erst einmal …;;CC-BY 4.0;https://codefor.de
https://codefor.de/projekte/pb-kneipen/;Paderborner Kneipenplan;Webseite, Karten, Interaktive Karte, Datenportal;Stadtplanung, Kultur, Tourismus, Partizipation;https://fsmi.uni-paderborn.de/kneipenplan/, http://codeforpb.github.io/Kneipenplan/, https://github.com/codeforpb/Kneipenplan;CodeforPB, Code for Germany;Laufend;Der Kneipenplan ist ca. 1990 nach einer Vision von Kim und Tö entstanden. Ursprünglich noch auf Papier gezeichnet und fotokopiert, steht der Kneipenplan aktuell auf den Seiten der Fachschaft …;;CC-BY 4.0;https://codefor.de
https://codefor.de/projekte/pb-parking/;Parken in Paderborn;Kartenanwendung, Web-App;Stadtplanung, Verkehr, Mobilität, Öffentlicher Nahverkehr;https://github.com/codeforpb/parking_pb;CodeforPB, Code for Germany;Laufend;Inspiriert von Parkplätze Dresden. Stellt die Informationen des Parkleitsystems der Stadt Paderborn übersichtlich und schnell erfassbar auf einer Karte dar. Des Weiteren gibt es einen Log der …;;CC-BY 4.0;https://codefor.de
https://codefor.de/projekte/ms-parkleit-api/;Parkleitsystem API Münster;API;Stadtplanung, Verkehr, Mobilität;http://parkleit-api.codeformuenster.org/, https://github.com/codeformuenster/parkleitsystem-api;Code for Münster, Code for Germany;Unbekannt;Ein Wrapper für das Parkleitsystem des Tiefbauamts Münster;;CC-BY 4.0;https://codefor.de
https://codefor.de/projekte/cologne-pegelbot/;Pegelbot;Monitoring, Open Data, API, Web-App;Umweltschutz, Stadt, Klima;https://github.com/hatorikibble/pegelbot;OK Lab Köln, Code for Germany;Abgeschlossen;"Wasserstand mit kölschem Flair - Der Pegelbot Die Stadtentwässerungsbetriebe Köln stellen Daten zum aktuellen Pegelstand des Rheins über eine offene Schnittstelle zur Verfügung.
Der …";;CC-BY 4.0;https://codefor.de
https://codefor.de/projekte/hn-poetryslam/;Poetry Slam;Web-App, Open-Source;Kultur;http://poetryslam.opendatalab.de/admin.html, https://github.com/opendata-heilbronn/poetryslam, https://codeforheilbronn.de/projects/2016-12-01-slammaster;Code for Heilbronn, Code for Germany;Laufend;Für die Landesmeisterschaften im Poetry Slam (BWSLAM 2016) hat Code for Heilbronn ehrenamtlich eine Präsentationssoftware entwickelt. Die Webanwendung ermöglicht, Teilnehmer, Wettbewerbe, Gruppen und …;;CC-BY 4.0;https://codefor.de
https://codefor.de/projekte/portable-linked-profiles/;Portable Linked Profiles;Open-Source, Plattform, Web-App;Open Data, Technologie, Verwaltung, Partizipation, Datenmanagement;https://github.com/hackers4peace/plp-docs, http://profiles.allmende.io/, http://directory.open-steps.org/;OK Lab Berlin, Code for Germany;Unbekannt;"PLP proposes a pattern for the creation, storage, listing and representation of public profile data for people, groups, organizations, venues and a large etcetera.
Based on Open Web Standards, Common …";PLP;CC-BY 4.0;https://codefor.de
https://codefor.de/projekte/p-trinkwasser/;Potsdamer Leitungswasser;Webseite, Datenvisualisierung, Datenportal, Open Data;Umweltschutz, Gesundheit, Stadt;http://wahllokalfinder.herokuapp.com/potsdam, https://github.com/open-data-potsdam/wahllokalfinder-cgn;OK Lab Potsdam, Code for Germany;Laufend;Leitungswasser gehört zu den am strengsten kontrollierten Lebensmitteln in Deutschland. Regelmäßig veröffentlichen die Wasserwerke ihre Messwerte. Danke an das OpendataLab in Heilbronn für die …;;CC-BY 4.0;https://codefor.de
https://codefor.de/projekte/ulm-projekte/;Projekte rund um Ulm;;;http://ulmapi.de/#projekte;OK Lab Ulm, Code for Germany;Unbekannt;Du wolltest schon immer wissen, wie weit Dich der Ulmer Nahverkehr in einer Viertelstunde bringt? Ob Dein Vorname wirklich kein zweites Mal an der Uni Ulm vorkommt? Oder suchst am Sonn- oder Feiertag …;;CC-BY 4.0;https://codefor.de
https://codefor.de/projekte/quereinsteigende/;Quereinsteigende;Open-Source, Datenvisualisierung, Karten, Web-App, Open Data;Bildung, Stadt, Verwaltung;http://www.tursics.de/story/quereinsteigende/, https://github.com/tursics/schule-quereinsteiger;OK Lab Berlin, Code for Germany;Abgeschlossen;"Verteilung von Lehrkräfte-Quereinsteigenden über Berliner Bezirke
Die Daten aus der Kleinen Anfrage „Lehrkräfte-Quereinsteigende in den Berliner Schulen im Schuljahr 2018/2019“ wurde auf dieser Karte …";;CC-BY 4.0;https://codefor.de
https://codefor.de/projekte/radlquartier/;Radlquartier München;Open-Source, Webseite, Datenportal, Datenanalyse;Mobilität, Stadtplanung, Verkehr;http://mvg.manuel.red, https://github.com/codeformunich/radlquartier, https://transit.robbi5.com;OK Lab München, Code for Germany;Laufend;Aufbereitung und Auswertung von Bikesharing Daten. Im Moment können MVG Rad Daten ausgewertet werden, das Ziel des Projekts ist es ein einheitliches Datenformat für die Aufbereitung von …;;CC-BY 4.0;https://codefor.de
https://codefor.de/projekte/dd-ratskarte/;Ratskarte Dresden;Kartenanwendung, Web-App, Datenvisualisierung;Stadtplanung, Verwaltung, Open Data, Transparenz;http://ratskarte.offenesdresden.de/, https://github.com/astro/democropticon;Open Data Dresden, Code for Germany;Unbekannt;Finde Dokumente aus dem städtischen Ratsinfosystem welche Straßen in deiner Umgebung erwähnen.;;CC-BY 4.0;https://codefor.de
https://codefor.de/projekte/dus-raumamateur/;Raumamateur;Web-App;Stadtplanung, Partizipation;https://codefor.de/projekte/dus-raumamateur/;OK Lab Düsseldorf, Code for Germany;Laufend;Der Raumamateur ist eine App, die Dich durch einen Klick, einen Kommentar oder einen visuellen Beitrag (Foto oder Video) am Prozess der Stadtgestaltung teilhaben lässt. Die App stellt die Planungen …;;CC-BY 4.0;https://codefor.de
https://codefor.de/projekte/frankfurt-parkendd/;Real-time parking lot app for Frankfurt am Main;Web-App, Kartenanwendung, Datenvisualisierung;Mobilität, Stadtplanung, Verkehr;https://parkendd.de/map.html#Frankfurt, https://parkendd.de, https://github.com/codeforfrankfurt/ParkAPI;OK Lab Frankfurt, Code for Germany;Abgeschlossen;"Displaying parking lot information for Frankfurt in a 5 min interval.
The city of Frankfurt displays parking lot information on its website But it’s list form is hardly helpful, so we’ve …";parkendd;CC-BY 4.0;https://codefor.de
https://codefor.de/projekte/magdeburg-rechte-gewalt/;Rechte Gewalt in Deutschland;Datenportal, Karten, Monitoring, Bericht, Datenvisualisierung;Gewalt;https://vis.one/rechte-gewalt;OK Lab Magdeburg, Code for Germany;Abgeschlossen;Berichte von Übergriffen rechter Gewalt werden kartiert, um die Allgegenwärtigkeit von rechten Straftaten aufzuzeigen. Achtung: Das Lesen der Berichte ist nichts für schwache Nerven.;;CC-BY 4.0;https://codefor.de
https://codefor.de/projekte/hn-muellabfuhrtermine/;Recyclinghof-Finder;Karten, Webseite;Abfallwirtschaft, Umwelt, Stadtplanung;http://recycling.gonam.de/, https://github.com/opendatalab-de/recycling-map;Code for Heilbronn, Code for Germany;Laufend;"Mobiloptimierte Karte aller Recyclinghöfe im Stadt- und Landkreis Heilbronn + Kalender-Dateien (ICS) nach Wohnort mit den Müllabfuhrterminen zum Download in den eigenen Kalender.
Alle Recyclinghöfe …";;CC-BY 4.0;https://codefor.de
https://codefor.de/projekte/ruhrgebiet-recyclingkarte/;Recyclingkarte;Karten, Web-App, Datenvisualisierung, Open Data;Abfallwirtschaft, Umwelt, Stadt;https://abfallkarte.openruhr.de, https://github.com/CodeforRuhrgebiet/recycling-map-essen;OK Lab Ruhrgebiet, Code for Germany;Laufend;Die Recyclingkarte zeigt alle Altkleider-, Altpapier- und Altglas-Container in Essen.;;CC-BY 4.0;https://codefor.de
https://codefor.de/projekte/refugeeapp/;Refugees Gießen;Web-App, Karten;Flucht und Migration, Integration, Soziale Arbeit, Stadt;https://github.com/CodeForGiessen/refugeeApp, https://github.com/CodeForGiessen/refugeeService;OK Lab Gießen, Code for Germany;Laufend;Das Thema Flüchtlinge interessiert uns alle und das OK Lab Gießen hat sich entschlossen eine sogenannte RefugeeApp zu entwickeln. Mit Hilfe dieser App sollen die ersten Monate für neu angekommene …;RefugeeApp;CC-BY 4.0;https://codefor.de
https://codefor.de/projekte/be-drl-refugeeworks/;RefugeesWork;Plattform, Web-App, Webseite;Flucht und Migration, Integration, Arbeit, Soziale Arbeit, Bildung;http://www.refugeeswork.com/, https://github.com/refugeeswork/organization, https://youtu.be/5v-xx_7MIH0;OK Lab Berlin, Code for Germany;Laufend;RefugeesWork ist das Projekt eines interationalen Teams, das einen schnellen Einstieg ins Berufsleben für Newcomer ermöglichen will. Aus eigener Erfahrung konzentrieren sie sich dabei auf Angebote für …;;CC-BY 4.0;https://codefor.de
https://codefor.de/projekte/cologne-sagsunskoeln/;Sag's uns App Köln;Web-App;Stadt, Abfallwirtschaft, Partizipation, Umweltschutz;http://, https://github.com/codeforcologne/sagsunskoeln-app;OK Lab Köln, Code for Germany;Laufend;Den Service Sag’s uns der Stadt Köln nutzen Bürger, um ihre Probleme mit dem Kölner Stadtbild zu melden. Dazu gehören z.B. wilder Müll, Schrotträder, kaputte Straßenlaternen und mehr. Das klappt …;;CC-BY 4.0;https://codefor.de
https://codefor.de/projekte/jena-save-o-meter/;Save-O-Meter;Web-App, Datenvisualisierung, Open Data, Interaktive App, Dashboard;Umwelt, Energie, Stadt, Nachhaltigkeit, Klimaschutz;http://www.connectingcities.net/project/save-o-meter, https://github.com/OffenesJena/Save-O-Meter, http://www.jena.de/de/hoehepunkte/city_culture_science_festival/427028;OK Lab Jena, Code for Germany;Unbekannt;"Messe, visualisiere und beeinflusse Deinen Strom- und Wasserbedarf und die Menge deines Mülls!
Die Idee für dieses Projekt entstammt dem ‘In/Visible Cities: Prototyping Lab’, welches als …";Save-O-Meter;CC-BY 4.0;https://codefor.de
https://codefor.de/projekte/cologne-schulen-in-koeln/;Schulen in Köln;Webseite, Karten, Datenvisualisierung;Stadt;http://schuleninkoeln.github.io, https://github.com/schuleninkoeln;OK Lab Köln, Code for Germany;Laufend;Ziel dieses Projektes ist es Schulen und Schüler bezogen auf Stadtteile in Köln anzuzeigen. Beim Überfahren der farblich durch die Anzahl der Schüler unterschiedenen Stadtteile, wird die Anzahl der …;;CC-BY 4.0;https://codefor.de
https://codefor.de/projekte/schulen-in-nrw/;Schulen in NRW;Karte, Webseite, Open Data, Datenvisualisierung, Verzeichnis / Karte;Bildung;http://unserpad.de/p/SchulenNRW, https://github.com/CodeforRuhrgebiet/schulen-in-nrw, https://open.nrw/de/dataset/msw_001;OK Lab Ruhrgebiet, Code for Germany;Laufend;Eine Karte mit allen Schulen in ganz NRW. Dieses Projekt ist beim Open Data Day 2016 entstanden.;;CC-BY 4.0;https://codefor.de
https://codefor.de/projekte/schulradar-ruhrgebiet/;Schulradar Ruhrgebiet;Webseite, Karten, Datenvisualisierung, Open Data;Stadtplanung, Verwaltung;https://codeforruhrgebiet.github.io/schulradar/, https://github.com/CodeforRuhrgebiet/schulradar, https://open.nrw/de/dataset/msw_001;OK Lab Ruhrgebiet, Code for Germany;Laufend;Dieses Projekt ist eine Webseite, auf der die Schulen im Ruhrgebiet zu finden sind. Es gibt statistische Berechnungen zu den Städten, Karten für einzelne Städte und eine Karte für das gesamte …;;CC-BY 4.0;https://codefor.de
https://codefor.de/projekte/cologne-s5p-no2-map/;Sentinel-5P NO2 Map;Kartenanwendung, Interaktive Karte, Web-App, Datenvisualisierung;Luftqualität, Umwelt, Klimaschutz;https://openmaps.online/s5p_no2, https://github.com/codeforcologne/Sentinel5P-NO2-Map;OK Lab Köln, Code for Germany;Abgeschlossen;Seit Januar 2024 gibt es den Copernicus Browser. Damit lassen sich Sentinel Daten global in einer Karte visualisieren. Dies umfasst auch die NO2 Daten. Sämtliche Daten der Sentinel-5P Mission können …;;CC-BY 4.0;https://codefor.de
https://codefor.de/projekte/bodenfeuchtigkeit/;Sichtbarmachung von Bodenfeuchtigkeit im Teutoburger Wald;Open-Source, Datenvisualisierung, Web-App, Interaktive Karte, Datenportal;Klima, Klimaschutz, Umwelt, Nachhaltigkeit, Partizipation, Datenanalyse;https://github.com/codeforbielefeld/teuto-soil-moisture-map, https://bodenfeuchte.org/;Code for Bielefeld, Code for Germany;Laufend;"Was wir machen:
Wir messen die Bodenfeuchte an verschiedenen Stellen in und um Bielefeld. Dafür nutzen wir Open-Source-Hardware zum selbst zusammenbauen, und die Funktechnologie LoRaWAN. Diese …";;CC-BY 4.0;https://codefor.de
https://codefor.de/projekte/be-feinstaub-sos/;SOS für Feinstaub-Daten;Open-Source, Datenportal, Datenvisualisierung, Web-App, Plattform, Monitoring;Luftqualität, Umweltschutz, Stadt, Klima, Datenanalyse;https://github.com/52North/SOS, https://github.com/52North/sos-importer, https://github.com/52North/js-sensorweb-client, /projekte/2014-07-01-be-blume.html, https://github.com/johnjohndoe/SOS-Importer-Blume, https://github.com/johnjohndoe/blume_sos_adapter;OK Lab Berlin, Code for Germany;Laufend;"Feinstaub-Daten über den SOS-Standard als API zur Verfügung stellen - als Karte und Diagramme darstellen.
Der Sensor Observation Service (SOS) ist ein vom OGC spezifizierter Standard zur Speicherung …";SOS;CC-BY 4.0;https://codefor.de
https://codefor.de/projekte/fl-open-social-map/;Sozialatlas der Stadt Flensburg;Karten, Datenvisualisierung, Web-App;Stadtplanung, Soziale Arbeit, Wohlfahrt, Datenanalyse;https://github.com/oklabflensburg/open-social-map, https://www.flensburg.de/Leben-Soziales/Familie-Soziales/Sozialatlas, https://sozialatlas.oklabflensburg.de, https://dev.sozialatlas.oklabflensburg.de;OK Lab Flensburg, Code for Germany;Unbekannt;Der digitale Sozialatlas soll eine Grundlage für verschiedene Planungsaktivitäten der Stadt Flensburg und deren Büger:innen anbieten. Ziel ist die differenzierte Beobachtung von relevanten …;;CC-BY 4.0;https://codefor.de
https://codefor.de/projekte/cologne-spielplaetze/;Spielplätze in Köln;Webseite, Karten, Open Data, Interaktive Karte, Datenportal;Stadt, Stadtplanung, Kinder- und Jugendhilfe, Jugend, Partizipation;http://horald.github.io/meinspielplatz/, https://github.com/horald/meinspielplatz;OK Lab Köln, Code for Germany;Laufend;Eine Auflistung von Spiel- und Sportplätzen in Köln auf einer Openstreetmap. Die Liste kann nach Stadtbezirken und Stadtteilen gefiltert werden. Diese Seite wurde nur mit html und javascript …;;CC-BY 4.0;https://codefor.de
https://codefor.de/projekte/fl-open-playgrounds-map/;Spielplatzkarte der Stadt Flensburg;Open-Source, Web-App, Karten, Datenvisualisierung, Open Data;Stadtplanung, Kinder- und Jugendhilfe, Partizipation;https://github.com/oklabflensburg/open-playgrounds-map, https://spielplatzkarte.oklabflensburg.de;OK Lab Flensburg, Code for Germany;Laufend;Diese webbasierte Karte ist auf Basis der Daten des TBZ Flensburg entstanden. Diese Institution führt zwar selbst eine Karte der “Spielflächen”, wie sie im Amtsdeutsch bezeichnet werden, …;;CC-BY 4.0;https://codefor.de
https://codefor.de/projekte/hh-spielplatzwuesten/;Spielplatzwüsten kartieren;Karten, Datenvisualisierung, Web-App;Stadtplanung, Kinder- und Jugendhilfe;http://achim-tack.de/projects/spielplatzwuesten/hh_spielplatzwuesten.html, http://www.openstreetmap.org/;OK Lab Hamburg, Code for Germany;Unbekannt;Wie gerecht sind eigentlich die Spielplätze in Hamburg räumlich verteilt? In dem Projekt sollen verschiedene Auswertungen durchgeführt werden, die mit Spielplätzen ggf. unterversorgte Bereiche in …;;CC-BY 4.0;https://codefor.de
https://codefor.de/projekte/fl-open-transport-map/;Stadtplan mit dem Nahverkehr in Flensburg;Kartenanwendung, Web-App, Datenvisualisierung, Open Data;Stadtplanung, Verkehr, Mobilität;https://github.com/oklabflensburg/open-transport-map, https://overpass-turbo.eu, https://nahverkehr.oklabflensburg.de;OK Lab Flensburg, Code for Germany;Laufend;Der Nahverkehr spielt eine entscheidende Rolle in unserem täglichen Leben. Er ermöglicht es uns, zur Arbeit zu gelangen, Freunde und Familie zu besuchen und unsere Stadt zu erkunden. Ein effizienter …;;CC-BY 4.0;https://codefor.de
https://codefor.de/projekte/ms-stadtradeln-vis/;Stadtradeln Heatmap;Web-App, Datenvisualisierung, Karten;Mobilität, Stadtplanung, Verkehr;https://codeformuenster.org/stadtradeln-vis/, https://github.com/codeformuenster/stadtradeln-vis;Code for Münster, Code for Germany;Abgeschlossen;Das Projekt “Stadtradeln-Vis” zeigt eine so genannte Heatmap-Visualisierung der Fahrten, die während der der Stadtradeln-Aktion in den Jahren 2018, 2019 und 2020 in Münster gemacht worden …;Stadtradeln-Vis;CC-BY 4.0;https://codefor.de
https://codefor.de/projekte/le-ratskarte_leipzig/;Stadtratmonitor Leipzig;Webseite, Monitoring, Datenportal, Dashboard;Stadt, Verwaltung, Demokratie, Open Data, Partizipation;https://stadtratmonitor.leipzig.codefor.de/, https://ratsinfo.leipzig.de, https://github.com/CodeforLeipzig/allris-scraper, https://github.com/CodeforLeipzig/allris-scraper/actions, https://github.com/CodeforLeipzig/stadtratmonitor;OK Lab Leipzig, Code for Germany;Abgeschlossen;"Durchsuche das Ratsinformationssystem der Stadt Leipzig und abboniere deine Suchergebnisse!
Durchsuche das Ratsinformationssystem der Stadt Leipzig per Volltextsuche oder über detailierte Filter. …";;CC-BY 4.0;https://codefor.de
https://codefor.de/projekte/stolpersteine-app/;Stolpersteine App;Open-Source, Web-App, Datenportal;Open Data, Stadt, Datenanalyse;https://itunes.apple.com/de/app/stolpersteine-in-berlin/id640731757?mt=8, https://play.google.com/store/apps/details?id=com.option_u.stolpersteine, https://github.com/optionu/stolpersteine-ios;OK Lab Berlin, Code for Germany;Unbekannt;Stolpersteine sind kleine Gedenktafeln im Straßenpflaster zur Erinnerung an die Opfer des Nationalsozialismus. Mehr als 40.000 davon hat der Künstler Gunter Demnig mittlerweile in ganz Europa verlegt. …;;CC-BY 4.0;https://codefor.de
https://codefor.de/projekte/hn-stolpersteine/;Stolpersteine in Heilbronn;Webseite, Open-Source;Stadt;http://stolpersteine-heilbronn.de, https://github.com/opendata-heilbronn/stolpersteine, http://himsel.me/07-06-2017-Stolpersteine-in-Heilbronn-&-Kitzingen.html;Code for Heilbronn, Code for Germany;Abgeschlossen;"In den letzten Monaten ist im Rahmen des OKLabs und in Zusammenarbeit mit dem Stadtarchiv in Heilbronn eine Website für die Stolperstein-Aktion in Heilbronn entstanden.
Stolpersteine sind Denkmäler …";;CC-BY 4.0;https://codefor.de
https://codefor.de/projekte/fl-open-trees-map/;Straßenbäume der Stadt Flensburg;Web-App, Datenvisualisierung, Karte, Open Data;Stadtplanung, Umweltschutz, Klimaschutz, Partizipation;https://github.com/oklabflensburg/open-trees-map, https://opendata.schleswig-holstein.de/dataset/baumkataster-flensburg-2023-05-11, https://baumkataster.oklabflensburg.de;OK Lab Flensburg, Code for Germany;Laufend;Im ersten Schritt haben wir einen vorhandenen Datensatz der Straßenbäume der Stadt Flensburg genutzt, um eine einfache Darstellung auf der Karte als transparente Anlaufstelle für Interessierte zu …;;CC-BY 4.0;https://codefor.de
https://codefor.de/projekte/md-strassennamen/;Straßennamen Magdeburg;Web-App;Stadtplanung, Datenvisualisierung;https://code-for-magdeburg.github.io/streetnames-md/;OK Lab Magdeburg, Code for Germany;Abgeschlossen;Stellt die nach Personen benannten Magdeburger Straßen aufgeschlüsselt nach deren jeweiligem Geschlecht dar.;;CC-BY 4.0;https://codefor.de
https://codefor.de/projekte/be-street-trees-api/;Street Trees API;Open-Source, Datenportal, Web-App, Plattform, Open Data;Stadtplanung, Umwelt, Klima, Klimaschutz, Umweltschutz, Datenanalyse, Open Data;https://github.com/codeforberlin/trees-api, https://github.com/codeforberlin/trees-mapnik, https://github.com/codeforberlin/trees-map, https://github.com/codeforberlin/tree-column-names, https://github.com/codeforberlin/treemeta;OK Lab Berlin, Code for Germany;Laufend;"The street trees project aims at providing an API for street tree data. We build a RESTful API on top of geospatially referenced tree data.
The API acts as the foundation for various client …";;CC-BY 4.0;https://codefor.de
https://codefor.de/projekte/wpt-talso/;Tal, so?;Webseite, Plattform;Stadt;http://www.tal.so/;OK Lab Wuppertal, Code for Germany;Abgeschlossen;Suchmaschine, von und für Wuppertal!;;CC-BY 4.0;https://codefor.de
https://codefor.de/projekte/wpt-talomat/;Talomat;Web-App;Wahlen, Stadt, Partizipation;http://www.talomat.de/, https://github.com/Opendatal/Talomat;OK Lab Wuppertal, Code for Germany;Laufend;"Der Talomat ist ein Wuppertaler Wahl-O-Mat nach dem Vorbild des von der Bundes- und Landeszentrale für politische Bildung eingesetzten Wahl-o-Maten.
Er wurde für die Kommunalwahlen 2014 eingesetzt. …";;CC-BY 4.0;https://codefor.de
https://codefor.de/projekte/wpt-talradparken/;Talradparken;Webseite;Mobilität, Stadtplanung;http://talradparken.de, https://github.com/Opendatal/kartenkarte.org;OK Lab Wuppertal, Code for Germany;Abgeschlossen;Talradparken zeigt, wo man sicher sein Fahrrad in Wuppertal anschließen kann.;;CC-BY 4.0;https://codefor.de
https://codefor.de/projekte/hh-thingsonbikelanes/;Things On Bikelanes;Blog, Webseite, Karten, Datenvisualisierung, Interaktive Karte;Stadtplanung, Verkehr, Mobilität, Stadt;http://thingsonbikelanes.tumblr.com/;OK Lab Hamburg, Code for Germany;Unbekannt;Hamburg ist nicht gerade die fahrradfreundlichste Stadt Deutschlands. Das monothematische Blog Things On Bikelanes sammelt Beispiele für Behinderungen auf Hamburgs Radwegen. CodeforHH hat aus den …;;CC-BY 4.0;https://codefor.de
https://codefor.de/projekte/ffm-toiletsforthedisabled/;Toilets for the Disabled;Webseite, Karten, Kartenanwendung, Open Data, Datenportal;Barrierefreiheit, Stadtplanung, Stadt, Mobilität;http://tftd.herokuapp.com, https://github.com/codeforffm/toilets_for_the_disabled;OK Lab Frankfurt, Code for Germany;Laufend;Toilets for the Disabled zeigt ca. 1800 behindertengerechte Toiletten auf der Karte von Frankfurt. Die einzelnen Punkte sind mit sehr ausführlichen Informationen versehen. Etwa der Türbreite und der …;;CC-BY 4.0;https://codefor.de
https://codefor.de/projekte/be-trinkwasser/;Trinkwasser Berlin;Datenvisualisierung, Web-App, Open Data;Umwelt, Gesundheit, Stadt;http://berlin.codefor.de/trinkwasser, http://github.com/k-nut/trinkwasser;OK Lab Berlin, Code for Germany;Unbekannt;Trinkwasser gilt als das am besten kontrollierte Lebensmittel in Deutschland. Und trotzdem wissen wir sehr wenig über das Wasser, das bei uns aus dem Hahn kommt. Selbst wenn die Zahlen auf den …;;CC-BY 4.0;https://codefor.de
https://codefor.de/projekte/trinkwasser/;Trinkwasser in Köln;Webseite, Web-App, Datenvisualisierung;Umwelt, Stadt, Open Data;https://codeforcologne.github.io/trinkwasser/, https://github.com/codeforcologne/trinkwasser;OK Lab Köln, Code for Germany;Laufend;Trinkwasser, wir alle nutzen es täglich. Es liegt daher nahe, sich über das Trinkwasser Gedanken zu machen und sich zu fragen: “Woraus setzt sich mein Trinkwasser zusammen und wie schneidet es …;;CC-BY 4.0;https://codefor.de
https://codefor.de/projekte/twitterdashboard/;Twitter Dashboard;Dashboard;Wahlen, Demokratie;https://www.hackster.io/wirsam/twitter-dashboard-zur-bundestagswahl-2017-f27862, mailto:kontakt@intuisoft.de;OK Lab Bonn-Rhein-Sieg, Code for Germany;Laufend;Ein Dashboard mit analogen Zeigern signalisiert die Frequenz von Tweets, die über die einzelnen Parteien abgesetzt werden.;;CC-BY 4.0;https://codefor.de
https://codefor.de/projekte/umweltzone/;Umweltzone Android app;Open-Source, Interaktive App;Verkehr, Stadtplanung, Umweltschutz;https://github.com/umweltzone/umweltzone, https://play.google.com/store/apps/details?id=de.avpptr.umweltzone;OK Lab Berlin, Code for Germany;Laufend;The Umweltzone app enables citizens to look up the areas of cities which are restricted for being used by cars limited by their specific emission profile. The app shows the outline of the low emission …;;CC-BY 4.0;https://codefor.de
https://codefor.de/projekte/fl-open-accident-map/;Unfallkarte der Stadt Flensburg;Web-App, Karten, Datenvisualisierung;Stadt, Verkehr, Datenanalyse;https://github.com/oklabflensburg/open-accident-map, https://unfallatlas.statistikportal.de, https://unfallkarte.oklabflensburg.de;OK Lab Flensburg, Code for Germany;Laufend;Während einer kleinen Brainstorming Session ist diese interaktive webbasierte Karte mit den Daten des Bundesamtes für Kartographie und Geodäsie entstanden. Nach einigen Stunden der maschinellen …;;CC-BY 4.0;https://codefor.de
https://codefor.de/projekte/vbb-api/;VBB-API-Schnittstelle;API, Open-Source;Mobilität, Verkehr, Öffentlicher Nahverkehr, Stadt;https://github.com/derhuerst/vbb-modules;OK Lab Berlin, Code for Germany;Laufend;Im Rahmen dieses Projekts sind eine entwicklerfreundliche HTTP-API für Echtzeitdaten und mehrere Module für statische Daten entstanden. Außerdem habe ich einen Telegram-Bot geschrieben und möchte eine …;VBB-API;CC-BY 4.0;https://codefor.de
https://codefor.de/projekte/cologne-veranstaltungen/;Veranstaltungen in Köln;Webseite, Kartenanwendung, Interaktive Karte;Stadt, Kultur, Tourismus;http://codeforcologne.github.io/koelner-veranstaltungskalender/, https://github.com/codeforcologne/koelner-veranstaltungskalender;OK Lab Köln, Code for Germany;Laufend;Mithilfe dieser doppelten Visualisierung auf Karte und Kalender kann man Veranstaltungen der Stadt Köln sowohl nach dem Kriterium Ort wie auch Datum suchen. Zu jeder Veranstaltung werden Infos und …;;CC-BY 4.0;https://codefor.de
https://codefor.de/projekte/cologne-verkehr/;Verkehrsmeldungen Köln;Webseite, Web-App, Datenportal, Monitoring;Verkehr, Mobilität, Stadtplanung, Öffentlicher Nahverkehr;http://baustellen-koeln.meteor.com, https://github.com/pajoma/BauMel;OK Lab Köln, Code for Germany;Laufend;Wer in Köln wissen will, wann in der Umgebung seines Auto-Parkplatzes eine verkehsbezogene Meldung ist - um z.B. zu verhindern, dass das Auto abgeschlept wird - hat in der App die Möglichkeit seine …;;CC-BY 4.0;https://codefor.de
https://codefor.de/projekte/cologne-verteilte-daten-vernetzen/;Verteilte Daten vernetzen mit JSON-LD;Webseite, Vernetzung, Open Data;Open Data, Technologie, Datenanalyse;https://codeforcologne.github.io/linked-distributed-data/, https://github.com/codeforcologne/linked-distributed-data;OK Lab Köln, Code for Germany;Abgeschlossen;Die Idee zu diesem Prototyp ist es, Daten dezentral auf Servern zu speichern und diese via JSON-LD zu vernetzen. WebCrawler können die Daten dann indexieren und für spezielle Anwendungen aufbereiten. …;;CC-BY 4.0;https://codefor.de
https://codefor.de/projekte/jena-virtuellesjena/;Virtuelles Jena;Open-Source, Datenportal, Karten, Datenvisualisierung, Plattform;Stadtplanung, Verkehr, Tourismus, Open Data, Datenanalyse;http://www.offenes-jena.com, https://github.com/OffenesJena/OSMImports, http://www.mapillary.com, http://www.graphhopper.com;OK Lab Jena, Code for Germany;Unbekannt;Stellenweise ist Jena in der Open-Street-Map noch unentdecktes Land. Vor allem Gebäudeumrisse und Hausnummern, aber auch viele gastronomische, touristische Point-of-Interests fehlen um ein brauchbares …;;CC-BY 4.0;https://codefor.de
https://codefor.de/projekte/bn-stolpersteine/;Visualisierung der Bonner Stolpersteine;Datenvisualisierung, Webseite, Karten;Stadt, Open Data;https://github.com/penpendede/stolperstein-bonn, https://stolpersteine.codeforbonn.de/;OK Lab Bonn-Rhein-Sieg, Code for Germany;Abgeschlossen;Die bekannten Stolpersteine jetzt auch für Bonn.;;CC-BY 4.0;https://codefor.de
https://codefor.de/projekte/le-lvz_polizeiticker_visualisierung/;Visualisierung der Polizeiticker Meldungen der Leipziger Volkszeitung;Web-App, Datenvisualisierung, Karten, Open-Source;Stadt, Gewalt, Open Data, Datenanalyse;https://lvz-viz.leipzig.codefor.de/, http://www.lvz-online.de/leipzig/polizeiticker/r-polizeiticker.html, https://github.com/CodeforLeipzig/lvz-viz;OK Lab Leipzig, Code for Germany;Abgeschlossen;"Eine Weboberfläche zur Visualisierung von Tickermeldungen aus der Leipziger Volkszeitung samt Crawler, Named Entity Recognition, Elastic Search und LeafletJS.
Umsetzung die Server-seitige Anwendung …";;CC-BY 4.0;https://codefor.de
https://codefor.de/projekte/be-drl-volunteer-planner/;Volunteer-Planner;Plattform, Web-App;Geflüchtete, Flucht und Migration, Humanitäre Hilfe, Soziale Arbeit, Integration;https://volunteer-planner.org, https://github.com/coders4help/volunteer_planner/;OK Lab Berlin, Code for Germany;Laufend;Der Volunteer-Planner ist eine Schichtplanungsplattform von Ehrenamtlichen fuer Ehrenamtliche. Mit ihm koennen organisationsuebergreifend bisher ungebundene Ehrenamtliche sich einfach und kurzfristig …;;CC-BY 4.0;https://codefor.de
https://codefor.de/projekte/vornamen/;Vornamen App;Web-App;Open Data;http://www.tursics.de/nameyourbabe, https://github.com/tursics/NameYourBabe;OK Lab Berlin, Code for Germany;Abgeschlossen;"Ein Namenslexikon für werdende Eltern mit offenen Daten aus ganz Deutschland.
Für die Smartphone-App habe ich alle Open Data Portale abgegrast und nachgefragt nach Vornamen-Statistiken. Mittlerweile …";;CC-BY 4.0;https://codefor.de
https://codefor.de/projekte/wahlometer/;Wahl-O-Meter;Web-App, Plattform, Datenportal, Open Data;Wahlen, Demokratie;https://friesenkiwi.github.io/wahl-o-meter/, https://github.com/friesenkiwi/wahl-o-meter/;OK Lab Ruhrgebiet, Code for Germany;Laufend;Im Rahmen der Wahlsalons soll im Datenschatz der Wahl-O-Maten der Bundeszentrale für politische Bildung geschürft werden: Die Daten werden aufbereitet und zueinander in Beziehung gesetzt, ein offenes …;;CC-BY 4.0;https://codefor.de
https://codefor.de/projekte/wahlbeteiligung/;Wahlbeteiligung;Karten, Datenvisualisierung, Web-App, Visualisierung, Open Data;Wahlen, Politische Bildung, Demokratie, Stadt, Partizipation;https://github.com/weberius/wahlbeteiligung, mailto:eberius@gmail.com;OK Lab Köln, Code for Germany;Laufend;Das Projekt wahlbeteiligung soll die Wahlbeteiligung auf einer Karte veranschaulichen. Es soll darüber hinaus Eigenschaften der Umgebung dazu in Bezug setzen.;;CC-BY 4.0;https://codefor.de
https://codefor.de/projekte/wahldatentransparenzranking/;Wahldatentransparenzranking;Monitoring, Reporting;Wahlen;;OK Lab Berlin, Code for Germany;Laufend;With the Wahldatentransparenzranking, we will examine the information offerings by the Statistische Landesämter in the case of election data. A focus will be on the (missing) openness of election data …;;CC-BY 4.0;https://codefor.de
https://codefor.de/projekte/wahlkompass-digitales/;Wahlkompass Digitales;Web-App;Wahlen, Demokratie, Politische Bildung;https://www.hiig.de/wahlkompass, https://github.com/mstats/wahlkompass/;OK Lab Berlin, Code for Germany;Laufend;Der Wahlkompass Digitales schafft Transparenz im Wahlkampf und zeigt, welche Antworten die deutschen Parteien auf digitalpolitische Fragen haben. Das Tool ermöglicht, Wahlprogramme zu Digitalthemen in …;;CC-BY 4.0;https://codefor.de
https://codefor.de/projekte/le-wahldaten/;Wahlkreise in Sachsen;Webseite, Open-Source, Karten, Visualisierung, Interaktive Karte, Datenportal;Wahlen, Open Data, Verwaltung;https://codeforleipzig.github.io/wahldaten/, https://github.com/CodeforLeipzig/wahldaten;OK Lab Leipzig, Code for Germany;Abgeschlossen;"Das Projekt hat sich zum Ziel gesetzt, die Wahlkreise in Sachsen zur Landtagswahl maschinenlesbar bereitstellen.
Da keine Shapefile mit den sächsischen Wahlkreisen gefunden werden konnte, sondern nur …";;CC-BY 4.0;https://codefor.de
https://codefor.de/projekte/p-wahllokalfinder/;Wahllokale Potsdam;Webseite;Wahlen;http://wahllokalfinder.herokuapp.com/potsdam, https://github.com/open-data-potsdam/wahllokalfinder-cgn;OK Lab Potsdam, Code for Germany;Abgeschlossen;Wo sind die Potsdamer Wahllokale zur Bundestagswahl 2017?;;CC-BY 4.0;https://codefor.de
https://codefor.de/projekte/wahllokalfinder/;Wahllokalfinder;Web-App;Wahlen;http://wahllokalfinder.herokuapp.com;OK Lab Köln, Code for Germany;Laufend;Am Sonntag, den 14. Mai, wählte NRW einen neuen Landtag. Der von der Stadt Köln, Railslove und „Kölner Stadt-Anzeiger“ präsentierte Wahllokalfinder #Köln zeigt alle 240 Wahllokale an, und lotste die …;;CC-BY 4.0;https://codefor.de
https://codefor.de/projekte/wahlprogramm-matrix/;Wahlprogramm-Matrix Kommunalwahl Münster 2014;Web-App, Datenvisualisierung, Information Retrieval, Natural Language Processing, Open-Source, Datenanalyse;Wahlen, Demokratie, Partizipation, Stadt;http://codeformuenster.org/wahlprogramm-matrix, http://github.com/codeformuenster/wahlprogramm-matrix;Code for Münster, Code for Germany;Unbekannt;Ein Tool zum Vergleich von Abschnitten in Wahlprogrammen. Per Klick werden ähnliche Abschnitte zum Ausgewählten farblich hervorgehoben. Die Auswertung geschieht automatisiert mit NLP.;;CC-BY 4.0;https://codefor.de
https://codefor.de/projekte/wahlprogrammat/;Wahlprogrammquiz;Web-App, Interaktive App;Wahlen, Demokratie;mailto:nicolas.merz@wzb.eu, https://visuals.manifesto-project.wzb.eu/wahlprogrammquiz/;OK Lab Berlin, Code for Germany;Laufend;Ein Quiz zu den Inhalten der Wahlprogramme der sechs Parteien.;;CC-BY 4.0;https://codefor.de
https://codefor.de/projekte/be-wahlversprechen/;Wahlversprechen2013;Webseite, Datenportal, Reporting;Wahlen, Demokratie, Transparenz;http://wahlversprechen2013.de;OK Lab Berlin, Code for Germany;Unbekannt;wahlversprechen2013.de dokumentiert alle Wahlversprechen der Bundesregierung, d.h. die Inhalte des Koalitionsvertrags und die Inhalte der Wahlprogramme von SPD und CDU. Wir möchten im Verlauf der …;;CC-BY 4.0;https://codefor.de
https://codefor.de/projekte/be-wartezeit-moers/;Wartezeit Moers;Webseite, Datenvisualisierung;Stadt, Verwaltung;http://wartezeit.tursics.de/, https://github.com/tursics/wait-moers;OK Lab Berlin, Code for Germany;Abgeschlossen;Zeigt die durchschnittlichen Wartezeiten für den Bürgerservice in Moers nach Stunden und Tagen. Größere Kreise bedeuten längere, kleinere Kreise kürzere Wartezeiten. Mittwoch bis Samstag Vormittag …;;CC-BY 4.0;https://codefor.de
https://codefor.de/projekte/hn-lk-wartezeiten/;Wartezeiten KFZ-Zulassungsstelle Heilbronn;Web-App, Dashboard, Open-Source, Datenvisualisierung;Verwaltung, Stadt, Open Data;http://wartezeit.opendatalab.de/, https://github.com/opendata-heilbronn/wartezeiten-KFZ-heilbronn, http://wartezeit.tursics.de/about.html;Code for Heilbronn, Code for Germany;Abgeschlossen;"Zeigt die durchschnittlichen Wartezeiten für die KFZ-Zulassungsstelle in Heilbronn nach Stunden und Tagen.
Bei diesem Projekt handelt es sich um ein Redeployment der Wartezeiten-Anwendung für das …";;CC-BY 4.0;https://codefor.de
https://codefor.de/projekte/frankfurt-was-bekomme-ich-fuer-meine-miete/;Was bekomme ich in Frankfurt für meine Miete?;Webseite, Datenvisualisierung;Wohnen, Stadt;https://mieten-ffm.netlify.com/;OK Lab Frankfurt, Code for Germany;Abgeschlossen;Visualisierung, die die Abhängigkeiten von verschiedenen Parametern wie Baumdichte, Ärztedichte und Kitplätzen zum Mietpreis anzeigt.;;CC-BY 4.0;https://codefor.de
https://codefor.de/projekte/hn-landtag/;Was macht mein Landtagsabgeordneter?;Webseite, Datenvisualisierung, Web-App, Open Data, Datenportal;Wahlen, Demokratie, Politische Bildung, Verwaltung, Open Data, Partizipation;https://codefor.de/projekte/hn-landtag/;Code for Heilbronn, Code for Germany;Laufend;Die Abgeordneten im Landtag von Baden-Württemberg starten jeden Monat viele Initiativen und Anfragen zu ganz unterschiedlichen Themen. Wir wollen diese Daten besser zugängig machen und aufbereiten. …;;CC-BY 4.0;https://codefor.de
https://codefor.de/projekte/le-trinkwasser/;Was steckt in meinem Leitungswasser?;Web-App, Datenvisualisierung, Karte, Open-Source, Open Data, Datenportal;Umwelt, Gesundheit, Stadt, Verwaltung, Nachhaltigkeit;https://trinkwasser.codeforleipzig.de/, https://github.com/codeforleipzig/trinkwasser;OK Lab Leipzig, Code for Germany;Abgeschlossen;"Qualitätswerte des Trinkwassers aus dem Versorgungsgebiet der MIDEWA schematisch und als Karte.
Trinkwasser gilt als das am besten kontrollierte Lebensmittel in Deutschland. Und trotzdem wissen wir …";;CC-BY 4.0;https://codefor.de
https://codefor.de/projekte/bundestagswahl/;was wäre wenn;Webseite;Wahlen;https://codeforcologne.github.io/was-wenn/, https://github.com/codeforcologne/was-wenn;OK Lab Köln, Code for Germany;Abgeschlossen;Die Forderung nach einem Gesetz, daß die Wahl ab 16 Jahren erlaubt, ist schon seit langem ein Programmpunkt bei vielen Parteien. Wie würden sich aber die Ergebnisse verändern, wenn auch die junge …;;CC-BY 4.0;https://codefor.de
https://codefor.de/projekte/muc-finder/;Web-App zum Finden von bestimmten Orten (u.a. Defibrilatoren) in der Umgebung;Web-App;Stadtplanung, Gesundheit, Mobilität;http://codeformunich.github.io/FinderApp/, https://github.com/codeformunich/FinderApp;OK Lab München, Code for Germany;Unbekannt;Ziel des Projekts ist eine Web-App, die aus Open-Street-Map-Daten Orte einer bestimmten Kategorie, z.B. öffentliche Toiletten, Spielplätze oder Defibrilatoren in der Umgebung findet und dazu …;;CC-BY 4.0;https://codefor.de
https://codefor.de/projekte/ms-weihnachtsmarkt/;Weihnachtsmarkt-App Münster 2014;Webseite, Kartenanwendung, Interaktive Karte;Stadt, Tourismus, Kultur;http://codeformuenster.org/weihnachtsmarkt/, https://github.com/codeformuenster/weihnachtsmarkt;Code for Münster, Code for Germany;Unbekannt;Weihnachtsmarkt-App Münster 2014 mit Warenangebotssuche auf einer Karte!;;CC-BY 4.0;https://codefor.de
https://codefor.de/projekte/be-xmas/;Weihnachtsmärkte;Open-Source, Web-App, Open Data, Datenportal;Tourismus, Stadt;https://github.com/tursics/xmas-markets, http://www.tursics.de/xmasmarkets/de/;OK Lab Berlin, Code for Germany;Abgeschlossen;Alle Weihnachtsmärkte aus Berlin in einer App. Man nehme die Open Data-Liste aus Berlin, ein paar Pressetext und -bilder und baue eine App zusammen. Die App ist soweit fertig, muss aber jedes Jahr mit …;;CC-BY 4.0;https://codefor.de
https://codefor.de/projekte/wepublic/;Wepublic;Web-App, Open-Source, Plattform;Wahlen, Partizipation, Demokratie;https://www.wepublic.me, https://github.com/wepublic, mailto:hello@wepublic.me;OK Lab Berlin, Code for Germany;Laufend;"Mit dem Projekt Wepublic möchten wir die digitale Kommunikation zwischen Bürgern und Politikern grundsätzlich verändern - hin zu mehr Dialog, mehr Verständnis und mehr konstruktive Kritik.
Starten …";;CC-BY 4.0;https://codefor.de
https://codefor.de/projekte/hh-baualterskarte/;Wie alt sind die Hamburger Gebäude?;Karten, Datenvisualisierung, Web-App, Interaktive Karte;Stadtplanung, Open Data, Datenanalyse;http://hannes.enjoys.it/geo/odd2014/baujahr.html, http://inspire.daten-hamburg.de/DE_HH_Downloaddienst_INSPIRE_A3_2_Gebaeude/ServiceFeed.xml;OK Lab Hamburg, Code for Germany;Abgeschlossen;In den öffentlichen Geodaten der Stadt stecken einige interessante Datensätze: Auf dieser Karte sind beispielsweise die Baualtersklassen der Hamburger Gebäude (soweit bekannt) dargestellt.;;CC-BY 4.0;https://codefor.de
https://codefor.de/projekte/hh-bruecken/;Wie viele Brücken hat Hamburg?;Webseite, Datenvisualisierung, Web-App, Karten;Stadtplanung, Verkehr, Open Data;http://hathamburgmehrbrueckenalsvenedig.tumblr.com/, https://www.openstreetmap.de/;OK Lab Hamburg, Code for Germany;Abgeschlossen;Wie viele Brücken hat Hamburg? Rund 2500 soll es laut Behörde sein. Das wären mehr als Venedig, Amsterdam und Stockholm zusammen. Damit steht Hamburg als brückenreichste Stadt Europas im Guinness Buch …;;CC-BY 4.0;https://codefor.de
https://codefor.de/projekte/wecount/;Wir zählen;Dashboard, Web-App, Datenvisualisierung;Stadtplanung, Technologie;https://berlin-zaehlt.de/, https://adfc-tk.de/wir-zaehlen/, https://github.com/codeforberlin/we-count/;OK Lab Berlin, Code for Germany;Laufend;“Wir zählen” möchte Verkehrszählungen aus dem Datenschatz des Projektes “Berlin zählt Mobilität” und darüber hinaus sichtbar machen. Das Ziel ist die Entwicklung eines …;;CC-BY 4.0;https://codefor.de
https://codefor.de/projekte/le-woistmarkt/;Wo ist Markt?;Web-App, Karten;Stadt, Tourismus, Kultur;http://wo-ist-markt.de/#leipzig, https://github.com/wo-ist-markt/wo-ist-markt.github.io;OK Lab Leipzig, Code for Germany;Abgeschlossen;"Wo ist gerade Wochenmarkt in Leipzig auf einer Karte dargestellt. Man kann für den aktuellen Tag filtern oder alle anzeigen. Die gerade stattfindenden Märkte werden grün gekennzeichnet.
Umsetzung …";;CC-BY 4.0;https://codefor.de
https://codefor.de/projekte/wo-ist-testzentrum/;Wo ist Testzentrum?;Kartenanwendung, Interaktive Karte, Datenvisualisierung, Webseite, Open Data;Gesundheit, Stadt;https://wo-ist-testzentrum.de, https://github.com/CodeforLeipzig/wo-ist-testzentrum;OK Lab Leipzig, Code for Germany;Abgeschlossen;Auf einer Karte werden die Standorte von Corona-Test-Zentren in verschiedenen deutschen Städten und Gemeinden angezeigt. Durch einen Klick auf einen Kartenpin erfährst du, wann ein Test-Zentrum …;;CC-BY 4.0;https://codefor.de
https://codefor.de/projekte/le-weihnachtsmarktkarte/;Wo ist Weihnachtsmarkt?;Webseite, Karten, Datenvisualisierung;Stadt, Tourismus, Öffentlicher Nahverkehr;https://wo-ist-weihnachtsmarkt.codeforleipzig.de/, https://github.com/CodeforLeipzig/weihnachtsmarktkarte;OK Lab Leipzig, Code for Germany;Abgeschlossen;"Auf dieser Webseite kannst Du Dich über die Weihnachtsmärkte in Leipzig und näherere Umgebung informieren (Stand November bis Dezember 2022).
Dieses Projekt ist eine Adpation des Berliner …";;CC-BY 4.0;https://codefor.de
https://codefor.de/projekte/be-schulsanierung/;Wo unsere Kinder lernen;Open-Source, Webseite, Karten, Datenvisualisierung;Stadt;http://schulsanierung.tursics.de, https://github.com/tursics/schulsanierung;OK Lab Berlin, Code for Germany;Abgeschlossen;"Viele Schulen in Berlin sind marode. Wie teuer die Sanierung wirklich wird, können Sie auf der Karte erkunden.
Die Toiletten stinken, Wasser tropft von der Decke, der Putz bröckelt von der Wand. …";;CC-BY 4.0;https://codefor.de
https://codefor.de/projekte/fl-open-living-map/;Wohnort-Kompass Offene Daten für Regionen in Deutschland;Web-App, Datenportal, Datenvisualisierung, Interaktive App;Stadtplanung, Mobilität, Klima, Luftqualität, Verkehr, Umwelt;https://github.com/oklabflensburg/open-living-map, https://wohnortkompass.oklabflensburg.de/methodik, https://wohnortkompass.oklabflensburg.de;OK Lab Flensburg, Code for Germany;Laufend;Wohnort-Kompass ist ein datenbasiertes Civic-Tech-Projekt zur personalisierten Wohnortsuche in Deutschland. Die Anwendung hilft Menschen dabei, Gemeinden und Orte nicht nach einem pauschalen …;;CC-BY 4.0;https://codefor.de
https://codefor.de/projekte/zug-direktverbindungen/;Zug-Direktverbindungen;Karte;Mobilität, Verkehr, Stadt;https://direkt.bahn.guru, https://github.com/juliuste/direkt.bahn.guru;OK Lab Berlin, Code for Germany;Abgeschlossen;Eine Karte mit allen Zug-Direktverbindungen aus deiner Stadt.;;CC-BY 4.0;https://codefor.de
https://codefor.de/projekte/zuwendungen/;Zuwendungsdatenbank;Datenportal, Open Data, Datenbank;Transparenz, Verwaltung, Open Data;http://zuwendungen.net/, https://github.com/corny/zuwendungen;Code for Germany;Abgeschlossen;Die Zuwendungsdatenbank sammelt länderübergreifend frei zugängliche Daten über Zuwendungen, überführt sie in ein einheitliches Format und macht sie durchsuchbar.;;CC-BY 4.0;https://codefor.de
https://ok-lab-karlsruhe.de/veranstaltungen/codeweek26;CODE WEEK BW / Daten und Code;Workshop, Datenvisualisierung;Partizipation, Bildung, Jugendbeteiligung, Technologie;https://ok-lab-karlsruhe.de/veranstaltungen/codeweek26;OK Lab Karlsruhe, Code for Germany;Laufend;Bild inspiriert von Pierre le Riche, The Worshipping, RonewaWorkshop: Daten, Coding & Visualisierung – im Rahmen der BW CodeWeekWas: Einführung in Coding, Daten, Visualisierung, mit und ohne Vorken ...;;CC-BY 4.0;https://codefor.de
https://ok-lab-karlsruhe.de/projekte/okl-hackt;OK Lab HACKT@Entropia;Workshop;Partizipation;https://ok-lab-karlsruhe.de/projekte/okl-hackt;OK Lab Karlsruhe, Code for Germany;Laufend;Offener Community-Hack WorkshopWir starten die Hack-Season in den Räumen von Entropia. Bringt Eure Laptops, Ideen und Fragen mit.2 Stunden Coden und Quatschen ab 18.8.2026, ab dann jeden 3. Dienstag ...;;CC-BY 4.0;https://codefor.de
https://ok-lab-karlsruhe.de/projekte/riski;RIS in der Tasche;Open-Source, KI-Anwendung, Knowledge Graph, Information Retrieval, Web-App;Verwaltung, Partizipation, Stadt, Open Data, Datenanalyse;https://ok-lab-karlsruhe.de/projekte/riski;OK Lab Karlsruhe, Code for Germany;Laufend;Ratsinformationen effizient auswertenRIS in der Tasche macht kommunale Ratsinformationssysteme mit KI intelligenter und effizienter nutzbar. Statt ausschließlich auf RAG zu setzen, kombiniert das Pro ...;RIS;CC-BY 4.0;https://codefor.de
https://ok-lab-karlsruhe.de/veranstaltungen/fest26;OK Lab Karlsruhe bei DAS FEST 2026;Open-Source, Open Data, Vortrag, Workshop, Datenvisualisierung, Interaktive Datenexploration;Stadtplanung, Umweltschutz, Klima, Klimaschutz, Partizipation, Technologie;https://ok-lab-karlsruhe.de/veranstaltungen/fest26;OK Lab Karlsruhe, Code for Germany;Laufend;Daten-Safari am Mount Klotz: OK Lab Karlsruhe bringt Open Data zu DAS FEST 2026Wenn sich am letzten Juli-Wochenende die Günther-Klotz-Anlage wieder in Süddeutschlands größte Festivalmeile verwandelt, ...;Code for KA;CC-BY 4.0;https://codefor.de
https://ok-lab-karlsruhe.de/veranstaltungen/odd26followup;HackDays Follow-Up;Workshops;Partizipation, Demokratie, Open Data, Stadt;https://ok-lab-karlsruhe.de/veranstaltungen/odd26followup;OK Lab Karlsruhe, Code for Germany;Abgeschlossen;Nach dem Hack ist vor dem Hack ...Die HackDays sind vorbei und, wie angekündigt, gibt es ein Follow-Up. Am Samstag, 11.April 2026, können Netzwerke, Ideen und Projekte weiter entwickelt werden. Von  ...;OK Lab;CC-BY 4.0;https://codefor.de
https://ok-lab-karlsruhe.de/veranstaltungen/odd26;Open Data HackDays am 14. und 15.3.2026;Workshops, Open Data, Partizipation;Stadt, Klima, Klimaschutz, Umweltschutz, Technologie, Datenanalyse, Partizipation;https://ok-lab-karlsruhe.de/veranstaltungen/odd26;OK Lab Karlsruhe, Code for Germany;Abgeschlossen;Was sind die HackDays?Der Open Data Day ist ein jährlich stattfindendes, internationales Event, das weltweit die Bedeutung offener Daten in den Fokus rückt. Überall organisieren lokale Gruppen eigene ...;;CC-BY 4.0;https://codefor.de
https://ok-lab-karlsruhe.de/veranstaltungen/platachat;Hat eigentlich jemand mal die Platanen gefragt?;Workshop, KI Anwendung;Umweltschutz, Klimaschutz, Stadtplanung, Partizipation, Demokratie;https://ok-lab-karlsruhe.de/veranstaltungen/platachat;OK Lab Karlsruhe, Code for Germany;Abgeschlossen;Wie man mit einem Umwelt-Chatbot über Politik sprechen kannHabt ihr schon mal mit einem Baum gesprochen? Die „plaudernde Platane“ ist ein Projekt, das zeigt, wie Künstliche Intelligenz zur Erforschu ...;;CC-BY 4.0;https://codefor.de
https://ok-lab-karlsruhe.de/veranstaltungen/workshop25sbib;Workshop Daten und Code, Stadtbibliothek;Workshop, Datenvisualisierung, Datenanalyse, Web-App;Partizipation, Geschlechtergerechtigkeit, Stadt, Umweltschutz;https://ok-lab-karlsruhe.de/veranstaltungen/workshop25sbib;OK Lab Karlsruhe, Code for Germany;Abgeschlossen;Bild inspiriert von Pierre le Riche, The Worshipping, RonewaCODE WEEK: Workshop: Daten, Coding & Visualisierung – mit Blick auf gesellschaftliche LückenWas: Einführung in Coding, Daten, Visualisieru ...;;CC-BY 4.0;https://codefor.de
https://ok-lab-karlsruhe.de/veranstaltungen/effekte25;Underständ the Länd;Workshops, Datenvisualisierung, Datenanalyse;Partizipation, Demokratie, Open Data, Stadt, Datenanalyse;https://ok-lab-karlsruhe.de/veranstaltungen/effekte25;OK Lab Karlsruhe, Code for Germany;Abgeschlossen;Effekte: Underständ the Länd Daten prägen unseren Alltagund liefern wertvolleErkenntnisse zuStromverbrauch,Mietpreisen, Luftbelastung,Ernteerträgen und vielenweiteren Bereichen unseresLebens.  ...;;CC-BY 4.0;https://codefor.de
https://ok-lab-karlsruhe.de/projekte/rollirad24;RolliRad;Open-Source;Mobilität, Barrierefreiheit, Menschen mit Behinderung;https://ok-lab-karlsruhe.de/projekte/rollirad24;OK Lab Karlsruhe, Code for Germany;Laufend;Leichter Rollstuhlantrieb zum SelbstbauKommerzielle Rollstuhlantriebe sind entweder zu schwer oder zu groß für kleine Rollstuhle.Ziel dieses Projekts ist der Entwurf eines leichtgewichtigen Antriebs ...;;CC-BY 4.0;https://codefor.de
https://ok-lab-karlsruhe.de/veranstaltungen/fest24;DAS FEST - Klima Akademie;Open Data, Datenvisualisierung, Verzeichnis / Karte, Workshops, Monitoring, Datenportal;Umwelt, Stadt, Datenanalyse, Nachhaltigkeit;https://ok-lab-karlsruhe.de/veranstaltungen/fest24;OK Lab Karlsruhe, Code for Germany;Abgeschlossen;OK Lab Karlsruhe beim DAS FEST 2024Am Sonntag, 21. Juli 2024 sind wir mit einem Stand auf Süddeutschlands größtemFamilien- und Musikfestival vertreten, um über offene Daten und unsere spannenden Pro ...;OK Lab;CC-BY 4.0;https://codefor.de
https://ok-lab-karlsruhe.de/veranstaltungen/bunte-nacht24;Bunte Nacht der Digitalisierung am 7.6.2024;Workshop;Open Data, Partizipation, Demokratie, Stadt;https://ok-lab-karlsruhe.de/veranstaltungen/bunte-nacht24;OK Lab Karlsruhe, Code for Germany;Laufend;ProgrammUnser Stand auf dem Marktplatz (links von der Rathaustreppe) ist von 15:00 bis 21:00 Uhr besetzt. Wir haben kurze Demos zu offenen Daten, Sensoren, Coding, digitalem Ehrenamt und weiteren The ...;;CC-BY 4.0;https://codefor.de
https://ok-lab-karlsruhe.de/veranstaltungen/kai;CoDaKaI - Coding, Daten und Ka-I;Workshops;Bildung, Partizipation, Open Data, KI, Umweltschutz, Technologie, Datenanalyse;https://ok-lab-karlsruhe.de/veranstaltungen/kai;OK Lab Karlsruhe, Code for Germany;Laufend;Was hat es mit Coding, Daten und KI auf sich?Wir nutzen Ka-I (Karlsruher Intelligenz) um Licht ins digitale Dunkel zu bringen.In einer lockeren Workshopreihe könnt Ihr Euch mit den wichtigsten Grund ...;CoDaKaI;CC-BY 4.0;https://codefor.de
https://ok-lab-karlsruhe.de/projekte/datencafe;Daten.Cafe;E-Learning, Web-App, Workshop;Bildung, Partizipation, Open Data, Demokratie;https://ok-lab-karlsruhe.de/projekte/datencafe;OK Lab Karlsruhe, Code for Germany;Laufend;Daten.Cafe möchte auf einfache Art grundlegende Kenntnisse in Datenkompetenz vermitteln. Dafür bilden ein freier Zugang zur Anwendung und den Ergebnissen die Basis. Die Anwendung erlaubt das Erlernen  ...;;CC-BY 4.0;https://codefor.de
https://ok-lab-karlsruhe.de/veranstaltungen/sensors23-1;Sensor Workshop 2023-1;Workshops;Umwelt, Umweltschutz, Datenanalyse, Partizipation, Open Data;https://ok-lab-karlsruhe.de/veranstaltungen/sensors23-1;OK Lab Karlsruhe, Code for Germany;Abgeschlossen;Im April und Mai 2023 finden wieder Sensor-Workshops statt am ZKM: Programmieren mit UmweltsensorenTermine, jeweils 15:00-18:00 Uhr:21.4.202312.5.2023Anmeldung über das ZKM. UmgebungssensorenS ...;tvoc;CC-BY 4.0;https://codefor.de
https://ok-lab-karlsruhe.de/veranstaltungen/odd23;Open Data Day am 4.3.2023;Open Data, Workshop, Datenportal, Datenvisualisierung, Partizipation, Monitoring;Partizipation, Stadt, Verwaltung, Umwelt, Klima, Datenanalyse;https://ok-lab-karlsruhe.de/veranstaltungen/odd23;OK Lab Karlsruhe, Code for Germany;Abgeschlossen;Der Open Data Day ist eine jährlich stattfindende Veranstaltung, um international auf die Bedeutung offener Daten hinzuweisen. An diesem Aktionstag stellen lokale Gruppen selbst organisierte Veranstal ...;;CC-BY 4.0;https://codefor.de
https://ok-lab-karlsruhe.de/projekte/green-it;Nachhaltige Digitalisierung;Web-App;Klima, Klimaschutz, Umwelt, Nachhaltigkeit, Energie;https://ok-lab-karlsruhe.de/projekte/green-it;OK Lab Karlsruhe, Code for Germany;Abgeschlossen;Bei der Community Convention stellen wir aktuelle Projekte vor, die den Nutzen offener Daten für den Klimaschutz verdeultichenKlimawatchCO2AppEine geplante App zur energetischen SanierungAm 1. ...;CO2App;CC-BY 4.0;https://codefor.de
https://ok-lab-karlsruhe.de/projekte/klimadashboard;Klima-Dashboard und App;Web-App, Dashboard, Datenvisualisierung;Umweltschutz, Partizipation, Nachhaltigkeit;https://ok-lab-karlsruhe.de/projekte/klimadashboard;OK Lab Karlsruhe, Code for Germany;Laufend;Klimafestival24.9.2022Nutzung der Apps für Klima Karlsruhe => App und DashBunte Nacht der Digitalisierung1.7.2022Start der CO2-App und des DashboardsDie Klima-Apps der werden weiter entwickelt.  ...;;CC-BY 4.0;https://codefor.de
https://ok-lab-karlsruhe.de/veranstaltungen/gpn;GPN, 21.5.2022;Webseite, Open Data;Demokratie, Partizipation, Open Data, Verwaltung, Offene Daten;https://ok-lab-karlsruhe.de/veranstaltungen/gpn;OK Lab Karlsruhe, Code for Germany;Abgeschlossen;Bei der Gulaschprogrammiernacht im ZKM wird sich die Code for Germany Community mit Berichten aus den Labs in Darmstadt, Karlsruhe, Köln, Leipzig und Münster vorstellen. Für alle, die nicht dabei sei ...;GPN;CC-BY 4.0;https://codefor.de
https://ok-lab-karlsruhe.de/projekte/piazza;Piazza Konferenz - Haushaltspläne für Viele;Web-App, Plattform, Datenportal, Datenvisualisierung;Open Data, Partizipation, Demokratie, Datenanalyse;https://ok-lab-karlsruhe.de/projekte/piazza;OK Lab Karlsruhe, Code for Germany;Abgeschlossen;Kommunale Selbstbestimmung manifestiert sich u. a. durch die kommunale Haushaltsplanung. Viele Kommunen publizieren ihre Haushaltspläne im Internet als offene Daten – meist jedoch lediglich als pdf-Da ...;;CC-BY 4.0;https://codefor.de
https://ok-lab-karlsruhe.de/projekte/odportals;Open Data Portale;Datenportal, Open Data, Datenvisualisierung, Datenanalyse, Reporting, Dashboard, API;Demokratie, Partizipation, Verwaltung, Stadt;https://ok-lab-karlsruhe.de/projekte/odportals;OK Lab Karlsruhe, Code for Germany;Abgeschlossen;CKAN ist ein verbreitetes System für Open-Data Portale. Es bietet zusätzlich zur Web-Anwendung den automatisierten Abruf über eine Programmierschnittstelle (CKAN-API). Über diese API können die verfüg ...;;CC-BY 4.0;https://codefor.de
https://ok-lab-karlsruhe.de/projekte/watering;Smarter Friedrichsplatz;Monitoring, Workshop, Datenportal, Prozessautomatisierung, Plattform;Umwelt, Stadt, Klimaschutz, Partizipation, Open Data, Datenanalyse;https://ok-lab-karlsruhe.de/projekte/watering;OK Lab Karlsruhe, Code for Germany;Abgeschlossen;"Am Friedrichsplatz wird ein Projekt zur ""intelligenten"" Bewässerung installiert.Die Bodenfeuchte in verschiedenen Tiefen sowie weitere Klimawerte werden regelmäßig gemessen und per Funk zum IoT-Syste ...";;CC-BY 4.0;https://codefor.de
https://ok-lab-karlsruhe.de/projekte/sensors21;Critical Sensors Workshop 2021;Workshops;Umwelt, Daten;https://ok-lab-karlsruhe.de/projekte/sensors21;OK Lab Karlsruhe, Code for Germany;Abgeschlossen;Wir planen eine Reihe von Workshops zu verschiedenen Themen im Zusammenhang mit der Ausstellung Critical-Zones. Anmeldung über das ZKM:12.3.202123.4.202114.5.2021Umgebungssensorensind das erste ...;tvoc;CC-BY 4.0;https://codefor.de
https://ok-lab-karlsruhe.de/projekte/haushalt;Offene Daten für Viele zugänglich machen;Datenportal, Web-App, Open-Source, Datenanalyse, Datenvisualisierung;Verwaltung, Open Data, Datenanalyse;https://ok-lab-karlsruhe.de/projekte/haushalt;OK Lab Karlsruhe, Code for Germany;Abgeschlossen;Können kommunale Haushaltspläne analysiert und ausgewertet werden ohne erst programmieren lernen zu müssen?Wir haben zu dieser Frage mehrere Veranstaltungen in verschiedenen Formaten durchgeführt und ...;;CC-BY 4.0;https://codefor.de
https://ok-lab-karlsruhe.de/projekte/cz;Critical Zones Führung - Offene Daten, 24.10.2020;Workshop, Open Data;Umweltschutz, Partizipation, Datenanalyse;https://ok-lab-karlsruhe.de/projekte/cz;OK Lab Karlsruhe, Code for Germany;Abgeschlossen;Führung/Workshop zur Ausstellung Critical Zones am ZKMWie können wir die kritische Zone besser verstehen? Wie können wir die zahlreichen, oft für uns nicht sichtbaren Prozesse begreifen, die ihr frag ...;;CC-BY 4.0;https://codefor.de
https://ok-lab-karlsruhe.de/projekte/rogl;ROGL - Regionale Open Government Labore;Open Data, Webseite, Datenanwendung für Öffentlichkeit;Demokratie, Partizipation, Verwaltung, Stadt, Zivilgesellschaft, Open Data;https://ok-lab-karlsruhe.de/projekte/rogl;OK Lab Karlsruhe, Code for Germany;Abgeschlossen;In 2020 plant das Bundesministerium des Innern, für Bau und Heimat eine Initiative für Regionale Open Government Labore (ROGL). In bis zu 16 Laboren sollen neue Kooperationen von Verwaltung, Politik,  ...;ROGL;CC-BY 4.0;https://codefor.de
https://ok-lab-karlsruhe.de/projekte/klimakonzept;Klimakonzept Karlsruhe;Monitoring, Datenvisualisierung, Datenportal, Reporting;Klima, Klimaschutz, Umwelt, Nachhaltigkeit, Stadtplanung, Partizipation;https://ok-lab-karlsruhe.de/projekte/klimakonzept;OK Lab Karlsruhe, Code for Germany;Abgeschlossen;Die Stadt Karlsruhe hat den Entwurf des Klimaschutzkonzepts 2030 in einem Beteiligungsverfahren der Bevölkerung vorgelegt.Wir wollen die zugehörigen Berechnungsmodelle und den Fortschritt der Massnah ...;;CC-BY 4.0;https://codefor.de
https://ok-lab-karlsruhe.de/projekte/sensors19;Umweltsensoren;Workshops, Monitoring;Umweltschutz, Stadt, Klima, Partizipation, Datenanalyse;https://ok-lab-karlsruhe.de/projekte/sensors19;OK Lab Karlsruhe, Code for Germany;Abgeschlossen;Wir können auch selbst offene Daten erzeugen, indem wir mit verschiedenen Sensoren Messwerte aufnehmen und mit anderen teilen. In offenen Workshops zeigen wir immer wieder, wir z.B. die TeilnehmerInne ...;;CC-BY 4.0;https://codefor.de
https://ok-lab-karlsruhe.de/projekte/transparenzcafe;Transparenz.Cafe;Webseite, Datenportal;Open Data, Verwaltung, Demokratie, Partizipation, Stadt;https://ok-lab-karlsruhe.de/projekte/transparenzcafe;OK Lab Karlsruhe, Code for Germany;Abgeschlossen;Das Transparenzportal der Stadt Karlsruhe richtet sich in erster Linie an inter­es­sierte Spezia­lis­ten, die mit den Daten Projekte verwirk­li­chen wollen, welche dann auch für die Allge­mein­heit in ...;;CC-BY 4.0;https://codefor.de
https://ok-lab-karlsruhe.de/projekte/direktvermarkter-karte;farmshops.eu Direktvermarkter Karte;Webseite, Karten, Datenvisualisierung;Landwirtschaft, Open Data;https://ok-lab-karlsruhe.de/projekte/direktvermarkter-karte;OK Lab Karlsruhe, Code for Germany;Abgeschlossen;Übersichtskarte von Hofläden, Märkten, Milchautomaten und anderen Direktvermarktern aus der DACH-Region (Deutschland, Österreich, Schweiz). Die Karte erhält alle ihre Daten über ein Script von Openstr ...;;CC-BY 4.0;https://codefor.de
https://ok-lab-karlsruhe.de/projekte/ka-open-sense;Open Sense;Open-Source;Luftqualität, Umwelt, Open Data;https://ok-lab-karlsruhe.de/projekte/ka-open-sense;OK Lab Karlsruhe, Code for Germany;Abgeschlossen;Open Sense stellt Android Sensor-Widgets für das openSenseMap-Projekt (https://opensensemap.org) bereit. Die App ermöglicht es von über 800 Messstationen die offenen Sensordaten wie Temperatur, Emissi ...;;CC-BY 4.0;https://codefor.de
https://ok-lab-karlsruhe.de/projekte/karlsruhe-btw2017-stadtteile;Die Bundestagswahl 2017 in den Karlsruher Stadtteilen;Webseite, Datenvisualisierung;Wahlen, Demokratie, Partizipation;https://ok-lab-karlsruhe.de/projekte/karlsruhe-btw2017-stadtteile;OK Lab Karlsruhe, Code for Germany;Abgeschlossen;Jeder Karlsruher Stadtteil ist anders — wie hat sich das auf die Wahl ausgewirkt? Wir haben uns das an Hand verschiedener Statistiken genauer angeschaut.;;CC-BY 4.0;https://codefor.de
https://ok-lab-karlsruhe.de/projekte/wahlkarte-ka;Karlsruher Wahlanzeiger 2017;Webseite, Kartenanwendung, Datenvisualisierung, Interaktive Karte, Open Data;Wahlen, Stadt;https://ok-lab-karlsruhe.de/projekte/wahlkarte-ka;OK Lab Karlsruhe, Code for Germany;Abgeschlossen;Verschiedenste spannende Visualisierungen der Karlsruher Wahldaten für die Bundestagswahl 2017. Interaktive Karte und Analysen.;;CC-BY 4.0;https://codefor.de
https://ok-lab-karlsruhe.de/projekte/ka-kommunale-haushalte-bw;Kommunale Haushalte Baden-Württemberg;Open-Source, Datenportal, Datenstandards;Verwaltung, Transparenz, Stadt, Open Data;https://ok-lab-karlsruhe.de/projekte/ka-kommunale-haushalte-bw;OK Lab Karlsruhe, Code for Germany;Abgeschlossen;Maschinenlesbare Varianten des kommunalen Produktplans Baden-Württemberg und der Verwaltungsvorschrift Produkt- und Kontenrahmen;;CC-BY 4.0;https://codefor.de
https://ok-lab-karlsruhe.de/projekte/ka-mietmap;Mietpreise in Karlsruhe;Datenvisualisierung, Karten, Web-App;Stadtplanung, Wohnen, Open Data, Partizipation;https://ok-lab-karlsruhe.de/projekte/ka-mietmap;OK Lab Karlsruhe, Code for Germany;Abgeschlossen;Dieses Projekt visualisiert auf einer Karte die Mietpreise in Karlsruhe auf Basis von Immobilienanzeigen.;;CC-BY 4.0;https://codefor.de
https://www.civic-coding.de/community/projekt/p2d2-public-public-data-dna/1483;p2d2: Public-Public Data-DNA;Open-Source, Datenportal, Plattform, API, Datenmanagement, Open Data, Web-App;Open Data, Stadtplanung;https://www.civic-coding.de/community/projekt/p2d2-public-public-data-dna/1483;Civic Coding;Unbekannt;p2d2 schafft einen Zyklus, um Daten aus den Verwaltungen, über die OpenData-Portale der Kommunen oder Länder, in unsere Plattformen wie OpenStreetMap oder WikiData zu bringen und Änderungen in unseren Plattformen als GeoRSS-basierte Vorschläge an die Verwaltungen zurück zu melden;p2d2;CC-BY-NC-ND 4.0;https://www.civic-coding.de
https://www.civic-coding.de/community/projekt/assisto-social-copilot/1482;Assisto - Social Copilot;KI-Anwendung;Inklusion, Soziale Arbeit;https://www.civic-coding.de/community/projekt/assisto-social-copilot/1482;Civic Coding;Laufend;Assisto – Social Copilot soll soziale Teilhabe für alle erleichtern. Ein KI-basierter Assistent, der Menschen dabei unterstützt, Behördenpost und Antragsverfahren zu verstehen, individuelle Handlungsschritte aufzeigt und beim Ausfüllen von Anträgen hilft.;;CC-BY-NC-ND 4.0;https://www.civic-coding.de
https://www.civic-coding.de/community/projekt/digitaler-erstkontakt-mit-ki-beratungsanliegen-auf-den-richtigen-weg-bringen/1479;Digitaler Erstkontakt –mit KI Beratungsanliegen auf den richtigen Weg bringen;Open-Source, KI Anwendung, Natural Language Processing, Prozessautomatisierung;Soziale Arbeit, Gesundheit, Bildung;https://www.civic-coding.de/community/projekt/digitaler-erstkontakt-mit-ki-beratungsanliegen-auf-den-richtigen-weg-bringen/1479;Civic Coding;Unbekannt;"Um den Zugang zu passenden Beratungsangeboten zu verbessern, werden im Projekt ""Digitaler Erstkontakt"" Chat- und Voicebotangebote entwickelt und evaluiert.";;CC-BY-NC-ND 4.0;https://www.civic-coding.de
https://www.civic-coding.de/community/projekt/nexus-politics/1469;Nexus Politics;Web-App, Open-Source, KI Anwendung, Maschinelles Lernen, Natural Language Processing, API, Datenanalyse;Verwaltung, Demokratie, Partizipation;https://www.civic-coding.de/community/projekt/nexus-politics/1469;Civic Coding;Unbekannt;Nexus Politics ist ein Civic-/GovTech-Startup, das der politischen Unzufriedenheit mit einer Plattform für digitale Demokratie begegnet, die Partizipation, Transparenz und Rechenschaftspflicht fördert. Website: www.nexuspolitics.org;;CC-BY-NC-ND 4.0;https://www.civic-coding.de
https://www.civic-coding.de/community/projekt/das-fablab-der-uni-konstanz-als-ausserschulischer-lernort-und-vibe-coding-hub/1467;Das FabLab der Uni Konstanz als außerschulischer Lernort und Vibe Coding Hub;Workshops, E-Learning;Bildung, Technologie;https://www.civic-coding.de/community/projekt/das-fablab-der-uni-konstanz-als-ausserschulischer-lernort-und-vibe-coding-hub/1467;Civic Coding;Unbekannt;Ziel ist es, das FabLab der Uni Konstanz als außerschulischen Lernort für Jugendliche auszubauen. Moderne Fertigungstechniken werden gelernt und genutzt, um eigene Projekte zu realisieren. Elemtarer Bestandteil sollen zudem die Integration des Vibe Codings sein,;;CC-BY-NC-ND 4.0;https://www.civic-coding.de
https://www.civic-coding.de/community/projekt/gesundheitsmonitoring-vierzig-plus/1466;Gesundheitsmonitoring Vierzig Plus;Maschinelles Lernen, KI Anwendung, Monitoring, Datenanalyse;Gesundheit;https://www.civic-coding.de/community/projekt/gesundheitsmonitoring-vierzig-plus/1466;Civic Coding;Unbekannt;Ich würde mir ein Projekt wünschen, das eine einerseits selbst bestimmte, auf der anderen Seite medizinisch, wissenschaftlich unterstützte Gesundheitserhaltung, Vorsorge und Vermeidung von Krankheiten ermöglicht. Meine Schwester ist bereits mit Mitte 40 an Krebs gestorben.;;CC-BY-NC-ND 4.0;https://www.civic-coding.de
https://www.civic-coding.de/community/projekt/open-femailab-offenes-lernlabor-fur-frauen-und-ki/1462;Open FemAiLab - offenes Lernlabor für Frauen und KI;E-Learning, Workshop;Frauen, Gleichstellung, Bildung, Chancengleichheit, KI;https://www.civic-coding.de/community/projekt/open-femailab-offenes-lernlabor-fur-frauen-und-ki/1462;Civic Coding;Unbekannt;Unser FemAiLab ist ein offenes Lernlabor für Frauen – ein Raum, in dem sie sich in einer Community of Practice verbinden und gemeinsam von- und miteinander ihre individuelle Lernziele erkunden und gestalten.;FemAiLab;CC-BY-NC-ND 4.0;https://www.civic-coding.de
https://www.civic-coding.de/community/projekt/rocket/1459;ROCKET;E-Learning, KI Anwendung, Datenanalyse;Bildung, Inklusion, Chancengleichheit, Sprache;https://www.civic-coding.de/community/projekt/rocket/1459;Civic Coding;Unbekannt;Rocket ist eine EdTech-App, die Unterrichtstexte vereinfacht, übersetzt und anpasst. So können Schüler:innen unabhängig von ihren Sprachkenntnissen am Unterricht teilnehmen und langfristig Deutsch als Bildungssprache erwerben – für mehr Bildungsgerechtigkeit.;;CC-BY-NC-ND 4.0;https://www.civic-coding.de
https://www.civic-coding.de/community/projekt/kieler-gemeinschaftsnetz-vertrauensbasierte-karte-fur-teilen-lernen-und-engagement/1442;Kieler Gemeinschaftsnetz – Vertrauensbasierte Karte für Teilen, Lernen und Engagement;Web-App, Interaktive Karte, Verzeichnis / Karte, Open Source, Empfehlungssystem, KI Anwendung;Inklusion, Antidiskriminierung, Chancengleichheit, Teilhabe, Umweltschutz, Senioren;https://www.civic-coding.de/community/projekt/kieler-gemeinschaftsnetz-vertrauensbasierte-karte-fur-teilen-lernen-und-engagement/1442;Civic Coding;Laufend;Eine digitale Plattform für Kiel, die kostenlose und gemeinwohlorientierte Aktivitäten sammelt: Tausch, Nachbarschaftshilfe, Lernen, Reparatur, Gartenprojekte. KI filtert kommerzielle Angebote heraus und sichert vertrauensvolle, diskriminierungsfreie Interaktion.;;CC-BY-NC-ND 4.0;https://www.civic-coding.de
https://www.civic-coding.de/community/projekt/digital-empowerment-project/1430;Digital Empowerment Project;Workshops, Open-Source, Beratung;Antidiskriminierung, Inklusion, Gesundheit, Zivilgesellschaft;https://www.civic-coding.de/community/projekt/digital-empowerment-project/1430;Civic Coding;Unbekannt;Unser Projekt stärkt die digitale Souveränität der Zivilgesellschaft und insbesondere marginalisierter Gruppen. Wir unterstützen darin, die Kontrolle über digitalen Technologien, Daten und Prozesse zu behalten und die Abhängigkeit von kommerziellen „Datenkraken“ zu minimieren.;;CC-BY-NC-ND 4.0;https://www.civic-coding.de
https://www.civic-coding.de/community/projekt/repair-cafe-anmeldung/1429;Repair Café - Anmeldung;Workshop;Umweltschutz, Nachhaltigkeit, Zivilgesellschaft, Partizipation, Technologie, Verbraucherschutz;https://www.civic-coding.de/community/projekt/repair-cafe-anmeldung/1429;Civic Coding;Unbekannt;Gemeinsam reparieren vermittelt Kenntnisse und erzeugt für Reparierende und Reparatursuchende ein gutes Gefühl weil man etwas retten kann. Mit einer intensiven Anamnese steigen die Reparaturchancen und verbessert das Reparaturerlebnis. Dazu kann KI helfen.;;CC-BY-NC-ND 4.0;https://www.civic-coding.de
https://www.civic-coding.de/community/projekt/donaustrudlki-das-soziale-gedaechtnis-der-stadt-regensburg/1428;DonauStrudlKI - Das soziale Gedächtnis der Stadt Regensburg !;KI Anwendung, Datenportal, Interaktive App;Inklusion, Chancengleichheit, Soziale Arbeit;https://www.civic-coding.de/community/projekt/donaustrudlki-das-soziale-gedaechtnis-der-stadt-regensburg/1428;Civic Coding;Laufend;Alle bisherigen Ausgaben des Regensburger SozialMagazin DonauStrudl werden in einem KI-RAG-System erfasst und als abfragbarer Chat bereitgestellt. So kann man sich bei der DonauStrudlKI jederzeit über die soziale Berichterstattung der letzten 25 Jahre in Regensburg informieren.;DonauStrudlKI;CC-BY-NC-ND 4.0;https://www.civic-coding.de
https://www.civic-coding.de/community/projekt/form-bridge/1426;Form Bridge;KI Anwendung, Web-App;Inklusion, Barrierefreiheit, Verwaltung, Flucht und Migration, Zivilgesellschaft, Menschenrechte;https://www.civic-coding.de/community/projekt/form-bridge/1426;Civic Coding;Unbekannt;Deutsche Behördenformulare sind für Nicht-Muttersprachler unverständlich. Das Projekt wandelt sie in mehrsprachige, webbasierte Fragebögen um, die automatisch das korrekte deutsche Original-Formular generieren. So wird Bürokratie für alle zugänglich.;;CC-BY-NC-ND 4.0;https://www.civic-coding.de
https://www.civic-coding.de/community/projekt/qlug/1424;Qlug;E-Learning, KI Anwendung;Bildung, Inklusion, Barrierefreiheit, Gesundheit;https://www.civic-coding.de/community/projekt/qlug/1424;Civic Coding;Unbekannt;"Qlug (ausgesprochen wie ""klug"")ist eine KI-gestützte Lernapp, die Lernmaterialien in personalisierte Podcasts für auditive Lerner umwandelt. Mit geführtem Onboarding, Offline-Verfügbarkeit und hoher Datensicherheit macht Qlug Bildung zugänglicher und individueller.";;CC-BY-NC-ND 4.0;https://www.civic-coding.de
https://www.civic-coding.de/community/projekt/oratio-technologies/1423;Oratio Technologies;KI Anwendung, Natural Language Processing, Large Language Model (LLM), Maschinelles Lernen, Web-App, Automatisierung;Recht, Arbeit, Migration, Inklusion, Gleichberechtigung;https://www.civic-coding.de/community/projekt/oratio-technologies/1423;Civic Coding;Unbekannt;Oratio Technologies is an AI-powered legal chatbot providing instant, reliable guidance in tenancy, employment, and immigration law, ensuring accessible legal help for everyone in Germany;;CC-BY-NC-ND 4.0;https://www.civic-coding.de
https://www.civic-coding.de/community/projekt/insiemeki/1422;insiemeki;Plattform, KI Anwendung, Empfehlungssystem, E-Learning, Web-App, Vernetzung, Interaktive Datenexploration;Gesundheit, Inklusion, Demokratie, Bildung, Soziale Arbeit, Wohlfahrt, Barrierefreiheit;https://www.civic-coding.de/community/projekt/insiemeki/1422;Civic Coding;Unbekannt;insiemeki ist eine KI-gestützte Lern- und Begegnungsplattform für Menschen 60+. Sie bietet Schritt-für-Schritt-Anleitungen, kurze Videos in seniorengerechter UX. Community und Peer-Mentoring fördern Selbstwirksamkeit, mindern Isolation und bauen digitale Souveränität.;;CC-BY-NC-ND 4.0;https://www.civic-coding.de
https://www.civic-coding.de/community/projekt/dreammachine-ki-gestutzte-visionsentwicklung-im-dialog/1421;DREAMmachine — KI-gestützte Visionsentwicklung im Dialog;KI Anwendung, Plattform, Datenvisualisierung;Stadtplanung, Demokratie, Partizipation, Politische Bildung;https://www.civic-coding.de/community/projekt/dreammachine-ki-gestutzte-visionsentwicklung-im-dialog/1421;Civic Coding;Unbekannt;Von der Einzelmeinung zur strategischen Erkenntnis. Die DREAMmachine macht Bürger:innen-Bedarfe durch KI-gestützte Visualisierung messbar und verständlich. Ein Civic-Tech-Ansatz für mehr Resonanz, höhere Engagement-Raten und datengestützte Entscheidungen.;;CC-BY-NC-ND 4.0;https://www.civic-coding.de
https://www.civic-coding.de/community/projekt/reasonaide-assistenz-fur-diskursiven-austausch-im-alltag/1420;reasonAide - Assistenz für diskursiven Austausch im Alltag;KI Anwendung, Interaktive Datenexploration, Web-App, Natural Language Processing, Knowledge Graph, Datenstandards, Plattform;Demokratie, Inklusion, Partizipation, KI, Gesellschaft;https://www.civic-coding.de/community/projekt/reasonaide-assistenz-fur-diskursiven-austausch-im-alltag/1420;Civic Coding;Unbekannt;reasonAide überbrückt Alltagsgespräche und Online-Diskurse. Statt repetitiver Debatten ermöglicht reasonAide mit KI-Assistenz an ein strukturiertes Netz von Argumenten anzuknüpfen, Perspektiven zu verstehen und sich konstruktiv am öffentlichen Diskurs zu beteiligen.;;CC-BY-NC-ND 4.0;https://www.civic-coding.de
https://www.civic-coding.de/community/projekt/migstart-eine-plattform-fur-migrantinnen-fur-einen-schnellen-zugang-zum-dt-arbeitsmarkt-einfach-barrierearm/1419;MIGStart - eine Plattform für Migrant*innen für einen schnellen Zugang zum dt. Arbeitsmarkt - einfach & barrierearm;Plattform, KI Anwendung, Prozessautomatisierung;Arbeit, Migration, Inklusion, Integration, KI, Chancengleichheit;https://www.civic-coding.de/community/projekt/migstart-eine-plattform-fur-migrantinnen-fur-einen-schnellen-zugang-zum-dt-arbeitsmarkt-einfach-barrierearm/1419;Civic Coding;Unbekannt;MIGStart ist eine KI-gestützte Plattform, die Geflüchteten und Migrant*innen digital, niederschwellig und individuell den Einstieg in den deutschen Arbeitsmarkt erleichtert – mit Sprach- und Formularverarbeitung, Jobmatching und Netzwerkzugang für Talente und Unternehmen.;MIGStart;CC-BY-NC-ND 4.0;https://www.civic-coding.de
https://www.civic-coding.de/community/projekt/evidenceseeker-boilerplate/1418;EvidenceSeeker-Boilerplate;Open Source, KI Anwendung, Plattform;Demokratie, Politische Bildung, KI, Datenanalyse, Transparenz, Medienaufsicht, Information Retrieval;https://www.civic-coding.de/community/projekt/evidenceseeker-boilerplate/1418;Civic Coding;Laufend;EvidenceSeeker-Boilerplate ist ein Open Source Code Template mit dem Organisationen eigene KI basierte Political Tech Apps zum Fact-Checking unkompliziert auf Grundlage vorhandener Wissensdatenbanken aufzusetzen können.;;CC-BY-NC-ND 4.0;https://www.civic-coding.de
https://www.civic-coding.de/community/projekt/resonance-spaces/1416;Resonance Spaces;Maschinelles Lernen, Large Language Model (LLM), Plattform, E-Learning, Open-Source, Datenanalyse, Datenvisualisierung;Gesundheit, Arbeit, Bildung, Demokratie, Soziale Arbeit, Inklusion, Klima;https://www.civic-coding.de/community/projekt/resonance-spaces/1416;Civic Coding;Unbekannt;Resonance Spaces trainiert Menschen mittels KI in empathischer Kommunikation und Konfliktbewältigung. Unser Prototyp stärkt demokratische Teilhabe und macht Diskurse resilienter – für eine digitale Welt, in der auch Zuhören zählt.;;CC-BY-NC-ND 4.0;https://www.civic-coding.de
https://www.civic-coding.de/community/projekt/five-engagement-die-app-die-freiwilliges-engagement-einfach-und-flexibel-macht/1412;five. engagement – die App, die freiwilliges Engagement einfach und flexibel macht;Web-App, KI Anwendung, Interaktive Datenexploration, Datenvisualisierung, Plattform, Datenanwendung für Öffentlichkeit, Interaktive App;Soziale Arbeit, Inklusion, Bildung, Demokratie, Jugendarbeit, Migration, Nachhaltigkeit;https://www.civic-coding.de/community/projekt/five-engagement-die-app-die-freiwilliges-engagement-einfach-und-flexibel-macht/1412;Civic Coding;Unbekannt;five. engagement ist ein gemeinwohlorientiertes Social Startup, das einen neuen Rahmen für freiwilliges Engagement schafft: digital, flexibel und zugänglich. Mithilfe von KI werden passgenaue Tätigkeiten vorgeschlagen, abgestimmt auf Interessen und Verfügbarkeit der Freiwilligen.;five.;CC-BY-NC-ND 4.0;https://www.civic-coding.de
https://www.civic-coding.de/community/projekt/checkmate/1411;CheckMate;KI Anwendung, KI-Anwendung, Maschinelles Lernen, Web-App, Datenanalyse, Open Source, Datenvisualisierung;Transparenz, Demokratie, Politische Bildung, KI, Chancengerechtigkeit, Teilhabe, Gesellschaft und Engagement;https://www.civic-coding.de/community/projekt/checkmate/1411;Civic Coding;Unbekannt;CheckMate ist ein KI-Chatbot, der komplexe Netzwerke aus u.a. Politiker*innen, Gesetzestexten, Abstimmungen, und Nebentätigkeiten analysiert. Alle Analysen sind transparent durch Quellen belegt und für alle Bürger*innen zugänglich.;;CC-BY-NC-ND 4.0;https://www.civic-coding.de
https://www.civic-coding.de/community/projekt/praeventionsguide-psyche-chatbot/1410;Präventionsguide Psyche Chatbot;KI Anwendung, Web-App, Datenanwendung für Öffentlichkeit;Arbeit, Gesundheit;https://www.civic-coding.de/community/projekt/praeventionsguide-psyche-chatbot/1410;Civic Coding;Unbekannt;Der Präventionsguide Psyche wurde mit dem Ziel entwickelt, Berater:innen und Lots:innen von Betrieben eine strukturierte Übersicht über relevante Angebote und Anlaufstellen im Bereich Prävention und psychische Gesundheit bereitzustellen.;;CC-BY-NC-ND 4.0;https://www.civic-coding.de
https://www.civic-coding.de/community/projekt/ki-gestutzes-produkt-zur-staerkung-von-inklusion-in-wirtschaft-gesellschaft/1409;KI-gestützes Produkt zur Stärkung von Inklusion in Wirtschaft & Gesellschaft;Maschinelles Lernen, Natural Language Processing, Datenstandards, Web-App, Plattform, Interaktives Dashboard, Empfehlungssystem;Inklusion, Wirtschaft, Chancengleichheit, Politik, Menschen mit Behinderung, International, Business;https://www.civic-coding.de/community/projekt/ki-gestutzes-produkt-zur-staerkung-von-inklusion-in-wirtschaft-gesellschaft/1409;Civic Coding;Unbekannt;Standardisierte und objektive Messung des Inklusionsreifegrads von Unternehmen, sowie des Business Case Inklusion mit dem Ziel einer inklusiveren Wirtschaft und Gesellschaft.;;CC-BY-NC-ND 4.0;https://www.civic-coding.de
https://www.civic-coding.de/community/projekt/ki-starten-zukunft-gestalten-einfuhrung-und-nutzung-von-ki-ohne-microsoft-oekosystem/1406;"„KI starten. Zukunft gestalten."" – Einführung und Nutzung von KI ohne Microsoft-Ökosystem";Open-Source, E-Learning, KI Anwendung, Beratung, Prozessautomatisierung;Arbeit, Datenschutz, Soziale Arbeit, Öffentliche Einrichtung, Gesundheit, Non-Profit, Bildung;https://www.civic-coding.de/community/projekt/ki-starten-zukunft-gestalten-einfuhrung-und-nutzung-von-ki-ohne-microsoft-oekosystem/1406;Civic Coding;Laufend;„KI starten. Zukunft gestalten.“ befähigt Mitarbeitende durch gezielte Schulungen, KI sicher und kreativ im Arbeitsalltag zu nutzen – ohne Microsoft-Ökosystem. Wir setzen auf unabhängige, datenschutzfreundliche Tools, offene Lernkultur und agile Einführung.;;CC-BY-NC-ND 4.0;https://www.civic-coding.de
https://www.civic-coding.de/community/projekt/aidmax/1405;AidMax;KI Anwendung, Web-App, Interaktive App, Maschinelles Lernen, Datenvisualisierung;Gesundheit, Jugend, Inklusion, Soziale Arbeit, Chancengleichheit;https://aidmax.org;Civic Coding;Laufend;Suizid ist die häufigste Todesursache bei 15- bis 25-Jährigen, denn Therapie ist nur schwer verfügbar. AidMax löst das Problem als kostenfreier Chatbot für alle, der empathische Gespräche führt, dabei Notfälle erkennt und diese an professionelle Hilfsangebote weiterleitet.;AidMax;CC-BY-NC-ND 4.0;https://www.civic-coding.de
https://www.civic-coding.de/community/projekt/was-waere-wenn/1404;Was Wäre Wenn?;Simulation, E-Learning, Web-App, KI Anwendung;Arbeit, Soziale Arbeit, Bildung, Gesundheit, Krankenpflege, Weiterbildung, Arbeitswelt;https://www.zibra.de;Civic Coding;Laufend;"""Was Wäre Wenn?"" ist eine Lernsoftware zur Förderung von Konfliktfähigkeit, die mit Rollenspielen funktioniert. Damit kannst du dich in Konfliktsituationen ausprobieren und deine Handlungsfähigkeit trainieren. Spiele die Szenarien so oft du möchtest. Kein Durchlauf ist gleich.";;CC-BY-NC-ND 4.0;https://www.civic-coding.de
https://www.civic-coding.de/community/projekt/foemo-der-foerdermittel-monitor/1403;fömo - Der Fördermittel Monitor;Monitoring, Webapplikation, KI Anwendung, Large Language Model (LLM), Plattform, Datenanwendung für Öffentlichkeit;Soziale Arbeit, Kultur, Inklusion, Chancengleichheit, Gesundheit, Bildung, Umweltschutz;www.fömo.de;Civic Coding;Laufend;fömo soll gemeinnützigen sozio-kulturellen Einrichtungen, die auf öffentliche Förderungen angewiesen sind, bei der Suche nach Fördermittelausschreibungen unterstützen. Mit fömo wird diese Suche einfach, schnell, präzise, übersichtlich und immer Up-To-Date.;fömo;CC-BY-NC-ND 4.0;https://www.civic-coding.de
https://www.civic-coding.de/community/projekt/private-prompts-wwwprivatepromptsorg/1402;Private Prompts (www.privateprompts.org);Open-Source, KI Anwendung, Web-App, Datenstandards, Datenanwendung für Öffentlichkeit, Vernetzung;Bildung, Zivilgesellschaft, NGOs, Vereine, öffentliche Einrichtungen, Datenschutz, Verbraucherschutz;www.privateprompts.org;Civic Coding;Laufend;KI kann uns unterstützen – aber nur, wenn wir Kontrolle behalten Private Prompts ist ein vom Prototype Fund gefördertes Tool zur sicheren KI-Nutzung. Nach breiter Medienresonanz wird es nun für Teams, Vereine und Verbände weiterentwickelt – für datenschutzkonforme Zusammenarbeit;;CC-BY-NC-ND 4.0;https://www.civic-coding.de
https://www.civic-coding.de/community/projekt/nestfreund-digitale-unterstutzung-fur-soziale-beratung/1399;NestFreund - Digitale Unterstützung für Soziale Beratung;KI Anwendung, Web-App, Maschinelles Lernen, Wissensmanagement, Datenanalyse, Prozessautomatisierung, Datenanwendung für Öffentlichkeit;Soziale Arbeit, Armut, Chancengleichheit, Inklusion, Wohlfahrt;https://www.civic-coding.de/community/projekt/nestfreund-digitale-unterstutzung-fur-soziale-beratung/1399;Civic Coding;Unbekannt;NestFreund ist ein KI-gestütztes Beratungstool, das Berater*innen in ihrer täglichen Arbeit unterstützt – und zwar durch deutlich reduzierte Dokumentationszeit, rechtlich geprüfte Handlungsempfehlungen und eine lernende Wissensbasis.;;CC-BY-NC-ND 4.0;https://www.civic-coding.de
https://www.civic-coding.de/community/projekt/demokratie-plattform/1397;Demokratie-Plattform;Plattform, KI Anwendung, Vernetzung;Demokratie, Antidiskriminierung, Bildung, Zivilgesellschaft, Verwaltung;https://www.civic-coding.de/community/projekt/demokratie-plattform/1397;Civic Coding;Unbekannt;Die digitale Demokratie-Plattform macht Demokratie-Angebote an einem Ort zentral sichtbar, ermöglicht koordiniertes Handeln in der Demokratiearbeit und verknüpft bereits jetzt über 300 unterschiedlichste Organisationen mit Interessierten und untereinander.;;CC-BY-NC-ND 4.0;https://www.civic-coding.de
https://www.civic-coding.de/community/projekt/chancen-von-ki-zur-foerderung-digitaler-teilhabe-von-menschen-mit-lernschwierigkeiten/1395;Chancen von KI zur Förderung digitaler Teilhabe von Menschen mit Lernschwierigkeiten;KI Anwendung, Web-App, Soziale Innovationen;Inklusion, Soziale Arbeit, Behindertenhilfe, Teilhabe, Chancengleichheit;https://www.civic-coding.de/community/projekt/chancen-von-ki-zur-foerderung-digitaler-teilhabe-von-menschen-mit-lernschwierigkeiten/1395;Civic Coding;Laufend;Unser Ziel ist es, KI praxisnah anzuwenden. Analysieren von KI als wirkungsvolles Werkzeug um die Effektivität und Qualität unserer Leistungsangebote und Prozesse in der Behindertenhilfe zu steigern. Chancen von KI zur Unterstützung und Förderung unserer Klientel entdecken.;;CC-BY-NC-ND 4.0;https://www.civic-coding.de
https://www.civic-coding.de/community/projekt/civilsociety4people/1391;civilsociety4people;KI Anwendung, Natural Language Processing, Web-App, Knowledge Graph, Datenvisualisierung, Vernetzung, API;Zivilgesellschaft, Teilhabe, Inklusion, Gesellschaft und Engagement, Technologie, Soziale Innovationen, Open Source;https://github.com/JelmenGuhlke;Civic Coding;Unbekannt;Im Projekt civilsociety4people (cs4p) wird mithilfe von KI und NLP die Arbeit zivilgesellschaftlicher Akteur:innen sichtbar gemacht. Ziele und Forderungen werden semantisch vernetzt, sodass sie transparent, niedrigschwellig und einfach abrufbar sind.;cs4p;CC-BY-NC-ND 4.0;https://www.civic-coding.de
https://www.civic-coding.de/community/projekt/steward-ownership-guide/1390;Steward-Ownership Guide;KI Anwendung, Interaktive App;Nachhaltigkeit, Soziale Arbeit, Demokratie, Inklusion, KI;https://www.civic-coding.de/community/projekt/steward-ownership-guide/1390;Civic Coding;Unbekannt;Der Steward-Ownership Guide ist ein interaktives KI-Tool, das Wissen über Verantwortungseigentum (Steward-Ownership) einfach und verständlich zugänglich macht. Der Guide trägt zu einer Wirtschaft bei, die sozialen und ökologischen Standards gerecht wird.;;CC-BY-NC-ND 4.0;https://www.civic-coding.de
https://www.civic-coding.de/community/projekt/familymind/1389;familymind;KI Anwendung, Web-App, Wissensmanagement, Datenanwendung für Öffentlichkeit;Gleichstellung, Familie, Geschlechtergerechtigkeit, Arbeit, Soziale Arbeit;https://www.civic-coding.de/community/projekt/familymind/1389;Civic Coding;Unbekannt;familymind AI hilft Familien, gesünder zu leben und Aufgaben fairer zu verteilen – für weniger Mental Load, mehr Gleichberechtigung und echte Vereinbarkeit. Entwickelt von Müttern für Familien. Jetzt mehr erfahren auf www.familymind.ai 💜;;CC-BY-NC-ND 4.0;https://www.civic-coding.de
https://www.civic-coding.de/community/projekt/pfadfinden-digital/1387;Pfadfinden digital;E-Learning, Workshops, KI Anwendung, Web-App, Open-Source, Datenportal, Natural Language Processing;Arbeit, Bildung, Nachhaltigkeit, Demokratie, Digitalisierung, KMU, Soziales;https://www.civic-coding.de/community/projekt/pfadfinden-digital/1387;Civic Coding;Unbekannt;Pfadfinden digital entwickelt eine offene Lernplattform mit zehn modularen Lernpfaden, die Auszubildende und KMU in Mitteldeutschland praxisnah für Digitalisierung, Nachhaltigkeit und Demokratiekompetenz qualifiziert und in 20 Workshops pilotiert.;;CC-BY-NC-ND 4.0;https://www.civic-coding.de
https://www.civic-coding.de/community/projekt/ki4send-ki-gestutzte-kommunikation/1384;KI4SEND - KI gestützte Kommunikation;Prozessautomatisierung, KI Anwendung, Maschinelles Lernen, Datenanwendung für Öffentlichkeit;Soziale Arbeit, Gesellschaft, Arbeit, Organisation, Wohlfahrt, Klimaschutz, Integration;https://www.civic-coding.de/community/projekt/ki4send-ki-gestutzte-kommunikation/1384;Civic Coding;Unbekannt;Wir entwickeln ein KI-gestütztes Ticketsystem zur strukturierten E-Mail-Bearbeitung und integrieren einen lernenden Website-Chatbot. So verbessern wir unsere Kommunikation mit über 700 Mitgliedern und unterstützen Sozialunternehmen schneller und gezielter.;KI4SEND;CC-BY-NC-ND 4.0;https://www.civic-coding.de
https://www.civic-coding.de/community/projekt/ki-zur-erkennung-von-betrugsfaellen-im-nachhaltigkeitsbereich/1381;KI zur Erkennung von Betrugsfällen im Nachhaltigkeitsbereich;KI Anwendung, Erklärbare KI, Natural Language Processing, Maschinelles Lernen, Datenanalyse, Datenanwendung für Öffentlichkeit, Interaktive App;Umwelt, Klimaschutz, Nachhaltigkeit, Transparenz, Verbraucherschutz, Antidiskriminierung;https://www.civic-coding.de/community/projekt/ki-zur-erkennung-von-betrugsfaellen-im-nachhaltigkeitsbereich/1381;Civic Coding;Laufend;Wir benutzen Erklärabre KI um Nachhaltigkeitsbetrug in ESG Berichten und Marketing Kampagnen zu erkennen, um Verbraucher und die Gesellschaft vom sog. Greenwashing zu beschützen. Wir machen das für NGOs, Verwaltungen, etc.;Legal Pythia;CC-BY-NC-ND 4.0;https://www.civic-coding.de
https://www.civic-coding.de/community/projekt/rag4good-ki-wissensarchiv-fur-transparenten-verbraucherschutz-bei-foodwatch/1379;RAG4Good: KI-Wissensarchiv für transparenten Verbraucherschutz bei foodwatch;Open Source, KI Anwendung, Wissensmanagement, Web-App, Information Retrieval, Datenanwendung für Öffentlichkeit;Verbraucherschutz, Zivilgesellschaft, Gesellschaft und Engagement, Wissensmanagement;https://www.civic-coding.de/community/projekt/rag4good-ki-wissensarchiv-fur-transparenten-verbraucherschutz-bei-foodwatch/1379;Civic Coding;Laufend;foodwatch-Expertise aus über 20 Jahren sammelt sich im Datenarchiv, dieses ist aber kaum durchsuchbar - Expertise geht verloren. Mit dem RAG-Protoyp werden die Daten, angefangen mit Pressemitteilungen, durch KI befragbar, das Wissen steht so wieder der Organisation zur Verfügung.;RAG4Good;CC-BY-NC-ND 4.0;https://www.civic-coding.de
https://www.civic-coding.de/community/projekt/halle-giesst/1378;Halle gießt;Datenanalyse, Datenvisualisierung, Prozessautomatisierung, Beratung;Klimaschutz, Ökologische Nachhaltigkeit, Gesellschaft und Engagement;https://www.civic-coding.de/community/projekt/halle-giesst/1378;Civic Coding;Unbekannt;Motivation und Unterstützung von Gießpaten für Stadtbäume;;CC-BY-NC-ND 4.0;https://www.civic-coding.de
https://www.civic-coding.de/community/projekt/amuvee-plattform-fur-einelternfamilien-one-stop-shop-fur-leistungsantraege-und-casemanagement-fur-beratende/1377;amuvee. Plattform für Einelternfamilien - One Stop Shop für Leistungsanträge und Casemanagement für Beratende;Plattform, Prozessautomatisierung, KI Anwendung, Datenmanagement, Interaktiver Fragebogen, Datenanwendung für Öffentlichkeit;Soziale Arbeit, Inklusion, Chancengleichheit, Armut, Migration, Menschen mit Behinderung, Senior*innen;https://www.civic-coding.de/community/projekt/amuvee-plattform-fur-einelternfamilien-one-stop-shop-fur-leistungsantraege-und-casemanagement-fur-beratende/1377;Civic Coding;Laufend;amuvee entlastet Alleinerziehende & Beratende: Familien brauchen heute bis zu 36 Std. für Anträge & verlieren durch Wiederholungen Energie. Unsere Plattform digitalisiert Unterlagensammlungen, stellt automatisiert Anträge & unterstützt Beratende im Casemanagement.;;CC-BY-NC-ND 4.0;https://www.civic-coding.de
https://www.civic-coding.de/community/projekt/modernisierungscoach/1376;ModernisierungsCoach;KI Anwendung, Web-App, Beratung, Maschinelles Lernen;Energie, Umweltschutz, Klimaschutz, Nachhaltigkeit, Ressourcenschutz, Verbraucherschutz;https://www.civic-coding.de/community/projekt/modernisierungscoach/1376;Civic Coding;Unbekannt;Der ModernisierungsCoach ist ein KI-gestützter Chatbot, der auf Basis redaktionell erstellter Fachartikel antwortet. Der Coach wird als interaktive Einstiegsberatung rund um die Themen Energie sparen, Modernisieren & Bauen und Fördermittel eingesetzt.;;CC-BY-NC-ND 4.0;https://www.civic-coding.de
https://www.civic-coding.de/community/projekt/gemeinwohlorientierte-konzeptverfahren/1374;Gemeinwohlorientierte Konzeptverfahren;KI Anwendung, Plattform, Datenvisualisierung, Beratung, Datenanalyse, Interaktive Datenexploration, Datenstandards;Stadtplanung, Umweltschutz, Soziale Arbeit, Nachhaltigkeit, Inklusion, Demokratie;https://www.civic-coding.de/community/projekt/gemeinwohlorientierte-konzeptverfahren/1374;Civic Coding;Laufend;Die Montag Stiftung Urbane Räume entwickelt ein gemeinwohlorientiertes Standardverfahren für den Verkauf von Immobilien nach Konzept – damit Grundstücke nicht meistbietend, sondern im Sinne lebenswerter, grüner, demokratischer und sozial stabiler Städte vergeben werden.;;CC-BY-NC-ND 4.0;https://www.civic-coding.de
https://www.civic-coding.de/community/projekt/ipso-international-psychosocial-organisation/1373;IPSO - International Psychosocial Organisation;Web-App, KI Anwendung, Datenanwendung für Öffentlichkeit;Flucht und Migration, Humanitäre Hilfe, Gesundheit, Menschenrechte;https://www.civic-coding.de/community/projekt/ipso-international-psychosocial-organisation/1373;Civic Coding;Laufend;IPSO is a humanitarian nonprofit organization based in Germany specializing in Mental Health and Psychosocial Support Services (MHPSS) through digital worldwide accessible apps (ipso-care and ipso-saba) providing individual counseling to vulnerable individuals in 13 languages.;IPSO;CC-BY-NC-ND 4.0;https://www.civic-coding.de
https://www.civic-coding.de/community/projekt/ki-gestutzte-job-to-job-drehscheibe-fur-smarte-bewerbungsprozesse-mit-chancengleichheit-und-ohne-stigmatisierung/1369;KI gestützte Job-to-Job Drehscheibe für smarte Bewerbungsprozesse mit Chancengleichheit und ohne Stigmatisierung;KI Anwendung, Plattform, Prozessautomatisierung, Datenanalyse, Datenvisualisierung, Interaktives Dashboard;Chancengleichheit, Arbeit, Soziale Arbeit, Arbeitsmarkt, Weiterbildung, Vernetzung;https://www.civic-coding.de/community/projekt/ki-gestutzte-job-to-job-drehscheibe-fur-smarte-bewerbungsprozesse-mit-chancengleichheit-und-ohne-stigmatisierung/1369;Civic Coding;Unbekannt;Unsere Job-to-Job-Drehscheibe beseitigt Stigmatisierung bei Jobverlust, fördert Chancengleichheit und bietet allen Menschen – unabhängig von Hintergrund oder Qualifikation – anonymen, fairen und KI-gestützten Zugang zu neuen Jobchancen.;;CC-BY-NC-ND 4.0;https://www.civic-coding.de
https://www.civic-coding.de/community/projekt/ki-im-kinderschutz-chancen-nutzen-risiken-erkennen-menschen-staerken/1366;KI im Kinderschutz? Chancen nutzen – Risiken erkennen – Menschen stärken;KI Anwendung, Beratung, Prozessautomatisierung;Kinder- und Jugendhilfe, Inklusion, Digitale Ethik, Anti-Diskriminierung, Bildung, Familie;https://www.civic-coding.de/community/projekt/ki-im-kinderschutz-chancen-nutzen-risiken-erkennen-menschen-staerken/1366;Civic Coding;Unbekannt;KI im Kinderschutz? Wir entwickeln praxisnahe, datenschutzkonforme Lösungen für Elterngespräche, Medienarbeit, Schulworkshops und Förderanträge – und stärken damit Familien, Fachkräfte und Kinder. Chancen nutzen, Risiken reflektieren, Menschen beteiligen.;;CC-BY-NC-ND 4.0;https://www.civic-coding.de
https://www.civic-coding.de/community/projekt/digitales-wissen-und-regelwerke-ansprechbar-machen-datenschutzkonfom-und-einfach-fur-andere-zu-reproduzieren/1365;Digitales Wissen und Regelwerke ansprechbar machen - datenschutzkonfom und einfach für andere zu reproduzieren;Maschinelles Lernen, Datenstandards, Open Source, Large Language Model (LLM), Datenanwendung für Öffentlichkeit, Interaktives Dashboard;Gesellschaft und Engagement, Arbeit und Soziales, Umwelt- und Verbraucherschutz, Zivilgesellschaft, Bildung, Demokratie, Datenschutz;https://www.civic-coding.de/community/projekt/digitales-wissen-und-regelwerke-ansprechbar-machen-datenschutzkonfom-und-einfach-fur-andere-zu-reproduzieren/1365;Civic Coding;Unbekannt;Wie viele andere Organisationen auch, haben wir Regeln, Anforderungen, Richtlinien und Erklärungen für Projekte und Kooperationen erstellt. Diese möchten wir via LLM-Schnittstelle ansprechbar machen. Und dieser Prozess soll für andere möglichst einfach nachbaubar sein.;;CC-BY-NC-ND 4.0;https://www.civic-coding.de
https://www.civic-coding.de/community/projekt/ai-freitagsschule/1364;AI Freitagsschule;E-Learning, KI Anwendung;Arbeit, Soziale Arbeit, Chancengleichheit, Bildung, Migration;https://www.civic-coding.de/community/projekt/ai-freitagsschule/1364;Civic Coding;Unbekannt;Wir möchten das sehr gefragte Konzept der Freitagsschule bei unserem Verein Bildung für alle e.V. zur Unterstützung von Azubis beim Ausbau ihrer Sprachkompetenz und Bildungsteilhabe an Berufs- und Gewerbeschulen auf ein digitales next level heben.;;CC-BY-NC-ND 4.0;https://www.civic-coding.de
https://www.civic-coding.de/community/projekt/waysbeyond/1361;waysbeyond;Plattform, Matching, KI Anwendung;Soziale Arbeit, Vernetzung, Nachhaltigkeit, Gemeinschaft;https://www.civic-coding.de/community/projekt/waysbeyond/1361;Civic Coding;Laufend;waysbeyond ist eine globale online platform die lokale Organisationen mit Reisenden und bewussten Individuen verbindet, die durch kompetenzbasierte Freiwilligenarbeit echten Impact leisten wollen – remote oder vor Ort. Gemeinschaftlich. Nachhaltig. Auf Augenhöhe.;waysbeyond;CC-BY-NC-ND 4.0;https://www.civic-coding.de
https://www.civic-coding.de/community/projekt/der-plan-fur-deutschland/1359;Der Plan für Deutschland;KI Anwendung, Web-App, Datenanalyse, Datenvisualisierung, Interaktives Dashboard, Wirkungsmessung, Datenanalyse;Gesellschaft und Engagement, Gleichstellung, Chancengleichheit, Stadtplanung, Nachhaltigkeit, Demokratie, Zivilgesellschaft;https://www.civic-coding.de/community/projekt/der-plan-fur-deutschland/1359;Civic Coding;Unbekannt;Deutschland steht vor systemischen Krisen: Rechtsruck, soziale Ungleichheit, Sinnverlust durch Technologiewandel. In 25 Politikfeldern entwickeln wir fundierte Zukunftsszenarien jenseits ideologischer Schranken und in Zahlen. Wir zeigen, wie sich Veränderung finanzieren lässt.;;CC-BY-NC-ND 4.0;https://www.civic-coding.de
https://www.civic-coding.de/community/projekt/ela-parem-besser-leben/1358;Ela Parem - Besser Leben;E-Learning, KI Anwendung, Web-App;Arbeit, Gesundheit, Weiterbildung, Arbeitswelt;https://www.civic-coding.de/community/projekt/ela-parem-besser-leben/1358;Civic Coding;Unbekannt;Das Projekt entwickelt einen KI-gestützten Onlinekurs für Führungskräfte im B2C-Bereich. Eine smarte Lernbegleitung passt Inhalte individuell an und fördert gesunde Selbstführung – flexibel, wirksam und niederschwellig. So entsteht Führung im Einklang mit Gesundheit.;;CC-BY-NC-ND 4.0;https://www.civic-coding.de
https://www.civic-coding.de/community/projekt/ki-gestutzte-analyse-und-harmonisierung-der-deutschen-gesetzgebung/1357;KI-gestützte Analyse und Harmonisierung der deutschen Gesetzgebung;Maschinelles Lernen, KI Anwendung, Datenanalyse, Prozessautomatisierung, Prozessoptimierung;Arbeit, Verwaltung, Technologie;https://www.civic-coding.de/community/projekt/ki-gestutzte-analyse-und-harmonisierung-der-deutschen-gesetzgebung/1357;Civic Coding;Unbekannt;Die deutsche Gesetzgebung ist stark fragmentiert und enthält viele redundante, widersprüchliche und veraltete Regelungen. Dies erschwert die Rechtssicherheit, verursacht Bürokratiekosten und belastet die Verwaltung. Es soll die Gesetzgebung verschlanken und ähnlicheZusammenfassen;;CC-BY-NC-ND 4.0;https://www.civic-coding.de
https://www.civic-coding.de/community/projekt/foerder-agent-fur-gemeinschaftliches-wohnen/1356;Förder-Agent für gemeinschaftliches Wohnen;KI Anwendung, Plattform, Empfehlungssystem, Start-up, Web-App;Soziale Arbeit, Inklusion, Chancengleichheit, Vernetzung, Senioren, Ländlicher Raum;https://marykockel.de;Civic Coding;Unbekannt;Für gemeinschaftliches Wohnen gibt es viele Förderprogramme auf unterschiedlichen Ebenen (Sanierung, Beratung, Umbau, etc.) und in unterschiedlichen Bundesländern. Wir wollen ein KI-genütztes Tool entwicklen, dass bei der Suche hilft und anhand von Kriterien, Matches vorschlägt.;;CC-BY-NC-ND 4.0;https://www.civic-coding.de
https://www.civic-coding.de/community/projekt/circularity-tool-add-on-smarter-ux-ai-for-decision-making/1355;Circularity Tool Add-on: Smarter UX & AI for Decision-Making;AI Anwendung, Web-App, Datenvisualisierung, Prozessautomatisierung, Interaktives Dashboard, Datenanalyse;Umwelt, Klima, Nachhaltigkeit, Klimaschutz, Ressourcenschutz;https://www.civic-coding.de/community/projekt/circularity-tool-add-on-smarter-ux-ai-for-decision-making/1355;Civic Coding;Laufend;Our project enhances the Circularity Tool add-on, developed in collaboration with BBSR and IBO. We improved the existing user flow of with AI-powered guidance and UX/UI enhancements, making circularity metrics more accessible and actionable for both experts and non-experts.;;CC-BY-NC-ND 4.0;https://www.civic-coding.de
https://www.civic-coding.de/community/projekt/ki-expertise-aus-hochschulen-fur-soziale-organisationen-volulink/1354;KI-Expertise aus Hochschulen für soziale Organisationen - VoluLink;KI Anwendung, Generative KI, Large Language Model (LLM), Plattform, Datenanalyse, Maschinelles Lernen, Datenanwendung für Öffentlichkeit;Umweltschutz, Migration, Zivilgesellschaft, Soziale Arbeit, Bildung, KI;https://www.civic-coding.de/community/projekt/ki-expertise-aus-hochschulen-fur-soziale-organisationen-volulink/1354;Civic Coding;Unbekannt;Über die VoluLink Plattform werden IT-Studierende und Unternehmensmentor:innen gemeinsam in gemeinnützige digitale Projekte gebracht. Der Hauptfokus ist die Entwicklung von KI Lösungen für gemeinnützige Organisationen. Link zur Plattform: https://app.volulink.de;VoluLink;CC-BY-NC-ND 4.0;https://www.civic-coding.de
https://www.civic-coding.de/community/projekt/ki-unterstutzung-fur-mitsprache-fur-ein-faires-angebot-im-lebensmittelsektor/1353;KI Unterstützung für Mitsprache für ein faires Angebot im Lebensmittelsektor;KI Anwendung, Web-App, Automatisierung, Reporting, Interaktiver Fragebogen;Umwelt, Verbraucherschutz, Gesellschaft und Engagement, Nachhaltigkeit, Soziale Arbeit, Inklusion, Demokratie;https://www.civic-coding.de/community/projekt/ki-unterstutzung-fur-mitsprache-fur-ein-faires-angebot-im-lebensmittelsektor/1353;Civic Coding;Laufend;"Wir wollen viele Menschen erreichen und überzeugen bei unserer Plattform-Marke mitzumachen um das deutsche Lebensmittelsystem wirksam zu wandeln. Dafür möchten wir uns einen ""4ten KI-Kollegen"" im Team schaffen, der uns bei PR/Kommunikation und Admin unterstützt.";;CC-BY-NC-ND 4.0;https://www.civic-coding.de
https://www.civic-coding.de/community/projekt/hear-i-am-by-little-ears-ev/1352;Hear I am! by Little Ears e.V.;Workshops, Interaktive App, KI Anwendung, Maschinelles Lernen, Inklusion, Data Science, Soziale Innovationen;Inklusion, Gesellschaft und Engagement, Jugend, Gleichstellung;https://www.civic-coding.de/community/projekt/hear-i-am-by-little-ears-ev/1352;Civic Coding;Unbekannt;Mission: Bei Little Ears stärken wir junge Menschen mit Hörbeeinträchtigungen. Wir fördern Lebenskompetenzen, unterstützen die persönliche Entwicklung und schaffen ein starkes Gefühl der Zugehörigkeit für eine inklusive Zukunft. Motto: Mehr Fusion, weniger Inklusion!;;CC-BY-NC-ND 4.0;https://www.civic-coding.de
https://www.civic-coding.de/community/projekt/automatisierung-und-maschinelles-lernen-fur-verde/1351;Automatisierung und maschinelles Lernen für ver.de;Prozessautomatisierung, Maschinelles Lernen, Wirkungsmessung, Nachhaltigkeit, Plattform, Datenanwendung;Nachhaltigkeit, Klimaschutz, Umweltschutz, Gesellschaft und Engagement;https://www.civic-coding.de/community/projekt/automatisierung-und-maschinelles-lernen-fur-verde/1351;Civic Coding;Unbekannt;Mit ver.de wollen wir einen Beitrag zu nachhaltiger Entwicklung leisten, indem wir Geldströme umlenken. Bei jeder Geldbewegung achten wir auf die Wirkung auf Umwelt und Gesellschaft und auf die Folgen für künftige Generationen. Zudem sind uns Transparenz und Partizipation wichtig;;CC-BY-NC-ND 4.0;https://www.civic-coding.de
https://www.civic-coding.de/community/projekt/senior-connect/1350;Senior Connect;Maschinelles Lernen, Plattform, KI Anwendung, Prozessautomatisierung;Arbeit, Soziales, Arbeitswelt, Fachkräftesicherung, Chancengleichheit, Inklusion;https://www.civic-coding.de/community/projekt/senior-connect/1350;Civic Coding;Unbekannt;Senior Connect nutzt KI, um erfahrene Fachkräfte (50+) mit passenden Unternehmen zu verbinden. Das Projekt zielt darauf ab, dem Fachkräftemangel entgegenzuwirken und älteren Talenten neue berufliche Perspektiven zu eröffnen.;;CC-BY-NC-ND 4.0;https://www.civic-coding.de
https://www.civic-coding.de/community/projekt/consul-democracy-ki-assistent/1342;Consul Democracy KI Assistent;KI Anwendung, Open Source, Plattform, Maschinelles Lernen, Interaktive Datenexploration, Prozessautomatisierung, Datenanwendung für Öffentlichkeit;Demokratie, Inklusion, Chancengerechtigkeit, Teilhabe, Zivilgesellschaft, Mitbestimmung, Gesellschaft und Engagement;https://www.civic-coding.de/community/projekt/consul-democracy-ki-assistent/1342;Civic Coding;Unbekannt;Wir entwickeln einen KI-Assistenten für die Beteiligungsplattform Consul Democracy, der demokratische Prozesse erleichtert und Bürger*innen durch K.I. und LLM unterstützt, ihre Vorschläge – für eine zugängliche, faire und lebendige digitale Demokratie, einzubringen.;;CC-BY-NC-ND 4.0;https://www.civic-coding.de
https://www.civic-coding.de/community/projekt/ki-medienmonitor-gemeinwohl/1341;KI-Medienmonitor Gemeinwohl;Monitoring, KI Anwendung, Web-App, Empfehlungssystem;Soziale Arbeit, Gesundheit, Bildung, Chancengleichheit, Zivilgesellschaft;https://www.civic-coding.de/community/projekt/ki-medienmonitor-gemeinwohl/1341;Civic Coding;Unbekannt;Ein KI-gestütztes Monitoring-Tool erfasst und analysiert automatisch mediale Erwähnungen gemeinwohlorientierter Angebote. Für besser Sichtbarkeit, Wirkungsmessung und strategische Kommunikation.;;CC-BY-NC-ND 4.0;https://www.civic-coding.de
https://www.civic-coding.de/community/projekt/kipanda-campus/1340;KIPanda Campus;E-Learning, Plattform, KI Anwendung, No-Code, Open Source, Datenstandards;Jugend, Inklusion, Bildung, Soziale Arbeit, Chancengleichheit, Gemeinnützigkeit;https://nocodecreators.de/kontakt.html;Civic Coding;Unbekannt;Der KI-Panda Campus ist ein offenes Lernprojekt für Organisationen, die benachteiligte Jugendliche fördern. Mit No-Code-Tools, KI und OER machen wir digitale Bildung zugänglich. Praxisnah, verständlich und gemeinsam entwickelt.;;CC-BY-NC-ND 4.0;https://www.civic-coding.de
https://www.civic-coding.de/community/projekt/q-network/1339;Q - Network;Plattform, Maschinelles Lernen, Open-Source, KI Anwendung, Datenstandards;Technologie, Vernetzung, Europa;https://www.civic-coding.de/community/projekt/q-network/1339;Civic Coding;Unbekannt;Zwischen Forschungsteams und wirtschaftlichen Firmen ist eine große Kluft. Durch Menschliche, Infrastrukturelle, Rechtliche und Finanzielle Hürden können nur wenige Forschungsteams einen Nachweiß zur Wirtschaftlichkeit bekommen. Quality - Network will diese Hürden schmälern.;Q-Network;CC-BY-NC-ND 4.0;https://www.civic-coding.de
https://www.civic-coding.de/community/projekt/ki-gestutzte-datenschutzkonforme-verkehrs-und-umweltdaten-fur-nachhaltige-mobilitaetsplanung-infrastrukturmanagement/1335;KI-gestützte, datenschutzkonforme Verkehrs- und Umweltdaten für nachhaltige Mobilitätsplanung & Infrastrukturmanagement;Maschinelles Lernen, Datenportal, Plattform, Datenanalyse, Kartenanwendung, Klimaschutz, Umweltschutz;Mobilität, Umweltschutz, Klimaschutz, Stadtplanung, Nachhaltigkeit, Klimawandel;https://www.civic-coding.de/community/projekt/ki-gestutzte-datenschutzkonforme-verkehrs-und-umweltdaten-fur-nachhaltige-mobilitaetsplanung-infrastrukturmanagement/1335;Civic Coding;Unbekannt;Unser Sensorkit nutzt Drohnen und KI, um anonymisierte, hochauflösende Verkehrs- und Infrastrukturdaten auch aus bislang vernachlässigten Bereichen wie dem ländlichen Raum sowie Fuß- und Radverkehr zu liefern – datenschutzkonform und für alle nutzbar.;;CC-BY-NC-ND 4.0;https://www.civic-coding.de
https://www.civic-coding.de/community/projekt/assistent-zur-bearbeitung-von-anfragen-in-der-auftragssachbearbeitung-in-einem-sozialunternehmen/1334;Assistent zur Bearbeitung von Anfragen in der Auftragssachbearbeitung in einem Sozialunternehmen;KI Anwendung;Soziale Arbeit;https://www.civic-coding.de/community/projekt/assistent-zur-bearbeitung-von-anfragen-in-der-auftragssachbearbeitung-in-einem-sozialunternehmen/1334;Civic Coding;Unbekannt;innatura gGmbH rettet fabrikneue Sachspenden vor der Entsorgung und vermittelt sie an gemeinnützige Organisationen. Anfragen zum Ablauf binden Kapazität bei der Auftragssachbearbeitung. Ein KI-Assistent könnte emails nach Routine-Anfragen analysieren und verständlich beantworten.;;CC-BY-NC-ND 4.0;https://www.civic-coding.de
https://www.civic-coding.de/community/projekt/voice-to-form-der-generator-als-ki-schnittstelle-fur-emotion-und-klang/1330;Voice to Form – Der Generator als KI-Schnittstelle für Emotion und Klang;KI Anwendung, Interaktive App, Maschinelles Lernen, Soziale Innovationen;Inklusion, Bildung, Gesundheit, Kultur, Soziale Arbeit;https://www.civic-coding.de/community/projekt/voice-to-form-der-generator-als-ki-schnittstelle-fur-emotion-und-klang/1330;Civic Coding;Laufend;Ein interaktiver Generator übersetzt Stimme und Klang in 3D-Formen. Mit Hilfe von KI entsteht ein Werkzeug, das neue Wege für künstlerischen Ausdruck und emotionale Selbstwahrnehmung eröffnet – mit Potenzial für kreative, soziale und therapeutische Kontexte.;;CC-BY-NC-ND 4.0;https://www.civic-coding.de
https://www.civic-coding.de/community/projekt/kickhate-gemeinsam-gegen-hass-und-diskriminierung-im-fussball/1329;#KickHate – Gemeinsam gegen Hass und Diskriminierung im Fußball;E-Learning, KI-Anwendung, Beratung, Prozessautomatisierung;Antidiskriminierung, Inklusion, Chancengleichheit;https://www.civic-coding.de/community/projekt/kickhate-gemeinsam-gegen-hass-und-diskriminierung-im-fussball/1329;Civic Coding;Unbekannt;#KickHate reagiert auf das massive Problem digitalen Hasses im gesellschaftlich bedeutsamen Raum des Fußballs und entwickelt mit 3 Profi-Fußballclubs einen innovativen, mehrdimensionalen Ansatz zur nachhaltigen Bekämpfung von Hass und Diskriminierungen im (Fußball-)Netz.;KickHate;CC-BY-NC-ND 4.0;https://www.civic-coding.de
https://www.civic-coding.de/community/projekt/was-kickt-die-ki-politische-technik-und-medienbildung-uber-algorithmen-co/1328;Was kickt die KI? Politische Technik- und Medienbildung über Algorithmen & Co;Workshops;Jugendarbeit, Soziale Arbeit, Antidiskriminierung, Partizipation;https://www.civic-coding.de/community/projekt/was-kickt-die-ki-politische-technik-und-medienbildung-uber-algorithmen-co/1328;Civic Coding;Unbekannt;Medialepfade.org ist ein Verein für politische Medienbildung und bietet vielfältige Workshops zu bspw. Online-Radikalisierungsprävention, Antifeminismus auf TikTok, aber auch einer utopischen KI-Maschine an (https://medialepfade.org/angebote-neu/).;;CC-BY-NC-ND 4.0;https://www.civic-coding.de
https://www.civic-coding.de/community/projekt/gemeinschaft-staerken-gewerkschaften-sichtbarer-machen/1327;Gemeinschaft stärken - Gewerkschaften sichtbarer machen;Prozessautomatisierung, KI-Anwendung, Dashboard, Plattform, Datenvisualisierung, Automatisierung, Datenmanagement;Arbeit, Soziale Arbeit, Stadt, Demokratie, Wahlen, Partizipation, Politische Bildung;https://www.civic-coding.de/community/projekt/gemeinschaft-staerken-gewerkschaften-sichtbarer-machen/1327;Civic Coding;Unbekannt;Wir machen Gewerkschaften im öffentlichen Raum sichtbarer. Wir sprechen mit Passant*innen, informieren sie über gewerkschaftliche Arbeit und zeigen, welche Vorteile eine Mitgliedschaft in einer Gewerkschaft hat. KI soll uns bei der Planung und Logistik unserer Teams unterstützen.;;CC-BY-NC-ND 4.0;https://www.civic-coding.de
https://www.civic-coding.de/community/projekt/soft-skill-navigator-und-zertifikat-wurdigung-und-teilhabe-fur-menschen-mit-behinderungen/1324;Soft Skill-Navigator und -Zertifikat – Würdigung und Teilhabe für Menschen mit Behinderungen;Plattform, KI-Anwendung, Web-App, Digitale Plattform, Datenvisualisierung, Prozessautomatisierung;Inklusion, Menschen mit Behinderung, Jugend, Arbeit, Soziale Arbeit, Chancengleichheit;https://www.civic-coding.de/community/projekt/soft-skill-navigator-und-zertifikat-wurdigung-und-teilhabe-fur-menschen-mit-behinderungen/1324;Civic Coding;Unbekannt;VolonTOOL skaliert Ansätze aus „BadgeUp your Life“ in Förderschulen. Dort fehlen systematische Nachweise von Soft Skills. Mittels KI wird das TOOL barrierefrei, macht Stärken sichtbar, die über Teilhabe und Zukunftschancen entscheiden – für mehr Anerkennung und Selbstwirksamkeit.;VolonTOOL;CC-BY-NC-ND 4.0;https://www.civic-coding.de
https://www.civic-coding.de/community/projekt/der-inwi-bot/1320;Der InWi-Bot;Open-Source, KI Anwendung, Maschinelles Lernen;Arbeit, KI, Wohlfahrt, Bildung;https://www.civic-coding.de/community/projekt/der-inwi-bot/1320;Civic Coding;Unbekannt;Ein open-source Chat-Bot für die Unterstützung von Wirkungsmanager*innen, der nicht nur ihren Arbeitsalltag erleichtern und automatisieren soll, sondern auch gezielt bei der (Weiter-)Entwicklung helfen soll.;InWi;CC-BY-NC-ND 4.0;https://www.civic-coding.de
https://www.civic-coding.de/community/projekt/ki-goes-suchtreha-testing-unter-realbedingungen-und-roll-out/1316;KI goes Suchtreha - Testing unter Realbedingungen und Roll out;KI-Anwendung, Natural Language Processing, Textzusammenfassung, Automatisierung, Prozessautomatisierung, Dokumentationstool;Soziale Arbeit, Gesundheit, Kinder- und Jugendhilfe, Arbeit;https://www.civic-coding.de/community/projekt/ki-goes-suchtreha-testing-unter-realbedingungen-und-roll-out/1316;Civic Coding;Unbekannt;In der 1. Phase wurden wir (über Civic Coding) bereits mit einer Bedarfs-Analyse + Tool-Recherche von n3xtcoder/Team Simon Stegemann supportet. Nun brauchen wir weitere techn. Beratung für reales Testen und Pre-Implementierung/Teil-Roll-out, sonst verpuffen die Zwischenerfolge!;;CC-BY-NC-ND 4.0;https://www.civic-coding.de
https://www.civic-coding.de/community/projekt/vira-virtuelle-intelligente-resonanz-assistenz/1315;VIRA – Virtuelle Intelligente Resonanz-Assistenz;KI-Anwendung, Maschinelles Lernen, Natural Language Processing;Bildung, Soziale Arbeit, Beratung, Barrierefreiheit, Kultur, Technologie, Partizipation;https://www.civic-coding.de/community/projekt/vira-virtuelle-intelligente-resonanz-assistenz/1315;Civic Coding;Unbekannt;VIRA ist ein KI-System der nächsten Generation, das Sprache, Emotion, Mimik und Kontext vereint, um auf menschlicher Ebene zu interagieren. Es basiert auf modularer Multimodalverarbeitung, neuronaler Lernfähigkeit und emotionaler Selbstentwicklung;VIRA;CC-BY-NC-ND 4.0;https://www.civic-coding.de
https://www.civic-coding.de/community/projekt/virtual-conflict-academy-lernen-sie-konflikte-meistern/1311;Virtual Conflict Academy - Lernen Sie Konflikte meistern;Simulation, Training, KI-Anwendung, E-Learning;Soziale Arbeit, Gewalt, Inklusion, Arbeit, Chancengleichheit;https://www.civic-coding.de/community/projekt/virtual-conflict-academy-lernen-sie-konflikte-meistern/1311;Civic Coding;Unbekannt;Wir entwickeln immersive Konflikttrainings in der Virtuellen Realität (VR). Dafür kombinieren wir VR-Technologie und erschaffen realitätsnahe Szenarien, mit KI-gesteuerten virtuellen Agenten (Avatare), die Echtzeitdialoge und dynamische Interaktionen ermöglichen.;VCA;CC-BY-NC-ND 4.0;https://www.civic-coding.de
https://www.civic-coding.de/community/projekt/jobtensor-ki-jobboard-fur-mint-fachkraefte/1288;jobtensor - KI jobboard für MINT Fachkräfte;Web-App, Plattform, Datenportal;Arbeit, KI, Datenanalyse, Technologie;https://www.civic-coding.de/community/projekt/jobtensor-ki-jobboard-fur-mint-fachkraefte/1288;Civic Coding;Unbekannt;Jobtensor.de ist eine spezialisierte Jobbörse für IT, Ingenieurwesen & Naturwissenschaften. Mit KI-gestützter Suche, Gehaltsangaben & Tech-Stack-Filtern finden Bewerber schnell passende Jobs. Unternehmen profitieren von zielgerichtetem Recruiting & datengetriebenem Marketing.;;CC-BY-NC-ND 4.0;https://www.civic-coding.de
https://www.civic-coding.de/community/projekt/mendit-ki-gestutzte-reparatur-cafes-fur-standardisierte-und-weltweit-zugaengliche-diy-loesungen/1282;mendIT – KI-gestützte Reparatur-Cafés für standardisierte und weltweit zugängliche DIY-Lösungen.;Plattform, KI Anwendung, Computer Vision, Maschinelles Lernen, Web-App, Automatisierung, Datenvisualisierung;Umweltschutz, Nachhaltigkeit, Bildung, Arbeit, Technologie, Soziale Arbeit, Partizipation;https://www.civic-coding.de/community/projekt/mendit-ki-gestutzte-reparatur-cafes-fur-standardisierte-und-weltweit-zugaengliche-diy-loesungen/1282;Civic Coding;Unbekannt;Automatisierte Reparatur-Cafés, die Werkzeuge und Sensoren bereitstellen, um DIY-Prozesse zu dokumentieren. Über eine App können Probleme beschrieben, Projekte entdeckt und Anleitungen erstellt werden. KI analysiert Daten, standardisiert Lösungen und belohnt hilfreiche Beiträge.;mendIT;CC-BY-NC-ND 4.0;https://www.civic-coding.de
https://www.civic-coding.de/community/projekt/accessful-ai-der-erste-ki-basierte-pdf-accessibility-agent/1279;Accessful AI – der erste KI-basierte PDF Accessibility Agent;Open-Source, Maschinelles Lernen, KI-Anwendung, Plattform, Automatisierung, Prozessautomatisierung;Inklusion, Menschen mit Behinderung, Bildung, Technologie, KI, Gesundheit;https://www.civic-coding.de/community/projekt/accessful-ai-der-erste-ki-basierte-pdf-accessibility-agent/1279;Civic Coding;Unbekannt;Accessful AI nutzt KI, um PDFs automatisiert zugänglicher zu machen. Unser Tool unterstützt Unternehmen dabei, Vorgaben wie BFSG und EAA effizient umzusetzen – und wichtige Dokumente inklusiv, verständlich und technisch zugänglich aufzubereiten.;;CC-BY-NC-ND 4.0;https://www.civic-coding.de
https://www.civic-coding.de/community/projekt/ichbinreal-i-vernunft-in-online-interaktionen/1275;ICH•BIN•REAL I VERNUNFT IN ONLINE INTERAKTIONEN;Plattform, Open-Source, KI-Anwendung, Maschinelles Lernen;Anti-Diskriminierung, Inklusion, Frauen, Kinder- und Jugendhilfe, Gleichberechtigung, Menschenrechte, Partizipation;https://www.civic-coding.de/community/projekt/ichbinreal-i-vernunft-in-online-interaktionen/1275;Civic Coding;Unbekannt;ICH•BIN•REAL ist eine nutzergesteuerte Anwendung, unterstützt durch KI, die respektvolle Online-Interaktionen fördert und Nutzern ermöglicht, toxisches oder extremes politisches Verhalten zu erkennen, zu kennzeichnen, zu vermeiden und zu melden.;;CC-BY-NC-ND 4.0;https://www.civic-coding.de
https://www.civic-coding.de/community/projekt/leichter-lesen-lernen/1268;Leichter Lesen Lernen;Maschinelles Lernen, KI-Anwendung, Automatisierung, Natural Language Processing, Web-App;Inklusion, Chancengleichheit, Bildung, Integration, Migration, Soziale Arbeit;https://www.civic-coding.de/community/projekt/leichter-lesen-lernen/1268;Civic Coding;Unbekannt;Unsere KI-gestützte Assistenz für Kinder im LRS- (Legasthenie-)Spektrum soll bereits ab der 1. Klasse dabei helfen, Silben und Wörter besser zu erkennen und die Lesegeschwindigkeit zu erhöhen. Die KI unterstützt die Kinder via Spracherkennung, Feedback und Wiederholung.;;CC-BY-NC-ND 4.0;https://www.civic-coding.de
https://www.civic-coding.de/community/projekt/ethik-ki-trifft-burger/1265;Ethik & KI trifft Bürger;Workshops;Partizipation, Anti-Diskriminierung, Zivilgesellschaft;https://www.civic-coding.de/community/projekt/ethik-ki-trifft-burger/1265;Civic Coding;Unbekannt;Einheitliche Entwicklung von Normen in der öffentlichen Verwaltung zur Nutzung von vertrauenswürdiger KI für Dienstleistungen an Bürgern.;;CC-BY-NC-ND 4.0;https://www.civic-coding.de
https://www.civic-coding.de/community/projekt/civicguard-counterspeech-crisis-communication-tool-fur-redaktionen-ngos-unternehmen-im-umgang-mit-digitaler-gewalt/1264;CivicGuard: CounterSpeech & Crisis Communication Tool für Redaktionen, NGOs & Unternehmen im Umgang mit digitaler Gewalt;Web-App, KI Anwendung, Plattform;Antidiskriminierung, Bildung, Soziale Arbeit, Inklusion, Chancengleichheit, Politische Bildung;https://www.civic-coding.de/community/projekt/civicguard-counterspeech-crisis-communication-tool-fur-redaktionen-ngos-unternehmen-im-umgang-mit-digitaler-gewalt/1264;Civic Coding;Unbekannt;CivicGuard ist ein KI-Tool, das Redaktionen und Community-Managern hilft, auf digitale Gewalt und Online-Hass effizient zu reagieren. Es analysiert Kommentare, bietet passgenaue Gegenrede-Strategien an und unterstützt bei der Krisenkommunikation, um Online-Diskurse zu moderieren.;;CC-BY-NC-ND 4.0;https://www.civic-coding.de
https://www.civic-coding.de/community/projekt/digitalisierung-unseres-beratungsprozesses-teil-1-videotext-to-kurzfilm-folgeprozess/1262;Digitalisierung unseres Beratungsprozesses (Teil 1) - Video/Text-to-Kurzfilm & Folgeprozess;KI-Anwendung, Prozessautomatisierung, Interaktive App, Automatisierung, Natural Language Processing, Large Language Model (LLM), Web-App;Soziale Arbeit, Kinder- und Jugendhilfe, Chancengleichheit, Wohlfahrt;https://www.civic-coding.de/community/projekt/digitalisierung-unseres-beratungsprozesses-teil-1-videotext-to-kurzfilm-folgeprozess/1262;Civic Coding;Unbekannt;Wir haben umfangreiches schriftliches Infomaterial, Fragebögen und Mitschnitte von digitalen Beratungsgesprächen, die wir immer wieder verschicken bzw. einzeln beraten. Aus dem Material soll eine interaktive Information/Film entstehen, das on-demand alle Fragen vorab beantwortet.;;CC-BY-NC-ND 4.0;https://www.civic-coding.de
https://www.civic-coding.de/community/projekt/einfuhrung-eines-ki-gestutzten-fuhrparkmanagementsystems-fur-inklusionsunternehmen/1260;Einführung eines KI gestützten Fuhrparkmanagementsystems (für Inklusionsunternehmen);KI-Anwendung, Prozessautomatisierung, Automatisierung, Datenanalyse, Web-App;Menschen mit Behinderung, Barrierefreiheit, Chancengleichheit, Integration, Arbeit, Umweltschutz, Klimaschutz;https://www.civic-coding.de/community/projekt/einfuhrung-eines-ki-gestutzten-fuhrparkmanagementsystems-fur-inklusionsunternehmen/1260;Civic Coding;Unbekannt;Wir - eine Inklusionsunternehmen möchten mit einem KI gestützten Fahrtenbuchsystem den Fuhrpark des Unternehmens effizienter, transparenter und übersichtlicher gestalten. Der administrative Aufwand soll für unsere Mitarbeiter erheblich vereinfacht und reduziert werden.;;CC-BY-NC-ND 4.0;https://www.civic-coding.de
https://www.civic-coding.de/community/projekt/foresightconnect-gemeinsam-zukunfte-entwickeln-und-explorieren/1257;ForesightConnect - Gemeinsam Zukünfte entwickeln und explorieren!;Plattform, KI-Anwendung, Datenportal, Web-App, Interaktive App, Datenvisualisierung;Jugend, Demokratie, Klimaschutz, KI, Arbeit, Partizipation, Stadt;https://www.civic-coding.de/community/projekt/foresightconnect-gemeinsam-zukunfte-entwickeln-und-explorieren/1257;Civic Coding;Unbekannt;Wir können die Zukunft nicht vorhersagen, aber auf Basis heutigen Wissens mögliche Szenarien entwickeln: ForesightConnect stellt Trend- und Signalwissen bereit und lässt Lernende per KI-Tools interaktiv wünschbare Entwicklungen erforschen und Zukunftskompetenzen trainieren.;;CC-BY-NC-ND 4.0;https://www.civic-coding.de
https://www.civic-coding.de/community/projekt/capacity-building-fur-eine-ggmbh-mustererkennung-in-unstrukturierten-daten/1240;Capacity Building für eine gGmbh + Mustererkennung in unstrukturierten Daten;E-Learning, Workshops, Maschinelles Lernen, KI-Anwendung, Prozessautomatisierung, Datenanalyse, Bericht;Soziale Arbeit, Zivilgesellschaft, Bildung, KI, Wohlfahrt, International, Partizipation;https://www.civic-coding.de/community/projekt/capacity-building-fur-eine-ggmbh-mustererkennung-in-unstrukturierten-daten/1240;Civic Coding;Unbekannt;Wir möchten die Mitarbeitenden unserer gGmbH zum Einsatz von KI in der Philanthropie, dem Community Building und der Administration schulen. Außerdem möchten wir die Möglichkeiten einer KI zur Mustererkennung in unstrukturierten Daten einer Alumni-Plattform besser verstehen.;;CC-BY-NC-ND 4.0;https://www.civic-coding.de
https://www.civic-coding.de/community/projekt/comms4good/1237;Comms4Good;KI Anwendung, Plattform, Web-App, Datenanalyse;Soziale Arbeit, Bildung, Technologie, KI, Partizipation;https://comms4good.de/;Civic Coding;Unbekannt;Im Projekt Comms4Good entwickeln die IU Internationale Hochschule, das Start-up Producer Media UG und die gemeinnützigen Aktiengesellschaft Phineo einen KI-basierten, virtuellen Assistenten, der die Öffentlichkeitsarbeit von sozialen und gemeinnützigen Organisationen unterstützt.;Comms4Good;CC-BY-NC-ND 4.0;https://www.civic-coding.de
https://www.civic-coding.de/community/projekt/balkonsonne-app/1236;BalkonSonne App;Web-App, Maschinelles Lernen, Computer Vision, Open-Source, KI Anwendung;Klimaschutz, Umweltschutz, Energie, Gleichstellung, Chancengleichheit, Nachhaltigkeit;https://www.civic-coding.de/community/projekt/balkonsonne-app/1236;Civic Coding;Unbekannt;Mit der BalkonSonne App kann jede/r in wenigen Minuten herausfinden, wie groß das Solarpotenzial auf dem eigenen Balkon ist. Die App erkennt, wie viel Sonneneinstrahlung auf dem Balkon ankommt und gibt eine individuelle Ertragsprognose in minutenschnelle.;;CC-BY-NC-ND 4.0;https://www.civic-coding.de
https://www.civic-coding.de/community/projekt/neverwritten-stories/1235;Neverwritten Stories;KI-Anwendung, Maschinelles Lernen, Web-App, Interaktive App, E-Learning, Plattform;Bildung, Jugendarbeit, Chancengleichheit, Partizipation, Kultur, Technologie, KI;https://www.civic-coding.de/community/projekt/neverwritten-stories/1235;Civic Coding;Unbekannt;Neverwritten nutzt KI, um interaktive, personalisierte Geschichten zu erstellen. Dadurch wollen wir das Leseinteresse bei Jugendlichen und Erwachsenen steigern, indem wir Gamification-Elemente ins Lesen einbinden und die Lesekompetenz nachhaltig fördern;;CC-BY-NC-ND 4.0;https://www.civic-coding.de
https://www.civic-coding.de/community/projekt/prufennachbearbeiten-von-ki-fur-leichte-sprache/1234;Prüfen/Nachbearbeiten von KI für Leichte Sprache;Beratung, Workshops;Inklusion, Bildung, Chancengleichheit, Teilhabe;https://www.civic-coding.de/community/projekt/prufennachbearbeiten-von-ki-fur-leichte-sprache/1234;Civic Coding;Laufend;Wie können wir als Übersetzungsbüro für Leichte Sprache bestehende KI-Programme noch besser nutzen? Wie können nachhaltige Strategien für eine bessere Nachbearbeitung von KI-Tools für Leichte Sprache entwickelt werden?;;CC-BY-NC-ND 4.0;https://www.civic-coding.de
https://www.civic-coding.de/community/projekt/landmaschine/1232;Landmaschine;Web-App, Datenportal, KI Anwendung, Plattform, Datenbank, Wissensmanagement;Ländlicher Raum, Landwirtschaft, Nachhaltigkeit, Teilhabe, Klimaschutz;https://maschine.landlebtdoch.de;Civic Coding;Unbekannt;Die Landmaschine ist eine Such- und Sortiermaschine für Wissen, Projekte und Akteure auf dem Land.;;CC-BY-NC-ND 4.0;https://www.civic-coding.de
https://www.civic-coding.de/community/projekt/stimmenrestauration-von-laryngektomie-patienten/1228;Stimmenrestauration von Laryngektomie-Patienten;Maschinelles Lernen, KI Anwendung, Datenanalyse, Automatisierung;Gesundheit, Inklusion, Technologie;https://www.civic-coding.de/community/projekt/stimmenrestauration-von-laryngektomie-patienten/1228;Civic Coding;Unbekannt;Mithilfe einer Ki-Spracherkennung und einer Ki-Stimme wird es Laryngektomie Patienten ermöglicht wieder mit einer natürlich klingenden Stimme in den Alltag zurückzukehren.;;CC-BY-NC-ND 4.0;https://www.civic-coding.de
https://www.civic-coding.de/community/projekt/u-impact-mobilising-private-capital-towards-sustainability-in-a-human-centric-approach/1227;U Impact - Mobilising private capital towards sustainability in a human-centric approach;Plattform, KI Anwendung, Maschinelles Lernen, Natural Language Processing, Datenvisualisierung;Umweltschutz, Klimaschutz, Nachhaltigkeit, Inklusion, Chancengleichheit, Gleichstellung, Verbraucherschutz;https://www.civic-coding.de/community/projekt/u-impact-mobilising-private-capital-towards-sustainability-in-a-human-centric-approach/1227;Civic Coding;Unbekannt;U Impact’s SaaS solution enhances sustainable fund inflows by gamifying the investor journey and using AI to deliver personalized ESG insights. We envision our AI-driven system to analyses behaviour, automates data integration, and refines recommendations to boost engagement.;;CC-BY-NC-ND 4.0;https://www.civic-coding.de
https://www.civic-coding.de/community/projekt/eine-leicht-bedienbare-nutzeroberflaeche-fur-whisper/1226;Eine leicht bedienbare Nutzeroberfläche für Whisper;Open-Source, KI-Anwendung, Prozessautomatisierung, Maschinelles Lernen;Senioren, Barrierefreiheit, Arbeit, Technologie, Partizipation;https://www.civic-coding.de/community/projekt/eine-leicht-bedienbare-nutzeroberflaeche-fur-whisper/1226;Civic Coding;Unbekannt;Whisper ist eine KI, die aus gesprochener Sprache Texte erstellt. Eine leicht bedienbare Benutzeroberfläche macht diese Sprache-zu-Text-Funktion für Menschen ohne Programmierkenntnisse zugänglicher. Weitere Funktionen wie die Erkennung von Sprecher*innen ergänzen das Projekt.;;CC-BY-NC-ND 4.0;https://www.civic-coding.de
https://www.civic-coding.de/community/projekt/yamakoe/1223;Yamakoe;Monitoring, KI Anwendung, Datenvisualisierung, Web-App, Plattform, Datenanalyse;Umweltschutz, Klimaschutz, Nachhaltigkeit, Landwirtschaft, Technologie, Klima;https://www.civic-coding.de/community/projekt/yamakoe/1223;Civic Coding;Unbekannt;Our solution consists of strategically geolocated sensors that monitor atmospheric data, those are connected together through a mesh network. an AI processes these data and detects atmosphere anomalies such as fires. The data is shared with authorities for fast response.;;CC-BY-NC-ND 4.0;https://www.civic-coding.de
https://www.civic-coding.de/community/projekt/barrierefai-ki-bot-fur-menschen-mit-behinderung-chronischer-oder-psychischer-erkrankung/1219;barrierefAI - KI-Bot für Menschen mit Behinderung, chronischer oder psychischer Erkrankung;KI Anwendung, Web-App, Interaktive App, Plattform;Senioren, Gesundheit, Bildung, Öffentlicher Nahverkehr, Tourismus, Soziale Arbeit, Gleichstellung;https://www.civic-coding.de/community/projekt/barrierefai-ki-bot-fur-menschen-mit-behinderung-chronischer-oder-psychischer-erkrankung/1219;Civic Coding;Unbekannt;Entwicklung von 'barrierefrAI', ein KI-Bot, der die Barrierefreiheit in digitalen Räumen für Menschen mit Behinderungen verbessert. Der Bot bietet flexible Anpassungen, einfache und mehrsprachige Navigation sowie Informationssuche. Infos und Testlink: https://barrierefrai.com;;CC-BY-NC-ND 4.0;https://www.civic-coding.de
https://www.civic-coding.de/community/projekt/co-learning-plattform/1218;Co-Learning Plattform;Plattform, Web-App, Open-Source;Arbeit, Bildung, Technologie;https://www.civic-coding.de/community/projekt/co-learning-plattform/1218;Civic Coding;Unbekannt;Wir wollen einen Co-Learning Hub etablieren. Mehrere Akteure aus unterschiedlichen KMUs sollen digital und Vorort zusammenkommen und an Lösungen für geteilte Herausforderungen arbeiten. Dabei werden sie von Experten unterstützt.;;CC-BY-NC-ND 4.0;https://www.civic-coding.de
https://www.civic-coding.de/community/projekt/net4tec-ai-career-coach/1216;net4tec AI Career Coach;Web-App, KI Anwendung, Maschinelles Lernen, Open-Source, Plattform;Arbeit, Chancengleichheit, Geschlechtergerechtigkeit, Technologie, KI;https://www.civic-coding.de/community/projekt/net4tec-ai-career-coach/1216;Civic Coding;Laufend;"Accelerating gender diversity, leveraging full talent pool, enabling women to thrive in their careers is no longer ""the right thing to do"", but has become a necessity. The AI-Career Coach, powered chatbot offers visitors our website a clear, 5-point plan 4 advancing their careers";;CC-BY-NC-ND 4.0;https://www.civic-coding.de
https://www.civic-coding.de/community/projekt/urbansprawl-forecasting/1214;UrbanSprawl Forecasting;Open-Source, Maschinelles Lernen, Datenanalyse, Datenvisualisierung;Umweltschutz, Klimaschutz, Stadtplanung, Nachhaltigkeit, Klimawandel;https://www.civic-coding.de/community/projekt/urbansprawl-forecasting/1214;Civic Coding;Unbekannt;Wir möchten AI, Satellitendaten und relevante Open-Source Daten zur genaueren Analyse von demografischen Entwicklungen insbesondere in Naturschutzgebieten nutzen, um zu verstehen, welche Ökosysteme (EU-Biodiversitätsstrategie) besonders schützenswert sind.;;CC-BY-NC-ND 4.0;https://www.civic-coding.de
https://www.civic-coding.de/community/projekt/andyou-politisches-weiterdenken-futures-literacy-prompts-im-kontext-politischer-bildung/1212;#AndYou? Politisches Weiterdenken! - Futures Literacy Prompts im Kontext politischer Bildung;Open-Source, KI Anwendung, Web-App, Datenanalyse, E-Learning, Plattform, Interaktive App;Bildung, Partizipation, Wahlen, KI, Technologie;https://www.civic-coding.de/community/projekt/andyou-politisches-weiterdenken-futures-literacy-prompts-im-kontext-politischer-bildung/1212;Civic Coding;Unbekannt;Mit den Prompts können veröffentlichte Wahlprogramme und Aussagen aller Parteien analysiert und individuelle Zukunftsszenarien für die Nutzer*innen generiert werden, die aufzeigen, welche Auswirkungen ihre Wahlentscheidung auf die eigene Lebenssituation und die Gesellschaft hätte;AndYou;CC-BY-NC-ND 4.0;https://www.civic-coding.de
https://www.civic-coding.de/community/projekt/ingemeinschaft/1211;inGemeinschaft;Plattform, KI-Anwendung, Matching, Web-App;Senioren, Wohnen, Soziale Arbeit, Integration, Inklusion, Gesundheit, Armut;https://www.civic-coding.de/community/projekt/ingemeinschaft/1211;Civic Coding;Unbekannt;Ein Fullservice-Angebot, das es älteren Menschen in größeren Wohnungen leicht macht, junge passende Mitbewohner zu finden. Damit gehen wir gleich mehrere gesellschaftlich-soziale Herausforderungen an: Altersarmut, Einsamkeit, mangelnder Wohnraum, Generationen-Konflikte, etc;;CC-BY-NC-ND 4.0;https://www.civic-coding.de
https://www.civic-coding.de/community/projekt/smarte-partizipation-von-der-kiezkasse-bis-zum-burgerinnenhaushalt/1210;Smarte Partizipation - von der Kiezkasse bis zum Bürger:innenhaushalt;Open-Source, Prozessautomatisierung, Plattform, Web-App, KI-Anwendung, Partizipation, Datenmanagement;Stadt, Demokratie, Partizipation, Verwaltung, Open Data, Technologie;https://www.civic-coding.de/community/projekt/smarte-partizipation-von-der-kiezkasse-bis-zum-burgerinnenhaushalt/1210;Civic Coding;Unbekannt;"Im Pilotprojekt ""Smarte Partizipation"" geht es um die (Weiter-)entwicklung und Testung eines digitalen Tools das den Antrags- und Abwicklungsprozess von sogenannten Stadtteilbudgets vereinfacht und dadurch zugänglicher macht.";;CC-BY-NC-ND 4.0;https://www.civic-coding.de
https://www.civic-coding.de/community/projekt/clear-light-eva-ki-integration/1202;Clear Light EVA KI Integration;Maschinelles Lernen, Prozessautomatisierung, KI Anwendung;Klimaschutz, Umweltschutz, Energie, Stadtplanung, Technologie;https://www.civic-coding.de/community/projekt/clear-light-eva-ki-integration/1202;Civic Coding;Laufend;B2B-Immobilien müssen intelligent gesteuert sein, um hypereffizient und CO₂-neutral zu werden. Wir entwickeln dazu ein Tool, welches div. Lösungen evaluiert und Entscheidungshilfen gibt. Mittels KI werden die Prozesse optimiert und beschleunigt.;;CC-BY-NC-ND 4.0;https://www.civic-coding.de
https://www.civic-coding.de/community/projekt/coco/1201;COCO;Maschinelles Lernen, KI Anwendung, Plattform, Web-App, Computer Vision;Inklusion, Anti-Diskriminierung, Gleichstellung, Partizipation;https://www.civic-coding.de/community/projekt/coco/1201;Civic Coding;Unbekannt;COCO steht für Colorful Community und ist eine MINDFUL IMAGE SEARCH mit dem Ziel, tief verwurzelte Vorurteile zu bekämpfen. Konkret möchten wir ein Midjourney für diversifizierten Content bauen. Wir haben ein Modell entwickelt, welches Bilder durch nur 3 Parameter beschreibt;COCO;CC-BY-NC-ND 4.0;https://www.civic-coding.de
https://www.civic-coding.de/community/projekt/correctivfaktenforum-mit-civic-tech-burgerbeteiligung-im-faktenchecken-ermoeglichen/1197;CORRECTIV.Faktenforum: Mit Civic Tech Bürgerbeteiligung im Faktenchecken ermöglichen;Plattform, Open-Source, KI-Anwendung, Maschinelles Lernen;Demokratie, Partizipation, Wahlen, Klima, Migration;https://www.civic-coding.de/community/projekt/correctivfaktenforum-mit-civic-tech-burgerbeteiligung-im-faktenchecken-ermoeglichen/1197;Civic Coding;Unbekannt;CORRECTIV.Faktenforum überträgt das Konzept Bürgerjournalismus aufs Faktenchecken, um Engagement gegen Desinformation zu ermöglichen. Parallel zur Community bauen wir unsere Plattform für kollaboratives Faktenchecken auf und entwickeln KI-Assistenztools.;;CC-BY-NC-ND 4.0;https://www.civic-coding.de
https://www.civic-coding.de/community/projekt/machine-learning-by-deaf-hands/1196;Machine Learning by Deaf Hands;Maschinelles Lernen, KI Anwendung, Web-App;Barrierefreiheit, Menschen mit Behinderung, Bildung, Kultur, Technologie;https://www.civic-coding.de/community/projekt/machine-learning-by-deaf-hands/1196;Civic Coding;Unbekannt;Als gehörlose Menschen wählen wir in der KI- und Avatar-Forschung einen anderen Weg zur Barrierefreiheit von gehörlosen Bürgern: Wir bringen der KI mittels einer Vielzahl an Videomaterial die Gebärdensprache bei, so wie Menschen die Gebärdensprache auch lernen.;;CC-BY-NC-ND 4.0;https://www.civic-coding.de
https://www.civic-coding.de/community/projekt/actually-relevant-ai-powered-news-curation/1194;Actually Relevant - AI-powered news curation;Webseite, Open-Source, Plattform, KI Anwendung;Umweltschutz;https://www.civic-coding.de/community/projekt/actually-relevant-ai-powered-news-curation/1194;Civic Coding;Unbekannt;Actually Relevant is an AI-powered news curation services that evaluates news based on how important they are for humanity and its long-term future. It features stories on a website, a newsletter, and a podcast.;;CC-BY-NC-ND 4.0;https://www.civic-coding.de
https://www.civic-coding.de/community/projekt/naavinetwork/1192;naavi.network;Plattform, Web-App, E-Learning;Weiterbildung, Jugend, Chancengerechtigkeit, Inklusion;https://github.com/adytiaa/;Civic Coding;Unbekannt;AI-powered Educational Counselling Platform for Empowering students from all backgrounds to achieve their full potential and bridging the gap of social inequalities. The underlying technology powering synergised language models with domain (education) knowledge graphs.;;CC-BY-NC-ND 4.0;https://www.civic-coding.de
https://www.civic-coding.de/community/projekt/news-profi/1190;News-Profi;Web-App, KI-Anwendung, Plattform, Maschinelles Lernen;Inklusion, Politische Bildung, Demokratie, Partizipation, Bildung;https://www.civic-coding.de/community/projekt/news-profi/1190;Civic Coding;Unbekannt;Die News-Profi App wirkt der Verbreitung von Des- und Missinformation im Netz effektiv entgegen. Durch den Einsatz von KI, ermöglicht die App den Nutzer*Innen einen niederschwelligen Zugang zu den Services, die Meldungen, Bilder oder Videos auf Authenzität überprüfen können.;;CC-BY-NC-ND 4.0;https://www.civic-coding.de
https://www.civic-coding.de/community/projekt/se3d-inklusive-vernetzung-durch-innovative-matching-technologie-in-der-sozialwirtschaft/1189;SE3D – Inklusive Vernetzung durch innovative Matching-Technologie in der Sozialwirtschaft;Plattform, KI-Anwendung, Matching, Web-App, Vernetzung;Arbeit, Integration, Menschen mit Behinderung, Rehabilitation, Chancengerechtigkeit;www.paulinenpflege.de;Civic Coding;Unbekannt;Die Plattform verbindet Menschen, die Unterstützung benötigen oder anbieten können: Nachfrager, Anbieter und Assistenten. Sie nutzt einen KI-unterstützten Chat. Ziel der Plattform ist eine effiziente Verbindung, die Vertrauen aufbaut und Lösungen für alle Beteiligte findet.;SE3D;CC-BY-NC-ND 4.0;https://www.civic-coding.de
https://www.civic-coding.de/community/projekt/leicht-machen/1188;Leicht. Machen.;Web-App, KI Anwendung, Open-Source;Barrierefreiheit, Inklusion, Bildung, Senioren, Menschen mit Behinderung;https://www.civic-coding.de/community/projekt/leicht-machen/1188;Civic Coding;Unbekannt;Wir entwickeln Leicht. Machen, ein KI-Tool zur Sprachvereinfachung. Egal ob Leichte Sprache, Einfache Sprache oder ein ganz eigener Stil. Unser innovatives KI-Konzept ermöglicht es jedem, Texte schnell und datenschutzkonform zu vereinfachen und verständlicher zu machen.;;CC-BY-NC-ND 4.0;https://www.civic-coding.de
https://www.civic-coding.de/community/projekt/erinnerungsraum/1187;Erinnerungsraum;Web-App, KI-Anwendung;Soziale Arbeit, Gesundheit, Wohlfahrt;https://www.civic-coding.de/community/projekt/erinnerungsraum/1187;Civic Coding;Unbekannt;Der Erinnerungsraum ist ein digitaler Raum, in dem Trauernde Erinnerungen in Form von Bildern, Videos, Texten und Sprachnachrichten bewahren und mit Mitmenschen teilen können.;;CC-BY-NC-ND 4.0;https://www.civic-coding.de
https://www.civic-coding.de/community/projekt/erkennung-von-meeresmull-uber-satelliten/1186;Erkennung von Meeresmüll über Satelliten;Web-App, Kartenanwendung, Open-Source, Maschinelles Lernen, Datenvisualisierung;Umweltschutz, Klimaschutz, Nachhaltigkeit, Datenanalyse, Klimawandel;https://www.civic-coding.de/community/projekt/erkennung-von-meeresmull-uber-satelliten/1186;Civic Coding;Unbekannt;Das System soll mithilfe von KI und Satellitenbildern eine öffentliche globale real-time Karte von Meeresmüll erstellen. Die Karte soll primär dazu genutzt werden, um Transparenz zu diesem Thema zu kreieren und Meeresreinigungsbemühungen effektiver zu machen.;;CC-BY-NC-ND 4.0;https://www.civic-coding.de
https://www.civic-coding.de/community/projekt/fugitive-dreams-fluchtige-traeume/1185;Fugitive Dreams / Flüchtige Träume;Workshops, KI-Anwendung, Maschinelles Lernen, Datenvisualisierung, Plattform;Flucht und Migration, Soziale Arbeit, Inklusion, Bildung, Kultur, Chancengleichheit, Gesundheit;https://www.civic-coding.de/community/projekt/fugitive-dreams-fluchtige-traeume/1185;Civic Coding;Unbekannt;"""Fugitive Dreams"" nutzt KI, um Menschen mit Migrationshintergrund künstlerisch zu fördern. In 6 Workshops mit Experten entstehen digitale Werke, die als NFTs verkauft werden. Erlöse kommen direkt den Teilnehmern zugute, um Integration und soziale Teilhabe zu unterstützen.";;CC-BY-NC-ND 4.0;https://www.civic-coding.de
https://www.civic-coding.de/community/projekt/lupai-die-ki-die-das-leben-in-deutschland-einfacher-macht/1182;Lupai - Die KI, die das Leben in Deutschland einfacher macht.;Web-App, KI-Anwendung, Maschinelles Lernen;Migration, Arbeit, Chancengleichheit, Inklusion, Anti-Diskriminierung, Soziale Arbeit;https://www.civic-coding.de/community/projekt/lupai-die-ki-die-das-leben-in-deutschland-einfacher-macht/1182;Civic Coding;Unbekannt;Mit Lupai soll eine KI-basierte Webanwendung geschaffen werden, die Menschen mit Migrationserfahrung die selbstständige Information über rechtliche Rahmenbedingungen und administrativen Abläufe im Themenfeld Migration und Arbeit erleichtert.;;CC-BY-NC-ND 4.0;https://www.civic-coding.de
https://www.civic-coding.de/community/projekt/ki-powered-impact-ecosystem/1169;KI powered Impact Ecosystem;KI Anwendung, Plattform, Prozessautomatisierung, Datenanalyse;Arbeit, Umweltschutz, Nachhaltigkeit, Soziale Arbeit;https://www.civic-coding.de/community/projekt/ki-powered-impact-ecosystem/1169;Civic Coding;Unbekannt;"Impact Hub verfügt über einen ""Datenschatz"" zu unserem Impact Ökosystem und den involvierten Stakkeholdern. Ziel ist es, durch Datenbereinigung, Modelltraining, Prototypen und Schulungen KI in die tägliche Arbeit zu integrieren.";;CC-BY-NC-ND 4.0;https://www.civic-coding.de
https://www.civic-coding.de/community/projekt/magd-open-editable-source-fur-foerdervereine/1168;MAGD • Open Editable Source für Fördervereine;Open-Source, Prozessautomatisierung, KI-Anwendung, Web-App, Plattform;Inklusion, Bildung, Teilhabe, Soziale Arbeit, Partizipation, Kinder- und Jugendhilfe;https://www.civic-coding.de/community/projekt/magd-open-editable-source-fur-foerdervereine/1168;Civic Coding;Unbekannt;Persönlicher Chatbot, der „handeln“ kann, für Mitglieder im Schul-Förderverein und QR-basierten Instrumentenverleih.;MAGD;CC-BY-NC-ND 4.0;https://www.civic-coding.de
https://www.civic-coding.de/community/projekt/doppelcheck/1167;Doppelcheck;Open-Source, Browser-Erweiterung, KI-Anwendung, Maschinelles Lernen, Datenanalyse;Bildung, Teilhabe, Verbraucherschutz, Demokratie, Zivilgesellschaft, KI, Medienaufsicht;https://www.civic-coding.de/community/projekt/doppelcheck/1167;Civic Coding;Unbekannt;Prototyp: https://doppelcheck.com Doppelcheck ist eine Open-Source-Browsererweiterung, die mit lokaler KI Desinformation bekämpft. Sie bietet privates, kontextualisiertes Fakten-Checken, Quellenvergleich und diverse Perspektiven, um informierte Entscheidungen zu fördern.;;CC-BY-NC-ND 4.0;https://www.civic-coding.de
https://www.civic-coding.de/community/projekt/the-open-hearing-project/1166;The Open Hearing Project;Open-Source, Maschinelles Lernen, KI-Anwendung;Barrierefreiheit, Chancengleichheit, Senioren, Umweltschutz, KI, Gesundheit, Teilhabe;https://www.civic-coding.de/community/projekt/the-open-hearing-project/1166;Civic Coding;Unbekannt;Wir entwickeln eine Open Source App für Sprachverständlichkeit- und Klangverbesserung. Das ist sinnvoll, weil über 70% der Menschen mit Hörproblemen keine Hörhilfe nutzen und Hörgeräte für die meisten Menschen unerschwinglich sind. Wir wollen eine niedrigschwellige Zugänglichkeit;;CC-BY-NC-ND 4.0;https://www.civic-coding.de
https://www.civic-coding.de/community/projekt/kitamatch-software-fur-eine-schnelle-faire-und-transparente-kitaplatzvergabe/1165;KitaMatch – Software für eine schnelle, faire und transparente Kitaplatzvergabe;Plattform, Empfehlungsdienst, KI-Anwendung, Matching, Web-App;Kinder- und Jugendhilfe, Soziale Arbeit, Chancengleichheit, Integration, Wohlfahrt;https://www.civic-coding.de/community/projekt/kitamatch-software-fur-eine-schnelle-faire-und-transparente-kitaplatzvergabe/1165;Civic Coding;Unbekannt;Unser Projekt nutzt einen Nobelpreis-prämierten Algorithmus und eigens entwickelte Software, um Probleme bei der Kitaplatzvergabe zu lösen. Das Verfahren gewährleistet faire, schnelle und transparente Platzvergabe, während die Entscheidungsfreiheit der Kitas erhalten bleibt.;;CC-BY-NC-ND 4.0;https://www.civic-coding.de
https://www.civic-coding.de/community/projekt/ki-enna-ein-neuronales-netz-zum-ausprobieren/1160;KI-ENNA: (E)in (N)euronales (N)etz zum (A)usprobieren;Open-Source, Workshops, KI-Anwendung, E-Learning, Web-App, Datenvisualisierung;Bildung, KI, Partizipation, Jugendarbeit, Zivilgesellschaft, Technologie;https://www.civic-coding.de/community/projekt/ki-enna-ein-neuronales-netz-zum-ausprobieren/1160;Civic Coding;Laufend;KI-ENNA ermöglicht Einblicke in die Funktionsweise neuronaler Netzwerke als Grundlage der Künstlichen Intelligenz und läuft auf einem kostengünstigen, vorprogrammierten und individuell erweiterbaren Raspberry Pi Pico oder im Browser (https://statistical-thinking.de/ki-enna.html).;KI-ENNA;CC-BY-NC-ND 4.0;https://www.civic-coding.de
https://www.civic-coding.de/community/projekt/holybible/1148;HOLYBIBLE;KI Anwendung, Datenvisualisierung, Interaktive App;Bildung, Inklusion, Kunst und Kultur, Soziale Arbeit, Jugend;https://www.civic-coding.de/community/projekt/holybible/1148;Civic Coding;Laufend;Es geht um eine Serie, die Serie Holy.;;CC-BY-NC-ND 4.0;https://www.civic-coding.de
https://www.civic-coding.de/community/projekt/factify/1138;Factify;Analyse von Sensordaten und ML, KI-Anwendung, Medienaufsicht, Open Source Modellierung, Datenvisualisierung, Interaktive App, Erklärbare KI;Bildung, Medienaufsicht, Verbraucherschutz, Gesellschaft und Engagement, Weiterbildung;https://www.civic-coding.de/community/projekt/factify/1138;Civic Coding;Laufend;Factify soll Klarheit in Social Media Posts und digitale Inhalte bringen, indem es falsche Behauptungen, mehrdeutige Begriffe und emotionale Sprache identifiziert. Durch eine durchdachte UX ermöglicht es ein schnelles Durchschauen von tendenziösen, mehrdeutigen Narrativen.;;CC-BY-NC-ND 4.0;https://www.civic-coding.de
https://www.civic-coding.de/community/projekt/semanticdocuments/1137;SemanticDocuments;KI-Anwendung, Datenanalyse, Maschinelles Lernen, Barrierefreiheit, Inklusion, Open Source;Inklusion, Rehabilitation, Chancengerechtigkeit, Teilhab, Verbraucherschutz, Umwelt- und Verbraucherschutz, Gesellschaft und Engagement;https://www.civic-coding.de/community/projekt/semanticdocuments/1137;Civic Coding;Laufend;Wir nutzen KI-Modelle um digitale und gescannte Dokumente auch mit komplexem Layout (wie Mehrspaltigkeit, Tabellen, etc.) barrierefrei (nach PDF/UA-Standard) zugänglich zu machen. Zusätzlich erkennen und extrahieren wir strukturierte Daten in ein maschinenlesbares Format.;;CC-BY-NC-ND 4.0;https://www.civic-coding.de
https://www.civic-coding.de/community/projekt/bruckenwelten-erste-vollwertige-ki-moderationsmethode/1136;Brückenwelten - Erste vollwertige KI-Moderationsmethode;KI-Anwendung, Open Source, Partizipation, Interaktive App, Datenvisualisierung, Web-App;Gesellschaft und Engagement, Arbeit und Soziales, Chancengerechtigkeit, Teilhab;www.evolve-democracy.de;Civic Coding;Laufend;Durch den gezielten Einsatz von Künstlicher Intelligenz als Sozialtechnologie ermöglichen wir tiefgehende Vernetzung und effektiven Wissenstransfer in maßgeschneiderten Kleingruppen. Ein Moderations-Assistenz-Tool für Partizipations- und Gruppenprozesse.;;CC-BY-NC-ND 4.0;https://www.civic-coding.de
https://www.civic-coding.de/community/projekt/empathischer-chatbot-fur-das-onboarding-von-migranten/1135;Empathischer Chatbot für das Onboarding von Migranten;Empfehlungssystem, KI-Anwendung, Interaktive App, Datenanwendung für Öffentlichkeit, Maschinelles Lernen, Natural Language Processing, Chatbot;Integration, Inklusion, Chancengleichheit, Soziale Arbeit, Gesellschaft und Engagement;https://www.civic-coding.de/community/projekt/empathischer-chatbot-fur-das-onboarding-von-migranten/1135;Civic Coding;Laufend;Migranten stehen vor vielen Herausforderungen in einem neuen Land: fremde Kultur, Sprache, Gesellschaftssystem, Integration und Arbeit. Ein empathischer Chatbot kann helfen, diese ersten Schritte und das Onboarding zu erleichtern und Migranten bei der Integration zu unterstützen.;;CC-BY-NC-ND 4.0;https://www.civic-coding.de
https://www.civic-coding.de/community/projekt/civic-sync-plattform-fur-mapping-uebersetzung-und-kollaborative-pflege-von-angebotsdaten-fur-die-zivilgesellschaft/1132;Civic-Sync – Plattform für Mapping, Übersetzung und kollaborative Pflege von Angebotsdaten für die Zivilgesellschaft;Plattform, Open Source, Datenanwendung für Öffentlichkeit, Interaktive App, KI-Anwendung;Inklusion, Teilnahme, Gesellschaft und Engagement, Alter;https://www.civic-coding.de/community/projekt/civic-sync-plattform-fur-mapping-uebersetzung-und-kollaborative-pflege-von-angebotsdaten-fur-die-zivilgesellschaft/1132;Civic Coding;Laufend;Die Civic-Sync Plattform erlaubt z.B. soziale, kulturelle oder medizinische Angebotsdaten kollaborativ und partizipativ aufzubereiten und übersichtlich, mehrsprachig und barrierearm – aber insbesondere auch unterstützt durch KI-Chatbots – zur Verfügung zu stellen.;Civic-Sync;CC-BY-NC-ND 4.0;https://www.civic-coding.de
https://www.civic-coding.de/community/projekt/zeit-fur-die-arbeit-mit-den-kids-kassenfuhrung-fur-paedagoginnen-in-der-kinder-und-jugendhilfe/1131;Zeit für die Arbeit mit den Kids - Kassenführung für Pädagog:innen in der Kinder- und Jugendhilfe;Datenanwendung für Öffentlichkeit, KI-Anwendung, Automatisierung;Kinder- und Jugendhilfe, Soziale Arbeit, Verwaltung;https://www.civic-coding.de/community/projekt/zeit-fur-die-arbeit-mit-den-kids-kassenfuhrung-fur-paedagoginnen-in-der-kinder-und-jugendhilfe/1131;Civic Coding;Laufend;Der Geldfluss und die Führung der Kassenbücher in unseren Betreuungseinheiten muss für die Pädagog:innen vor Ort unaufwändiger und anwenderfreundlicher werden. Es muss schnell gehen, intuitiv nutzbar und mobil möglich sein .;;CC-BY-NC-ND 4.0;https://www.civic-coding.de
https://www.civic-coding.de/community/projekt/users-universal-sustainability-education-and-reward-system/1130;USERS - Universal Sustainability Education and Reward System;Datenanwendung für Öffentlichkeit, Interaktive App, KI-Anwendung, Plattform, Bildung;Umweltschutz, Klimaschutz, Bildung, Jugend, Verbraucherschutz;https://www.civic-coding.de/community/projekt/users-universal-sustainability-education-and-reward-system/1130;Civic Coding;Laufend;USERS ist eine Universelle IT Plattform für Nachhaltigkeit. Ein gemeinsamer HUB für Information, Motivation und Empowerment. Es werden für Klima, Energie und Umwelt essentielle Informationen mit Spiel, Spaß und Belohnung sowie ca. 12 Tools mit KI, VR und AR angeboten.;USERS;CC-BY-NC-ND 4.0;https://www.civic-coding.de
https://www.civic-coding.de/community/projekt/nutrichef/1129;NutriChef;Ernährungssicherung, Datenanwendung für Öffentlichkeit, Interaktive App, Maschinelles Lernen, Ökologische Nachhaltigkeit;Ernährungssicherung, Gesundheit, Umweltschutz, Klimaschutz und Klimaanpassung, Ressourcenschutz;https://www.civic-coding.de/community/projekt/nutrichef/1129;Civic Coding;Laufend;Eine Koch- und Ernährungsapp, die eine optimale Nährstoffversorgung garantiert, speziell bei besonderen Ernährungsanforderungen. Sie hilft, gesund und vielfältig zu kochen, berücksichtigt Budget, Allergien und Ernährungsstil, als Gegengewicht zur Convenience-Food-Kultur.;;CC-BY-NC-ND 4.0;https://www.civic-coding.de
https://www.civic-coding.de/community/projekt/ki-basierter-social-knowledge-graph-oeffentliche-informationen-einfach-fur-alle/1114;KI-basierter Social Knowledge Graph – öffentliche Informationen einfach, für alle;Open Source, Maschinelles Lernen, Datenportal, Interaktive Datenexploration, Open Data, KI-Anwendung, Datenvisualisierung, Web-App;Arbeit, Soziales, Gesellschaft und Engagement, Inklusion, Rehabilitation, Chancengerechtigkeit, Teilhab, Bildungs- und Aufklärungsmaßnahmen;https://www.civic-coding.de/community/projekt/ki-basierter-social-knowledge-graph-oeffentliche-informationen-einfach-fur-alle/1114;Civic Coding;Laufend;Aus zwei in Runde 1 des Civic Innovation Wettbewerbs prämierten Ideen wurde in der Umsetzung ein Verbundprojekt aus Knowledge Graph als Datengrundlage und einer KI zur automatisierten Übersetzung in leichte Sprache. Die Umsetzung wird durch das BMAS gefördert.;;CC-BY-NC-ND 4.0;https://www.civic-coding.de
https://www.civic-coding.de/community/projekt/seedsafari/1113;SeedSafari;Datenanwendung für Öffentlichkeit, Interaktiver Fragebogen, KI Anwendung, Chatbot, Data Science;Afrika, Wirtschaft, Unternehmertum, Gründung, Finanzierung, Bildung, Weiterbildung, Chancengerechtigkeit, Arbeitsmarkt;https://www.civic-coding.de/community/projekt/seedsafari/1113;Civic Coding;Laufend;Bündelung aller Informationen zu Förderprogrammen, die es für Unternehmer, Unternehmen und Gründer in Afrika geht, um sie mittels Chatbot durchsuchbar zu machen, um das optimale Förderprogramm zu finden, damit Jobs und Impact entstehen können.;;CC-BY-NC-ND 4.0;https://www.civic-coding.de
https://www.civic-coding.de/community/projekt/ki-gestutzte-optimierung-nachhaltiger-gebaeude/1109;KI-gestützte Optimierung nachhaltiger Gebäude;KI-Anwendung, Datenanalyse, Maschinelles Lernen, Ökologische Nachhaltigkeit;Umweltschutz, Klimaschutz und Klimaanpassung, Ressourcenschutz, Natur- und Biodiversitätsschutz;https://www.civic-coding.de/community/projekt/ki-gestutzte-optimierung-nachhaltiger-gebaeude/1109;Civic Coding;Laufend;Unser Projekt fokussiert sich auf die Entwicklung einer KI-gestützten Lebenszyklusanalyse (LCA) für nachhaltige Gebäude. Durch den Einsatz von Künstlicher Intelligenz optimieren wir die Materialauswahl und reduzieren darüber die Umweltwirkungen eines Gebäudes.;;CC-BY-NC-ND 4.0;https://www.civic-coding.de
https://www.civic-coding.de/community/projekt/ai4humanrights-technologiegetriebene-loesungen-zum-schutz-der-menschenrechte/1098;AI4HumanRights - Technologiegetriebene Lösungen zum Schutz der Menschenrechte;KI-Anwendung, Datenanalyse, Maschinelles Lernen, Open Source, Beratung;Menschenrechte, Chancengleichheit, Antirassismus, Unweltschutz, Klimaschutz;https://www.civic-coding.de/community/projekt/ai4humanrights-technologiegetriebene-loesungen-zum-schutz-der-menschenrechte/1098;Civic Coding;Laufend;AI4HumanRights (AI4HR) empowert Personen und Organisationen, die Menschenrechte schützen durch einfach bedienbare, technologiebasierte Lösungen. AI4HumanRights Lösungen vereinfachen die Identifikation, Dokumentation und Verfolgung von Menschenrechtsverletzungen weltweit.;AI4HR;CC-BY-NC-ND 4.0;https://www.civic-coding.de
https://www.civic-coding.de/community/projekt/monitoring-plattform-fur-kleinbauerinnen-stellt-bildmaterial-fur-machine-learning-zu-verfugung/1096;Monitoring Plattform für Kleinbauer*innen stellt Bildmaterial für machine learning zu Verfügung;Datenanwendung für Öffentlichkeit, Maschinelles Lernen, Datenvisualisierung, Interaktive Datenexploration, Ökologische Nachhaltigkeit;Umweltschutz, Klimaschutz und Klimaanpassung, Natur- und Biodiversitätsschutz, Ressourcenschutz, Chancengerechtigkeit;https://www.civic-coding.de/community/projekt/monitoring-plattform-fur-kleinbauerinnen-stellt-bildmaterial-fur-machine-learning-zu-verfugung/1096;Civic Coding;Laufend;Mit den georeferenzierten Bildmaterialen unserer SaaS Plattform, die Informationen von Kleinbauer*innen und deren Felder und Kulturen enthält, kann maschinelles Lernen angewendet werden, um satellitengestützte Analysetools zu verbessern.;;CC-BY-NC-ND 4.0;https://www.civic-coding.de
https://www.civic-coding.de/community/projekt/automatisierung-scraping-fur-community-plattform/1089;Automatisierung & Scraping für Community Plattform;Datenanwendung für Öffentlichkeit, Automatisierung, Open Source;Arbeit, Soziales, Gesellschaft und Engagement;https://www.civic-coding.de/community/projekt/automatisierung-scraping-fur-community-plattform/1089;Civic Coding;Laufend;Das Berlin Design Network (https://berlin-design-network.org/) ist die Community-Initiative von Berlin Design e.V., die Akteure und Aktivitäten in Berlin sichtbar macht. Wir wollen die Suche nach News, Events, Jobs, Organisationen und weiteren Informationen automatisieren;;CC-BY-NC-ND 4.0;https://www.civic-coding.de
https://www.civic-coding.de/community/projekt/changemaker-academy/1088;Changemaker Academy;Beratung, Workshops, E-Learning, Datenanwendung für Öffentlichkeit, Interaktiver Fragebogen, Datenvisualisierung, Web-App, Plattform für Wahlentscheidungen, Matching, Webentwicklung, Anomalieerkennung, Dokumentations- und Netzwerktool, Vortrag, Interne Datenanwendung, Datenerhebung, Visualisierung, API;Beratung, Chancengleichheit, Integration, Verwaltung, Luftqualität, Menschen mit Behinderung, Verkehr, Umweltschutz, Klimaschutz, Wirkungsmessung, Öffentlicher Nahverkehr, Wohnen, Zivilgesellschaft, Mentoring, Ländlicher Raum, KI, Frauen, Landwirtschaft, Energie, Köln, Geflüchtete, Rettungsdienst, Sprache, Stadt, Zugänglichkeit, Menschenrechte, Datenanalyse, Nachhaltigkeit, Inklusion, Politische Bildung, Flucht und Migration, Recycling, Jugendarbeit, Demokratie, Ghana, Wissensmanagement, Datenschutz, Jugendbeteiligung, Gleichberechtigung, Evaluation, Humanitäre Hilfe, Migration, Sport, Kinder- und Jugendhilfe, Klimawandel, Umwelt, Open Data, Gleichstellung, Europa, Bildung, Teilhabe, Gesundheit, Arbeit, Offene Daten, Partizipation, Arbeit mit Kindern, Mexiko, Internationale, Recht, Kinderschutz, Meeresschutz, Wasserversorgung, Transparenz, Verbraucherschutz, Katastrophenschutz, Vielfalt;https://www.civic-coding.de/community/projekt/changemaker-academy/1088;Civic Coding;Laufend;Wie kann ich Gesellschaft wirksam auf meine Weise mitgestalten? Mit Open-Source Materialien, Events und Workshops hilft die Changemaker Academy Menschen dabei ihre Werte, Talente und Leidenschaften zu entdecken und den für sich passenden Wirkungsweg zu finden.;;CC-BY-NC-ND 4.0;https://www.civic-coding.de
https://www.civic-coding.de/community/projekt/gardify-dein-persoenlicher-gruner-daumen/1085;Gardify - Dein persönlicher grüner Daumen;Datenanwendung für Öffentlichkeit, KI-Anwendung, Interaktive App;Umweltschutz, Klimaschutz und Klimaanpassung, Natur- und Biodiversitätsschutz, Ressourcenschutz;https://www.civic-coding.de/community/projekt/gardify-dein-persoenlicher-gruner-daumen/1085;Civic Coding;Laufend;Gardify ist eine Garten-App, die Gartenbesitzern durch automatisierte Aufgabenplanung und Anleitungen hilft, ihre Gärten zu pflegen. Geplant sind KI-gestützte Prozessoptimierung, nachhaltige Pflanzpläne, wasseroptimierte Gießerinnerungen und die Förderung heimischer Pflanzenarten;;CC-BY-NC-ND 4.0;https://www.civic-coding.de
https://www.civic-coding.de/community/projekt/map-of-change-haben-wir-die-welt-von-morgen-schon-geschaffen/1084;Map of Change - haben wir die Welt von morgen schon geschaffen?;Datenvisualisierung, Interaktive Karte, Open Data, KI-Anwendung, Datenanalyse;Klimaschutz und Klimaanpassung, Umweltschutz, Gesellschaft und Engagement, Ökologische Nachhaltigkeit;https://www.civic-coding.de/community/projekt/map-of-change-haben-wir-die-welt-von-morgen-schon-geschaffen/1084;Civic Coding;Laufend;Eine Übersicht des EU-weiten gemeinwohl orientierten Wandel in den Bereichen Wirtschaft, Politik und Zivilgesellschaft. Von Direktiven zu Regional weiten Projekten und einzelnen Organisation und Akteur*innen in Städten. Sichtbarkeit für das Unsichtbare welche Morgen retten.;;CC-BY-NC-ND 4.0;https://www.civic-coding.de
https://www.civic-coding.de/community/projekt/open-code-fur-durchs-finanzamt-anerkannt-gemeinnutzige-bzw-gemeinwohl-orientierte-gruppen-oeffnen/1082;"Open CoDE für (durchs Finanzamt anerkannt) ""gemeinnützige"" bzw. Gemeinwohl orientierte Gruppen öffnen.";Open Source, Datenanwendung für Öffentlichkeit, Interaktive App, Partizipation, Soziale Innovationen, Inklusion, Digitale Ethik;Soziale Arbeit, Inklusion, Chancengleichheit, Teilhabe, Gesellschaft und Engagement;https://www.civic-coding.de/community/projekt/open-code-fur-durchs-finanzamt-anerkannt-gemeinnutzige-bzw-gemeinwohl-orientierte-gruppen-oeffnen/1082;Civic Coding;Laufend;"Open CoDE (https://opencode.de) für (durchs Finanzamt anerkannt) ""gemeinnützige"" bzw. ""Gemeinwohl orientierte"" Gruppen aus der Zivilgesellschaft (z.B. Vereine, Stiftungen, etc.) öffnen. Das unterstützt die Ehrenamtsbranche und wirkt umgekehrt positiv auf die Öffentliche Hand.";Open CoDE;CC-BY-NC-ND 4.0;https://www.civic-coding.de
https://www.civic-coding.de/community/projekt/genodigital/1081;#GenoDigital;Beratung, Partizipation, Open Source;Soziale Arbeit, Gesellschaft und Engagement, Partizipation;https://www.civic-coding.de/community/projekt/genodigital/1081;Civic Coding;Laufend;Gemein­­sam bringen wir Genossen­­schaften ins digi­tale Zeitalter. https://genossenschaften.digital/;GenoDigital;CC-BY-NC-ND 4.0;https://www.civic-coding.de
https://www.civic-coding.de/community/projekt/ki-toolbox-fur-die-entwicklung-und-umsetzung-von-sozialunternhemen-in-afrika/1080;KI Toolbox für die Entwicklung und Umsetzung von Sozialunternhemen in Afrika;Beratung, E-Learning, KI-Anwendung;Soziale Arbeit, Bildung, Inklusion, Chancengleichheit, Afrika;https://www.civic-coding.de/community/projekt/ki-toolbox-fur-die-entwicklung-und-umsetzung-von-sozialunternhemen-in-afrika/1080;Civic Coding;Laufend;SINA befähigt benachteiligte junge Menschen in Afrika Sozialunternhemer zu werden. Dabei kommen noch keine KI Tools zum Ansatz, mittlerweile gibt es aber viele hilfreiche Tools für die Entwicklung, Testung und Umsetzung von Sozialunternehmen, die hilfreich wären.;;CC-BY-NC-ND 4.0;https://www.civic-coding.de
https://www.civic-coding.de/community/projekt/monitoring-von-hass-im-netz-mit-einem-simplen-tool-von-ai4democracy/1079;Monitoring von Hass im Netz mit einem simplen Tool - von AI4Democracy;KI-Anwendung, Datenanalyse, Interaktives Dashboard, Open Source, Partizipation, Wissensmanagement;Antirassismus, Chancengleichheit, Demokratie, Inklusion, Medienaufsicht, Politische Bildung, Wahlen;https://www.civic-coding.de/community/projekt/monitoring-von-hass-im-netz-mit-einem-simplen-tool-von-ai4democracy/1079;Civic Coding;Laufend;Das Ziel ist die Entwicklung eines Tools, das es ermöglicht, gegen Hassrede und Fake News in sozialen Medien vorzugehen, insbesondere im Kontext von Wahlen.;;CC-BY-NC-ND 4.0;https://www.civic-coding.de
https://www.civic-coding.de/community/projekt/the-possibilists-directory-eine-digitale-plattform-mit-unterstutzungs-angeboten-fur-junge-changemaker/1078;The Possibilists Directory - eine digitale Plattform mit Unterstützungs-Angeboten für junge Changemaker;Plattform, Datenanwendung für Öffentlichkeit, Interaktives Dashboard, Open Data;Soziale Arbeit, Jugendarbeit, Bildung, Partizipation;www.thepossibilists.org;Civic Coding;Laufend;The Possibilists ist eine von ChangemakerXchange initiierte global Allianz der weltweit größten Netzwerke für soziale Innovation. Via The Possibilists Directory geben wir Millionen junger Changemaker, Aktivist:innen und Sozialunternehmer:innen Zugang zu passgenauer Unterstützung.;;CC-BY-NC-ND 4.0;https://www.civic-coding.de
https://www.civic-coding.de/community/projekt/tilt-transforming-in-a-low-carbon-transition/1074;tilt - transforming in a low-carbon transition;Datenanwendung für Öffentlichkeit, KI-Anwendung, Data Science, Maschinelles Lernen;Klimaschutz und Klimaanpassung, Umweltschutz, Ressourcenschutz;https://www.civic-coding.de/community/projekt/tilt-transforming-in-a-low-carbon-transition/1074;Civic Coding;Laufend;tilt ist eine Software, die Banken dabei hilft, eine Klimastrategie für ihre KMU Portfolios aufzusetzen. Dazu generiert tilt Klimadaten zu KMUs, die Banken nutzen, um KMUs mit Finanzierung und Expertise bei der Transformation zu mehr Klima- und Naturschutz zu unterstützen.;tilt;CC-BY-NC-ND 4.0;https://www.civic-coding.de
https://www.civic-coding.de/community/projekt/foerderfunke/1072;FörderFunke;Datenanwendung für Öffentlichkeit, Interaktive App, Maschinelles Lernen, Open Source, Datenvisualisierung, Web-App;Soziale Arbeit, Partizipation, Bürger:innen, Sozialleistungen, Arbeit;https://www.civic-coding.de/community/projekt/foerderfunke/1072;Civic Coding;Laufend;Der Staat macht Bürger:innen diverse Leistungsangebote. Welche Ansprüche bestehen, ist vielen Menschen nicht bewusst. Anträge werden oft gar nicht oder falsch gestellt. Leistungen gehen verloren. FörderFunke ist eine Platform, die Menschen proaktiv über ihre Ansprüche informiert.;FörderFunke;CC-BY-NC-ND 4.0;https://www.civic-coding.de
https://www.civic-coding.de/community/projekt/meindorfnet-die-datenschutzkonforme-dorfplattform-fur-das-gemeindeleben-und-kommunale-oeffentlichkeitsarbeit/1067;MeinDorfNet - Die datenschutzkonforme Dorfplattform für das Gemeindeleben und kommunale Öffentlichkeitsarbeit;Datenanwendung für Öffentlichkeit, Interaktive App, Plattform, Datenvisualisierung, Web-App, KI-Anwendung;Stadtplanung, Partizipation, Kommunale Öffentlichkeitsarbeit, Dorfgeschehen, Vereine, Bürger;https://www.civic-coding.de/community/projekt/meindorfnet-die-datenschutzkonforme-dorfplattform-fur-das-gemeindeleben-und-kommunale-oeffentlichkeitsarbeit/1067;Civic Coding;Laufend;Eine eigene Plattform für Vereine, Verwaltung und Bürger, im eigenen Design für jedes Dorf. Diese ist so gestaltet, dass die Prozesse der Öffentlichkeitsarbeit für alle Zielgruppen des Dorfes optimiert sind und insbesondere offen und wirklich datenschutzkonform gestaltet sind.;;CC-BY-NC-ND 4.0;https://www.civic-coding.de
https://www.civic-coding.de/community/projekt/badgeup-your-life/1066;BadgeUp Your Life;E-Learning, Datenanwendung für Öffentlichkeit, Interaktive App, KI-Anwendung, Partizipation, Skalierung der Wirkungsmessung;Jugendarbeit, Soziale Arbeit, Bildung, Teilhabe, Inklusion, Chancengleichheit;https://www.civic-coding.de/community/projekt/badgeup-your-life/1066;Civic Coding;Laufend;In Ergänzung von Ehrenamts-Workshops in Schulen skalieren wir unser bereits existierendes VolonTOOL auf eine höhere digitale Ebene. Wir planen die Gamifizierung von Educational Soft Skill Badges von Volunteers in einem Skill Tree und die KI-gestützte Ehrenamts-Projekterfassung.;;CC-BY-NC-ND 4.0;https://www.civic-coding.de
https://www.civic-coding.de/community/projekt/arbeitsoonahe/1062;ArbeitSooNahe;Beratung, KI-Anwendung, Datenanalyse, Maschinelles Lernen, Plattform;Arbeit, Soziale Arbeit, Chancengleichheit, Wirtschaft, Strukturwandel;https://www.civic-coding.de/community/projekt/arbeitsoonahe/1062;Civic Coding;Laufend;Durch die Anwendung von KI-Lösungen in der Arbeitsorganisation und Produktion sollen KMU in strukturschwachen Regionen gestärkt und die Attraktivität des jeweiligen Standortes langfristig gesichert werden.;ArbeitSooNahe;CC-BY-NC-ND 4.0;https://www.civic-coding.de
https://www.civic-coding.de/community/projekt/sucht-reha-goes-ki-therapie-planung-dokumentation-und-pflege-dokumentation/1061;"""Sucht-Reha goes KI"" - Therapie-Planung/-Dokumentation und Pflege-Dokumentation";KI-Anwendung, Datenanwendung für Öffentlichkeit, Therapie-Planung, Pflege-Dokumentation;Rehabilitation, Soziale Arbeit, Gesundheit;https://www.civic-coding.de/community/projekt/sucht-reha-goes-ki-therapie-planung-dokumentation-und-pflege-dokumentation/1061;Civic Coding;Laufend;"Weder Therapeut*innen (für Therapie-Planung u.v.a. Dokumentation) noch Pflegekräfte haben für die Betreuung unserer Rehabilitand*innen aktuell irgendwelche automatisierenden Tools zur Verfügung! Der ""händische"" Aufwand und Druck ist enorm, Therapie und Pflege kommen oft zu kurz.";;CC-BY-NC-ND 4.0;https://www.civic-coding.de
https://www.civic-coding.de/community/projekt/ki-und-inklusion/1058;KI und Inklusion;Inklusion, Datenanalyse, Maschinelles Lernen, Data Science;Inklusion, Arbeit, Soziales, Behinderung;https://www.civic-coding.de/community/projekt/ki-und-inklusion/1058;Civic Coding;Laufend;Wir möchten vielfältige KI-Lösungen in unserem Inklusionsbetrieb testen (Gastronomie, Hotellerie, Eigenprodukte), evaluieren und auf uns zuschneiden, um Barrieren jeglicher Art herabzusetzen. Für Menschen mit Behinderungen und ohne. Und wir möchten diese Erfahrungen teilen.;;CC-BY-NC-ND 4.0;https://www.civic-coding.de
https://www.civic-coding.de/community/projekt/112-ki-rettet-leben/1057;112 - KI rettet Leben;KI-Anwendung, Datenanalyse, Innovation;Rettungsdienst, Gesellschaft und Engagement, Verbraucherschutz;https://www.civic-coding.de/community/projekt/112-ki-rettet-leben/1057;Civic Coding;Laufend;Durch den Einsatz von KI, sollen transkribierte Gespräche in Echtzeit mit den Ortsdaten abgeglichen und automatische Lokalisierung für Notrufe erfolgen, die nicht eindeutig identifizierbar sind und nur anhand von Umgebungsbeschreibung verortet werden müssen.;112 - KI rettet Leben;CC-BY-NC-ND 4.0;https://www.civic-coding.de
https://www.civic-coding.de/community/projekt/wirktsiegel-fur-impact-startups/1053;Wirktsiegel für Impact Startups;KI-Anwendung, Datenanalyse, Maschinelles Lernen, Beratung, Analyse von Sensordaten und ML;Umweltschutz, Klimaschutz und Klimaanpassung, Gesellschaft und Engagement, Arbeit und Soziales, Bildung und Aufklärung;https://www.civic-coding.de/community/projekt/wirktsiegel-fur-impact-startups/1053;Civic Coding;Laufend;Wir von PHINEO Startups wollen ein KI-unterstütztes Self-Assessment-Tool entwickeln, mit dem wir Startups / neugegründeten Unternehmen helfen, ihre gesellschaftliche Wirkung einzuschätzen.;;CC-BY-NC-ND 4.0;https://www.civic-coding.de
https://www.civic-coding.de/community/projekt/intelligente-foerdermittelsuche-fur-npos/1046;Intelligente Fördermittelsuche für NPOs;Datenanwendung für Öffentlichkeit, KI-Anwendung, Open Source;Chancengleichheit, Soziale Arbeit, Technologie;https://www.civic-coding.de/community/projekt/intelligente-foerdermittelsuche-fur-npos/1046;Civic Coding;Laufend;Die Suche nach geeigneten Fördermitteln ist für alle gemeinnützigen Organisationen mit einem hohen (personellen) Aufwand verbunden. Wir wollen KI nutzen, um die Suche nach geeigneten Fördermitteln effektiver, effizienter und einfacher zu gestalten.;;CC-BY-NC-ND 4.0;https://www.civic-coding.de
https://www.civic-coding.de/community/projekt/wasser-fur-den-hohen-flaeming-ki-basierte-entscheidungshilfe-fur-massnahmen-zu-wasserruckhalt-auf-landschaftsebene/1018;Wasser für den hohen Fläming - KI-basierte Entscheidungshilfe für Maßnahmen zu Wasserrückhalt auf Landschaftsebene;KI-Anwendung, Datenvisualisierung, Entscheidungsassistent, Umweltschutz, Klima;Umweltschutz, Klimaschutz, Ländlicher Raum, Regionalentwicklung;https://www.civic-coding.de/community/projekt/wasser-fur-den-hohen-flaeming-ki-basierte-entscheidungshilfe-fur-massnahmen-zu-wasserruckhalt-auf-landschaftsebene/1018;Civic Coding;Laufend;Der hohe Fläming ist eine der trockensten Orte Deutschlands und wir planen eine regionale, KI-basierte Entscheidungshilfe, die es ermöglicht sinnvolle landschaftliche Maßnahmen zum Wasserrückhalt und zur Vermeidung von Waldbränden in ihren Wirkungen und Kosten einzuschätzen.;;CC-BY-NC-ND 4.0;https://www.civic-coding.de
https://www.civic-coding.de/community/projekt/entrynavigator-der-wegbegleiter-fur-internationale-fachkraefte-nach-deutschland/1015;EntryNavigator - Der Wegbegleiter für internationale Fachkräfte nach Deutschland.;KI-Anwendung, Chatbot, Maschinelles Lernen, Natural Language Processing, Open Source;Integration, Arbeitsmarkt, Fachkräftesicherung, Arbeit;https://www.civic-coding.de/community/projekt/entrynavigator-der-wegbegleiter-fur-internationale-fachkraefte-nach-deutschland/1015;Civic Coding;Laufend;Ein KI-gestützter Chatbot, der internationale Fachkräfte bei der Einreise und Arbeitssuche in Deutschland unterstützt, indem er bei Visumsanträgen und behördlichen Prozessen hilft, um Integration und Berufseinstieg zu erleichtern.;EntryNavigator;CC-BY-NC-ND 4.0;https://www.civic-coding.de
https://www.civic-coding.de/community/projekt/ki/1014;KI²;Beratung, Partizipation, KI-Anwendung;Soziale Arbeit, Inklusion, Barrierefreiheit;https://www.civic-coding.de/community/projekt/ki/1014;Civic Coding;Laufend;Das Vorhaben zielt darauf ab, künstliche Intelligenz (KI) in der sozialen Arbeit einzusetzen, um Barrieren für Menschen mit Behinderungen und Menschen mit Migrationsgeschichte abzubauen und einen barrierefreien Zugang zur sozialen Gesellschaft zu fördern. Die Idee besteht darin,;KI²;CC-BY-NC-ND 4.0;https://www.civic-coding.de
https://www.civic-coding.de/community/projekt/equal-work-hub/1012;Human Work Hub;KI Anwendung, Datenanwendung für Öffentlichkeit, Interaktives Dashboard, Matching, Webentwicklung, Beratung, Workshops;Integration, Chancengleichheit, Antirassismus, Gleichstellung, Inklusion, Arbeit, Soziale Arbeit;https://www.civic-coding.de/community/projekt/equal-work-hub/1012;Civic Coding;Laufend;KI-basiertes Interviewtool zur gezielten Bewerber- und Job Profil Erstellung und deren Matching. Für einen Werte- und kompetenzbasierten Bewerbungsprozess ohne Bias. Fokus auf zu integrierende Kandidaten (z.B. Migranten) besonders in die Umweltbranche.;;CC-BY-NC-ND 4.0;https://www.civic-coding.de
https://www.civic-coding.de/community/projekt/ainsight/1011;AInsight;Datenvisualisierung, KI-Anwendung, Interaktive App, Web-App, Browser-Erweiterung;Umweltschutz, Klimaschutz und Klimaanpassung, Ressourcenschutz;https://www.civic-coding.de/community/projekt/ainsight/1011;Civic Coding;Laufend;Viele Nutzende haben kein Verständnis für die Klimaauswirkungen von digitalen Anwendungen. Wir wollen ein Browser-Plugin für ChatGPT implementieren, das die nutzende Person über dessen CO2-Emissionen aufklärt und somit ein Bewusstsein für Ressourcenverbräuche von KI schafft.;;CC-BY-NC-ND 4.0;https://www.civic-coding.de
https://www.civic-coding.de/community/projekt/helpmeai/1010;helpme.ai;Chatbot, Maschinelles Lernen, Mensch-Maschine-Interaktion, Inklusion, Soziale Innovationen, Open Source;Integration, Inklusion, Chancengleichheit, Gesellschaft und Engagement, Arbeits- und Gesundheitsschutz, Rehabilitation, Teilhab;https://www.civic-coding.de/community/projekt/helpmeai/1010;Civic Coding;Laufend;helpme.ai is an AI-powered chatbot, accessible through an app, designed to bridge the gap in healthcare access for socially disadvantaged communities. It simplifies the complexity of healthcare systems, providing immediate, personalized assistance.;helpme.ai;CC-BY-NC-ND 4.0;https://www.civic-coding.de
https://www.civic-coding.de/community/projekt/prisma3d-explain/1009;Prisma3D Explain;KI-Anwendung, Datenvisualisierung, Interaktive App, E-Learning, Web-App;Bildung, Jugend, Weiterbildung, Fachkräftesicherung, Gesellschaft und Engagement;https://www.civic-coding.de/community/projekt/prisma3d-explain/1009;Civic Coding;Laufend;"Mit ""Prisma3D Explain"" erstellen Schüler*innen 3D-animierte Erklärvideos dank KI-gestütztem Motion Capture in nur 5 Minuten. Durch die App entwickeln Schüler*innen 3D-gestalterische Kompetenzen für umweltrelevante Berufe in den Bereichen Medien, Architektur und Ingenieurswesen.";Prisma3D Explain;CC-BY-NC-ND 4.0;https://www.civic-coding.de
https://www.civic-coding.de/community/projekt/scan-your-trash/1008;Scan Your Trash;Open-Source, Bildung, Forschung, Machine Learning, Datenvisualisierung, Web-App, Interaktive App;Bildung, Umweltschutz, Klimaschutz, Partizipation, Open Data;https://www.civic-coding.de/community/mein-profil/meine-projektideen/meine-projektidee-detail/scan-your-trash/1008;Civic Coding;Laufend;Scan Your Trash verbindet Plastikrecycling, Machine Learning und Wissensvermittlung. Die Citizen-Science-App ermöglicht individuellen Usern und Bildungseinrichtungen, Leichtverpackungsabfall zu fotografieren, um dadurch Open Datasets für Computer-Vision-Anwendungen zu erstellen;;CC-BY-NC-ND 4.0;https://www.civic-coding.de
https://www.civic-coding.de/community/projekt/der-into-the-job-power-coach-itjo-poc/1007;Der Into-the-job-Power-Coach (Itjo-Poc);KI-Anwendung, Beratung, Training, Datenanwendung für Öffentlichkeit, Interaktive App;Arbeit, Soziale Arbeit, Bildung, Inklusion, Rehabilitation, Chancengerechtigkeit, Teilnahme;https://www.civic-coding.de/community/projekt/der-into-the-job-power-coach-itjo-poc/1007;Civic Coding;Laufend;Itjo-Poc ist ein digitaler Trainer, der fit für Bewerbungsgespräche und den Beruf macht. Er beinhaltet verschiedene Jobprofile und Schwierigkeitsgrade („zugewandter“ bis offen ablehnender, sozialen und beruflichen Hintergrund des Bewerbenden angreifender Gesprächsführender.);Itjo-Poc;CC-BY-NC-ND 4.0;https://www.civic-coding.de
https://www.civic-coding.de/community/projekt/seagrasswatch-kusten-ki-fur-den-schutz-von-seegraswiesen/1005;SeagrassWatch: Küsten-KI für den Schutz von Seegraswiesen;Datenvisualisierung, KI-Anwendung, Interaktive Karte, Open Source Modellierung, Beratung, Datenanalyse, Web-App;Umweltschutz, Natur- und Biodiversitätsschutz, Klimaschutz und Klimaanpassung, Ressourcenschutz;https://www.civic-coding.de/community/projekt/seagrasswatch-kusten-ki-fur-den-schutz-von-seegraswiesen/1005;Civic Coding;Laufend;Mittels Dropdown-Kameras und Tiefensonar dem Seegras in der Ostsee auf die Spur kommen. Wo sind bestehende Seegrasbestände und Potenzialflächen zur Wiederansiedlung in der Ostsee? Meeresnaturschutz trifft KI.;;CC-BY-NC-ND 4.0;https://www.civic-coding.de
https://www.civic-coding.de/community/projekt/staatklar-dein-digitaler-assistent-fur-die-beantragung-von-staatlicher-unterstutzung/1004;StaatKlar: dein digitaler Assistent für die Beantragung von staatlicher Unterstützung;Datenanwendung für Öffentlichkeit, Interaktiver Fragebogen, Maschinelles Lernen, Spracherkennung, Mensch-Maschine-Interaktion, Datenanalyse, KI-Anwendung;Soziale Arbeit, Inklusion, Chancengleichheit, Bildung, Teilnahme, Arbeit, Soziales, Antirassismus, Geschlechtergerechtigkeit;https://www.civic-coding.de/community/projekt/staatklar-dein-digitaler-assistent-fur-die-beantragung-von-staatlicher-unterstutzung/1004;Civic Coding;Laufend;Entwicklung eines digitalen Assistenten, der mithilfe von Sprachmodellen komplexe Behördeninformationen vereinfacht. Ziel ist das Überbrücken von Wissenslücken und der Abbau bürokratischer Hürden bei der Beantragung staatlicher Ansprüche durch Bürger:innen.;;CC-BY-NC-ND 4.0;https://www.civic-coding.de
https://www.civic-coding.de/community/projekt/ki-geisternetze-open-source/1003;KI Geisternetze Open Source;Open Source, Datenanalyse, Maschinelles Lernen, Ökologische Nachhaltigkeit, Data Science;Umweltschutz, Klimaschutz und Klimaanpassung, Natur- und Biodiversitätsschutz, Ressourcenschutz;https://www.civic-coding.de/community/projekt/ki-geisternetze-open-source/1003;Civic Coding;Laufend;Das KI-Geisternetz-Interface ermöglicht es privatwirtschaftlichen Firmen und staatlichen Institutionen, ihre hydrografischen Daten ausschließlich hinsichtlich potenzieller Netzverdachtsstellen zu teilen, ohne Nutzungsrechte abtreten oder die Daten übertragen zu müssen.;;CC-BY-NC-ND 4.0;https://www.civic-coding.de
https://www.civic-coding.de/community/projekt/visueller-nachhaltigkeitsassistent-fur-kommunale-entscheidungen-ki-basierte-folgenabschaetzung-nach-der-cdmw-methode/1002;"""DANKE"" - Digitaler Assistent für Nachhaltige Kommunale Entwicklung";KI-Anwendung, Datenanalyse, Interaktives Dashboard;Klimaschutz, Umweltschutz, Stadtplanung;https://www.civic-coding.de/community/projekt/visueller-nachhaltigkeitsassistent-fur-kommunale-entscheidungen-ki-basierte-folgenabschaetzung-nach-der-cdmw-methode/1002;Civic Coding;Laufend;DANKE ist eine Assistenzsoftware, die Kommunen eine ganzheitliche Einschätzung und Konzeptionierung ihrer Entwicklungsvorhaben ermöglicht. Ein KI-gestützter Prozess leitet Verwaltungen durch eine Projektevaluation, die anerkannten Modellen nachhaltiger Entwicklung folgt.;DANKE;CC-BY-NC-ND 4.0;https://www.civic-coding.de
https://www.civic-coding.de/community/projekt/claim/1001;Claim;Datenanwendung für Öffentlichkeit, Interaktives Dashboard, KI-Anwendung, Maschinelles Lernen, Natural Language Processing, Open Source Modellierung, Web-App;Arbeit, Chancengleichheit, Inklusion, Soziale Arbeit, Teilhabe, Wohlfahrt;https://www.civic-coding.de/community/projekt/claim/1001;Civic Coding;Laufend;Mit Claim findest du anonymisiert heraus, auf welche staatlichen Förderungen du Anspruch hast und wir helfen dir auch bei der Beantragung dieser. Hierzu füllst du einfach ein Formular in deiner bevorzugten Sprache aus und Claim berechnet KI-unterstützt deine Ansprüche.;;CC-BY-NC-ND 4.0;https://www.civic-coding.de
https://www.civic-coding.de/community/projekt/deine-ide/1000;Deine-I.de;Partizipation, Datenanwendung für ßfentlichkeit, Interaktive App, Open Data;Politische Bildung, Bürgerbeteiligung, Kommunalverwaltung, Jugendbeteiligung;https://www.civic-coding.de/community/projekt/deine-ide/1000;Civic Coding;Laufend;Eine für Kommunen/Politik einfach nutzbare Plattform, um Ideen aus Bürgerbeteiligungsprojekten zu visualisieren, die übersichtlich, und hübsch folgende Fragen beantwortet: Was für Ideen hat es gegeben? Was ist aus ihnen geworden? Wo bleibe ich auf dem Laufenden zu „meiner“ Idee?;;CC-BY-NC-ND 4.0;https://www.civic-coding.de
https://www.civic-coding.de/community/projekt/lokaler-ki-assistent-fur-die-zivilbevoelkerung-loki/999;Lokaler KI-Assistent für die Zivilbevölkerung (LoKI);KI-Anwendung, Datenanalyse, Maschinelles Lernen, Automatisierung, Mensch-Maschine-Interaktion, Digitale Zivilgesellschaft;Verwaltung, Zivilgesellschaft, Arbeit und Soziales, Gesellschaft und Engagement, Verbraucherschutz, Bildung und Aufklärung;https://www.civic-coding.de/community/projekt/lokaler-ki-assistent-fur-die-zivilbevoelkerung-loki/999;Civic Coding;Laufend;Der Lokale KI-Assistent für die Zivilbevölkerung (LoKI) wird ein digitales Kommunikationssystem, welches Bürgerinnen und Bürger auf einfache und schnelle Weise bei Fragen in Bezug auf Behördenprozesse oder andere für die Zivilgesellschaft relevante Themen unterstützt.;LoKI;CC-BY-NC-ND 4.0;https://www.civic-coding.de
https://www.civic-coding.de/community/projekt/ecoadvisor-der-digitale-energieberater-fur-nachhaltiges-wohnen/998;EcoAdvisor: Der Digitale Energieberater für nachhaltiges Wohnen;KI-Anwendung, Energieberatung, Nachhaltigkeit, Umweltschutz, Verbraucherschutz;Umweltschutz, Verbraucherschutz, Klimaschutz, Klimaanpassung, Ressourcenschutz;https://www.civic-coding.de/community/projekt/ecoadvisor-der-digitale-energieberater-fur-nachhaltiges-wohnen/998;Civic Coding;Laufend;EcoAdvisor ist eine KI-gesteuerte App, die Privathaushalten hilft, Energie effizient zu nutzen, Kosten zu sparen und ökologisch bewusster zu leben, indem sie personalisierte Einsparungstipps und Produktvorschläge bietet.;;CC-BY-NC-ND 4.0;https://www.civic-coding.de
https://www.civic-coding.de/community/projekt/aufbau-gpt-als-hilfestellung-bei-der-planung-von-inklusiven-spielplaetzen/997;Aufbau GPT als Hilfestellung bei der Planung von inklusiven Spielplätzen;KI-Anwendung, Inklusion, Partizipation;Inklusion, Partizipation, Klimaschutz und Klimaanpassung;https://www.civic-coding.de/community/projekt/aufbau-gpt-als-hilfestellung-bei-der-planung-von-inklusiven-spielplaetzen/997;Civic Coding;Laufend;Unser Projekt zielt darauf ab, einen KI-basierten Ratgeber für die Planung barrierefreier Spielplätze zu entwickeln, damit Inklusion möglich ist. Dieser Ratgeber wird Expertenwissen mit KI-Analysen kombinieren, um Empfehlungen für barrierefreies Spielplatzdesign bereitzustellen.;;CC-BY-NC-ND 4.0;https://www.civic-coding.de
https://www.civic-coding.de/community/projekt/ki-co-pilot-kicop/996;KI-Co-Pilot (KICoP);KI-Anwendung, Interaktive App, Datenvisualisierung, Web-App, Plattform;Bildung, Inklusion, Teilhabe, Arbeitswelt, Weiterbildung;https://www.civic-coding.de/community/projekt/ki-co-pilot-kicop/996;Civic Coding;Laufend;Der KI-Co-Pilot (KICoP) ist eine Anbindung von generativen KI-Lösungen wie ChatGPT an eine Block-basierte No-Code-Plattform. So können mittels generativer KI neue Blöcke erzeugt werden, was die Fähigkeiten des No-Code Konzepts multipliziert.;KICoP;CC-BY-NC-ND 4.0;https://www.civic-coding.de
https://www.civic-coding.de/community/projekt/futero-jobs-zum-anpacken/995;Futero - Jobs zum Anpacken;Datenanwendung für Öffentlichkeit, KI-Anwendung, Web-App, Plattform;Arbeit, Soziales, Arbeitsmarkt, Fachkräftesicherung, Inklusion, Gleichstellung;https://www.civic-coding.de/community/projekt/futero-jobs-zum-anpacken/995;Civic Coding;Laufend;Mit Futero haben wir es uns zum Ziel gemacht, das Recruiting im Handwerk und der mittelständischen Industrie zu revolutionieren. Hierfür ergänzen wir unsere Jobplattform mit vielen nützlichen KI-Features. So schaffen wir ein modernes & transparentes Recruitment.;;CC-BY-NC-ND 4.0;https://www.civic-coding.de
https://www.civic-coding.de/community/projekt/ecoskills-navigator/994;EcoSkills Navigator;KI-Anwendung, Interaktive App, Datenanwendung für Öffentlichkeit, Weiterbildung, Bildung;Arbeit, Soziales, Umwelt- und Verbraucherschutz, Gesellschaft und Engagement, Weiterbildung, Fachkräftesicherung, Umweltschutz;https://www.civic-coding.de/community/projekt/ecoskills-navigator/994;Civic Coding;Laufend;Der 'EcoSkills Navigator' ist eine KI-gestützte Lernplattform, die individuelle Lernpfade für Nachhaltigkeitswissen in Unternehmen schafft, um den Übergang zu umweltrelevanten Zukunftsberufen zu fördern.;;CC-BY-NC-ND 4.0;https://www.civic-coding.de
https://www.civic-coding.de/community/projekt/femailab/992;FemAILab;Beratung, KI-Anwendung, Interaktives Dashboard, Datenanwendung für Öffentlichkeit, Weiterbildung;Gleichstellung, Chancengleichheit, Bildung, Teilhab, Inklusion;www.gediga-fundraising-pr.de;Civic Coding;Laufend;Mit dem FemAILab ermutigen wir Frauen, mit Hilfe von KI ihre Potenziale zu entdecken. Die Frauen erfahren, wie sie mit dem richtigen Prompting ihre persönliche Berufs-Lern-Begleitung bzw. Tutoring generieren können. Diese begleitet die Frauen in ihrer beruflichen Entwicklung.;FemAILab;CC-BY-NC-ND 4.0;https://www.civic-coding.de
https://www.civic-coding.de/community/projekt/ai-academy/991;AI-Academy;Interaktive Webseite, Beratung, Datenanwendung für Öffentlichkeit, Wissensmanagement, Open Source;Bildung, Arbeit, Gesellschaft und Engagement, Umwelt- und Verbraucherschutz;https://www.civic-coding.de/community/projekt/ai-academy/991;Civic Coding;Laufend;Die AI Akademie stellt eine interaktive Webseite dar, die einen Self-Service-Bereich für unterschiedliche Zielgruppen bietet. Dieser Guide ist darauf ausgerichtet, Nutzern zu assistieren, KI-Lösungen zu identifizieren, die den Anforderungen der EU AI-Act entsprechen.;AI-Academy;CC-BY-NC-ND 4.0;https://www.civic-coding.de
https://www.civic-coding.de/community/projekt/flavourflip-der-greatery-gmbh/990;FlavourFlip der Greatery GmbH;KI-Anwendung, Datenanwendung für Öffentlichkeit, Rezeptvorschläge, Automatisierung, Maschinelles Lernen;Ernährungssicherung, Umweltschutz, Klimaschutz, Innovation, Gesellschaft und Engagement;https://www.civic-coding.de/community/projekt/flavourflip-der-greatery-gmbh/990;Civic Coding;Laufend;FlavourFlip - die moderne Art daheim zu kochen! Durch eine KI werden vorrätige, regional frische Lebensmittel ermittelt & daraus Rezeptvorschläge erarbeitet. Fehlende Zutaten für den besonderen Twist werden CO2-neutral per Post geschickt, besonders vorteilhaft im ländlichen Raum!;;CC-BY-NC-ND 4.0;https://www.civic-coding.de
https://www.civic-coding.de/community/projekt/reimagine-spaces/989;Reimagine Spaces;KI-Anwendung, Datenanalyse, Maschinelles Lernen, Open Data;Stadtplanung, Umweltschutz, Klimaschutz, Barrierefreiheit, Partizipation;https://www.civic-coding.de/community/projekt/reimagine-spaces/989;Civic Coding;Laufend;Wir finden durch Geodatenanalyse gelungene Beispiele für barrierefreie und nachhaltige Orte. Dann trainieren wir eine KI, diese Lösungen mit dem aktuellen Zustand des zu gestaltenden städtischen Raums zu vergleichen und die besten Optionen aufzuzeigen.;;CC-BY-NC-ND 4.0;https://www.civic-coding.de
https://www.civic-coding.de/community/projekt/citizencontract/988;CitizenContract;Open-Source, Datenanwendung für Öffentlichkeit, Interaktive App, KI-Anwendung, Web-App;KMU und Start-up, Arbeitswelt, Gesellschaft und Engagement, Teilnahme;https://www.civic-coding.de/community/projekt/citizencontract/988;Civic Coding;Laufend;CitizenContract wird eine Plattform für die Generierung und Verwaltung von digitalen Verträgen in natürlicher Sprache. Diese benutzerfreundliche App dient als Schnittstelle für Nutzer, um Verträge zu definieren, zu bearbeiten und über ein digitales Vertragssystem zu verifizieren;CitizenContract;CC-BY-NC-ND 4.0;https://www.civic-coding.de
https://www.civic-coding.de/community/projekt/laizee-language-made-easy-einfach-leichte-sprache-fur-jeden-text-website-oder-dokumente/986;"laizee - language made easy: Einfach ""Leichte Sprache"" für jeden Text, Website oder Dokumente";Datenanwendung für Öffentlichkeit, Maschinelles Lernen, Inklusion, Soziale Innovationen, Open Source;Inklusion, Chancengleichheit, Soziale Arbeit, Bildung;https://www.civic-coding.de/community/projekt/laizee-language-made-easy-einfach-leichte-sprache-fur-jeden-text-website-oder-dokumente/986;Civic Coding;Laufend;Mehr als 10 Millionen Menschen profitieren von Texten in Leichter Sprache. Das hat verschiedene Gründe und Ursachen. laizee bietet den Menschen eine LLM-gestützte App, Browser-Plugin und Unterstützung bei der Übersetzung und Formatierung normaler Sprache in Leichte Sprache.;laizee;CC-BY-NC-ND 4.0;https://www.civic-coding.de
https://www.civic-coding.de/community/projekt/neow-the-new-now/985;NEOW - The New Now;InnovationCamps, Datenanalyse, Maschinelles Lernen, Automatisierung & Robotik, Soziale Innovationen, Ökologische Nachhaltigkeit, Digitale Ethik;Umwelt- und Verbraucherschutz, Arbeit und Soziales, Klimaschutz und Klimaanpassung, Ressourcenschutz, Umweltschutz, Verbraucherschutz, Arbeitswelt, Arbeitskultur, Arbeitsorganisation, Arbeits- und Gesundheitsschutz, Mitbestimmung, Arbeitsmarkt, Neue Erwerbsformen, Fachkräftesicherung, Chancengerechtigkeit;https://www.civic-coding.de/community/projekt/neow-the-new-now/985;Civic Coding;Laufend;NEOW ist der neue, nachhaltige und sozial gerechte Weg für Express Logistik. Dem Versendenden wird durch eine KI der günstigste und klimafreundlichste Weg für die Logistikbedürfnisse vorgeschlagen und danach über eine Plattform direkt für faire Raten an Durchführende vermittelt.;NEOW;CC-BY-NC-ND 4.0;https://www.civic-coding.de
https://www.civic-coding.de/community/projekt/travelsync-dynamischer-mitfahr-routenplaner-mit-oeffi-anbindung/984;TravelSync - dynamischer Mitfahr-Routenplaner mit Öffi-Anbindung,;Datenanwendung für Öffentlichkeit, Interaktive App, KI-Anwendung, Open Source;Umweltschutz, Klimaschutz, Verkehr, Partizipation;https://www.civic-coding.de/community/projekt/travelsync-dynamischer-mitfahr-routenplaner-mit-oeffi-anbindung/984;Civic Coding;Laufend;Eine Mitfahr-App/Website, die die Suche nach passenden Fahrten übernimmt. Dabei lernt die KI mit der Zeit beliebige Bedürfnisse (keine Hunde, habe viel Gepäck dabei, Fahrstil). Um soziale Durchmischung zu fördern, versucht die KI unterschiedliche Menschen zusammen zu bringen.;TravelSync;CC-BY-NC-ND 4.0;https://www.civic-coding.de
https://www.civic-coding.de/community/projekt/chatbot-gegen-rechte-hetze/983;Chatbot gegen rechte Hetze;Maschinelles Lernen, Soziale Innovationen, Anti-Diskriminierung;Antirassismus, Inklusion, Gleichstellung;https://www.civic-coding.de/community/projekt/chatbot-gegen-rechte-hetze/983;Civic Coding;Laufend;Wir bauen einen Chatbot, der rechter Hetze auf Social Media etwas entgegensetzt. Mit Argumenten, Fakten und Humor setzt der Bot in Kommentaren auf Social Media rechter Hetze eine klare Haltung entgegen. Mit diesem Angebot entlasten wir Community-Manager und Einzelpersonen.;;CC-BY-NC-ND 4.0;https://www.civic-coding.de
https://www.civic-coding.de/community/projekt/climate-argumentation-assistant/982;Climate Argumentation Assistant;KI-Anwendung, Maschinelles Lernen, Open Source, Datenanalyse, Wissensmanagement;Klimaschutz und Klimaanpassung, Umweltschutz, Gesellschaft und Engagement, Erklärbare KI;https://www.civic-coding.de/community/projekt/climate-argumentation-assistant/982;Civic Coding;Laufend;Klima-Missinformation konstruktiv, gemeinschaftlich und wissenschaftsfundiert begegnen, für eine bessere Klima-Debatte im wachsenden digitalen Raum und öffentliche Akzeptanz. Ungerechter (Meinungs)Macht durch verteiltes Wissen begegnen.;;CC-BY-NC-ND 4.0;https://www.civic-coding.de
https://www.civic-coding.de/community/projekt/deliberaide-the-ai-co-pilot-for-democratic-participation/978;deliberAIde - The AI Co-Pilot for Democratic Participation;KI-Anwendung, Interaktive App, Datenvisualisierung, Web-App, Maschinelles Lernen, Digitale Ethik, Ökologische Nachhaltigkeit, Inklusion, Soziale Innovationen, Automatisierung & Robotik, Bilderkennung, Data Science, Programmierung;Gesellschaft und Engagement, Umwelt- und Verbraucherschutz, Klimaschutz und Klimaanpassung, Inklusion, Chancengerechtigkeit, Teilnahme, Natur- und Biodiversitätsschutz, Ressourcenschutz, Umweltschutz, Verbraucherschutz;https://www.civic-coding.de/community/projekt/deliberaide-the-ai-co-pilot-for-democratic-participation/978;Civic Coding;Laufend;An innovative AI assistant for more inclusive, effective and sustainable communal participation. Adaptable across various formats and use cases, the Co-Pilot can aid with diverse tasks like live translation, results documentation, and making relevant knowledge more accessible.;deliberAIde;CC-BY-NC-ND 4.0;https://www.civic-coding.de
https://www.civic-coding.de/community/projekt/kipp-ki-sprachassistent-zur-ermittlung-der-persoenlichkeitsprofile-fur-eine-gemeinsame-nutzung-von-wohnraum/975;KIPP: KI-Sprachassistent zur Ermittlung der Persönlichkeitsprofile für eine gemeinsame Nutzung von Wohnraum;KI-Anwendung, Interaktive App, Erklärbare KI;Arbeit, Soziales, Inklusion, Chancengleichheit, Teilhab;https://kuwanex.de;Civic Coding;Laufend;Die gemeinsame Nutzung von Wohnraum erfordert eine bestmögliche zwischenmenschliche Passung. Diese wird mittels eines KI-Sprachassistenten ermöglicht, der die Persönlichkeitsprofile mit Präferenzen von anbietenden und suchenden Personen im Dialog erfasst und berücksichtigt.;KIPP;CC-BY-NC-ND 4.0;https://www.civic-coding.de
https://www.civic-coding.de/community/projekt/aican-ai-citizen-science-aqua-network/969;AI.CAN - AI. Citizen Science Aqua Network;Datenanalyse, Maschinelles Lernen, Open Source, Citizen Science, Umweltschutz, Klimaschutz;Umweltschutz, Klimaschutz, Gewässerökologie, Wasserqualität, Bürgerwissenschaften;https://www.civic-coding.de/community/projekt/aican-ai-citizen-science-aqua-network/969;Civic Coding;Laufend;Bürger-Wasser-KI: wir wollen mit Sensor-Boxen Wasserqualitätsdaten sammeln und auswerten. Dafür vernetzen wir uns mit Organisationen und Institutionen entlang der gesamten Oder. Problemstellung: Es existiert kein grenzübergreifendes System zur Verbesserung der Gewässerökologie!;AI.CAN;CC-BY-NC-ND 4.0;https://www.civic-coding.de
https://www.civic-coding.de/community/projekt/rentennavi/968;RentenNavi;KMU und Start-up;Inklusion, Chancengerechtigkeit, Teilnahme, Bildungs- und Aufklärungsmaßnahmen, Anti-Diskriminierung;https://www.civic-coding.de/community/projekt/rentennavi/968;Civic Coding;Laufend;Immer mehr Menschen erreichen das Renteneintrittsalter. Diejenigen mit Sprachproblemen haben es besonders schwer einen Überblick über das Thema zu gewinnen und die erforderlichen Unterlagen korrekt auszufüllen. Ein KI-Assistent in einfacher Sprache kann hier unterstützend wirken.;;CC-BY-NC-ND 4.0;https://www.civic-coding.de
https://www.civic-coding.de/community/projekt/ai-assist-vision/955;AI Assist Vision;Inklusion, Soziale Innovationen, Open Source, Anti-Diskriminierung, Maschinelles Lernen, Bilderkennung, Data Science;Inklusion, Chancengleichheit, Teilhab, Gesellschaft und Engagement, Gleichstellung, Mitbestimmung;https://www.civic-coding.de/community/projekt/ai-assist-vision/955;Civic Coding;Laufend;Wir planen eine innovative App, die mittels KI blinden und sehbehinderten Menschen im Alltag helfen soll. Mit Hilfe von Bilderkennung und Sprachsteuerung unterstützt sie alltägliche Aufgaben und ermöglicht so Betroffenen mehr Selbstständigkeit und Teilhabe im täglichen Leben.;;CC-BY-NC-ND 4.0;https://www.civic-coding.de
https://www.civic-coding.de/community/projekt/newsbuddies-wir-entwickeln-unsere-eigene-ki-news-app/942;Newsbuddies - Wir entwickeln unsere eigene KI-News-App!;KI-Anwendung, Interaktive App, Datenanwendung für Öffentlichkeit, Bildung;Jugend, Bildung, Inklusion, Partizipation;https://dju.social/@brendel;Civic Coding;Laufend;Entwicklung einer LLM-basierten App mit für Jugendliche aufbereiteten Nachrichten. Die Jugendliche werden in Bildungsveranstaltungen (2 Wochenenden) in die Themen KI, Nachrichtenkompetenz und App-Design eingeführt, arbeiten am Design der App mit und testen sie.;;CC-BY-NC-ND 4.0;https://www.civic-coding.de
https://www.civic-coding.de/community/projekt/citizen-knowledge-graph/913;Citizen Knowledge Graph;Datenanwendung für Öffentlichkeit, KI-Anwendung, Interaktive App;Inklusion, Chancengerechtigkeit, Teilhab, Gesellschaft und Engagement;https://www.civic-coding.de/community/projekt/citizen-knowledge-graph/913;Civic Coding;Laufend;"Ein Tool für Bürger um ""Bürokratie-relevante"" Daten (Steuernummer, etc.) zu speichern. Dies erleichtert das Ausfüllen von Formularen und ermöglicht das Durchführen von Queries auf den eigenen Daten, um kontinuierlich neue Berechtigungen und Möglichkeiten zu entdecken.";;CC-BY-NC-ND 4.0;https://www.civic-coding.de
https://www.civic-coding.de/community/projekt/ki-im-outdoorbereich/909;KI im Outdoorbereich;KI Anwendung;Arbeit;https://www.civic-coding.de/community/projekt/ki-im-outdoorbereich/909;Civic Coding;Laufend;to be done;;CC-BY-NC-ND 4.0;https://www.civic-coding.de
https://www.civic-coding.de/community/projekt/fairsync-ai/864;FairSync AI;Datenanwendung für Öffentlichkeit, Maschinelles Lernen, Data Science, Programmierung, Automatisierung & Robotik;Soziale Arbeit, Chancengleichheit, Inklusion, Partizipation;https://wechange.de/user/630/;Civic Coding;Laufend;Einmal hin, alles drin: Derzeit werden auf hunderten Karten und Plattformen sinnvolle Veranstaltungen, Unternehmen für nachhaltigen Konsum oder Initiativen für soziales und ökologisches Engagement gesammelt und vernetzt. Das wollen wir intelligent zusammenführen und verbinden.;;CC-BY-NC-ND 4.0;https://www.civic-coding.de
https://www.civic-coding.de/community/projekt/mutter-erde-ki-wir-geben-mutter-erde-eine-stimme/860;Mutter Erde KI: Wir geben Mutter Erde eine Stimme!;KI-Anwendung, Interaktive App, Erklärbare KI, Bildungs- und Aufklärungsmaßnahmen mit/über KI;Umweltschutz, Klimaschutz, Inklusion, Teilnahme, Bildung, Gesellschaft und Engagement;https://mother-earth.ai/;Civic Coding;Laufend;"Wir arbeiten an einem Mutter Erde Telefon-Prototypen der im öffentlichen Raum eingesetzt werden kann. Durch die Interaktion mit ""Mutter Erde"" ermöglichen wir einen Perspektivenwechsel, der helfen kann die Erde als Ökosystem zu verstehen und gleichzeitig KI ""anfassbar"" zu machen.";Mutter Erde KI;CC-BY-NC-ND 4.0;https://www.civic-coding.de
https://www.civic-coding.de/community/projekt/nect-ident-online-identifizieren-mit-ki/856;Nect Ident - Online identifizieren mit KI;KI-Anwendung, Datenanwendung für Öffentlichkeit, Interaktive App;Arbeit, Soziales, Inklusion, Chancengerechtigkeit, Teilnahme;https://www.civic-coding.de/community/projekt/nect-ident-online-identifizieren-mit-ki/856;Civic Coding;Laufend;Die Hauptfrage bei hoheitlichen, digitalen Prozessen ist: Wie greife ich darauf zu - als Bürger:in und als Unternehmen? Die vollautomatisierten, sicheren und nutzerfreundlichen Identifizierungsverfahren des Nect Ident-Portfolios können dabei helfen: Per KI-Video, eID & Reisepass.;Nect Ident;CC-BY-NC-ND 4.0;https://www.civic-coding.de
https://www.civic-coding.de/community/projekt/synergie-contract-ki-gestutzt-gemeinschaftlich-strom-erzeugen-verteilen-und-nutzen/855;Synergie Contract – KI gestützt gemeinschaftlich Strom erzeugen, verteilen und nutzen;KI-Anwendung, Energie, Innovation, Soziale Innovationen, Automatisierung & Robotik;Energie, Soziale Arbeit, Chancengerechtigkeit, Arbeit;https://www.civic-coding.de/community/projekt/synergie-contract-ki-gestutzt-gemeinschaftlich-strom-erzeugen-verteilen-und-nutzen/855;Civic Coding;Laufend;KI - gesteuerte Gemeinschafts-Energie-Erzeugung (PV), Verteilung (Energie als Währung) & Nutzung (KI-gemanagte Hi-Tec) finanzieren, betreiben und ortsunabhängig verfügbar machen.;;CC-BY-NC-ND 4.0;https://www.civic-coding.de
https://www.civic-coding.de/community/projekt/skyla-die-digitale-assistenz-fur-die-zusammenarbeit-der-zukunft-in-klassenraum-und-kollegium/850;Skyla - Die digitale Assistenz für die Zusammenarbeit der Zukunft in Klassenraum und Kollegium;Datenanwendung für Öffentlichkeit, Interaktive App, KI-Anwendung, Datenmanagement, Datenvisualisierung, Web-App, Plattform;Bildung, Teilnahme, Chancengleichheit, Inklusion, Arbeit, Soziale Arbeit, Kultur;https://www.civic-coding.de/community/projekt/skyla-die-digitale-assistenz-fur-die-zusammenarbeit-der-zukunft-in-klassenraum-und-kollegium/850;Civic Coding;Laufend;Mit Skyla haben Lehrende und Lernende immer alles für ihren Schulalltag an einem Ort! Skyla verbindet die wichtigsten Bedürfnisse im Alltag in einer DSGVO-konformen, browserbasierten und integrierbaren Software-Lösung, klug und automatisch orientiert an dem Rhythmus ihres Tages.;;CC-BY-NC-ND 4.0;https://www.civic-coding.de
https://www.civic-coding.de/community/projekt/sprechende-bilder-reanimierte-vergangenheit/847;Sprechende Bilder – reanimierte Vergangenheit;Beratung, Datenanwendung für Öffentlichkeit, Interaktive App, KI-Anwendung, Open Source Modellierung, Partizipation, Webentwicklung;Bildung, Kultur, Soziale Arbeit, Technologie, Inklusion, Partizipation;https://www.civic-coding.de/community/projekt/sprechende-bilder-reanimierte-vergangenheit/847;Civic Coding;Laufend;Was wäre, wenn Personen auf historischen Porträtfotos mit uns sprechen könnten? Mit unserem Vorhaben geben wir den Protagonisten der Vergangenheit wieder eine Stimme und lassen sie im musealen oder schulischen Kontext selbst von ihren Erlebnissen und Erfahrungen berichten.;;CC-BY-NC-ND 4.0;https://www.civic-coding.de
https://www.civic-coding.de/community/projekt/durch-intelligenten-ad-hoc-verlegung-von-rettungswaegen-leben-retten/845;Durch intelligenten ad-hoc Verlegung von Rettungswägen Leben retten;KI-Anwendung, Datenanalyse, Prognose, Web-Entwicklung;Rettungsdienst, Gesundheit, Stadtplanung, Verkehr;https://www.civic-coding.de/community/projekt/durch-intelligenten-ad-hoc-verlegung-von-rettungswaegen-leben-retten/845;Civic Coding;Laufend;Die Anzahl verfügbarer Rettungswägen ist begrenzt. Bei hohem Einsatzaufkommen kann es zu Versorgungslücken kommen. Gleichzeitig gibt es eine Vielzahl an Daten, aus denen wir mit KI lernen können, um diese Lücken rechtzeitig zu erkennen und zu schließen und so Leben zu retten.;;CC-BY-NC-ND 4.0;https://www.civic-coding.de
https://www.civic-coding.de/community/projekt/die-stille-reserve-fur-die-kinderbetreuung-mobilisieren/844;Die stille Reserve für die Kinderbetreuung mobilisieren;Plattform, KI-Anwendung, Soziale Innovationen, Arbeitsmarkt, Neue Erwerbsformen, Fachkräftesicherung, Weiterbildung, Teilnahme;Arbeit, Soziales, Kinderbetreuung, Arbeitsmarkt, Fachkräftesicherung;https://www.civic-coding.de/community/projekt/die-stille-reserve-fur-die-kinderbetreuung-mobilisieren/844;Civic Coding;Laufend;"Der Fachkräftemangel in der Kinderbetreuung wird durch Menschen der ""stillen Reserve"" gelindert. KiTas brauchen kurzfristig Unterstützung, wenn Mitarbeiter z.B. krankheitsbedingt ausfallen. Menschen in der stillen Reserve suchen flexible Arbeitsmöglichkeiten in geringen Umfang.";;CC-BY-NC-ND 4.0;https://www.civic-coding.de
https://www.civic-coding.de/community/projekt/1-bild-sagt-mehr-als-1000-worte/843;1 Bild sagt mehr als 1000 Worte;KI Anwendung, Inklusion, Bildung, Soziale Innovationen;Inklusion, Bildung, Soziale Arbeit, Teilhabe;https://www.civic-coding.de/community/projekt/1-bild-sagt-mehr-als-1000-worte/843;Civic Coding;Laufend;Eine KI-Lösung erstellt Bilder für Texte erstellt und hilft Menschen mit Sprachschwierigkeiten geschriebene Materialien zu verstehen. Sprachbarrieren werden reduziert, indem das Verständnis selbst komplexer Ideen automatisiert durch visuelle Darstellungen unterstützt wird.;;CC-BY-NC-ND 4.0;https://www.civic-coding.de
https://www.civic-coding.de/community/projekt/ai2destination-ki-basiertes-system-fur-stationaeres-bettenmanagement-und-krankenhausverlegungen/842;AI2destination - KI-basiertes System für stationäres Bettenmanagement und Krankenhausverlegungen;KI-Anwendung, Datenanalyse, Prozessoptimierung;Gesundheit, Rettungsdienst, Krankenhaus;https://www.civic-coding.de/community/projekt/ai2destination-ki-basiertes-system-fur-stationaeres-bettenmanagement-und-krankenhausverlegungen/842;Civic Coding;Laufend;Es soll ein intelligentes Be- und Verlegungsmanagementsystem an der Schnittstelle zwischen Rettungsdienst und Krankenhaus entwickelt werden, das bei Sekundäreinsätzen und Großschadenslagen durch Vorschläge geeigneter Transportmittel und Zielkliniken unterstützt.;AI2destination;CC-BY-NC-ND 4.0;https://www.civic-coding.de
https://www.civic-coding.de/community/projekt/anymate-live/841;Anymate Live;KI-Anwendung, Datenvisualisierung, Interaktive App, Maschinelles Lernen, Spracherkennung, Web-App;Inklusion, Chancengerechtigkeit, Arbeit, Soziales, Barrierefreiheit;https://www.civic-coding.de/community/projekt/anymate-live/841;Civic Coding;Laufend;“Anymate Live” ist eine KI-basierte Videoproduktionsplattform zur automatisierten Erstellung von multilingualen (Gebärdensprach)Videos IN ECHTZEIT. Die Videoerstellung erfolgt durch Texteingabe, mithilfe fotorealistischer KI-Avatare.;;CC-BY-NC-ND 4.0;https://www.civic-coding.de
https://www.civic-coding.de/community/projekt/foerderbot/840;FörderBot;KI-Anwendung, Datenanwendung für Öffentlichkeit, Innovative KI-basierte Technologie, Interaktive App, Maschinelles Lernen, Natural Language Processing, Web-App;Arbeit, Soziales, Inklusion, Chancengerechtigkeit, Teilnahme, Soziale Arbeit, Förderung sozialer Einrichtungen;https://www.civic-coding.de/community/projekt/foerderbot/840;Civic Coding;Laufend;Unterstütze Vereine bei Förderanträgen durch personalisierte Empfehlungen. Mit KI-Technologie können Vereinsbedürfnisse erfasst werden, um die richtigen Fördermöglichkeiten zu finden. Zeit- und Ressourcenersparnis, höhere Erfolgschance bei Förderanträgen.;;CC-BY-NC-ND 4.0;https://www.civic-coding.de
https://www.civic-coding.de/community/projekt/edtech-for-diversity-in-ai-kompetenzen-fur-die-diversitaetssensible-einfuhrung-menschenzentrierter-ki-in-unternehmen/839;EdTech for Diversity in AI - Kompetenzen für die diversitätssensible Einführung menschenzentrierter KI in Unternehmen;KI-Anwendung, Datenanwendung für Öffentlichkeit, Interaktive App, E-Learning, Beratung;Arbeit, Soziales, Bildung, Inklusion, Chancengerechtigkeit;www.female.vision;Civic Coding;Laufend;Menschenzentrierte digitale Anwendungen, z.B. für Recruiting, kommen in Unternehmen verstärkt zum Einsatz. Um damit verbundene Diskriminierungsrisiken zu vermeiden, sollen Unternehmen über eine KI-gestützte Lernplattform zu einer diversitätssensiblen Einführung befähigt werden.;;CC-BY-NC-ND 4.0;https://www.civic-coding.de
https://www.civic-coding.de/community/projekt/gomi-recycle-upcycle-reduce/838;GOMI: Recycle - Upcycle - Reduce;Datenanwendung für Öffentlichkeit, Maschinelles Lernen, Bilderkennung, Soziale Innovationen;Umweltschutz, Klimaschutz, Bildung, Partizipation;https://www.civic-coding.de/community/projekt/gomi-recycle-upcycle-reduce/838;Civic Coding;Laufend;GOMI hilft bei der schnellen und korrekten Recycling-Entscheidung von Gegenständen und schlägt Upcycling-Ideen, Verkaufsmöglichkeiten oder umweltfreundliche Alternativen vor. Durch GOMI kann das Müllaufkommen und der CO₂-Ausstoß reduziert werden.;GOMI;CC-BY-NC-ND 4.0;https://www.civic-coding.de
https://www.civic-coding.de/community/projekt/ki-foerderagent-foerdermittel-automatisch-finden-damit-mehr-zeit-furs-wesentliche-bleibt-hat/837;KI Förderagent - Fördermittel automatisch finden, damit mehr Zeit fürs Wesentliche bleibt hat.;Datenanalyse, KI-Anwendung, Interaktive App;Soziale Arbeit, Chancengleichheit, Inklusion;https://www.civic-coding.de/community/projekt/ki-foerderagent-foerdermittel-automatisch-finden-damit-mehr-zeit-furs-wesentliche-bleibt-hat/837;Civic Coding;Laufend;Gesellschaftlich tätige Organisationen benötigen oft viel Zeit für das Akquirieren und Managen von Fördermitteln. NPL kann die Recherche von Fördermöglichkeiten beschleunigen und verbessern. So werden Chancen besser genutzt und es bleibt mehr Zeit für die eigentliche Arbeit.;;CC-BY-NC-ND 4.0;https://www.civic-coding.de
https://www.civic-coding.de/community/projekt/intelligent-invoice-manager/836;Intelligent Invoice Manager;Datenanwendung für Öffentlichkeit, Automatisierung, KI-Anwendung;KMU und Start-up, Arbeit und Soziales, Arbeitswelt, Arbeitsorganisation;https://www.civic-coding.de/community/projekt/intelligent-invoice-manager/836;Civic Coding;Laufend;Intelligent Invoice Manager is a software tool that helps businesses and self-employed. Such as detect duplicates, and detect payments. Moreover, it simplify communicating to tax consultant for sharing expenses and incomes;;CC-BY-NC-ND 4.0;https://www.civic-coding.de
https://www.civic-coding.de/community/projekt/motioncomposer-lite/835;MotionComposer Lite;E-Learning, Datenanwendung für Öffentlichkeit, Interaktive App, Innovative KI-basierte Technologie, Maschinelles Lernen;Inklusion, Rehabilitation, Teilnahme, Soziale Arbeit, KMU und Start-up;https://www.civic-coding.de/community/projekt/motioncomposer-lite/835;Civic Coding;Laufend;MotionComposer is a device for persons with disabilities that turns movement into music. It is being used in Institutions around Germany and Europe. With the help of FusionSystems, and AI, we propose to develop a much lower-cost, app-based, version of this remarkable device.;;CC-BY-NC-ND 4.0;https://www.civic-coding.de
https://www.civic-coding.de/community/projekt/kimup-ki-gestutztes-monitoring-zur-unterstutzung-in-der-haeuslichen-pflege/827;KIMUP: KI-gestütztes Monitoring zur Unterstützung in der häuslichen Pflege;Datenanalyse, Maschinelles Lernen, Mensch-Maschine-Interaktion, Inklusion, Datensatz;Soziale Arbeit, Gesundheit, Inklusion, Rehabilitation, Teilhab;https://www.civic-coding.de/community/projekt/kimup-ki-gestutztes-monitoring-zur-unterstutzung-in-der-haeuslichen-pflege/827;Civic Coding;Laufend;4 von 5 Pflegebedürftigen werden in Deutschland zu Hause versorgt – häufig mit Unterstützung pflegender Angehöriger. Ziel des Projektes ist die Umsetzung eines App-basierten Systems zur Bewertung der Aktivität von gepflegten Angehörigen in ihrer häuslichen Umgebung.;KIMUP;CC-BY-NC-ND 4.0;https://www.civic-coding.de
https://www.civic-coding.de/community/projekt/der-intelligente-genderstern/826;Der intelligente Genderstern;Interaktive App, KI-Anwendung, Open Source Modellierung, Datenvisualisierung, Web-App, E-Learning, Interaktives Dashboard;Bildung, Inklusion, Partizipation, Arbeit, Soziale Arbeit, Integration;https://www.civic-coding.de/community/projekt/der-intelligente-genderstern/826;Civic Coding;Laufend;Anstelle eines statischen Gendersterns soll sich in digitalen Lernmedien ein interaktiver Genderstern einbetten lassen, über den man detailliertere Informationen aufrufen kann. Die Informationen werden mittels KI generiert (auf Basis individuell angelegter Keywords).;;CC-BY-NC-ND 4.0;https://www.civic-coding.de
https://www.civic-coding.de/community/projekt/individuelles-lernen-der-deutschen-sprache-fur-zugewanderte-ermoeglichen/825;Individuelles Lernen der deutschen Sprache für Zugewanderte ermöglichen;E-Learning, KI-Anwendung, Maschinelles Lernen;Integration, Bildung, Arbeit, Soziale Arbeit, Chancengleichheit;https://www.civic-coding.de/community/projekt/individuelles-lernen-der-deutschen-sprache-fur-zugewanderte-ermoeglichen/825;Civic Coding;Unbekannt;Inzwischen stellen wir fest, dass die hohe Diversität der Teilnehmer*innen in Herkunft, kulturellen Hintergründe oder Alter den Lernfortschritt an Hand von Lehrbüchern und Arbeitsblättern erschweren. Wir möchten das Konzept des adaptiven Lernens anwenden.;;CC-BY-NC-ND 4.0;https://www.civic-coding.de
https://www.civic-coding.de/community/projekt/entscheidung-der-hr-verbessern-diskriminierungen-und-vorbehalte-mindern-und-effektiv-entscheidungen-treffen/824;Entscheidung der HR verbessern. Diskriminierungen und Vorbehalte mindern und effektiv Entscheidungen treffen.;KI-Anwendung, Datenanalyse, Innovative Technologie, Machine Learning, Predictive Analytics, Automatisierung, Chancengerechtigkeit, Inklusion, Arbeitswelt, Arbeitskultur, Arbeitsorganisation, Arbeitsmarkt, Fachkräftesicherung, Weiterbildung, Teilhab;Arbeit, Soziales, Arbeitswelt, Arbeitskultur, Arbeitsorganisation, Arbeitsmarkt, Fachkräftesicherung, Weiterbildung, Inklusion, Chancengerechtigkeit, Teilhabe;https://www.civic-coding.de/community/projekt/entscheidung-der-hr-verbessern-diskriminierungen-und-vorbehalte-mindern-und-effektiv-entscheidungen-treffen/824;Civic Coding;Laufend;Die Anwendung künstlicher Intelligenz (KI) zur Förderung von Vielfalt und Inklusion am Arbeitsplatz ist seit vielen Jahren ein heißes Thema. KI kann verwendet werden, um den Zugang zu Chancen zu verbessern, Vorurteile zu reduzieren, Prozesse zu automatisieren.;;CC-BY-NC-ND 4.0;https://www.civic-coding.de
https://www.civic-coding.de/community/projekt/ki-gestutzte-moderation-von-online-diskussionen-diskriminierungsarm-gestalten-ki-modi/821;KI-gestützte Moderation von Online-Diskussionen diskriminierungsarm gestalten (KI-MoDi);KI-Anwendung, Analyse von Sensordaten und ML, Erklärbare KI, Diskriminierungsarm, Open Source;Chancengleichheit, Arbeit, Soziales, Teilhabegerechtigkeit;https://www.civic-coding.de/community/projekt/ki-gestutzte-moderation-von-online-diskussionen-diskriminierungsarm-gestalten-ki-modi/821;Civic Coding;Laufend;Mit KI-MoDi möchten wir modellhaft zeigen, wie man Diskriminierungsrisiken von KI-Systemen analysieren und ihnen entgegenwirken kann. Am Beispiel des bestehenden Systems KOSMO erarbeiten wir ein Modell zur Analyse und Reduktion von Diskriminierung in KI-Sprachmodellen.;KI-MoDi;CC-BY-NC-ND 4.0;https://www.civic-coding.de
https://www.civic-coding.de/community/projekt/org-ai-nisation-smartes-dienstplanungstool-fur-faire-arbeitsbedingungen-im-gesundheitswesen/819;Org-AI-nisation: Smartes Dienstplanungstool für faire Arbeitsbedingungen im Gesundheitswesen;KI-Anwendung, Datenvisualisierung, Web-App, Interaktive App, Maschinelles Lernen;Gesundheit, Arbeitswelt, Arbeits- und Gesundheitsschutz, Chancengerechtigkeit;https://www.civic-coding.de/community/projekt/org-ai-nisation-smartes-dienstplanungstool-fur-faire-arbeitsbedingungen-im-gesundheitswesen/819;Civic Coding;Laufend;Die Dienstplanung in Kliniken ist komplex und daher sind die Bedürfnisse des Personals oft zweitrangig. Unser KI-gestütztes Tool soll eine dynamische, faire und transparente Planung ermöglichen, indem individuelle Präferenzen und Rückmeldungen des Personals berücksichtigt werden.;Org-AI-nisation;CC-BY-NC-ND 4.0;https://www.civic-coding.de
https://www.civic-coding.de/community/projekt/tinder-fur-arbeitsplaetze-fur-mehr-matches-auf-dem-arbeitsmarkt/815;"Tinder für Arbeitsplätze - Für mehr ""Matches"" auf dem Arbeitsmarkt";Maschinelles Lernen, Soziale Innovationen, Datenanwendung für Öffentlichkeit, Interaktive App;Arbeit, Soziales, Chancengerechtigkeit;https://www.civic-coding.de/community/projekt/tinder-fur-arbeitsplaetze-fur-mehr-matches-auf-dem-arbeitsmarkt/815;Civic Coding;Laufend;Viele Menschen haben Probleme bei der Suche nach einer Arbeitsstelle. Wir wollen diesem Problem mit einem KI-gestützten Algorithmus, das sich am „Tinder-Swipen“ orientiert, entgegentreten und für mehr „Matches“ auf dem Arbeitsmarkt sorgen.;;CC-BY-NC-ND 4.0;https://www.civic-coding.de
https://www.civic-coding.de/community/projekt/stereoff-automatisierte-identifikation-und-analyse-von-geschlechterstereotypen/814;StereOFF - Automatisierte Identifikation und Analyse von Geschlechterstereotypen;Datenanalyse, Maschinelles Lernen, Natural Language Processing, Automatisierung, Inklusion, Bildung;Bildung, Soziale Arbeit, Chancengleichheit, Inklusion;https://www.dfki.de/web/forschung/forschungsbereiche/smart-enterprise-engineering;Civic Coding;Laufend;Um Geschlechterungleichheiten in der Gesellschaft entgegenzuwirken, entwickeln wir das Tool StereoOff, das Geschlechterstereotype in Lernmaterialien des Aus- und Weiterbildungsbereichs automatisiert identifiziert und langfristig auf vielfältige Domänen übertragen werden kann.;StereOFF;CC-BY-NC-ND 4.0;https://www.civic-coding.de
https://www.civic-coding.de/community/projekt/kiring-new-employees-effiziente-social-media-praesenz-durch-innovative-technologie/811;„KI“ring new employees: Effiziente Social Media-Präsenz durch innovative Technologie;KI-Anwendung, Datenanalyse, Maschinelles Lernen, Automatisierung, Innovative Technologie;Arbeit, Soziales, Kleinbetriebe, Kommunen, Handwerksbetriebe;https://www.civic-coding.de/community/projekt/kiring-new-employees-effiziente-social-media-praesenz-durch-innovative-technologie/811;Civic Coding;Laufend;Diese Projektidee setzt auf KI in Human Ressources, um die Social Media Präsenz von Kleinbetrieben, Kommunen sowie Handwerksbetrieben zu stärken und dem Fachkräftemangel entgegenzuwirken. KI erstellt individuelle Inhalte, um die Reichweite und Personalbeschaffung zu verbessern.;;CC-BY-NC-ND 4.0;https://www.civic-coding.de
https://www.civic-coding.de/community/projekt/senior-residenz-soziale-aktivitaeten-vorschlagende-und-organisatorin/810;Senior Residenz Soziale Aktivitäten Vorschlagende und Organisatorin;Datenanwendung für Öffentlichkeit, Interaktive App, KI-Anwendung;Soziale Arbeit, Senioren, Partizipation;https://www.civic-coding.de/community/projekt/senior-residenz-soziale-aktivitaeten-vorschlagende-und-organisatorin/810;Civic Coding;Laufend;Eine App schlägt vor, fördert, organisiert und unterstützt soziale Aktivitäten, die auf die individuellen Profile der Bewohner eines Seniorenheims zugeschnitten sind, und zwar im Kontext der Einrichtungen und der lokalen Umgebung.;;CC-BY-NC-ND 4.0;https://www.civic-coding.de
https://www.civic-coding.de/community/projekt/fr-ai-willig-ki-asisstent-fur-vereine/809;Fr-AI-willig: KI Asisstent für Vereine;KI-Anwendung, Chatbot, Verwaltung, Automatisierung, Datenanalyse;Vereine, Soziale Arbeit, Arbeit, Soziales;https://www.civic-coding.de/community/projekt/fr-ai-willig-ki-asisstent-fur-vereine/809;Civic Coding;Laufend;KI-unterstützter Chatbot für Vereine: Effiziente Verwaltung von Kommunikation, Terminen, Projekten, Finanzen und administrativen Aufgaben. Entlastet ehrenamtliche Führung und sorgt für reibungslose Prozesse. Intuitiv zu nutzen, zeitsparend, kosteneffektiv und zuverlässig.;Fr-AI-willig;CC-BY-NC-ND 4.0;https://www.civic-coding.de
https://www.civic-coding.de/community/projekt/speaksense-ai-diagnostics-a-voice-based-ai-solution-for-detecting-and-diagnosing-depression/807;SpeakSense AI Diagnostics: A voice-based AI solution for detecting and diagnosing depression.;KI-Anwendung, Diagnose, Sprachanalyse;Gesundheit, Soziales, Arbeit;https://www.civic-coding.de/community/projekt/speaksense-ai-diagnostics-a-voice-based-ai-solution-for-detecting-and-diagnosing-depression/807;Civic Coding;Laufend;SpeakSense AI Diagnostics - Revolutionizing medical diagnosis with AI. Our voice-based application accurately detects and diagnoses depression and suicidal persons based on speech patterns and voice characteristics. Making healthcare more accessible and efficient. #AIDiagnostics.;;CC-BY-NC-ND 4.0;https://www.civic-coding.de
https://www.civic-coding.de/community/projekt/karriere-ki-ckstart/805;Karriere-KI-ckstart;Beratung, KI-Anwendung, Chatbot, Maschinelles Lernen, Natural Language Processing;Arbeit, Soziales, Arbeitsmarkt, Aus- und Weiterbildung;https://www.civic-coding.de/community/projekt/karriere-ki-ckstart/805;Civic Coding;Unbekannt;KI-basierter Chatbot hilft bei Karriere durch personalisierte Jobempfehlungen, beschleunigte Bewerbungsprozesse und 24/7 Verfügbarkeit. Stärken werden verbessert, Fähigkeiten identifiziert. Ressourcen und Datenanalyse unterstützen Fortschritt in Bewerbung und Karriereentwicklung.;;CC-BY-NC-ND 4.0;https://www.civic-coding.de
https://www.civic-coding.de/community/projekt/ideationai-neue-ideen-und-loesungen-durch-ki-gestutzte-ideation/803;IdeationAI: Neue Ideen und Lösungen durch KI-gestützte Ideation;KI-Anwendung, Datenanalyse, Maschinelles Lernen, Automatisierung, Innovation;Arbeit, Soziales, Bildung, Forschung;https://www.iebd.uni-luebeck.de/;Civic Coding;Laufend;IdeationAI hilft dabei Probleme zu identifizieren und innovative Lösungen zu generieren. Mit Hilfe von künstlicher Intelligenz wird eine breite Palette an Lösungsoptionen erstellt und anschließend bewertet, was die Chancen auf erfolgreiche Innovationen erhöht.;;CC-BY-NC-ND 4.0;https://www.civic-coding.de
https://www.civic-coding.de/community/projekt/ki-unterstutztes-sensemaking-als-mittel-zur-depolarisierung-der-gesellschaft/802;KI-unterstütztes Sensemaking als Mittel zur Depolarisierung der Gesellschaft;KI-Anwendung, Datenanalyse, Interaktives Dashboard, Maschinelles Lernen, Natural Language Processing, Web-App;Bildung, Inklusion, Partizipation, Soziale Arbeit, Teilhabe, Weiterbildung;www.iebd.uni-luebeck.de;Civic Coding;Laufend;Unsere Gesellschaft ist durch eine starke Tendenz der Polarisierung geprägt, die zu sozialen Spannungen innerhalb der Gesellschaft führt. Mithilfe eines KI-unterstüztes Sensemaking soll die Fähigkeit von Personen gestärkt werden, die Perspektive anderer Personen zu verstehen.;;CC-BY-NC-ND 4.0;https://www.civic-coding.de
https://www.civic-coding.de/community/projekt/omos-online-migrationsberatung-ohne-sprachbarrieren/801;OMoS - Online-Migrationsberatung ohne Sprachbarrieren;KI-Anwendung, Datenanwendung für Öffentlichkeit, Interaktive App, Beratung, E-Learning, Web-App;Migration, Inklusion, Teilnahme, Arbeit, Soziales;https://www.civic-coding.de/community/projekt/omos-online-migrationsberatung-ohne-sprachbarrieren/801;Civic Coding;Laufend;Migrationsberatung ist ressourcenintensiv. Mit Hilfe des NLP-Frameworks Haystack wollen wir existente Datenbanken nutzen, um grundlegende Fragen zu beantworten und mit KI-basierten Machine Translations eine Echtzeit-Beratung mit Simultanübersetzungen den Aufwand minimieren.;OMoS;CC-BY-NC-ND 4.0;https://www.civic-coding.de
https://www.civic-coding.de/community/projekt/ki-basierte-assistenz-fur-ein-aktiveres-und-eigenstaendigeres-leben-mit-diabetes/800;KI-basierte Assistenz für ein aktiveres und eigenständigeres Leben mit Diabetes.;KI-Anwendung, Datenanalyse, Maschinelles Lernen, Mensch-Maschine-Interaktion, Inklusion, Weiterbildung;Gesundheit, Inklusion, Teilhabe, Weiterbildung;https://www.civic-coding.de/community/projekt/ki-basierte-assistenz-fur-ein-aktiveres-und-eigenstaendigeres-leben-mit-diabetes/800;Civic Coding;Laufend;Eine App die Menschen mit insulinpflichtigem Diabetes beim Sport unterstützt. Durch die Kombination von medizinischen Leitlinien und Gesundheitssensoren, werden Tipps und Empfehlungen zum Sport erstellt. Mittels KI-basierten Datenanalysen werden die Inhalte dann personalisiert.;;CC-BY-NC-ND 4.0;https://www.civic-coding.de
https://www.civic-coding.de/community/projekt/leed-ai-legal-education-ai/799;LeEd-AI (Legal Education AI);Bildung, Forschung, KI-Anwendung, Interaktive App, Web-App;Bildung, Hochschullehre, Rechtsdidaktik, Hochschuldidaktik, Future-Readiness;https://www.civic-coding.de/community/projekt/leed-ai-legal-education-ai/799;Civic Coding;Laufend;Grundgedanke ist es, einen hochschuldidaktischen Interventionsdesigner (=Lehre) zu entwickeln. Anhand von Kontextinformationen und Zielen soll ein Grobkonzept auf mittlerer Abstraktion didaktischen Handelns, ausgegeben werden. Dieses soll als Rahmen für die Detailplanung dienen.;LeEd-AI;CC-BY-NC-ND 4.0;https://www.civic-coding.de
https://www.civic-coding.de/community/projekt/ki-lehrplattform/790;KI Lehrplattform;E-Learning, Datenanwendung für Öffentlichkeit, Interaktive App, Web-App, Plattform;Bildung, Inklusion, Chancengerechtigkeit, Partizipation;https://www.civic-coding.de/community/projekt/ki-lehrplattform/790;Civic Coding;Laufend;Unsere Lehrplattform für KI-Bildung soll Lehrkräften leicht Zugang zu Materialien bieten, um KI-Wissen im Unterricht inhaltlich hochwertig zu vermitteln. Wir möchten Lehrkräfte unterstützen, guten Unterricht zu geben und Schüler:innen gute KI-Bildung ermöglichen.;;CC-BY-NC-ND 4.0;https://www.civic-coding.de
https://www.civic-coding.de/community/projekt/mi4people-machine-intelligence-fur-das-gemeinwohl/786;MI4People - Machine Intelligence für das Gemeinwohl;Beratung, Datenanwendung für Öffentlichkeit, KI-Anwendung, Open Source Modellierung, Partizipation, Prozessautomatisierung, Web-App;Arbeit, Chancengleichheit, Inklusion, Integration, Soziale Arbeit, Umweltschutz;https://www.civic-coding.de/community/projekt/mi4people-machine-intelligence-fur-das-gemeinwohl/786;Civic Coding;Laufend;MI4People ist ein Netzwerk von hoch-qualifizierten Volontären, die KI- und Data-Science-Anwendungen erstellen, die dabei helfen humanitäre und ökologische Probleme unserer Welt zu lösen. Es soll als R&D Department für das Gemeinwohlsektor agieren.;MI4People;CC-BY-NC-ND 4.0;https://www.civic-coding.de
https://www.civic-coding.de/community/projekt/feminist-ai-and-digital-policy-roundtable-eine-feministische-zukunftsvision/783;Feminist AI and Digital Policy Roundtable - eine feministische Zukunftsvision;Beratung, Forschung, Innovative KI-basierte Technologie, Interaktives Dashboard, Datenvisualisierung, Web-App, Plattform;Chancengleichheit, Geschlechtergerechtigkeit, Inklusion, Partizipation, Bildung, Arbeit, Soziales;https://www.civic-coding.de/community/projekt/feminist-ai-and-digital-policy-roundtable-eine-feministische-zukunftsvision/783;Civic Coding;Laufend;"Die Vision einer feministischen Zukunft durch den Einsatz von KI und entsprechenden digitalpolitischen Leitlinien haben wir in den letzten sechs Monaten mit einer Reihe von relevanten Stakekolder:innen in unserem ""Feminist AI and Digital Policy Roundtable"" gestartet.";;CC-BY-NC-ND 4.0;https://www.civic-coding.de
https://www.civic-coding.de/community/projekt/ki-basierte-burgerkommunikation-fur-soziales-und-oekologisches-loswerden-von-dingen/782;"KI-basierte Bürgerkommunikation für soziales und ökologisches ""Loswerden von Dingen""";KI-Anwendung, Datenanwendung für Öffentlichkeit, Interaktiver Fragebogen, Beratung, E-Learning;Umweltschutz, Klimaschutz, Soziale Arbeit, Partizipation, Bildung;https://www.civic-coding.de/community/projekt/ki-basierte-burgerkommunikation-fur-soziales-und-oekologisches-loswerden-von-dingen/782;Civic Coding;Laufend;Es wird ein Bot konzipiert, der Nutzerinnen und Nutzer Entscheidungsoptionen aufzeigt, wie er/sie Dinge nachhaltig loswerden kann. Die Person gibt Informationen zum Objekt, Zustand und Ort und erhält auf Basis von KI sehr schnell sachlich formulierte Vorschläge.;;CC-BY-NC-ND 4.0;https://www.civic-coding.de
https://www.civic-coding.de/community/projekt/blowi/781;BLOWI;Blog, Open-Access, Wissenschaftskommunikation, KI-Anwendung;Bildung, Forschung, Arbeit, Soziales, Inklusion;https://www.civic-coding.de/community/projekt/blowi/781;Civic Coding;Laufend;Blog im Open-Access-Format als Möglichkeit der Wissenschaftskommunikation. Anschlussfähige Themen aus Gesellschaft und Wirtschaft mittels KI finden.;BLOWI;CC-BY-NC-ND 4.0;https://www.civic-coding.de
https://www.civic-coding.de/community/projekt/entlastung-von-pflegekraeften-per-ki/779;Entlastung von Pflegekräften per KI;KI-Anwendung, Maschinelles Lernen, Datenanalyse, Inklusion, Arbeits- und Gesundheitsschutz;Gesundheit, Soziale Arbeit, Inklusion, Arbeit und Soziales;https://www.civic-coding.de/community/projekt/entlastung-von-pflegekraeften-per-ki/779;Civic Coding;Unbekannt;Um unser Gesundheitssystem zu erhalten, ist die Gesundheitsvorsorge von Pflegekräften ein wichtiges Anliegen. Mit einem zu entwickelnden System, sollen Pflegekräfte unterstützt werden, körperliche Belastungen zu erkennen / zu vermeiden und Gegenmaßnahmen zu empfehlen.;;CC-BY-NC-ND 4.0;https://www.civic-coding.de
https://www.civic-coding.de/community/projekt/ki-luftanalyse-von-schimmelsporen-pollen-und-anderen-gesundheitsschaedlichen-partikeln-einsetzbar-von-und-fur-jeden/778;KI - Luftanalyse von Schimmelsporen, Pollen und anderen gesundheitsschädlichen Partikeln, einsetzbar von und für Jeden.;Datenanalyse, KI-Anwendung, Interaktive App, Plattform;Arbeitsschutz, Gesundheitsschutz, Chancengerechtigkeit, Teilhabe;https://www.civic-coding.de/community/projekt/ki-luftanalyse-von-schimmelsporen-pollen-und-anderen-gesundheitsschaedlichen-partikeln-einsetzbar-von-und-fur-jeden/778;Civic Coding;Laufend;Onsite.ai entwickelt eine automatisierte und KI-basierte Luftanalyse von Schimmelsporen, Pollen, Ruß und anderen potenziell gesundheitsschädlichen Partikeln. Dazu bauen wir tragbare Analysegeräte, die es jeder Person ermöglichen quantitative Luftanalysen selbst durchzuführen.;;CC-BY-NC-ND 4.0;https://www.civic-coding.de
https://www.civic-coding.de/community/projekt/selbstmanagement-to-go-wie-ki-gestutzte-apps-menschen-mit-behinderung-am-uebergang-ausbildung-beruf-begleiten-koennen/776;"Selbstmanagement to go - wie KI-gestützte Apps Menschen mit Behinderung am Übergang ""Ausbildung-Beruf"" begleiten können";Beratung, KI-Anwendung, Datenanwendung für Öffentlichkeit, Interaktive App;Inklusion, Arbeit, Soziale Arbeit, Bildung;https://www.civic-coding.de/community/projekt/selbstmanagement-to-go-wie-ki-gestutzte-apps-menschen-mit-behinderung-am-uebergang-ausbildung-beruf-begleiten-koennen/776;Civic Coding;Laufend;Eine bestehende App hat das Ziel Azubis mit Behinderung am Übergang „Ausbildung-Beruf” zu begleiten. Es wird ein Dialog mit der Zielgruppe aufgebaut, um ethische Aspekte von KI-Features für einen verantwortungsvollen Einsatz in der beruflichen Rehabilitation zu validieren.;;CC-BY-NC-ND 4.0;https://www.civic-coding.de
https://www.civic-coding.de/community/projekt/aiapply-bewerbungsschreiben-leicht-gemacht/775;AiApply: Bewerbungsschreiben leicht gemacht;KI-Anwendung, Datenanalyse, Maschinelles Lernen, Natural Language Processing, Interaktive App;Arbeit, Soziales, Inklusion, Chancengleichheit, Arbeitsmarkt;https://www.civic-coding.de/community/projekt/aiapply-bewerbungsschreiben-leicht-gemacht/775;Civic Coding;Laufend;"Ein Bewerbungsprozess ist zeitaufwändig, voller Stolpersteine und in Zeiten von ""Robo-Recruitern"" schwieriger denn je. AiApply unterstützt den Bürger dabei, in Rekordzeit eine erfolgreiche Bewerbung zu erstellen - maßgeschneidert auf eine vorhandene Stellenausschreibung.";AiApply;CC-BY-NC-ND 4.0;https://www.civic-coding.de
https://www.civic-coding.de/community/projekt/coach2life/773;Coach2Life;KI-Anwendung, Datenanalyse, Maschinelles Lernen, Inklusion, Soziale Innovationen, Datenvisualisierung, Web-App;Arbeit, Soziales, Inklusion, Rehabilitation, Teilnahme, Arbeitsmarkt, Fachkräftesicherung;https://www.civic-coding.de/community/projekt/coach2life/773;Civic Coding;Laufend;Coach2Life ist ein KI-gestütztes Werkzeug zur quantitativen und qualitativen Verbesserung medizinischer und beruflicher Rehabilitationsprozesse sowie zur Kostenreduktion insbesondere im Sozialsystem.;Coach2Life;CC-BY-NC-ND 4.0;https://www.civic-coding.de
https://www.civic-coding.de/community/projekt/ki-gestutzte-hybride-lehre/772;KI-gestützte Hybride Lehre;KI-Anwendung, E-Learning, Datenanwendung für Öffentlichkeit, Interaktive App, Webentwicklung;Bildung, Inklusion, Weiterbildung, Arbeit;https://www.civic-coding.de/community/projekt/ki-gestutzte-hybride-lehre/772;Civic Coding;Laufend;Die Pandemie hat digitalen Lehre vorangebracht. Zurück in Vorlesungssälen gilt es nun beide Welten in einem hybriden Konzept zu vereinigen. KI kann helfen: Sprachgesteuerte Videokonferenzen, kontextbasierte Tools, automatische Protokollierung, … Möglich mit heutiger Technologie;;CC-BY-NC-ND 4.0;https://www.civic-coding.de
https://www.civic-coding.de/community/projekt/ki-gerechte-lehre-und-evaluation/771;KI-Gerechte Lehre und Evaluation;Beratung, Datenanwendung für Öffentlichkeit, E-Learning, Maschinelles Lernen, Plattform, Prozessautomatisierung, Web-App;Bildung, Chancengleichheit, Integration, Internationale, Partizipation, Technologie, Weiterbildung;https://www.civic-coding.de/community/projekt/ki-gerechte-lehre-und-evaluation/771;Civic Coding;Laufend;"Hausarbeiten erledigen heute generative KIs wie ChatGPT; erste Unis verbieten den Gebrauch. Ist das der richtige Weg? Was wir brauchen sind Lernkonzepte, die den verantwortungsvollen Umgang mit diesen modernen Tools vermitteln, ohne den Lernerfolg von Lernenden zu opfern.";;CC-BY-NC-ND 4.0;https://www.civic-coding.de
https://www.civic-coding.de/community/projekt/oer-lehrvideo-assistent/770;OER-Lehrvideo-Assistent;KI-Anwendung, Datenvisualisierung, E-Learning, Interaktive App, Open Source;Bildung, Inklusion, Weiterbildung;https://www.civic-coding.de/community/projekt/oer-lehrvideo-assistent/770;Civic Coding;Laufend;Eine KI kann dabei unterstützen aus fertigen Materialien (u.a. Präsentationen) Lehrvideos zu erstellen. GPT erstellt aus Notizen einen Sprechertext. Aus diesem und den Folien wird ein Storyboard erstellt, das Nutzenden in der QA editiert. Text-To-Speech-KIs erstellen die Tonspur.;;CC-BY-NC-ND 4.0;https://www.civic-coding.de
https://www.civic-coding.de/community/projekt/konstruktiver-zugang-zu-ki-im-bildungswesen/767;Konstruktiver Zugang zu KI im Bildungswesen;KI-Anwendung, Bildung, Partizipation;Bildung, Chancengleichheit, Inklusion;https://www.civic-coding.de/community/projekt/konstruktiver-zugang-zu-ki-im-bildungswesen/767;Civic Coding;Laufend;Bei dem kooperativen Vorhaben soll der konstruktive Zugang zu und ein reflektierter Umgang mit aktuellen KI-Tools wie GPT-3 und-4 für das Bildungswesen ermöglicht werden. Vor allem SchülerInnen und LehrerInnen sollen eine geschützte Umgebung bereitgestellt bekommen.;;CC-BY-NC-ND 4.0;https://www.civic-coding.de
https://www.civic-coding.de/community/projekt/diskriminierung-in-ki-erkennen-und-vermeiden/766;Diskriminierung in KI erkennen und vermeiden;Beratung, Analyse von Sensordaten und ML, Wissensmanagement, Datenvisualisierung, Interaktive App;Antidiskriminierung, Arbeit, Chancengleichheit, Inklusion, Partizipation;https://www.civic-coding.de/community/projekt/diskriminierung-in-ki-erkennen-und-vermeiden/766;Civic Coding;Laufend;Wir begleiten die Einführung von KI mit dem Ziel einer möglichst diskriminierungsfreien Gestaltung. Gesucht: Partnerorganisation, die KI/ADM bereits einsetzt oder entwickelt. Wir bieten die sozio-technische Expertise für Diskriminierungserkennung und -vermeidung.;;CC-BY-NC-ND 4.0;https://www.civic-coding.de
https://www.civic-coding.de/community/projekt/abracadabra/765;Abracadabra;KI-Anwendung, Interaktive App, Datenanwendung für Öffentlichkeit;Arbeit, Soziales, Chancengleichheit;https://abracadabra.work;Civic Coding;Laufend;Abracadabra ist ein interaktives Tool zum Erstellen von Angeboten, Kostenvoranschlägen und Verträgen bis zur Fertigstellung einer Rechnung. KI-basierte Starthilfe für Freiberufler. Optimiert für alle digitalen Berufe wie z.B. Designer, Entwickler, Übersetzer und Content Manager;Abracadabra;CC-BY-NC-ND 4.0;https://www.civic-coding.de
https://www.civic-coding.de/community/projekt/mit-sensoren-und-ki-einfache-prototypen-entwickeln-ganz-ohne-it-faehigkeiten/764;Mit Sensoren und KI einfache Prototypen entwickeln, ganz ohne IT Fähigkeiten;Datenanwendung für Öffentlichkeit, Interaktive Datenexploration, KI-Anwendung, Open Source Modellierung, Prozessautomatisierung, Wissensmanagement;Arbeit, Bildung, Chancengleichheit, Integration, Partizipation, Technologie, Weiterbildung;https://www.civic-coding.de/community/projekt/mit-sensoren-und-ki-einfache-prototypen-entwickeln-ganz-ohne-it-faehigkeiten/764;Civic Coding;Laufend;Die Entwicklung nachhaltiger (low-Carb)-Geschäftsmodelle ist für KMU eine große Herausforderung. Die Kombination von Internet of Things (IoT), Umwelt-Sensorik (Air-Quality) und Künstliche Intelligenz (KI) ist dabei die elementare Basis für einen nachhaltigen und digitalen Wandel.;;CC-BY-NC-ND 4.0;https://www.civic-coding.de
https://www.civic-coding.de/community/projekt/barrierefreie-informationen-end-to-end-auf-knopfdruck-inhalte-in-leichter-sprache-inklusive-bebilderung-erstellen/763;"Barrierefreie Informationen ""end to end"": Auf Knopfdruck Inhalte in Leichter Sprache inklusive Bebilderung erstellen";Datenanwendung für Öffentlichkeit, Interaktive Datenexploration, KI-Anwendung, Barrierefreiheit, Inklusion;Inklusion, Chancengleichheit, Soziale Arbeit, Verwaltung, Bildung;https://www.civic-coding.de/community/projekt/barrierefreie-informationen-end-to-end-auf-knopfdruck-inhalte-in-leichter-sprache-inklusive-bebilderung-erstellen/763;Civic Coding;Laufend;Leicht verständlicher Text ist nur ein Element von barrierefreien Inhalten in Leichter Sprache. Mit dazu gehört ebenfalls eine anschauliche Bebilderung! Diese wollen wir mithilfe von KI automatisieren, sodass Informationen für alle gleichberechtigt zugänglich sind.;;CC-BY-NC-ND 4.0;https://www.civic-coding.de
https://www.civic-coding.de/community/projekt/tagged-ki-teilhabe-fur-menschen-mit-geistiger-behinderung-durch-ki-fur-ambient-assisted-living-resilienz-austausch/762;TAGGED-KI – Teilhabe für Menschen mit Geistiger Behinderung durch KI für Ambient Assisted Living, Resilienz, Austausch;Assistenzsystem, KI-Anwendung, Inklusion, Partizipation, Technologie;Inklusion, Chancengleichheit, Soziale Arbeit, Gesundheit;https://www.civic-coding.de/community/projekt/tagged-ki-teilhabe-fur-menschen-mit-geistiger-behinderung-durch-ki-fur-ambient-assisted-living-resilienz-austausch/762;Civic Coding;Laufend;Menschen mit geistiger Behinderung (Zielgr. 1) werden unterstützt, um tägliche Anforderungen sicherer zu meistern und stärker teilzuhaben. Betreuende (Zielgr. 2) werden entlastet und in ihrer Dokumentationspflicht unterstützt, sodass mehr Zeit für hochwertige Interaktion bleibt.;TAGGED-KI;CC-BY-NC-ND 4.0;https://www.civic-coding.de
https://www.civic-coding.de/community/projekt/dementia-voicebot/760;Dementia VoiceBot;KI-Anwendung, Datenanwendung für Öffentlichkeit, Interaktiver Fragebogen, Spracherkennung, Mensch-Maschine-Interaktion;Gesundheit, Soziale Arbeit, Arbeit, Bildung, Technologie;https://www.civic-coding.de/community/projekt/dementia-voicebot/760;Civic Coding;Laufend;KI-basierter ChatBot zur Telefonkommunikation (VoiceBot) für die Anwendung bei Demenzkranken oder alleinstehenden älteren Menschen zur Entlastung von Angehörigen und Pflegepersonal mit dem Ziel den Krankheitsverlauf positiv zu beeinflussen.;;CC-BY-NC-ND 4.0;https://www.civic-coding.de
https://www.civic-coding.de/community/projekt/ant-e-antisemitismus-erkennen-handy-app-fur-junge-menschen-zur-erkennung-von-antisemitismus-im-medienalltag/759;ANT-E: ANTISEMITISMUS ERKENNEN! Handy-App für junge Menschen zur Erkennung von Antisemitismus im Medienalltag;KI-Anwendung, Interaktive App, Datenanwendung für Öffentlichkeit, Bildung, Weiterbildung;Antirassismus, Antidiskriminierung, Bildung, Chancengleichheit, Integration, Medienaufsicht, Menschenrechte, Soziale Arbeit, Teilhabe, Wissensmanagement;https://www.civic-coding.de/community/projekt/ant-e-antisemitismus-erkennen-handy-app-fur-junge-menschen-zur-erkennung-von-antisemitismus-im-medienalltag/759;Civic Coding;Laufend;Entwicklung eines KI-basierten Tools, das junge Menschen bild- sprach- und gaming-basiert dazu befähigt, antisemitische Kommunikationsinhalte und -Muster durch einen Selbsttest zu erkennen, zu reflektieren und sich dagegen stark zu machen.;;CC-BY-NC-ND 4.0;https://www.civic-coding.de
https://www.civic-coding.de/community/projekt/ki-leicht-gemacht-mit-dem-humanoiden-roboter-zum-selberbauen-ki-anwendungen-einfach-verstehen-und-selbst-anwenden/757;KI leicht gemacht - mit dem humanoiden Roboter zum Selberbauen KI-Anwendungen einfach verstehen und selbst anwenden;KI-Anwendung, Robotik, Datenvisualisierung, Interaktive App, E-Learning, Webseite;Bildung, Jugendarbeit, Teilhabe, Partizipation, Inklusion;https://www.civic-coding.de/community/projekt/ki-leicht-gemacht-mit-dem-humanoiden-roboter-zum-selberbauen-ki-anwendungen-einfach-verstehen-und-selbst-anwenden/757;Civic Coding;Laufend;Mit Hilfe von pib, einem humanoiden Roboter zum Selberbauen, können Jugendliche durch ein neu konzipiertes KI-Modul spielend einfach KI verstehen lernen und selbst anwenden. Der Einsatz ist im Rahmen des Projektes pib@school an Schulen und Bildungseinrichtungen geplant.;;CC-BY-NC-ND 4.0;https://www.civic-coding.de
https://www.civic-coding.de/community/projekt/automatisiert-lernendes-und-selbst-optimierendes-personal-vertretungsmanagement-system-inklusion-und-schulbegleitung/756;Automatisiert lernendes und selbst optimierendes Personal-Vertretungsmanagement-System (Inklusion und Schulbegleitung).;Datenanalyse, Maschinelles Lernen, KI-Anwendung;Inklusion, Soziale Arbeit, Bildung;https://www.civic-coding.de/community/projekt/automatisiert-lernendes-und-selbst-optimierendes-personal-vertretungsmanagement-system-inklusion-und-schulbegleitung/756;Civic Coding;Laufend;System für organisationsübergreifendes Personalvertretungsmanagement für die Schulbegleitung (im Rahmen von Inklusion) mit KI-basierten Algorithmen, welches Vertretungszuordnungen in Echtzeit als Entscheidungsgrundlage für das Vertretungsmanagement zur Verfügung stellt.;;CC-BY-NC-ND 4.0;https://www.civic-coding.de
https://www.civic-coding.de/community/projekt/objekterkennung-zum-erkennen-und-warnen-vor-gefahren/754;Objekterkennung zum Erkennen und Warnen vor Gefahren;KI-Anwendung, Maschinelles Lernen, Bilderkennung, Automatisierung & Robotik, Data Science;Arbeit, Soziales, Gesundheit, Arbeits- und Gesundheitsschutz;https://www.civic-coding.de/community/projekt/objekterkennung-zum-erkennen-und-warnen-vor-gefahren/754;Civic Coding;Laufend;Wir wollen ein KI-System entwickeln, welches Objekte in Bildern erkennt und kenntlich macht, ob z.B. -Personen FFP2-Masken tragen -Mitarbeiter persönliche Schutzausrüstung tragen (Baustellenhelme, Haarnetze in der Gastronomie, Sicherheitsbrillen);;CC-BY-NC-ND 4.0;https://www.civic-coding.de
https://www.civic-coding.de/community/projekt/digitaler-lehr-und-lernassistent/752;Digitaler Lehr- und Lernassistent;KI-Anwendung, Interaktive App, Chatbot, Avatar, Game-based Learning;Bildung, Integration von Migranten, Schulen / Sonderschulen, Berufliche Weiterbildung, Kultusministerium;https://www.civic-coding.de/community/projekt/digitaler-lehr-und-lernassistent/752;Civic Coding;Laufend;Für Schüler: Humanoider Avatar, der Verständnisfragen zum Unterrichtsstoff beantwortet, bei den Hausaufgaben hilft und weiterführende Informationen bereitstellt. Für Lehrer: Chatbot zur Auswahl und Generierung von Unterrichtsmaterialien, Vorprüfung von Schülerarbeiten etc.;;CC-BY-NC-ND 4.0;https://www.civic-coding.de
https://www.civic-coding.de/community/projekt/kultur-fur-alle-software-zur-vermittlung-von-kostenlosen-karten-fur-kulturveranstaltungen/747;Kultur für alle - Software zur Vermittlung von kostenlosen Karten für Kulturveranstaltungen;Software-Programmierung, Innovative KI-basierte Technologie, Technologische Lösung;Soziale Arbeit, Inklusion, Chancengleichheit, Teilhabe, Arbeit und Soziales;https://www.civic-coding.de/community/projekt/kultur-fur-alle-software-zur-vermittlung-von-kostenlosen-karten-fur-kulturveranstaltungen/747;Civic Coding;Laufend;Software zur telefonischen Vermittlung von Karten für Kulturveranstaltungen an Menschen mit geringem Einkommen - kulturelle Teilhabe ermöglichen!;;CC-BY-NC-ND 4.0;https://www.civic-coding.de
https://www.civic-coding.de/community/projekt/cybercraft-die-vernetzung-von-mensch-maschine-und-idee/743;Cybercraft - die Vernetzung von Mensch, Maschine und Idee.;Datenanwendung für Öffentlichkeit, Innovative KI-basierte Technologie, Interaktives Dashboard, Vernetzung, Datenvisualisierung, KI-Anwendung, Prozessoptimierung;Arbeit, Soziales, Handwerk, Innovation, Technologie, Weiterbildung;https://www.civic-coding.de/community/projekt/cybercraft-die-vernetzung-von-mensch-maschine-und-idee/743;Civic Coding;Laufend;Ein Update für den Werkzeugkasten Im Handwerk! Künstliche Intelligenzen in Zusammenspiel mit Robotik und Maschinen können von Handwerkern kreativ genutzt werden, um neue Lösungen für alte Probleme zu finden, innovative Ideen umzusetzen und Arbeitsprozesse zu optimieren.;;CC-BY-NC-ND 4.0;https://www.civic-coding.de
https://www.civic-coding.de/community/projekt/ki-ampelsteuerung/742;KI Ampelsteuerung;KI Anwendung, Verkehr, Innovation;Verkehr, Stadtplanung, Arbeit;https://www.civic-coding.de/community/projekt/ki-ampelsteuerung/742;Civic Coding;Laufend;Die Erschaffung einer vernetzten KI basierten Steuerung von Ampeln zur Verbesserung des Verkehrsflusses. Der Weg zur Arbeitstelle nimmt einen grossen Teil der Zeit ein. Ziel ist es die Wegezeit durch eine optimale Auslastung der vorhandenen Verkehrsinfrastruktur zu verkürzen.;;CC-BY-NC-ND 4.0;https://www.civic-coding.de
https://www.civic-coding.de/community/projekt/persoinformation/741;PersoInformation;Beratung, Datenanwendung für Öffentlichkeit, Interaktive App, KI-Anwendung, Partizipation;Gesundheit, Arbeit, Soziale Arbeit, Technologie;https://www.civic-coding.de/community/projekt/persoinformation/741;Civic Coding;Laufend;Welche Ident-Apps gibt es bereits auf dem Markt? Auf Grund der Erfahrungen aus den Pandemie-Jahren, möchte ich eine App entwickeln, worin sich die Angehörigen durch eine App legitimieren, um den Gesundheitszustand des Angehörigen zu erfragen.;;CC-BY-NC-ND 4.0;https://www.civic-coding.de
https://www.civic-coding.de/community/projekt/ethischer-rahmen-zur-unterstutzung-von-innovationen/738;Ethischer Rahmen zur Unterstützung von Innovationen;Beratung, KI-Anwendung, Ethik, Forschung, Innovation, Interaktive App, Maschinelles Lernen, Partizipation, Politische Bildung, Soziale Arbeit, Technologie, Wissensmanagement;Arbeit, Chancengleichheit, Ethik, Innovation, KI, Sozial, Technologie, Wirtschaft;https://www.civic-coding.de/community/projekt/ethischer-rahmen-zur-unterstutzung-von-innovationen/738;Civic Coding;Laufend;Wie kann ein adäquater ethischer Rahmen zur Unterstützung von gemeinwohlorientierten Innovationen gestaltet werden?;;CC-BY-NC-ND 4.0;https://www.civic-coding.de
https://www.civic-coding.de/community/projekt/jeder-kann-ki-einfach-und-sicher-texte-und-bilder-mit-ki-generieren-und-audio-transkribieren/736;Jeder kann KI - Einfach und sicher Texte und Bilder mit KI generieren und Audio transkribieren;KI-Anwendung, Maschinelles Lernen, Bilderkennung, Datenanwendung für Öffentlichkeit, Interaktive App;Arbeit, Soziales, Bildung, Technologie;https://www.civic-coding.de/community/projekt/jeder-kann-ki-einfach-und-sicher-texte-und-bilder-mit-ki-generieren-und-audio-transkribieren/736;Civic Coding;Laufend;KI, die Texte zusammenfasst, Lerninhalte einfach erklärt oder Fragen beantwortet, oder vielleicht ein Logo oder ein Bild erstellt ist aktuell in aller Munde. Für kleine Unternehmen oder Vereine ist solche Technologie aber nicht einfach zugänglich - und das wollen wir ändern.;;CC-BY-NC-ND 4.0;https://www.civic-coding.de
https://www.civic-coding.de/community/projekt/firework-das-erste-charakterbasierte-netzwerk-der-welt/733;Firework - Das erste charakterbasierte Netzwerk der Welt;Datenanwendung für Öffentlichkeit, Interaktive App, KI-Anwendung, Matching, Partizipation, Soziale Innovationen, Web-App;Arbeit, Chancengerechtigkeit, Soziales, Teilhabbe;https://www.civic-coding.de/community/projekt/firework-das-erste-charakterbasierte-netzwerk-der-welt/733;Civic Coding;Laufend;Hast du dich schon einmal gefragt, wie heftig das wäre, wenn jeder Mensch nicht nur seinen Traumpartner findet, sondern auch seine Traum-Freunde, Traum-Arbeitskollegen usw.? Genau dafür entwickeln wir ein soziales Netzwerk. Es ist wie Instagram, nur auf Basis deines Charakters;;CC-BY-NC-ND 4.0;https://www.civic-coding.de
https://www.civic-coding.de/community/projekt/surfbuddy/732;Surfbuddy;KI-Anwendung, Browser-Erweiterung, Interaktive App;Kinder- und Jugendhilfe, Soziale Arbeit, Chancengleichheit;www.xing.com;Civic Coding;Laufend;Browserplugin welches Kinder/Jugendliche beim Surfen vor nicht ihrer Entwicklungsstufe entsprechenden Inhalten schützt. Surfbuddy (KI) sperrt den entsprechenden Zugriff. Die Festlegung der psychEntwicklungsstufe des Nutzers kann durch noch festzulegende Kriterien bestimmt werden.;Surfbuddy;CC-BY-NC-ND 4.0;https://www.civic-coding.de
https://www.civic-coding.de/community/projekt/gemeinsame-nutzung-von-arbeits-und-wohnraum-zur-foerderung-des-mobilen-arbeitens-und-gesellschaftlichen-zusammenhalts/730;Gemeinsame Nutzung von Arbeits- und Wohnraum zur Förderung des mobilen Arbeitens und gesellschaftlichen Zusammenhalts;Datenanwendung für Öffentlichkeit, Interaktive App, KI-Anwendung, Partizipation, Plattform;Arbeit, Chancengleichheit, Integration, Soziale Arbeit, Wohnen;https://www.civic-coding.de/community/projekt/gemeinsame-nutzung-von-arbeits-und-wohnraum-zur-foerderung-des-mobilen-arbeitens-und-gesellschaftlichen-zusammenhalts/730;Civic Coding;Laufend;Erstellen und Betreiben einer KI-Plattform für Menschen, die Arbeits- und/oder Wohnraum zum Mitnutzung anbieten und Suchende von wohnortnahem Raum für mobiles Arbeiten und/oder Wohnraum in Arbeitsplatznähe. Es werden das mobile Arbeiten und der soziale Zusammenhalt gefördert.;;CC-BY-NC-ND 4.0;https://www.civic-coding.de
https://www.civic-coding.de/community/projekt/intelligentes-management-von-elektroenergieverbrauchern-unter-berucksichtigung-des-voraussichtlichen-angebots/729;Intelligentes Management von Elektroenergieverbrauchern unter Berücksichtigung des voraussichtlichen Angebots;Energie, KI-Anwendung, Datenanalyse, Prozessoptimierung;Energie, Umweltschutz, Klimaschutz, Nachhaltigkeit;https://www.civic-coding.de/community/projekt/intelligentes-management-von-elektroenergieverbrauchern-unter-berucksichtigung-des-voraussichtlichen-angebots/729;Civic Coding;Laufend;Nachhaltig erzeugte Energie ist zeitlich unterschiedlich verfügbar. E-Energiespeicherung ist teuer und ineffizient. Sinnvoll wäre es, Verbraucher gezielt zu schalten, z.B. zur Spitzenlastzeit Kühlgeräte abzuschalten oder bei Überangebot Warmwasserboiler etwas höher zu heizen.;;CC-BY-NC-ND 4.0;https://www.civic-coding.de
https://www.civic-coding.de/community/projekt/software-als-infrastruktur-verstehen-und-einfuhren/728;Software als Infrastruktur verstehen und einführen;Open-Source, Datenanwendung für Öffentlichkeit, Partizipation, Datenschutz, KI-Anwendung;Datenschutz, Partizipation, Europa, Gleichberechtigung;https://www.civic-coding.de/community/projekt/software-als-infrastruktur-verstehen-und-einfuhren/728;Civic Coding;Laufend;Schaffung von europäischen und damit weitestgehend demokratischen Alternativen zu den bisherigen werbebasierten Formaten. Konkret Social Media i.S. von Facebook Suchmaschine Messenger wie Signal Kaufen bzw. integrieren statt neu machen ist das Motto;;CC-BY-NC-ND 4.0;https://www.civic-coding.de
https://www.civic-coding.de/community/projekt/offene-datenplattform-zur-skalierung-der-energiewende/727;Offene Datenplattform zur Skalierung der Energiewende;Datenportal, Plattform, Maschinelles Lernen, Data Science, Interaktive Datenexploration;Energie, Klimaschutz, Umweltschutz, Nachhaltigkeit, Technologie;https://www.civic-coding.de/community/projekt/offene-datenplattform-zur-skalierung-der-energiewende/727;Civic Coding;Laufend;Eine offene Datenplattform die Bürger, Kommunen, Unternehmen etc. nutzen können, um lokale Potentiale der Enerergiewende zu erkennen und skalierend in die Praxis zu überführen. Nutzende sind insbesondere die kommunale Energieplanung und plattformbasierte Energiewende-Unternehmen.;;CC-BY-NC-ND 4.0;https://www.civic-coding.de
https://www.civic-coding.de/community/projekt/bewerbungen-fur-jeden/726;Bewerbungen für Jede*n;Datenanwendung für Öffentlichkeit, KI-Anwendung, Interaktive App;Inklusion, Chancengleichheit, Arbeit;https://www.civic-coding.de/community/projekt/bewerbungen-fur-jeden/726;Civic Coding;Laufend;Bewerbungen auf Arbeitsplätze sind eine ziemlich aufwändige Angelegenheit, für Menschen mit Migrationshintergrund oder Handicaps umso mehr. Wir entwickeln eine KI-gestützte Anwendung, die auf Basis des Lebenslaufs und dem Link zu einer Stelle automatisch eine Bewerbung generiert.;;CC-BY-NC-ND 4.0;https://www.civic-coding.de
https://www.civic-coding.de/community/projekt/barrierefreies-bewegen-im-netz-der-editor-fur-leichte-sprache/689;Barrierefreies Bewegen im Netz - der Editor für LEICHTE SPRACHE;Datenanwendung für Öffentlichkeit, Interaktive App, KI-Anwendung, Barrierefreiheit, Inklusion;Inklusion, Chancengleichheit, Soziale Arbeit, Behindertenhilfe;https://www.civic-coding.de/community/projekt/barrierefreies-bewegen-im-netz-der-editor-fur-leichte-sprache/689;Civic Coding;Laufend;Im Bereich der digitalen Barrierefreiheit ist die Weiterverbreitung von leichter Sprache ein wichtiger Bestandteil der gesellschaftlichen Teilhabe. Unsere Projektidee fokussiert sich daher auf die automatisierte Erstellung, Umwandlung und Ausgabe von Texten in leichter Sprache.;;CC-BY-NC-ND 4.0;https://www.civic-coding.de
https://www.civic-coding.de/community/projekt/die-herzenswunsch-team-app-schnelle-einsatzplanung-u-kommunikation-mit-der-app-fur-die-herzenswunsch-initiative/685;"Die ""Herzenswunsch Team App"" - Schnelle Einsatzplanung u. Kommunikation mit der App für die Herzenswunsch Initiative";Datenanwendung für Öffentlichkeit, Interaktive App, KI-Anwendung, Automatisierung, Datenvisualisierung, Web-App;Soziale Arbeit, Gesundheit, Chancengleichheit;https://www.civic-coding.de/community/projekt/die-herzenswunsch-team-app-schnelle-einsatzplanung-u-kommunikation-mit-der-app-fur-die-herzenswunsch-initiative/685;Civic Coding;Laufend;Die Cross-Plattform App professionalisiert Planung u. interne Kommunikation der Initiative. Hier erfüllen speziell geschulte Ehrenamtliche unheilbar erkrankten Kindern, Jugendlichen und Erwachsenen letzte Wünsche. Durch die App kann schneller reagiert und gehandelt werden.;;CC-BY-NC-ND 4.0;https://www.civic-coding.de
https://www.civic-coding.de/community/projekt/corona-schnelltesterkennung-fur-blinde-und-sehbeeintraechtige-menschen/626;Corona Schnelltesterkennung für blinde und sehbeeinträchtige Menschen;Datenanwendung für Öffentlichkeit, KI-Anwendung, Interaktive App;Inklusion, Arbeit und Soziales, Gesundheit;https://www.civic-coding.de/community/projekt/corona-schnelltesterkennung-fur-blinde-und-sehbeeintraechtige-menschen/626;Civic Coding;Laufend;Blinde Personen sind in der Corona-Pandemie bei der Auswertung von Sars-CoV-2-Schnelltests auf die Hilfe ihrer Mitmenschen angewiesen. Mit Hilfe einer App basierend auf Objekterkennungsmodellen soll eine automatische Auswertung von Fotos der Schnelltestergebnisse möglich werden.;;CC-BY-NC-ND 4.0;https://www.civic-coding.de
https://www.civic-coding.de/community/projekt/untlitz-de-indentifizierung-von-personenbildern-fur-verbesserte-oeffentlichkeitsarbeit/618;UNTLITZ De-indentifizierung von Personenbildern für verbesserte Öffentlichkeitsarbeit;Maschinelles Lernen, Bilderkennung, Soziale Innovationen;Soziale Arbeit, Wohlfahrt, Chancengerechtigkeit, Teilnahme;https://spielehrei.org/;Civic Coding;Laufend;Sommerfest im Familienzentrum: volle Hütte, super Stimmung, tolle Fotos entstehen. Der tolle Event könnte öffentlichkeitswirksam dokumentiert werden, doch: es gilt die Persönlichkeitsrechte der Besucher zu waren, die man keinesfalls verletzen möchte. 2022 und kein workaround?;UNTLITZ;CC-BY-NC-ND 4.0;https://www.civic-coding.de
https://www.civic-coding.de/community/projekt/cpu-architekture-etwas-anders/588;CPU Architekture etwas anders;Künstliche Intelligenz, Innovative Technologie, Analyse Werkzeuge;Arbeit und Soziales, Arbeitswelt, Weiterbildung;https://www.civic-coding.de/community/projekt/cpu-architekture-etwas-anders/588;Civic Coding;Laufend;Computer benutzten wie vor 30 Jahren immer noch Assembler mit immer wieder überholten Funktionen.;;CC-BY-NC-ND 4.0;https://www.civic-coding.de
https://www.civic-coding.de/community/projekt/learning-machine-into-own-direction/587;Learning Machine into own direction;Künstliche Intelligenz, Automatisierung & Robotik;Arbeit und Soziales;https://www.civic-coding.de/community/projekt/learning-machine-into-own-direction/587;Civic Coding;Laufend;Eine Maschine die sich selber analysiert, Sinne erstellt, Denkprozesse benutzt aus logischen Abläufen die Interagieren. Es kann sich unterhalten. Es treibt sich selber an . Und ist über C++ mit SQL innerhalb von 4 Wochen umsetzbar.;;CC-BY-NC-ND 4.0;https://www.civic-coding.de
https://www.civic-coding.de/community/projekt/digistadtv-digitale-souveraenitaet-fur-alle-kommunalen-und-staedtischen-verwaltungen/565;DigiStadtV - Digitale Souveränität für alle kommunalen und städtischen Verwaltungen;Open-Source, KI-Anwendung, Datenvisualisierung, Web-App;Verwaltung, Bildung, Technologie;https://www.civic-coding.de/community/projekt/digistadtv-digitale-souveraenitaet-fur-alle-kommunalen-und-staedtischen-verwaltungen/565;Civic Coding;Laufend;In keiner deutschen kommunalen oder städtischen Verwaltung soll irgendjemand größere Texte abtippen müssen, aber die Daten sollten auch sicher und souverän verarbeitet werden. Daher soll ein digitaler Dienst aufgebaut und angeboten werden, wie onlineocr.net bzw Google Lens.;DigiStadtV;CC-BY-NC-ND 4.0;https://www.civic-coding.de
https://www.civic-coding.de/community/projekt/ai-for-addressing-urban-inequality/564;AI for addressing urban inequality;Datenanalyse, Maschinelles Lernen, KI-Anwendung, Forschung;Soziale Arbeit, Chancengleichheit, Stadtplanung, Inklusion;https://www.civic-coding.de/community/projekt/ai-for-addressing-urban-inequality/564;Civic Coding;Laufend;Urban inequality is a critical issue for Western societies: unequal distributions of income within cities has negative impact on well-being, segregation, and individual development. We develop a new, highly granular mapping of urban inequality through AI to support policy-makers.;;CC-BY-NC-ND 4.0;https://www.civic-coding.de
https://www.civic-coding.de/community/projekt/onda-one-deafworld-app/563;OnDA (One Deafworld App);Interaktive App, Datenanwendung für Öffentlichkeit, Barrierefreiheit, Inklusion, KI-Anwendung;Inklusion, Chancengleichheit, Teilhabe, Arbeit und Soziales;https://www.civic-coding.de/community/projekt/onda-one-deafworld-app/563;Civic Coding;Laufend;Next Generation Cross-Plattform-App! Eine App für viele Einsatzbereiche in der Kommunikation zw. Hörbehinderten, Taubblinden und Normalhörenden Menschen. Dazu gehören die Automatisierte Termin-Koordination (inkl. Routing) & barrierefreie Video- & Telefonfunktionen.;OnDA;CC-BY-NC-ND 4.0;https://www.civic-coding.de
https://www.civic-coding.de/community/projekt/der-nutzen-ki-basierter-sprachanalysen-bei-einer-mediation/562;Der Nutzen KI-basierter Sprachanalysen bei einer Mediation;Analyse von Sensordaten und ML, KI-Anwendung;Arbeit, Soziales, Arbeitswelt, Arbeitskultur, Arbeitsorganisation, Arbeits- und Gesundheitsschutz, Sozialpartnerschaft, Weiterbildung, Rehabilitation, Chancengerechtigkeit;https://www.civic-coding.de/community/projekt/der-nutzen-ki-basierter-sprachanalysen-bei-einer-mediation/562;Civic Coding;Unbekannt;In Mediationsverfahren sind sich wiederholende sprachliche Auffälligkeiten mit Sprachanalysen zu erheben und auszuwerten. Deeskalierenden und eskalierenden Sprachmuster sind zu analysieren und auszuwerten, um den Konflikt gezielter zu schlichten.;;CC-BY-NC-ND 4.0;https://www.civic-coding.de
https://www.civic-coding.de/community/projekt/telemarie/561;Telemarie;Beratung, Datenanwendung für Öffentlichkeit, Interaktive App, Inklusion, Soziale Arbeit;Senioren, Telemedizin, Soziale Arbeit, Inklusion, Gesundheit;https://www.civic-coding.de/community/projekt/telemarie/561;Civic Coding;Laufend;Telemarie ist ein Seniorentablet, das auf einfachste Weise die Kommunikation sowie das Teilen von Medien zwischen SeniorInnen und ihren Familien und FreundInnen ermöglicht - ohne Anmeldung, ohne Passwörter, ohne Social Media.;Telemarie;CC-BY-NC-ND 4.0;https://www.civic-coding.de
https://www.civic-innovation.de/wettbewerb/praemierte-ideen/runde-2/ebenbild-mit-ki-sich-selbst-begegnen;EBENBILD - Mit KI sich selbst begegnen;KI-Anwendung, Persönlichkeitsentwicklung, Soziale Kompetenzen, Emotionale Intelligenz;Mentale Gesundheit, Persönlichkeitsentwicklung, Soziale Arbeit;https://www.civic-innovation.de/wettbewerb/praemierte-ideen/runde-2/ebenbild-mit-ki-sich-selbst-begegnen;Civic Coding;Laufend;Durch die Verzahnung von gegenwärtigen Coaching-Setups (räumliche Erfahrung) mit DeepFake-Formaten (Video- und Sprachsynthese) entstehen innovative persönlichkeitsentwickelnde Angebote, die soziale Kompetenzen und emotionale Intelligenz fördern.;EBENBILD;CC-BY-NC-ND 4.0;https://www.civic-coding.de
https://www.civic-innovation.de/wettbewerb/praemierte-ideen/runde-2/barrierefreie-app-des-bundesverband-kinderhospiz-ev;Barrierefreie App des Bundesverband Kinderhospiz e.V.;Barrierefreiheit, Open-Source, Datenanwendung für Öffentlichkeit, Interaktive App, KI-Anwendung;Behinderung, Kinder- und Jugendhilfe, Inklusion, Partizipation;https://www.civic-innovation.de/wettbewerb/praemierte-ideen/runde-2/barrierefreie-app-des-bundesverband-kinderhospiz-ev;Civic Coding;Laufend;Wir möchten eine barrierefreie App für den Bundesverband Kinderhospiz e.V. entwickeln, in der aktuelle wichtige Inhalte, Informationen und Austauschmöglichkeiten für Familien mit einem unheilbar kranken Kind, Kinderhospizeinrichtungen und Interessierte bereitgestellt werden.;;CC-BY-NC-ND 4.0;https://www.civic-coding.de
https://www.civic-coding.de/community/projekt/schreibenlernen-mit-ki/553;Schreibenlernen mit KI;E-Learning, KI-Anwendung, Innovativer Charakter und Modellhaftigkeit, Technologische Lösung / Einsatz innovativer KI-basierter Technologie;Bildung, Inklusion, Chancengerechtigkeit, Teilhab, Arbeitswelt, Arbeitskultur, Arbeitsorganisation;https://www.civic-coding.de/community/projekt/schreibenlernen-mit-ki/553;Civic Coding;Laufend;Ziel ist die Entwicklung eines virtuellen Lernpartners, mit dem Kinder autark schreiben lernen. Der analoge Unterbau liegt mit dem Buch ISBN 978-3-8991-288-7 vor. Next step: ein Lern-Font, der heutiges Type-Design voll ausreizt und sich für zukünftige digitale Anwendungen eignet.;;CC-BY-NC-ND 4.0;https://www.civic-coding.de
https://www.civic-innovation.de/wettbewerb/praemierte-ideen/runde-2/hyper-ki-hypothesenbildende-erklaerbare-ki;Hyper KI - Hypothesenbildende erklärbare KI;KI-Anwendung, Erklärbare KI, Maschinelles Lernen, Sprachsynthese, Künstliche Intelligenz;Technologie, Wissenschaft, Bildung;https://www.ai.fh-erfurt.de/arnold;Civic Coding;Laufend;"Erklärbarkeit heutiger KI-Systeme ist ihre Schwäche, da sie das Entstehen eigener Ergebnisse nicht erklären können. KI-Lernen ist Hypothesenbildung. Was KI ""weiß"", sind hypothetische Datenbeziehungen. Durch Sprachelernen soll eine lernende KI das Erklären ihrer Hypothesen lernen.";Hyper KI;CC-BY-NC-ND 4.0;https://www.civic-coding.de
https://www.civic-coding.de/community/projekt/schmusebaer-mit-knopf-im-ohr/548;Schmusebär mit Knopf im Ohr;Beratung, Datenanwendung für Öffentlichkeit, Interaktive App, Inklusion, Rehabilitation, Chancengerechtigkeit, Teilnahme, Bildungs- und Aufklärungsmaßnahmen mit/über KI;Kinder- und Jugendhilfe, Soziale Arbeit, Gesundheit, Inklusion, Chancengleichheit;https://www.civic-coding.de/community/projekt/schmusebaer-mit-knopf-im-ohr/548;Civic Coding;Laufend;Kinder, die mit dem Sterben von sich selbst, eines Geschwisters oder der Eltern konfrontiert sind, stehen oft im 'OFF' mit ihren Sorgen. Ein Teddy mit Knopf im Ohr tröstet und verbindet zum OSKAR Telefon. Der Chip verrät, wo ich bin und ob meine Kommunikation eingeschränkt ist;;CC-BY-NC-ND 4.0;https://www.civic-coding.de
https://www.civic-innovation.de/wettbewerb/praemierte-ideen/runde-2/ai-on-the-fly;AI on the Fly;Interaktive App, Datenvisualisierung, KI-Anwendung, Partizipation, Spiele;Bildung, Klimaschutz, Unfallverhütung, Partizipation, Jugendarbeit;https://www.civic-innovation.de/wettbewerb/praemierte-ideen/runde-2/ai-on-the-fly;Civic Coding;Laufend;„Gemeinwohlorientierte und innovative KI-Anwendungen“ müssen eine breite Öffentlichkeit erreichen. Sie müssen attraktiv sein, Rezipienten faszinieren und sich viral verbreiten. Im „Fliegenden Klassenzimmer“, der IL 18 in Erfurt, werden KI-Varianten erlebt und gemeinsam ausgebaut.;AI on the Fly;CC-BY-NC-ND 4.0;https://www.civic-coding.de
https://www.civic-coding.de/community/projekt/selbstlernendes-barrierefreies-kommunikations-tablet/546;Selbstlernendes, barrierefreies Kommunikations-Tablet;Datenanwendung für Öffentlichkeit, Interaktive App, KI-Anwendung;Inklusion, Rehabilitation, Teilhabe, Arbeit, Soziales;https://www.civic-coding.de/community/projekt/selbstlernendes-barrierefreies-kommunikations-tablet/546;Civic Coding;Laufend;"Tablet / App für Kinder / Erwachsene mit Einschränkungen: Umsetzung Sprache => Schrift und umgekehrt; Hilfsfunktionen: Erkennung, wenn Hilfe benötigt wird => Benachrichtigung an Bezugsperson, Selbstlernend, Lern-, Beschäftigungs- und Spiele-Apps; Translator; Komm. mit Smartphone";;CC-BY-NC-ND 4.0;https://www.civic-coding.de
https://www.civic-coding.de/community/projekt/pia-persoenlicher-informations-assistent/544;Pia - Persönlicher Informations Assistent;Beratung, Datenanwendung für Öffentlichkeit, KI-Anwendung, Maschinelles Lernen, Datenvisualisierung, Web-App;Arbeit, Soziales, Chancengerechtigkeit, Teilhab, Datenschutz;https://www.civic-coding.de/community/projekt/pia-persoenlicher-informations-assistent/544;Civic Coding;Laufend;Als Start-Up arbeitet die Perfect-iD GmbH seit 2021 an einer Lösung zur sicheren Verwaltung und Speicherung personenbezogener und biometrischer Daten von Privatpersonen zur zweckgebundenen temporären Freigabe über eine sichere Kommunikationsschnittstelle und einer Infrastruktur.;Pia;CC-BY-NC-ND 4.0;https://www.civic-coding.de
https://www.civic-innovation.de/wettbewerb/praemierte-ideen/runde-2/ki-modul-fuer-mobile-roboter-zur-unterstuetzung-der-fachkraefte-auf-baustellen;KI-Modul für mobile Roboter zur Unterstützung der Fachkräfte auf Baustellen;KI-Anwendung, Robotik, Maschinelles Lernen;Bauwesen, Technologie;https://www.conbotics.com;Civic Coding;Laufend;Mit KI wird ermöglicht, dass mobile Roboter trotz Hindernissen und der sich stetig verändernden Umgebung auf der Baustelle autonom navigieren können. Dadurch werden eine sichere Mensch-Roboter-Kooperation (MRK) auf der Baustelle gewährleistet und Fachkräfte wirksam unterstützt.;;CC-BY-NC-ND 4.0;https://www.civic-coding.de
https://www.civic-innovation.de/wettbewerb/praemierte-ideen/runde-2/ki-basiertes-peer-to-peer-p2p-lernprogramm-fuer-angehende-software-entwicklerinnen;KI basiertes Peer-to-Peer (P2P-) Lernprogramm für angehende Software Entwickler*innen;KI Anwendung, E-Learning, Plattform;Bildung, IT, Partizipation;https://www.civic-innovation.de/wettbewerb/praemierte-ideen/runde-2/ki-basiertes-peer-to-peer-p2p-lernprogramm-fuer-angehende-software-entwicklerinnen;Civic Coding;Laufend;Wir entwickeln ein KI gestütztes P2P-Lernprogramm, um ressourcenschwache IT-Fachkräfte zu qualifizieren. Durch einen Matching Algorithmus können Peer-Collaboration und -Review optimiert und durch KI skaliert werden. So können mehr Lernende auf hohem Niveau qualifiziert werden.;CodeDoor;CC-BY-NC-ND 4.0;https://www.civic-coding.de
https://www.civic-innovation.de/wettbewerb/praemierte-ideen/runde-2/ki-assist-112-ki-gestuetztes-assistenzsystem-zur-notrufannahme-der-112-der-leitstelle-fuer-feuerwehr-rettungsdienst;KI-Assist 112: KI-gestütztes Assistenzsystem zur Notrufannahme der „112“ der Leitstelle für Feuerwehr & Rettungsdienst;KI-Anwendung, Datenanwendung für Öffentlichkeit, Interaktives Dashboard;Feuerwehr, Rettungsdienst, Notrufannahme, Gesundheit;https://www.civic-innovation.de/wettbewerb/praemierte-ideen/runde-2/ki-assist-112-ki-gestuetztes-assistenzsystem-zur-notrufannahme-der-112-der-leitstelle-fuer-feuerwehr-rettungsdienst;Civic Coding;Laufend;KI-Assist 112 wird Möglichkeiten KI-gestützter Stresserkennung sowie weitere Kontextdaten nutzen, um die Mitarbeiter*innen der Integrierten Leitstellen „112 – Feuerwehr & Rettungsdienst“ zu unterstützen, möglichst schnell und fehlerarm Notfallprozesse auszulösen.;KI-Assist 112;CC-BY-NC-ND 4.0;https://www.civic-coding.de
https://www.civic-coding.de/community/projekt/respeak-powerful-dialogs-for-better-relationships/537;Respeak – Powerful Dialogs for Better Relationships;KI-Anwendung, Maschinelles Lernen, Datenanalyse;Arbeit, Soziales, Bildung;https://www.civic-coding.de/community/projekt/respeak-powerful-dialogs-for-better-relationships/537;Civic Coding;Laufend;Weniger Fragen, mehr Antworten – unsere KI „Respeak“ nutzt kraftvolle Dialoge für eine bessere und nachhaltige Beziehungsentwicklung in einer digitalen Welt.;Respeak;CC-BY-NC-ND 4.0;https://www.civic-coding.de
https://www.civic-coding.de/community/projekt/sgb-antraege-vernetzen/534;SGB Anträge vernetzen;Beratung, Datenanwendung für Öffentlichkeit, KI-Anwendung, Prozessautomatisierung, Web-App;Soziale Arbeit, Verwaltung, Arbeit, Gesundheit;https://www.civic-coding.de/community/projekt/sgb-antraege-vernetzen/534;Civic Coding;Laufend;Der Einsatz der KI soll die Bürokratie und Antragsflut vereinfachen. Langfristig sollte es möglich sein, aufgrund der ICD (International Statistical Classification of Diseases and Related Health Problem) die entsprechenden Anträge bearbeitungsreif zu initiieren.;;CC-BY-NC-ND 4.0;https://www.civic-coding.de
https://www.civic-coding.de/community/projekt/universal-app-fur-freie-smartphone-netzwerk-verbindungen-ohne-unmittelbaren-internetzugang/533;UNIVERSAL-APP für freie SMARTPHONE-Netzwerk Verbindungen ohne unmittelbaren Internetzugang;Datenanwendung für Öffentlichkeit, Interaktive App, Open Source, Partizipation, Soziale Innovationen, Datenvisualisierung, Web-App;Arbeit, Soziales, Bildung, Technologie, Gesundheit;https://www.civic-coding.de/community/projekt/universal-app-fur-freie-smartphone-netzwerk-verbindungen-ohne-unmittelbaren-internetzugang/533;Civic Coding;Laufend;Im Katastrophenfall hilft kein Smartphone mehr, wenn im näherem Umkreis die Funkmasten ausgefallen sind. Notwendig wäre eine Universal-App, die Smartphones mit Peer-2-Peer Mesh-Netzwerken mit kombinierten W-Lan, Wi-Fi-Direct, Bluetooth, LoRaWAN schnell und sicher verbindet.;;CC-BY-NC-ND 4.0;https://www.civic-coding.de
https://www.civic-coding.de/community/projekt/beezle-bug-ki-gesteuertes-assistenzsystem-fur-jugendliche/526;Beezle-Bug: KI gesteuertes Assistenzsystem für Jugendliche;KI-Anwendung, Interaktive App, Datenvisualisierung, Web-App, Plattform;Arbeit, Soziales, Bildung, Teilnahme, Jugend;https://www.civic-coding.de/community/projekt/beezle-bug-ki-gesteuertes-assistenzsystem-fur-jugendliche/526;Civic Coding;Laufend;Wir alle kennen Siri - don't like her - als Assistenzsystem (AS) für SmartHomes, Musikspieler etc. In Short: Beezle-Bug ist ein AS für Kinder/Jugendliche das mit den Interessen des Nutzers wachsen soll. Beezle-Bug (Robot) hat ein UI(APP/VR/AR) und Bild- und Spracherkennung.;Beezle-Bug;CC-BY-NC-ND 4.0;https://www.civic-coding.de
https://www.civic-innovation.de/wettbewerb/praemierte-ideen/runde-2/ordnung-im-dokumenten-dschungel;Ordnung im Dokumenten-Dschungel;Datenanalyse, Künstliche Intelligenz, Natural Language Processing, Verwaltung;Verwaltung, Digitalisierung, Partizipation;https://www.civic-innovation.de/wettbewerb/praemierte-ideen/runde-2/ordnung-im-dokumenten-dschungel;Civic Coding;Laufend;Verwaltungen in ganz Deutschland digitalisieren ihre Aktensysteme - Millionen von Papierakten sind aber noch immer nicht digitalisiert. Wir entwickeln für diesen Prozess einen strukturierten Ansatz für die einfache Lesbarkeit, Klassifizierung und Ordnung von Dokumenten.;;CC-BY-NC-ND 4.0;https://www.civic-coding.de
https://www.civic-coding.de/community/projekt/digital-flow-smart-education-mit-ki/507;Digital Flow | Smart Education mit KI;Datenanwendung für Öffentlichkeit, Interaktive App, KI-Anwendung, Partizipation, Weiterbildung, Bildung, Interaktives Dashboard;Bildung, Arbeit, Soziale Arbeit, Technologie, Chancengleichheit;http://www.tzn-nordenham.de/;Civic Coding;Laufend;Der Lernort Technik macht analoges Begreifen und digitales Verstehen mit Hilfe bildungspädagogischer Lernmittel möglich und verknüpft das Erlernte im Reallabor SMART Factory durch die Integration einer digitalen Plattform mit der Praxis.;;CC-BY-NC-ND 4.0;https://www.civic-coding.de
https://www.civic-innovation.de/wettbewerb/praemierte-ideen/runde-2/kompetenzbooster-future-skills-fuer-studierende-nachhaltig-und-spielerisch-trainieren;Kompetenzbooster: Future Skills für Studierende nachhaltig und spielerisch trainieren!;App, Datenanwendung für Öffentlichkeit, Interaktives Dashboard, Maschinelles Lernen, E-Learning;Bildung, Partizipation, Integration, Chancengleichheit;https://www.civic-innovation.de/wettbewerb/praemierte-ideen/runde-2/kompetenzbooster-future-skills-fuer-studierende-nachhaltig-und-spielerisch-trainieren;Civic Coding;Laufend;Wir unterstützen Studierende beim Training von Future Skills, indem wir Kompetenzanalyse und nachhaltiges Training in einer App vereinen. Inhalte werden passend nach Persönlichkeit und bestehenden Kompetenzen durch Machine Learning ausgewählt und in tägl. Challenges trainiert.;;CC-BY-NC-ND 4.0;https://www.civic-coding.de
https://www.civic-innovation.de/wettbewerb/praemierte-ideen/runde-2/inklusiver-ki-lernassistent;Inklusiver KI Lernassistent;KI Anwendung;Barrierefreiheit;https://www.civic-innovation.de/wettbewerb/praemierte-ideen/runde-2/inklusiver-ki-lernassistent;Civic Coding;Unbekannt;Wir möchten einen KI Lernassistenten entwickeln, welcher in digitalen Plattformen integriert werden und individuelle Lerninhalte auswählen und empfehlen kann - mit dem Ziel, im Alltag für Inklusion zu sensibilisieren (wie Grammerly für Inklusion).;;CC-BY-NC-ND 4.0;https://www.civic-coding.de
https://www.civic-coding.de/community/projekt/regionales-starter-kit-ki-gestutzte-recherche-app-fur-die-grundungsinfrastruktur-junger-unternehmen-in-laendl-regionen/493;Regionales Starter-Kit: KI-gestützte Recherche-App für die Gründungsinfrastruktur junger Unternehmen in ländl. Regionen;KI Anwendung, Datenportal, Web-App, Maschinelles Lernen, Datenvisualisierung;Armut, Chancengleichheit, Ländlicher Raum, Wirtschaft, Arbeit;https://www.working-evolutions.de/kontakt;Civic Coding;Laufend;Ziel der Idee ist es, jungen Unternehmen die Erschließung der Ressourcen einer definierten Region in kurzer Zeit durch eine Mensch-Maschine-Interaktion zu ermöglichen. Dabei soll mithilfe einer KI untersucht werden,welche Aspekte von ländlichem Suchverhalten automatisierbar sind.;;CC-BY-NC-ND 4.0;https://www.civic-coding.de
https://www.civic-innovation.de/wettbewerb/praemierte-ideen/runde-2/eifel-barrierefrei-erleben;Eifel barrierefrei erleben;Empfehlungssystem, Datenanwendung für Öffentlichkeit, Web-App, Barrierefreiheit, Tourismus;Barrierefreiheit, Tourismus, Inklusion, Gleichstellung;https://www.civic-innovation.de/wettbewerb/praemierte-ideen/runde-2/eifel-barrierefrei-erleben;Civic Coding;Laufend;Ziel ist die Entwicklung einer digitalen Anwendung, in Form einer Progressive Web App, welche, mit Hilfe eines Recommender Systems, Empfehlungen für barrierefreie Reiseerlebnisse anbietet und hierbei die Bedürfnisse und Anforderungen der Nutzer:innen beachtet.;;CC-BY-NC-ND 4.0;https://www.civic-coding.de
https://www.civic-innovation.de/wettbewerb/praemierte-ideen/runde-1/kuenstliche-intelligenz-fuer-antragsmanagement-in-der-oeffentlichen-verwaltung;Künstliche Intelligenz für Antragsmanagement in der Öffentlichen Verwaltung (KIA-ÖV);Künstliche Intelligenz, Prozessautomatisierung, Datenportal, Verwaltung;Öffentliche Verwaltung, Verwaltung, Kommunen;https://www.civic-innovation.de/wettbewerb/praemierte-ideen/runde-1/kuenstliche-intelligenz-fuer-antragsmanagement-in-der-oeffentlichen-verwaltung;Civic Coding;Laufend;Ein intelligentes Antragsmanagement soll Behörden ermöglichen, einen differenzierten Überblick über die Art und Menge eingegangener Anträge zu erhalten und Arbeitsabläufe effizient auszugestalten.;;CC-BY-NC-ND 4.0;https://www.civic-coding.de
https://www.civic-coding.de/community/projekt/zeitvorsorge-vorsorge-mit-zeit-statt-geld/447;ZEITVORSORGE - Vorsorge mit Zeit statt Geld;Soziale Arbeit, Datenportal, Plattform;Armut, Chancengleichheit, Geschlechtergerechtigkeit, Soziale Arbeit, Altersvorsorge;https://www.civic-coding.de/community/projekt/zeitvorsorge-vorsorge-mit-zeit-statt-geld/447;Civic Coding;Laufend;Mit einer Zeitbank können Nachbarschaftshilfen in vielfältiger Weise getauscht werden. Die Besonderheit der verwendeten Zeitbank Obelio ist, dass man Zeitguthaben auch über längere Zeiten zur VORSORGE ansparen kann um sie später in slbst benötigte Hilfen zurück zu tauschen.;ZEITVORSORGE;CC-BY-NC-ND 4.0;https://www.civic-coding.de
https://www.civic-coding.de/community/projekt/path-protector/446;Path protector;Kamera, KI Anwendung, Computer Vision, Bilderkennung;Mobilität, Verkehr, Stadtplanung, Arbeit und Soziales;https://www.civic-coding.de/community/projekt/path-protector/446;Civic Coding;Laufend;Kamera + KI = Erkennung von Falschparkern auf dem Radweg. Speichert Standzeit, Fotos, Nummernschild, Datum Uhrzeit und übermittelt an Parkraumüberwachung. Läuft autonom über Solar und Mobilfunknetz. Mobil oder fest aufstellbar.;;CC-BY-NC-ND 4.0;https://www.civic-coding.de
https://www.civic-coding.de/community/projekt/techmentor-ki-gestutztes-matching-mit-it-mentoren/443;TechMentor - KI-gestütztes Matching mit IT-Mentoren;KI-Anwendung, Plattform, Mentoring;Armut, Chancengleichheit, Bildung, Inklusion, Teilhabe, Gesundheit, Arbeit;https://www.civic-coding.de/community/projekt/techmentor-ki-gestutztes-matching-mit-it-mentoren/443;Civic Coding;Laufend;IT gehört heute in jedem Bereich der Arbeitswelt. Doch für viele ist die Benutzung neuer Technologien eine Hürde. In der Gesellschaft gibt es aber viele IT-Experten, die helfen können und wollen. Dank einer KI-Plattform können diese sicher und bequem gematcht werden und helfen.;TechMentor;CC-BY-NC-ND 4.0;https://www.civic-coding.de
https://www.civic-coding.de/community/projekt/rechtsberatung-und-sematische-suchmaschine-fur-gesetze/442;Rechtsberatung und sematische Suchmaschine für Gesetze;Maschinelles Lernen, Automatisierung;Arbeit und Soziales, Chancengerechtigkeit;https://www.civic-coding.de/community/projekt/rechtsberatung-und-sematische-suchmaschine-fur-gesetze/442;Civic Coding;Unbekannt;Rechts- und Gesetzesfragen sind ohne Experten nicht einfach zu beantworten (Honorarberatung). KI basierte Systemen wie GPT3 könnten Gesetze semantisch durchsuchen. Erst für die Prüfung auf Rechtssicherheit würde ein Jurist konsultiert.;;CC-BY-NC-ND 4.0;https://www.civic-coding.de
https://www.civic-coding.de/community/projekt/agorai-update-democracy/440;Agorai | Update Democracy;Plattform, Datenportal, KI-Anwendung;Demokratie, Chancengleichheit, Inklusion, Teilhabe, Politische Bildung;https://www.civic-coding.de/community/projekt/agorai-update-democracy/440;Civic Coding;Laufend;Wir glauben, dass jeder Mensch im Herzen politisch ist. Mithilfe unserer App wollen wir Bürger*innen dazu befähigen, das Land aktiv zu gestalten sowie unkompliziert und unmittelbar ihre Interessen zu formulieren. Es wird höchste Zeit unserer Demokratie ein Update zu verpassen!;;CC-BY-NC-ND 4.0;https://www.civic-coding.de
https://www.civic-innovation.de/wettbewerb/praemierte-ideen/runde-2/pandemic-robot-orchestra;„Pandemic Robot Orchestra“ (PaRoO, hinduistisch: Sonne, Feuer, Anmut, Fluss );KI-Anwendung, Robotik, Kunstwerk, Interaktive App, Generative KI, Musik;Kultur, Kunst, Musik, Technologie;https://www.civic-innovation.de/wettbewerb/praemierte-ideen/runde-2/pandemic-robot-orchestra;Civic Coding;Laufend;Generatives, kollaboratives Kunstwerk, das aus virtueller Interaktion zwischen co-kreativen Zuhörern & KI ständig neue Musik schöpft. Das Orchester der Solenoid Roboter konzertiert mit realen Instrumenten live & streamt zur weiteren Interaktion zwischen KI & Zuhörer ins Web.;PRO;CC-BY-NC-ND 4.0;https://www.civic-coding.de
https://www.civic-innovation.de/wettbewerb/praemierte-ideen/runde-1/ki-basierte-wissensgraphen-fuer-die-oev-kiwi;KI-basierte Wissensgraphen für die öffentliche Verwaltung (Bund, Länder, Kommunen) - KIWI;Wissensmanagement, KI-Anwendung, Datenmanagement;Verwaltung, Umweltschutz, Klimaschutz;https://www.civic-innovation.de/wettbewerb/praemierte-ideen/runde-1/ki-basierte-wissensgraphen-fuer-die-oev-kiwi;Civic Coding;Laufend;Durch Machine Teaching aufgebaute Wissensgraphen stellen Verwaltungen strukturierte und in Beziehung stehende Informationen bereit. Unstrukturierte Datenbestände werden KI-basiert konsolidiert, Informationen können schnell abgerufen und zu neuem Wissen kombiniert werden.;KIWI;CC-BY-NC-ND 4.0;https://www.civic-coding.de
https://www.civic-coding.de/community/projekt/meta-der-weltweit-erste-antidiskriminierungschatbot/359;Meta - der weltweit erste Antidiskriminierungschatbot;Beratung, Antidiskriminierung, Künstliche Intelligenz, Chatbot, Inklusion;Antidiskriminierung, Inklusion, Arbeit und Soziales;https://www.civic-coding.de/community/projekt/meta-der-weltweit-erste-antidiskriminierungschatbot/359;Civic Coding;Laufend;Meta ist der weltweit erste Antidiskriminierungschatbot mit der Mission Betroffenen von Diskriminierungen digital und barrierefreie zu beraten. Meta ist für Betroffene kostenlos, kann eine Vielzahl an NutzerInnen parallel beraten, jederzeit, anonym übers Handy oder am PC.;Meta;CC-BY-NC-ND 4.0;https://www.civic-coding.de
https://www.civic-coding.de/community/projekt/wwwresearchupeu/191;www.ResearchUp.eu;Plattform, KI-Anwendung, Datenportal;Europa, Arbeit, Forschung;https://www.civic-coding.de/community/projekt/wwwresearchupeu/191;Civic Coding;Laufend;KI- gestützter, EU-weiter Auf- und Ausbau von Verbindungen (F&E) zwischen Forschung u. Industrie auf Personal- und Sachebene, als F&E Plattform: zur Kontaktaufnahme, Kooperations- Anbahnung über die F&E – Auftragssteuerung bis zur gemeinsamen Patententwicklung und -verwertung;ResearchUp;CC-BY-NC-ND 4.0;https://www.civic-coding.de
https://www.civic-coding.de/community/projekt/expertensystem-soziale-stadt/195;Expertensystem Soziale Stadt;Expertensystem, KI-Anwendung, Datenanalyse, Maschinelles Lernen;Armut, Chancengleichheit, Stadtplanung, Soziale Arbeit, Geschlechtergerechtigkeit, Inklusion, Bildung;https://www.xing.com/profile/Raimund_Mildner/cv;Civic Coding;Unbekannt;Expertensystemmodellierung sozialer Wirkungsbeziehungen auf die Arbeitswelt betreffend Wohn-, Arbeits- und Freizeitsituationen in differenzierten räumlichen Stadtstrukturen mit diversen Segregationseffekten im Kontext von heterogenen (Weiter-)Bildungs- und Kulturangeboten;;CC-BY-NC-ND 4.0;https://www.civic-coding.de
https://www.civic-coding.de/community/projekt/content-management-zur-darstellung-und-ki-gestutzter-dokumentation-von-lebensraeumen/196;Content Management zur Darstellung und KI-gestützter Dokumentation von Lebensräumen;Datenportal, KI-Anwendung, Datenanwendung für Öffentlichkeit, Wissensmanagement, Datenmanagement, Plattform;Arbeit, Soziale Arbeit, Inklusion, Chancengleichheit, Geschlechtergerechtigkeit, Bildung, Teilhabe;https://www.civic-coding.de/community/projekt/content-management-zur-darstellung-und-ki-gestutzter-dokumentation-von-lebensraeumen/196;Civic Coding;Unbekannt;"Wir leben in einem komplexen Lebensraum mit vielen Chancen, Möglichkeiten und Angeboten. Gerade soziale Projekte werden aber häufig als ""Content-Inseln"" realisiert. Also ohne digitale Verknüpfung mit anderen Projekten, Initiativen und Angeboten. Dies möchten wir ändern.";;CC-BY-NC-ND 4.0;https://www.civic-coding.de
https://www.civic-coding.de/community/projekt/ad-on-zum-zwangslaeufig-in-der-anzahl-der-teilnehmer-und-in-der-dauer-limitierten-pilotprojekt-grundeinkommen/203;ad-on zum zwangsläufig in der Anzahl der Teilnehmer und in der Dauer limitierten Pilotprojekt-Grundeinkommen;Soziale Innovationen, Datenanalyse, Maschinelles Lernen;Armut, Chancengleichheit, Soziale Arbeit, Geschlechtergerechtigkeit, Inklusion, Gesundheit, Arbeit;https://www.civic-coding.de/community/projekt/ad-on-zum-zwangslaeufig-in-der-anzahl-der-teilnehmer-und-in-der-dauer-limitierten-pilotprojekt-grundeinkommen/203;Civic Coding;Unbekannt;"Kann man die wissenschaftliche Analyse der Abhängigkeit von Arbeit (- lieber ""Tätigkeit"") und Geld (- lieber ""Lohn"") von der anderen Seite füttern, indem Tätigkeiten unabhängig von Verträgen und garantierten Geldleistungen stimuliert und erfasst werden?";;CC-BY-NC-ND 4.0;https://www.civic-coding.de
https://www.civic-coding.de/community/projekt/ki-leseanalytik-fur-kinder-die-technologie-fur-die-lesefoerderung-des-21-jahrhunderts/214;KI-Leseanalytik für Kinder - Die Technologie für die Leseförderung des 21. Jahrhunderts;Maschinelles Lernen, Datenanalyse, KI-Anwendung;Bildung, Chancengleichheit, Inklusion;https://www.civic-coding.de/community/projekt/ki-leseanalytik-fur-kinder-die-technologie-fur-die-lesefoerderung-des-21-jahrhunderts/214;Civic Coding;Laufend;Eine Sprachtechnologie, die Kindern beim lauten Lesen zuhört und dabei objektiv ihre Lesefähigkeit misst. Die Analyseergebnisse stehen dann Menschen oder Applikationen zur Verfügung, um gezielt zu fördern. Gepaart mit Gamification entstehen so Lösungen, die wirken und Spaß machen;;CC-BY-NC-ND 4.0;https://www.civic-coding.de
https://www.civic-coding.de/community/projekt/digitalisierung-der-arbeit-mit-ehrenamtlichen/220;Digitalisierung der Arbeit mit Ehrenamtlichen;Datenanwendung, Datenmanagement, KI-Anwendung;Armut, Chancengleichheit, Inklusion, Soziale Arbeit, Umweltschutz;https://www.civic-coding.de/community/projekt/digitalisierung-der-arbeit-mit-ehrenamtlichen/220;Civic Coding;Laufend;Bei diesem Projekt geht es darum, intelligente, digitale Technologie einzusetzen, um Nachwuchs und Ehrenamt zu verwalten. Wir können so besser neue Helfer gewinnen, sie motivieren und in die Organisation integrieren.;;CC-BY-NC-ND 4.0;https://www.civic-coding.de
https://www.civic-coding.de/community/projekt/jobs-von-morgen-als-karte/159;Jobs von morgen als Karte;KI-Anwendung, Datenportal, Kartenanwendung;Arbeit, Chancengleichheit, Inklusion;https://wechange.de/user/630/;Civic Coding;Laufend;Immer mehr Menschen suchen erfüllende Tätigkeiten in integralen, innovativen Unternehmen von morgen. Wie können wir deren Profile auf der Karte von morgen so aufbereiten, dass sie besser gefunden werden können? Eine KI-Jobsuche, die zielsicher erkennt, was gebraucht wird.;;CC-BY-NC-ND 4.0;https://www.civic-coding.de
https://www.civic-coding.de/community/projekt/einkaufsservice-mit-gemeinnutzigen-zwecken-verbinden-einkaufbotede-eb/168;Einkaufsservice mit Gemeinnützigen Zwecken verbinden (Einkaufbote.de = EB);E-Learning, Datenportal, Bericht, Plattform, Datenanwendung für Öffentlichkeit, Interaktiver Fragebogen, Karten;Armut, Umweltschutz, Klima, Landwirtschaft, Ernährungssicherung, Nachhaltigkeit, Gesundheit;https://www.civic-coding.de/community/projekt/einkaufsservice-mit-gemeinnutzigen-zwecken-verbinden-einkaufbotede-eb/168;Civic Coding;Laufend;"EB nutzt eigene Zustellboxen. Welche wöchentlich ausgetauscht wird. EB bietet die komplette örtliche Warenvielfalt an EB fördert die Landwirte aus der Region, (Endverbraucher - Landwirt) EB Nutzt ""Serviceabokarten"" um keinerlei Verträge mit Kundschaft zu schließen.";EB;CC-BY-NC-ND 4.0;https://www.civic-coding.de
https://www.civic-coding.de/community/projekt/explore-spann-ein-informationsnetz-uber-deine-stadt/183;eXPLORE - Spann ein Informationsnetz über Deine Stadt.;Datenportal, KI-Anwendung, Semantische Suche, Informationsnetz, Datenvisualisierung;Stadtplanung, Arbeit, Soziale Arbeit, Bildung, Kommune;https://getrequest.de/smartcountry;Civic Coding;Laufend;Wir helfen Dir, ein echtes Netz über alle Themen Deiner Stadt oder Region zu spannen. Alle Informationen werden mit KI automatisch inhaltlich miteinander verknüpft und sind kontextsensitiv verfügbar. Nutzbar als Service aus der Cloud. | https://getrequest.de/smartcountry;eXPLORE;CC-BY-NC-ND 4.0;https://www.civic-coding.de
https://www.civic-coding.de/community/projekt/attract-hire-develop-promote-kann-ki-helfen-damit-unbewusste-vorurteile-minimiert-talent-sich-max-entfaltet/185;"""Attract, hire, develop, promote"": kann KI helfen damit (unbewusste) Vorurteile minimiert & Talent sich max. entfaltet?";KI Anwendung, Inklusion, Automatisierung;Arbeit, Chancengleichheit, Inklusion;https://www.civic-coding.de/community/projekt/attract-hire-develop-promote-kann-ki-helfen-damit-unbewusste-vorurteile-minimiert-talent-sich-max-entfaltet/185;Civic Coding;Unbekannt;Das unterentwickelte erkennen, verstehen und nutzen von Talenten, Fachwissen und Erfahrungen von Arbeitnehmern ist multidimensionale Verschwendung, die sich niemand leisten kann und darf. KI soll hier helfen diese Verschwendung zu minimieren.;;CC-BY-NC-ND 4.0;https://www.civic-coding.de
https://www.civic-coding.de/community/projekt/einsatz-von-ki-fur-autonome-lagersupermaerkte-und-bei-intelligenten-ordnungssystemen-autonome-auslieferung-von-waren/223;Einsatz von KI für autonome Lager,Supermärkte und bei intelligenten Ordnungssystemen+ Autonome Auslieferung von Waren;KI-Anwendung, Datenmanagement, Prozessautomatisierung, Datenportal;Arbeit, Umweltschutz, Inklusion, Chancengleichheit;https://www.civic-coding.de/community/projekt/einsatz-von-ki-fur-autonome-lagersupermaerkte-und-bei-intelligenten-ordnungssystemen-autonome-auslieferung-von-waren/223;Civic Coding;Unbekannt;Meine Idee ist, das man die Arbeitsprozesse in der Industrie durch den Einsatz von intelligenten Lagern effizienter und kostengünstiger gestalten könnte. Autonome Lager und ein sich selbst verwaltender Einzelhandel, wäre die Revolution im Kampf gegen Amazon und Co.;;CC-BY-NC-ND 4.0;https://www.civic-coding.de
https://www.civic-coding.de/community/projekt/einsatz-von-adaptiven-assistenzsystemen-in-werkstaetten-fur-behinderte-menschen/179;Einsatz von adaptiven Assistenzsystemen in Werkstätten für behinderte Menschen;Maschinelles Lernen, KI Anwendung, Assistenzsystem;Behinderte Menschen, Arbeit, Chancengleichheit, Soziale Arbeit, Inklusion, Gleichstellung;https://kindustrii.de/kontakt;Civic Coding;Unbekannt;Ein anpassungsfähiges Assistenzsystem, das die jeweilige Behinderungen einer Person erkennt und beim Durchführen der Arbeit dort unterstützt, wo die Person Unterstützung benötigt. So können die Menschen auch Aufgaben übernehmen, die für sie ansonsten nicht möglich gewesen wären.;;CC-BY-NC-ND 4.0;https://www.civic-coding.de
https://www.civic-coding.de/community/projekt/gemeinschaftsentscheidungen/189;Gemeinschaftsentscheidungen;Partizipation, Datenanwendung für Öffentlichkeit, KI-Anwendung, Interaktive App, Datenerhebung, Umfrage;Chancengleichheit, Teilhabe, Geschlechtergerechtigkeit, Internationale, Demokratie, Gesundheit, Arbeit;https://www.civic-coding.de/community/projekt/gemeinschaftsentscheidungen/189;Civic Coding;Unbekannt;Mehr Mitbestimmung bei Entscheidungen, die uns alle betreffen: z.B. Autobahnbau, Nutzung öffentlicher Verkehrswege, Energienutzung, Schulen, Universitäten;;CC-BY-NC-ND 4.0;https://www.civic-coding.de
https://www.civic-coding.de/community/projekt/autonomer-e-scooter/208;Autonomer E-Scooter;Autonomisierung, Innovative KI-basierter Technologie, Datenportal, Plattform;Mobilität, Umweltschutz, Klimaschutz, Arbeit;https://www.civic-coding.de/community/projekt/autonomer-e-scooter/208;Civic Coding;Laufend;Unser Ziel ist die Entwicklung eines autonomen E-Scooters. Damit planen wir den Trend zum autonomen und elektrischen Fahren im Mikromobilitätsbereich, auch letzte Meile genannt, zu verknüpfen. Autonome E-Scooter fahren z.B. selbstständig zu Sammelpunkten oder Ladestationen.;;CC-BY-NC-ND 4.0;https://www.civic-coding.de
https://www.civic-coding.de/community/projekt/das-portal-fur-die-gesunde-psyche-start-gesunde-psyche-als-wirtschaftsfaktor/209;Das Portal für die gesunde Psyche (Start: Gesunde Psyche als Wirtschaftsfaktor);Datenportal, Plattform, KI-Anwendung;Gesundheit, Arbeit, Soziales;https://www.civic-coding.de/community/projekt/das-portal-fur-die-gesunde-psyche-start-gesunde-psyche-als-wirtschaftsfaktor/209;Civic Coding;Unbekannt;Speziell entwickelte PsyingU-Module stärken das Bewusstsein für die Gesunde Psyche. Im ersten Schritt entstigmatisieren wir Belastungen in Unternehmen, finden co-kreativ dort Lösungen und berechnen eine PsyingU-Quote. Kostenträger, Anbieter werden in einer Plattform gebündelt.;;CC-BY-NC-ND 4.0;https://www.civic-coding.de
https://www.civic-coding.de/community/projekt/erroff-arbeitstitel-adaptive-fehler-vermeidungs-plattform/212;errOff [ Arbeitstitel ] Adaptive Fehler-Vermeidungs-Plattform;Maschinelles Lernen, Automatisierung, Datenanwendung, Plattform, KI-Anwendung;Arbeit und Soziales, Inklusion, Bildung, Teilhabe, Chancengerechtigkeit;https://www.civic-coding.de/community/projekt/erroff-arbeitstitel-adaptive-fehler-vermeidungs-plattform/212;Civic Coding;Laufend;"Jeder Fehler, der als solcher verstanden wird, macht die fehlerhaft handelnde Person ""klüger"". Jeden Fehler sollten Noch-Nicht-Eingearbeitete möglichst NUR 1 x machen. errOff [ Arbeitstitel ] lernt jeden (neuen) Fehler (parallel zur Arbeit) und hilft ihn danach zu vermeiden.";errOff;CC-BY-NC-ND 4.0;https://www.civic-coding.de
https://www.civic-coding.de/community/projekt/kontakt-telefon-gegen-einsamkeit/215;Kontakt-Telefon gegen Einsamkeit;Innovative KI-basierter Technologie, Matching, Soziale Innovationen;Arbeit und Soziales, Inklusion, Teilhabe;https://www.civic-coding.de/community/projekt/kontakt-telefon-gegen-einsamkeit/215;Civic Coding;Unbekannt;Menschen, die ein Gespräch führen wollen, sollen auf andere treffen können, die zur gleichen Zeit das Bedürfnis haben. Die Teilnahme soll über das Telefonnetz oder online zugänglich sein. Interessen sollen hinterlegt werden können um auf gleichgesinnte Personen zu treffen.;;CC-BY-NC-ND 4.0;https://www.civic-coding.de
https://www.civic-coding.de/community/projekt/gesetze-durch-ki-auf-plausibilitaet-und-wirksamkeit-uberprufen-und-kontrollieren/193;Gesetze durch KI auf Plausibilität und Wirksamkeit überprüfen und kontrollieren.;KI-Anwendung, Datenanalyse, Datenportal, Plattform;Arbeit, Soziales, Mitbestimmung, Verwaltung;https://www.civic-coding.de/community/projekt/gesetze-durch-ki-auf-plausibilitaet-und-wirksamkeit-uberprufen-und-kontrollieren/193;Civic Coding;Unbekannt;"Zieldefinition, Plausibilitätsprüfung, Wirkungskontrolle und Festlegung eines ""Verfalltermins"" aller neuen und bestehenden Gesetze. Zum Verfalltermin entsprechende Überprüfung, Anpassung bzw. Aufhebung.";;CC-BY-NC-ND 4.0;https://www.civic-coding.de
https://www.civic-coding.de/community/projekt/popvox/221;popvox;KI-Anwendung, Plattform, Datenanalyse, Empfehlungssystem, Künstliche Intelligenz;Arbeit, Soziale Arbeit, Chancengleichheit, Teilhabe, Geschlechtergerechtigkeit;https://www.civic-coding.de/community/projekt/popvox/221;Civic Coding;Laufend;Konzeption, Finanzierung und technische Realisation einer dezentralen, trollresilienten und an europäischen Werten orientierten, öffentlichen Plattform zur Verknüpfung von Themen und Regionen mit Anwender-Zugang zu AI unterstütztem Analyse-Dashbord.;popvox;CC-BY-NC-ND 4.0;https://www.civic-coding.de
https://www.civic-coding.de/community/projekt/ki-gestutzte-personalentwicklungstrainings-mit-dem-didakischen-konzept-von-neacos/186;KI-gestützte Personalentwicklungstrainings mit dem didakischen Konzept von neacos;KI-Anwendung, Datenanalyse, Weiterbildung, Beratung, Arbeits- und Gesundheitsschutz;Arbeit, Gesundheit, Soziale Arbeit, Chancengleichheit, Inklusion, Teilhabe;https://www.civic-coding.de/community/projekt/ki-gestutzte-personalentwicklungstrainings-mit-dem-didakischen-konzept-von-neacos/186;Civic Coding;Laufend;Wir, die neacos GmbH, haben mit einem eigenen didaktischen Konzept große Erfolg bei der Weiterbildung und im Coaching von Mitarbeitenden und Führungskräften. Unser Ansatz erlaubt eine deutliche Zeitreduzierung und fördert die individuellen Ressourcen. Sprechen Sie uns gerne an!;;CC-BY-NC-ND 4.0;https://www.civic-coding.de
https://www.civic-coding.de/community/projekt/uebersetzungs-app-fur-tiersprachen/170;Übersetzungs-App für Tiersprachen;KI-Anwendung, Datenanwendung für Öffentlichkeit, Maschinelles Lernen, Natural Language Processing, Computer Vision;Umweltschutz, Tierschutz, Bildung, Landwirtschaft, Forschung;https://www.civic-coding.de/community/projekt/uebersetzungs-app-fur-tiersprachen/170;Civic Coding;Unbekannt;Wie cool wäre es, wenn Du verstehen könntest, was Tiere sagen? Wie würde sich das Verhältnis zu unseren Haustieren verändern? Wie würde sich unser Verständnis für die Natur erweitern? Wir entwickeln eine KI-App, die universelles Verstehen ermöglicht und den Klimaschutz fördert.;;CC-BY-NC-ND 4.0;https://www.civic-coding.de
https://www.civic-coding.de/community/projekt/how-to-erlange-digitale-faehigkeiten-durch-individualisierte-personalisierte-weiterbildungmoeglichkeiten/202;How To - Erlange digitale Fähigkeiten durch individualisierte, personalisierte Weiterbildungmöglichkeiten.;E-Learning, KI-Anwendung, Plattform, Datenanwendung für Öffentlichkeit;Arbeit, Bildung, Fachkräftesicherung, Weiterbildung;https://www.civic-coding.de/community/projekt/how-to-erlange-digitale-faehigkeiten-durch-individualisierte-personalisierte-weiterbildungmoeglichkeiten/202;Civic Coding;Laufend;"Mit digitalen Fähigkeiten steht und fällt die Digitalisierung in deutschen Organisationen. ""How To"", eine KI-basierte Weiterbildungsplattform, ermöglicht es ArbeitnehmerInnen auf Basis ihres angegebenen Profils einen individualisierten Fortbildungsplan zu erhalten.";How To;CC-BY-NC-ND 4.0;https://www.civic-coding.de
https://www.civic-coding.de/community/projekt/pen-product-enlightenment-network/150;PEN - Product Enlightenment Network;Datenportal, Maschinelles Lernen, Datenanwendung für Öffentlichkeit, KI-Anwendung;Umweltschutz, Klimaschutz, Nachhaltigkeit, Verbraucherschutz;https://www.civic-coding.de/community/projekt/pen-product-enlightenment-network/150;Civic Coding;Unbekannt;Durch den Einsatz verschiedener, bereits vorhandener technologischer Werkzeuge, könnte ein Informationssystem (vgl. Wikipedia) aufgebaut werden, welches die Konsumenten über den CO2e-Fußabdruck der Ge- & Verbrauchsgüter aufklärt, die er oder sie konsumiert.;PEN;CC-BY-NC-ND 4.0;https://www.civic-coding.de
https://www.civic-coding.de/community/projekt/foerderplattform-fur-akteurinnen-aus-dem-bereich-sport-und-sozialem-wandel/190;Förderplattform für Akteur*innen aus dem Bereich Sport und sozialem Wandel;Plattform, Matching, Soziale Innovationen, Datenauswertung;Sport, Soziale Arbeit, Chancengleichheit, Arbeit und Soziales;https://www.civic-coding.de/community/projekt/foerderplattform-fur-akteurinnen-aus-dem-bereich-sport-und-sozialem-wandel/190;Civic Coding;Unbekannt;Die Plattform soll Akteur*innen, die Sport als Instrument für gesellschaftlichen Wandel nutzen, helfen, einfacher relevante Fördermöglichkeiten zu finden. Mit einem Matching werden soziale Ideen und Initiativen mit Förderern zusammen gebracht.;;CC-BY-NC-ND 4.0;https://www.civic-coding.de
https://www.civic-coding.de/community/projekt/doc-dates/169;Doc Dates;KI-Anwendung, Automatisierung, Datenanwendung für Öffentlichkeit;Arbeit, Gesundheit, Soziale Arbeit;https://www.civic-coding.de/community/projekt/doc-dates/169;Civic Coding;Unbekannt;Wer kennt es nicht? Das leidige Thema einen Arzttermin zu finden. Egal ob Vorsorge oder akut, meist muss zum Hörer gegriffen werden, wobei es oft schon am Durchkommen scheitert. Einige Wunschtermine könnten dabei schnell angegeben werden, KI hilft beim Match im Kalender.;;CC-BY-NC-ND 4.0;https://www.civic-coding.de
https://www.civic-coding.de/community/projekt/mit-ki-lebensmittelverschwendung-vermeiden-und-nachhaltig-wirtschaften/216;Mit KI Lebensmittelverschwendung vermeiden und nachhaltig wirtschaften;Maschinelles Lernen, Datenanalyse, Prozessautomatisierung, KI-Anwendung, Zeitreihenanalyse;Ernährungssicherung, Umweltschutz, Klimaschutz, Nachhaltigkeit;https://www.civic-coding.de/community/projekt/mit-ki-lebensmittelverschwendung-vermeiden-und-nachhaltig-wirtschaften/216;Civic Coding;Unbekannt;In deutschen Supermärkten werden jährlich 2,6 Mio t Lebensmittel weggeworfen. Das Bestellsystem im LEH ist vor allem erfahrungsbasiert. Mit KI kann das Kundenkaufverhalten (z.B. anhand des Wetters, hist. Daten, etc.) prognostiziert und Lebensmittelverschwendung minimiert werden.;;CC-BY-NC-ND 4.0;https://www.civic-coding.de
https://www.civic-coding.de/community/projekt/tracking-algorithmic-discrimination-in-the-platform-economy/201;Tracking algorithmic discrimination in the Platform Economy;Datenanalyse, Maschinelles Lernen, Reporting, Open Data;Arbeit, Inklusion, Chancengleichheit, Gleichstellung;https://www.ncl.ac.uk/law/people/profile/nehavyas.html;Civic Coding;Laufend;Collecting and assessing data to identify discriminatory patterns in the platform economy. To amend the problematic variables and to ensure an inclusive labour market in the digital world.;;CC-BY-NC-ND 4.0;https://www.civic-coding.de
https://www.civic-coding.de/community/projekt/ki-entwurfsassistent-fur-die-industrielle-produktion-und-erstellung-von-wohnungs-schul-und-kitagebaeuden/187;KI-Entwurfsassistent für die industrielle Produktion und Erstellung von Wohnungs-Schul- und Kitagebäuden.;KI Anwendung, Maschinelles Lernen;Wohnen, Bildung, Kinder- und Jugendhilfe, Stadt, Umweltschutz;https://www.civic-coding.de/community/projekt/ki-entwurfsassistent-fur-die-industrielle-produktion-und-erstellung-von-wohnungs-schul-und-kitagebaeuden/187;Civic Coding;Unbekannt;Die Idee ist, Wohn-, Schul- und Kita-Gebäude industriell zu produzieren und zu erstellen und durch einen KI-unterstützten Entwurfsprozess durch die Integration von sozialen, ökologischen und wirtschaftlichen Qualitäten zu optimieren.;;CC-BY-NC-ND 4.0;https://www.civic-coding.de
https://www.civic-coding.de/community/projekt/bildungsfabrik/151;Bildungsfabrik;E-Learning, KI Anwendung, Interaktive App, Web-App;Bildung, Inklusion;https://www.civic-coding.de/community/projekt/bildungsfabrik/151;Civic Coding;Unbekannt;Wir möchten allen Anderslernern die Chance geben, sich den Weg ihrer Qualifikation selbst auszuwählen. Damit auch die Möglichkeit geben, mit verwertbaren Prüfungen und Qualifikationen, ihre Fähigkeiten und Fertigkeiten auch in der Arbeitswelt sichtbar/wertvoll zu platzieren.;;CC-BY-NC-ND 4.0;https://www.civic-coding.de
https://www.civic-coding.de/community/projekt/hybrid-praesentation-laserpointer/210;Hybrid-Präsentation-Laserpointer;Maschinelles Lernen, Computer Vision, Forschung;Arbeit, Bildung, Technologie;https://www.civic-coding.de/community/projekt/hybrid-praesentation-laserpointer/210;Civic Coding;Unbekannt;Eine KI wird darauf trainiert zu erkennen, wohin eine Person mit dem Laserpointer physisch auf der Präsentation zeigt. Dies wird übertragen auf den geteilten Bildschirm (Skype, Zoom, BBB etc.). Dadurch wird die hybride Präsentation interaktiver und anschaulicher.;;CC-BY-NC-ND 4.0;https://www.civic-coding.de
https://www.civic-coding.de/community/projekt/duale-berufsausbildung-als-eigenstaendiger-bildungsweg-im-ki-und-entwicklung-einer-zukunftsfestev-ki-in-der-dualen-ba/167;duale Berufsausbildung als eigenständiger Bildungsweg im KI und Entwicklung einer zukunftsfestev KI in der dualen BA;Berufsausbildung, KI Anwendung;Arbeit und Soziales, Arbeitswelt, Weiterbildung, Inklusion, Chancengerechtigkeit, Teilhabe;https://www.civic-coding.de/community/projekt/duale-berufsausbildung-als-eigenstaendiger-bildungsweg-im-ki-und-entwicklung-einer-zukunftsfestev-ki-in-der-dualen-ba/167;Civic Coding;Unbekannt;KI geht oft von Spaltung Hoch-u. Geringqualifizierte aus: Duale Berufsausbildung überwindet die Spaltung im Lernen im Prozess der Arbeit als Prinzip von Bildung, ein eigenständiger dualer Bildungsweg mit toller Durchlässigkeit und Nachholen von Berufsabschlüssen, Weiterbildung.;;CC-BY-NC-ND 4.0;https://www.civic-coding.de
https://www.civic-innovation.de/wettbewerb/praemierte-ideen/runde-1/reflectanetwork;reflecta.network - Bedarfsgerechtes, dazulernendes KI-Matchmaking zur Lösung gesellschaftlicher Herausforderungen.;Plattform, KI Anwendung, Vernetzung, Datenanalyse;Soziale Arbeit, Integration, Inklusion, Demokratie, Vernetzung;https://www.civic-innovation.de/wettbewerb/praemierte-ideen/runde-1/reflectanetwork;Civic Coding;Laufend;Mittels KI-basiertem Matching verbinden sich soziale Ideenträger:innen auf einer digitalen Plattform mit Möglichmacher:innen, Wissensträger:innen und Projektpartnern, professionalisieren ihre Arbeit und stoßen Projekte an. Social Entrepreneurship wird so gefördert.;reflecta.network;CC-BY-NC-ND 4.0;https://www.civic-coding.de
https://www.civic-innovation.de/wettbewerb/praemierte-ideen/runde-1/gegenstaende-sprechen-lassen-ki-kiste-fuer-kinder;Gegenstände sprechen lassen - eine KI-Kiste für Kinder;KI Anwendung, E-Learning;Bildung, KI;https://www.civic-innovation.de/wettbewerb/praemierte-ideen/runde-1/gegenstaende-sprechen-lassen-ki-kiste-fuer-kinder;Civic Coding;Laufend;Die KI-Kiste ermöglicht es Kindern in Kindertageseinrichtungen, sich spielerisch mit KI als einem lernenden System zu beschäftigen. Die KI-Kiste erkennt Objekte, die von Kindern mit einer Geschichte belegt werden. So können die Kinder kreatives, soziales Storytelling betreiben.;;CC-BY-NC-ND 4.0;https://www.civic-coding.de
https://www.civic-innovation.de/wettbewerb/praemierte-ideen/runde-1/social-knowledge-hub-regionale-digitalisierung-und-vernetzung;"""Social Knowledge Hub"" - Regionale Digitalisierung und Vernetzung";KI Anwendung, Open Data, Plattform, Datenstandards, Datenanwendung für Öffentlichkeit, Knowledge Graph, Datenvisualisierung;Ländlicher Raum, Integration, Soziale Arbeit, Inklusion, Verwaltung, Bildung, Öffentlicher Nahverkehr;https://schema.org/;Civic Coding;Laufend;In ländlichen Regionen besteht das digital bereitgestellte soziale Informationsangebot aus Insellösungen. Ein offenes, übergreifendes Informationsnetz soll diese Angebote verknüpfen. Gleichberechtigte digitale Teilhabe für alle. Das ist unser Ziel.;;CC-BY-NC-ND 4.0;https://www.civic-coding.de
https://www.civic-innovation.de/wettbewerb/praemierte-ideen/runde-1/sozialleistungsrechner;Sozialleistungsrechner;Web-App, KI-Anwendung, Datenanwendung für Öffentlichkeit, Prozessautomatisierung;Armut, Soziale Arbeit, Inklusion, Datenanalyse, Wirkungsmessung, Zivilgesellschaft;https://www.civic-innovation.de/wettbewerb/praemierte-ideen/runde-1/sozialleistungsrechner;Civic Coding;Laufend;Wir erstellen ein mehrsprachiges webbasiertes Tool, das Nutzer:innen anhand einfacher Fragen individualisiert rückmeldet, auf welche Sozialleistungen sie in welcher Höhe Anspruch haben, und das beim Ausfüllen der Anträge unterstützt.;;CC-BY-NC-ND 4.0;https://www.civic-coding.de
https://www.civic-innovation.de/wettbewerb/praemierte-ideen/runde-1/von-talenten-zu-machern-ki-basierter-skill-kompass-fuer-jugendliche-mit-migrationserfahrung;Von Talenten zu Machern: KI-basierter „Skill-Kompass“ für Jugendliche mit Migrationserfahrung;E-Learning, KI Anwendung, Beratung;Flucht und Migration, Jugendarbeit, Bildung, Integration, Inklusion, Gleichberechtigung;https://www.civic-innovation.de/wettbewerb/praemierte-ideen/runde-1/von-talenten-zu-machern-ki-basierter-skill-kompass-fuer-jugendliche-mit-migrationserfahrung;Civic Coding;Unbekannt;Der KI-basierte digitale „Skill-Kompass“ der Uni Ulm in Kooperation mit START-Stiftung sowie Kiron empfiehlt Jugendlichen mit Migrationserfahrung passgenau und individuell begründet Bildungsangebote und MentorInnen, um Engagement und gesellschaftliches Potenzial zu erschließen.;;CC-BY-NC-ND 4.0;https://www.civic-coding.de
https://www.civic-innovation.de/wettbewerb/praemierte-ideen/runde-1/smartcsr-die-intelligente-managementsoftware-fuer-mehr-nachhaltigkeit-in-unternehmen;Smart|CSR - Die intelligente Managementsoftware für mehr Nachhaltigkeit in Unternehmen;KI Anwendung, Web-App;Nachhaltigkeit;https://www.civic-innovation.de/wettbewerb/praemierte-ideen/runde-1/smartcsr-die-intelligente-managementsoftware-fuer-mehr-nachhaltigkeit-in-unternehmen;Civic Coding;Laufend;Smart|CSR hilft Unternehmen ihre individuelle Nachhaltigkeitsstrategie zu planen und zu managen. Die Software unterstützt die verantwortlichen Stellen von der Auswahl relevanter Schwerpunkte über die Festlegung entsprechender Maßnahmen bis zur Umsetzung und Evaluierung.;;CC-BY-NC-ND 4.0;https://www.civic-coding.de
https://www.civic-innovation.de/wettbewerb/praemierte-ideen/runde-1/mit-toni-on-tour-inklusive-kulturelle-jugend-weiterbildung-durch-ki-gestuetzte-bilderkennung;Den Tönen auf der Spur – Mit Toni on Tour;Interaktive App, KI Anwendung;Kultur, Inklusion, Bildung, Jugendbeteiligung, Stadt, Barrierefreiheit;https://www.civic-innovation.de/wettbewerb/praemierte-ideen/runde-1/mit-toni-on-tour-inklusive-kulturelle-jugend-weiterbildung-durch-ki-gestuetzte-bilderkennung;Civic Coding;Laufend;Reale Rundgänge/Audioleitsysteme der Notenspur als digitales Lehrangebot für Schulen/Familien, virtuelle Karte mit Notenspurstationen, Stationen eröffnen Informationen, Hörtexte, weiterführende Aufgaben im Unterricht, spielerische Elemente/augmented reality auf realer Notenspur;;CC-BY-NC-ND 4.0;https://www.civic-coding.de
https://www.civic-innovation.de/wettbewerb/praemierte-ideen/runde-1/stolpersteine-erleben-gegen-das-vergessen-ki-gestuetzte-ar-app;"""Stolpersteine erleben - Gegen das Vergessen"": KI-gestützte AR-App";Interaktive App, KI Anwendung;Bildung, Geschichte, Demokratie, Menschenrechte;https://www.civic-innovation.de/wettbewerb/praemierte-ideen/runde-1/stolpersteine-erleben-gegen-das-vergessen-ki-gestuetzte-ar-app;Civic Coding;Laufend;KI- und AR-basierte App für Stolpersteine: Die App gibt den Namen der NS-Ermordeten ein Gesicht und eine Geschichte. Die Technologien ermöglichen zeitgemäße, zielgruppenorientierte Benutzbarkeit und Didaktik, indem sie Bilder und Informationen in die reale Umgebung einblendet.;;CC-BY-NC-ND 4.0;https://www.civic-coding.de
https://www.civic-innovation.de/wettbewerb/praemierte-ideen/runde-1/unkafka-behoerdliche-schreiben-einfach-und-verstaendlich;Unkafka - Behördliche Schreiben einfach und verständlich;KI Anwendung, Natural Language Processing, Datenanwendung für Öffentlichkeit;Verwaltung, Barrierefreiheit, Transparenz;https://www.civic-innovation.de/wettbewerb/praemierte-ideen/runde-1/unkafka-behoerdliche-schreiben-einfach-und-verstaendlich;Civic Coding;Laufend;Unkafka übersetzt behördliche Schreiben wie Bescheide, Rechtsbehelfsbelehrungen, Verordnungen und Erlasse in kompakte, einfach verständliche und strukturierte Texte. Dazu nutzt es einen einzigartigen Mechanismus basierend auf validen Einschätzungen von Juristen und Fachexperten.;Unkafka;CC-BY-NC-ND 4.0;https://www.civic-coding.de
https://www.civic-coding.de/community/projekt/demenz-butler/262;Demenz Butler;KI Anwendung, Web-App, Inklusion, Soziale Innovationen, Datenanwendung für Öffentlichkeit;Inklusion, Gesundheit, Soziale Arbeit, Arbeit und Soziales;https://www.civic-coding.de/community/projekt/demenz-butler/262;Civic Coding;Unbekannt;Inhalte werden kurz bis mittelang gespeichert um Sie wieder in einem späteren Kontext abrufbar zu machen. Beispiel: Ich gehe einkaufen. Opa bleibt zu Haus. Ich sage: AI, Darren geht einkaufen. Opa: fragt ... Wo ist Darren? AI: Darren ist einkauen.;;CC-BY-NC-ND 4.0;https://www.civic-coding.de
https://www.civic-coding.de/community/projekt/appointment-ai/260;Appointment ai;Empfehlungssystem, KI Anwendung, Automatisierung, Browser-Erweiterung;Arbeit, Soziales, Automatisierung;https://www.civic-coding.de/community/projekt/appointment-ai/260;Civic Coding;Unbekannt;Appointment ai ist ein Digital Twin für die Tagesorganisation. Die AI bespricht am z.B. Anfang des Tages alle Termine mit dem User und gibt Empfehlungen welche Termine wahrgenommen werden, welche umgestellt werden können und stellt diese dann auch um.;;CC-BY-NC-ND 4.0;https://www.civic-coding.de
https://www.civic-coding.de/community/projekt/legal-ai/258;Legal ai;KI Anwendung, Natural Language Processing, Maschinelles Lernen;Arbeit, Soziale Arbeit, Technologie, Datenanalyse;https://www.civic-coding.de/community/projekt/legal-ai/258;Civic Coding;Unbekannt;"Eine AI die für einzelne Gesetze als ein ""Digital Twin"" repräsentiert.";;CC-BY-NC-ND 4.0;https://www.civic-coding.de
https://www.civic-coding.de/community/projekt/blind-sight/254;Blind sight;Computer Vision, KI Anwendung;Inklusion, Barrierefreiheit, Mobilität;https://www.civic-coding.de/community/projekt/blind-sight/254;Civic Coding;Unbekannt;Blinde Personen haben das Problem Objekte zu finden z.B. Eingänge, Rolltreppen. Dabei unterstützt diese KI via App. Die blinde Person hält die App vor seine Brust und die App findet die Eingänge des Kaufhaus, Taxis etc. im Umkreis und vermittelt diese per Audio oder vibrieren.;;CC-BY-NC-ND 4.0;https://www.civic-coding.de
https://www.civic-innovation.de/wettbewerb/praemierte-ideen/runde-1/ki-baukasten-kreativ-und-handwerklich-den-umgang-mit-ki-erlernen;KI-Baukasten: Kinder und Jugendliche in Schule und Ausbildung lernen kreativ und handwerklich den Umgang mit KI;Workshops, E-Learning, Maschinelles Lernen, KI Anwendung;Bildung, Jugendarbeit, KI, Berufsausbildung, Ethik, Jugendbeteiligung;https://www.civic-innovation.de/wettbewerb/praemierte-ideen/runde-1/ki-baukasten-kreativ-und-handwerklich-den-umgang-mit-ki-erlernen;Civic Coding;Laufend;Kernstück des Projekts ist ein Baukasten mit Sensoren, Schaltflächen und Aktoren, die in Bildungsprojekten und Workshops benutzt werden, um Künstliche Intelligenz und Internet der Dinge praktisch erlebbar zu machen.;;CC-BY-NC-ND 4.0;https://www.civic-coding.de
https://www.civic-innovation.de/wettbewerb/praemierte-ideen/runde-1/physio-fuer-die-hosentasche;Physio für die Hosentasche - therapeutisches KI-Training für die Reha zuhause;KI Anwendung, Web-App, Maschinelles Lernen;Gesundheit, Arbeit, Wohnen;https://www.civic-innovation.de/wettbewerb/praemierte-ideen/runde-1/physio-fuer-die-hosentasche;Civic Coding;Laufend;Eine eHealth-App für physiotherapeutisches Heimtraining wird durch Sensorik und KI so erweitert, dass Patienten Echtzeit-Feedback zur Bewegungsausführung erhalten. Weiterhin werden bestehende Therapiekonzepte auf Basis von Therapie- und Bewegungsdaten evaluiert und verbessert.;;CC-BY-NC-ND 4.0;https://www.civic-coding.de
https://www.civic-coding.de/community/projekt/intelligente-smartphone-hoer-app-die-rauchmelder-hausturklingel-telefon-und-andere-sounds-erkennt-und-informiert/225;Intelligente Smartphone 'Hör'-App, die Rauchmelder-, Haustürklingel-, Telefon- und andere Sounds erkennt und informiert;KI Anwendung, Maschinelles Lernen, Interaktive App;Inklusion, Gesundheit, Technologie;https://www.civic-coding.de/community/projekt/intelligente-smartphone-hoer-app-die-rauchmelder-hausturklingel-telefon-und-andere-sounds-erkennt-und-informiert/225;Civic Coding;Unbekannt;Eine App, die lokal auf einem 'alten' Smartphone zuhause läuft und dort Vorort via Machine Learning Sounds wie Rauchmelder-, Kühlschrankalarme als auch Türklingel- oder Telefonklingel-Ereignisse lokal verarbeitet und den Anwender (mit Hörbehinderung oder ohne ) informiert.;;CC-BY-NC-ND 4.0;https://www.civic-coding.de
https://www.civic-coding.de/community/projekt/der-dusb-schutzt-den-arbeitnehmer-vor-ueberraschungen-er-liefert-die-wichtigsten-absicherungen-gegen-risiken-aller-art/304;Der DUSB schützt den Arbeitnehmer vor Überraschungen! Er liefert die wichtigsten Absicherungen gegen Risiken aller Art!;KI Anwendung, Beratung, Prozessautomatisierung, Datenanalyse;Arbeit und Soziales, Arbeitswelt, Arbeits- und Gesundheitsschutz, Fachkräftesicherung, Weiterbildung, Chancengerechtigkeit;https://www.xing.com/profile/Jens_Krack/cv;Civic Coding;Unbekannt;Der DUSB e.V.(i.Gr.) ist ein Dienstleistungsverein für Unternehmer (KMU)! Wir schützen (Jung-)Unternehmer*Innen und ihre Arbeitnehmer*Innen gegen alle Risiken in der Arbeitswelt mittels Gesundheits-, Arbeits-& Datenschutz, finanzielle Sicherung, Rentenfragen + Einkommensschutz.;DUSB;CC-BY-NC-ND 4.0;https://www.civic-coding.de
https://www.civic-coding.de/community/projekt/personalisierte-finanzplanung-fur-soloselbststaendige/314;Personalisierte Finanzplanung für Soloselbstständige;KI Anwendung, Maschinelles Lernen, Web-App, Prozessautomatisierung;Arbeit;https://www.civic-coding.de/community/projekt/personalisierte-finanzplanung-fur-soloselbststaendige/314;Civic Coding;Unbekannt;Unser Ziel ist es, Soloselbstständige zu nachhaltigen finanziellen Entscheidungen befähigen. Unsere Lösung ermöglicht, es einen Finanzplan zu definieren, und warnt automatisch bei Budgetüberschreitungen oder dem Risiko, selbst gesteckte Geschäftsziele zu verfehlen.;;CC-BY-NC-ND 4.0;https://www.civic-coding.de
https://www.civic-coding.de/community/projekt/flottenintelligenz-mittels-federated-learning/320;Flottenintelligenz mittels Federated Learning;Maschinelles Lernen, Open-Source, Plattform, KI Anwendung;Technologie, Datenanalyse, Datenschutz, Arbeit;https://flower.dev/;Civic Coding;Laufend;Adap entwickelt eine AI basierte Flottenplatform, um einheitliche Einblicke in verteilte Datentöpfe zu erhalten. Dies geschieht durch gemeinschaftliches Lernen der teilnehmenden Partner und unter vollen Einhaltung der Privatsphäre.;;CC-BY-NC-ND 4.0;https://www.civic-coding.de
https://www.civic-coding.de/community/projekt/understandr-plattform-fur-aggregierte-argumente-und-differenzierte-meinungen/229;understandR - Plattform für aggregierte Argumente und differenzierte Meinungen;Plattform, KI Anwendung, Datenvisualisierung;Demokratie, Politische Bildung, Datenanalyse;https://www.civic-coding.de/community/projekt/understandr-plattform-fur-aggregierte-argumente-und-differenzierte-meinungen/229;Civic Coding;Unbekannt;Durch Filterblasen und Social Media scheint es meistens nur eine Wahrheit zu geben - und zwar die eigene. Auf understandR können Nutzer zu konkreten Fragen pro und contra Argumente bewerten und so spielerisch neue Argumente entdecken, die eine differenzierte Meinung fördern.;;CC-BY-NC-ND 4.0;https://www.civic-coding.de
https://www.civic-coding.de/community/projekt/jes-zeitung-oder-worumgehts-magazin/232;"""JES-Zeitung"" oder ""worumgehts-Magazin""";Bericht, KI Anwendung, Datenanalyse, Web-App;Soziale Arbeit, Vernetzung, Inklusion, Demokratie, Nachhaltigkeit, Arbeit, Gemeinwohlorientierung;https://www.civic-coding.de/community/projekt/jes-zeitung-oder-worumgehts-magazin/232;Civic Coding;Unbekannt;"Ich träume von einer einmalig erscheinenden Zeitung (Print + Web), die Nachbarn zu Freunden macht, ganz im Sinne der Enzyklika von Papst Franziskus ""Fratelli tutti"". Kleine Redaktionsteams machen sich auf die Reise zum Nächsten, nutzen KI-Tools und schenken Zeit.";;CC-BY-NC-ND 4.0;https://www.civic-coding.de
https://www.civic-coding.de/community/projekt/soulmate-ein-smarter-und-interaktiver-achtsamkeits-spiegel-mental-stark-in-zeiten-der-unsicherheit/237;“Soulmate” ein smarter und interaktiver Achtsamkeits-Spiegel - mental stark in Zeiten der Unsicherheit!;KI Anwendung, Maschinelles Lernen, Web-App, Datenanwendung für Öffentlichkeit, Interaktive App;Gesundheit, Arbeit und Soziales, Arbeitskultur, Arbeits- und Gesundheitsschutz;https://www.civic-coding.de/community/projekt/soulmate-ein-smarter-und-interaktiver-achtsamkeits-spiegel-mental-stark-in-zeiten-der-unsicherheit/237;Civic Coding;Unbekannt;"Der ""Soulmate"" ein smarter und interaktiver Achtsamkeits-Spiegel soll Menschen dabei unterstützen 6 Minuten am Tag (je 3 Minuten morgens und abends vor dem Spiegel) bewusst Ihrem eigenen Körper und Gedanken zu schenken und Achtsamkeitstraining in Ihren Alltag zu integrieren.";;CC-BY-NC-ND 4.0;https://www.civic-coding.de
https://www.civic-coding.de/community/projekt/cocreate-network-semantisches-wissensnetz/239;CoCreate Network - semantisches WissensNetz;Knowledge Graph, Open Source, Plattform, Maschinelles Lernen, Datenanwendung für Öffentlichkeit, Interaktive Datenexploration;Zivilgesellschaft, Soziale Arbeit, Inklusion, Datenanalyse, Wissensmanagement, Transparenz, Vernetzung;https://www.civic-coding.de/community/projekt/cocreate-network-semantisches-wissensnetz/239;Civic Coding;Laufend;Es soll ein semantisches Netz über das Wissen eines Themenfeldes aufgebaut werden. Ohne Programmierkenntnisse können dann von jeder/-m leicht, natürlichsprachliche Abfragen erstellt werden. Die Inhalte können sowohl von Menschen, als auch von Maschinen verarbeitet werden.;;CC-BY-NC-ND 4.0;https://www.civic-coding.de
https://www.civic-coding.de/community/projekt/ki-basierte-optimierung-der-arbeitsablaeufe-in-webanwendungen/240;KI-basierte Optimierung der Arbeitsabläufe in Webanwendungen;Maschinelles Lernen, Prozessautomatisierung, KI Anwendung, Web-App, Empfehlungssystem, Datenanalyse;Arbeit, Technologie, Arbeitsorganisation;https://www.xing.com/profile/Matthias_Waltenberger/;Civic Coding;Unbekannt;Im Bereich User Experience sind Effizienzsteigerungen in häufigen Arbeitsabläufen in nahezu jeder Anwendung möglich. Auf Basis echter Nutzungsdaten können KI-basierte Optimierungen in die jeweilige Anwendung einfließen. Dieser Ansatz bietet echte Vorteile für die Nutzer.;;CC-BY-NC-ND 4.0;https://www.civic-coding.de
https://www.civic-coding.de/community/projekt/freeland-visuelles-kommunikations-und-markt-und-kulturportal/303;Freeland, visuelles Kommunikations- und Markt- und Kulturportal;Plattform, Datenvisualisierung, E-Learning, Erklärbare KI, Arbeit und Soziales, Web-App;Kultur, Arbeit und Soziales, Markt, Bildung, Technologie, Datenanalyse;https://www.civic-coding.de/community/projekt/freeland-visuelles-kommunikations-und-markt-und-kulturportal/303;Civic Coding;Unbekannt;Wir orientieren uns naturgemäss visuell und nicht verbal. Datenbanken funktionieren semantisch. Mit dem Projekt Freeland soll eine Plattform für Kommunikation, Information, Kultur und auch für kommerzielle Interessen in durchgängig visuell gestaltetem Frontend entstehen.;;CC-BY-NC-ND 4.0;https://www.civic-coding.de
https://www.civic-coding.de/community/projekt/fake-news-checker-die-ampel-zur-bewertung-des-wahrheitsgehalts-von-netzinhalten/274;Fake News Checker - Die Ampel zur Bewertung des Wahrheitsgehalts von Netzinhalten;Browser-Erweiterung, Maschinelles Lernen, Information Retrieval, Datenvisualisierung;Demokratie, Medienaufsicht, Transparenz;https://www.civic-coding.de/community/projekt/fake-news-checker-die-ampel-zur-bewertung-des-wahrheitsgehalts-von-netzinhalten/274;Civic Coding;Unbekannt;Das Browser-Plugin “Fake Checker” gibt beim Lesen von Netzinhalten transparente Hinweise, ob und wie andere Internetmedien über dasselbe Thema berichten. So soll das kritische Hinterfragen von potenziellen Falschinformationen im Netz gefördert und unterstützt werden.;;CC-BY-NC-ND 4.0;https://www.civic-coding.de
https://www.civic-coding.de/community/projekt/digitalisierungsinitiative-kmu-datenschutz-ist-arbeitnehmerschutz/300;Digitalisierungsinitiative KMU - Datenschutz ist Arbeitnehmerschutz;KI Anwendung, Datenanalyse, E-Learning, Datenvisualisierung, Interaktives Dashboard;Arbeit, Gesundheit, Datenschutz, Bildung, Soziale Arbeit;https://www.civic-coding.de/community/projekt/digitalisierungsinitiative-kmu-datenschutz-ist-arbeitnehmerschutz/300;Civic Coding;Unbekannt;Schaffung von Bewusstsein für die Notwendigkeit von Datenschutz aus der Erkenntnis, dass auch eigene Daten im Unternehmen des Arbeitgebers erfasst und verarbeitet werden können.;;CC-BY-NC-ND 4.0;https://www.civic-coding.de
https://www.civic-coding.de/community/projekt/kidia-ki-demonstrator-fur-lebenswerte-industriearbeit/337;"""KIDIA"": KI-Demonstrator für lebenswerte Industriearbeit";Maschinelles Lernen, KI Anwendung, Datenanalyse, Prozessoptimierung, Wirkungsmessung, Interaktive App;Arbeit, Soziale Arbeit, Gesundheit, Nachhaltigkeit, Technologie, Chancengleichheit;https://www.civic-coding.de/community/projekt/kidia-ki-demonstrator-fur-lebenswerte-industriearbeit/337;Civic Coding;Unbekannt;Eine Mitarbeiter-APP nutzt KI, um Industriearbeit lebenswert zu machen. Bei laufender Produktion gibt sie Auskunft über freie Zeitslots für die Erledigung lebensnaher Aufgaben wie Weiterbildung, Kinderbetreuung, Pflege von Angehörigen innerhalb der regulären Arbeitstätigkeit.;KIDIA;CC-BY-NC-ND 4.0;https://www.civic-coding.de
https://www.civic-coding.de/community/projekt/home-office-arbeitssicherheit-und-gesundheitsschutz-von-remote-arbeitsplaetzen/340;Home Office - Arbeitssicherheit und Gesundheitsschutz von Remote-Arbeitsplätzen;KI Anwendung, Computer Vision, Datenanwendung für Öffentlichkeit;Arbeits- und Gesundheitsschutz, Arbeit und Soziales;https://www.civic-coding.de/community/projekt/home-office-arbeitssicherheit-und-gesundheitsschutz-von-remote-arbeitsplaetzen/340;Civic Coding;Laufend;Gesundheitsschutz und Arbeitssicherheit wird schon im normalen Arbeitsleben oft nicht genau genommen. Bei Remotearbeit schon gar nicht. Mit AI-Apps können Themen wie Sitzposition, Monitorabstand, Beleuchtung, Lautstärke, BewegungsPausen, Trink und Essgewohnheit verbessert werden;;CC-BY-NC-ND 4.0;https://www.civic-coding.de
https://www.civic-coding.de/community/projekt/mehr-chancengleichheit-durch-bias-erkennung-und-bereinigung-in-datensaetzen/346;Mehr Chancengleichheit durch Bias-Erkennung und Bereinigung in Datensätzen;KI Anwendung, Datenanalyse, Open Source, Maschinelles Lernen;Chancengleichheit, Datenanalyse, Technologie, KI, Soziale Arbeit, Inklusion;https://www.civic-coding.de/community/projekt/mehr-chancengleichheit-durch-bias-erkennung-und-bereinigung-in-datensaetzen/346;Civic Coding;Laufend;Viele Datensätze spiegeln unsere Wirklichkeit aufgrund von Verzerrungen und unbewussten Diskriminierungen nicht äquivalent wider. Für mehr Chancengleichheit und Gleichberechtigung unterstützt die KI basierte Anwendung die Erkennung und Bereinigung von Bias in Datensätzen.;;CC-BY-NC-ND 4.0;https://www.civic-coding.de
https://www.civic-coding.de/community/projekt/key2beme-community-zur-berufsorientierung/348;KEY2BE.ME Community zur Berufsorientierung;Plattform, KI Anwendung, Vernetzung, Beratung, Matching;Berufsorientierung, Jugendarbeit, Bildung, Arbeit, Inklusion, Chancengleichheit;https://www.civic-coding.de/community/projekt/key2beme-community-zur-berufsorientierung/348;Civic Coding;Unbekannt;"KEY2BE.ME - Berufsorientierung im Netzwerk. Zu den bestehenden Online Netzwerk Events soll eine Plattform entstehen, in der die Community zusammen kommt, Wissen zur Berufsorientierung teilt und die ""passenden"" Menschen zueinander finden und voneinander lernen. Dafür braucht es KI";KEY2BE.ME;CC-BY-NC-ND 4.0;https://www.civic-coding.de
https://www.civic-coding.de/community/projekt/simplfai-texte-fur-alle-verstaendlich/251;Simplfai - Texte für alle Verständlich;Maschinelles Lernen, KI Anwendung, Web-App, Datenanwendung für Öffentlichkeit, Interaktives Dashboard;Inklusion, Chancengerechtigkeit, Teilhabe, Arbeit, Soziale Arbeit, Gesundheit;https://www.civic-coding.de/community/projekt/simplfai-texte-fur-alle-verstaendlich/251;Civic Coding;Unbekannt;Durch die Umwandlung von sprachlich-komplizierten Texten, mittels künstlicher Intelligenz (KI), in Texte mit einfacher Sprache wollen wir Menschen mit Sprachbarrieren eine bessere Teilhabe an der Gesellschaft ermöglichen.;Simplfai;CC-BY-NC-ND 4.0;https://www.civic-coding.de
https://www.civic-coding.de/community/projekt/staerkung-der-stationaeren-einzelhandels-uber-eine-opensource-handelsplattform/269;Stärkung der stationären Einzelhandels über eine OpenSource Handelsplattform;Open-Source, Plattform, KI Anwendung, Datenanwendung für Öffentlichkeit;Nachhaltigkeit, Umwelt, Stadt, Arbeit;https://www.civic-coding.de/community/projekt/staerkung-der-stationaeren-einzelhandels-uber-eine-opensource-handelsplattform/269;Civic Coding;Unbekannt;Open Source Plattform für die Sichtbarkeit und Verfügbarkeit von Produkten des stationären Einzelhandels als Vorteil gegenüber online-Riesen wie z.B. Amazon;;CC-BY-NC-ND 4.0;https://www.civic-coding.de
https://www.civic-coding.de/community/projekt/roboter-ethik-im-betrieb-operator-40/329;Roboter-Ethik im Betrieb - Operator 4.0;Forschung, KI Anwendung;Arbeit, Arbeitswelt, Mitbestimmung, Automatisierung & Robotik;https://www.civic-coding.de/community/projekt/roboter-ethik-im-betrieb-operator-40/329;Civic Coding;Unbekannt;"Autonome Systeme wie Cobots (kollaborative Roboter) oder fahrerlose Transport-Systeme werden aktuell vermehrt in Betrieben eingeführt. Was ist mit den Arbeitsplätzen, die durch diese Systeme ersetzt oder ergänzt werden? Es geht uns um diese Transformation zum ""Operator 4.0""";Operator 4.0;CC-BY-NC-ND 4.0;https://www.civic-coding.de
https://www.civic-coding.de/community/projekt/ki-basierte-prognose-fur-freie-parkplaetze-parkraeume-im-urbanen-raum/332;KI-basierte Prognose für freie Parkplätze / Parkräume im urbanen Raum;Maschinelles Lernen, KI Anwendung, Datenanalyse, Datenvisualisierung, Web-App, Prozessautomatisierung;Umweltschutz, Klimaschutz, Mobilität, Stadtplanung, Nachhaltigkeit, Verkehr, Klimawandel;https://www.civic-coding.de/community/projekt/ki-basierte-prognose-fur-freie-parkplaetze-parkraeume-im-urbanen-raum/332;Civic Coding;Unbekannt;Eine Prognose zur Belegung von öffentlichen Parkplätzen / Parkräumen. Durch eine genaue Vorhersage können die knappen Ressourcen optimal genutzt werden. Der Zeitaufwand zur Parkplatzsuche wird stark reduziert. Ein gewichtiger Beitrag zum Klimaschutz wird praktisch möglich.;;CC-BY-NC-ND 4.0;https://www.civic-coding.de
https://www.civic-coding.de/community/projekt/she-leaders-at/344;S/HE LEADERS (AT);KI Anwendung, Plattform;Geschlechtergerechtigkeit, Arbeit, Chancengleichheit;www.womensboardway.de;Civic Coding;Unbekannt;Unser KI-Projekt hilft weiblichen Führungspersönlichkeiten dabei, in kniffligen Karrierefragen, die richtige strategische Entscheidung zu treffen. Mehr Frauen in Führungspositionen helfen zugleich Unternehmen, ihre konzerneigenen Führungsstrukturen divers aufzustellen.;;CC-BY-NC-ND 4.0;https://www.civic-coding.de
https://www.civic-coding.de/community/projekt/flying-eye-die-autonom-fliegende-baustellenuberwachungsdrohne/349;Flying Eye - Die autonom fliegende Baustellenüberwachungsdrohne;KI Anwendung, Maschinelles Lernen, Computer Vision, Prozessautomatisierung, Analyse von Sensordaten;Arbeits- und Gesundheitsschutz, Arbeit;https://www.civic-coding.de/community/projekt/flying-eye-die-autonom-fliegende-baustellenuberwachungsdrohne/349;Civic Coding;Unbekannt;Flying Eye ist eine autonom fliegende Drohne, welche auf Baustellen den Arbeitsschutz überprüft. Die autonom fliegende Drohne fliegt über Baustellen, sobald ein Bauarbeiter kein Helm auf hat wird dieser fotografiert (AI) und dieser bekommt eine SMS mit einem Foto von sich ...;;CC-BY-NC-ND 4.0;https://www.civic-coding.de
https://www.civic-coding.de/community/projekt/guta-praegnanter-austausch-guter-arbeitspraktiken-in-dezentralen-fachgruppen-chats/244;? Guta: Prägnanter Austausch guter Arbeitspraktiken in dezentralen Fachgruppen-Chats.;Beratung, Workshops, Plattform;Arbeit, Weiterbildung, Arbeitskultur;https://www.civic-coding.de/community/projekt/guta-praegnanter-austausch-guter-arbeitspraktiken-in-dezentralen-fachgruppen-chats/244;Civic Coding;Unbekannt;Austausch guter Arbeitspraktiken in forumartigen Chats unter Fachkollegen, von Tipps bis Weisheiten, prägnant und einprägsam in <140 Zeichen. Kollektive Bewertung. Das Beste steht oben. Optimierung der Lernkurve z.B. durch wiederholte Einblendung wichtiger Praktiken.;Guta;CC-BY-NC-ND 4.0;https://www.civic-coding.de
https://www.civic-coding.de/community/projekt/sterbenotruf-deutschland/334;SterbeNotruf Deutschland;KI Anwendung, Beratung;Soziale Arbeit, Gesundheit, Inklusion, Menschenrechte;https://www.civic-coding.de/community/projekt/sterbenotruf-deutschland/334;Civic Coding;Unbekannt;Wir sorgen dafür, dass einsam sterbende Menschen auf Wunsch telefonisch, online oder hybride vor Ort begleitet werden. Begleitende Angehörige und Zugehörige von Sterbenden erhalten Hilfe zur Selbsthilfe und Unterstützung bei der Betreuung ihrer Lieben, sowie in ihrer Trauer.;;CC-BY-NC-ND 4.0;https://www.civic-coding.de
https://www.civic-coding.de/community/projekt/ki-unterstutzten-job-suche/339;KI-unterstützten Job-Suche;Maschinelles Lernen, Recommender System, KI Anwendung;Arbeit und Soziales, Arbeitsmarkt, Arbeitswelt, Fachkräftesicherung, Soziale Innovationen;https://www.civic-coding.de/community/projekt/ki-unterstutzten-job-suche/339;Civic Coding;Unbekannt;Bei vielen Angeboten zur Job-Suche, insbesondere dem der Arbeitsagentur, ist nur eine einfache Stichwortsuche realisiert. Auch die Suche mittels eines Bewerberprofils scheint einfach realisiert zu sein. Im Projekt soll eine Job-Suche entwickelt werden, die KI-Verfahren nutzt.;;CC-BY-NC-ND 4.0;https://www.civic-coding.de
https://www.civic-coding.de/community/projekt/hi-ich-moechte-ordnung-der-ki-im-sinne-der-philosophie/243;Hi. Ich möchte Ordnung der KI im Sinne der Philosophie;KI Anwendung, Plattform;KI, Digitalisierung, Bildung;https://www.civic-coding.de/community/projekt/hi-ich-moechte-ordnung-der-ki-im-sinne-der-philosophie/243;Civic Coding;Unbekannt;"gemeinfinanzierte Stiftung + Forum unter Aegide der Philosophie, wissenschaftsübergreifend ""Digitalisierung und künstliche Intelligenz"" begleiten und vermitteln, transparent kompetente Streitkultur etablieren + Debatte fördern.";;CC-BY-NC-ND 4.0;https://www.civic-coding.de
https://www.civic-coding.de/community/projekt/intelligentes-wahrnehmen-und-handeln-fur-kooperative-roboter-zur-unterstutzung-der-fachkraefte-auf-baustellen/265;Intelligentes Wahrnehmen und Handeln für kooperative Roboter zur Unterstützung der Fachkräfte auf Baustellen;Maschinelles Lernen, Robotik, Prozessautomatisierung, Simulation, Datenvisualisierung, Wirkungsmessung;Arbeit, Gesundheit, Nachhaltigkeit, Technologie, Fachkräftesicherung, Arbeitsmarkt;www.conbotics.com;Civic Coding;Unbekannt;Mit KI wird eine flexible Steuerung für mobile Roboter erschaffen, damit dieser vorausschauend handelt und intelligent mit seiner Umwelt interagiert. Dadurch wird eine sichere Mensch-Roboter-Kooperation (MRK) auf der Baustelle gewährleistet und Fachkräfte wirksam unterstützt.;;CC-BY-NC-ND 4.0;https://www.civic-coding.de
https://www.civic-coding.de/community/projekt/intelligente-app-zur-staerkung-der-mentalen-gesundheit-von-jugendlichen/310;Intelligente App zur Stärkung der mentalen Gesundheit von Jugendlichen;KI Anwendung, Web-App, Datenanalyse;Gesundheit, Jugendarbeit, Kinder- und Jugendhilfe, Inklusion, Nachhaltigkeit, Arbeit;https://www.civic-coding.de/community/projekt/intelligente-app-zur-staerkung-der-mentalen-gesundheit-von-jugendlichen/310;Civic Coding;Unbekannt;Wir erschaffen eine(n) digitale(n) Freund*in als App für jeden Jugendlichen zur Stärkung der Persönlichkeitsentwicklung und der mentalen Gesundheit. Empowerment auf Augenhöhe, denn wir Sprechen die Sprache der Teenies.;;CC-BY-NC-ND 4.0;https://www.civic-coding.de
https://www.civic-coding.de/community/projekt/find-the-best-therapist-for-you/313;Find the Best Therapist for You;Web-App, KI Anwendung, Plattform;Gesundheit, Arbeit;https://www.civic-coding.de/community/projekt/find-the-best-therapist-for-you/313;Civic Coding;Unbekannt;"Therapy. It's there. It's free. However, it's not easy. Many emails and phone calls just to find the page for booking; only to find options that don't suit us. One app; neurolinguistic programming for conversational search; AI for appointment matching and document collection.";;CC-BY-NC-ND 4.0;https://www.civic-coding.de
https://www.civic-coding.de/community/projekt/lets-listen-der-online-raum-in-dem-menschen-sich-zuhoeren/299;Lets listen! Der online Raum in dem Menschen sich zuhören.;Web-App, KI-Anwendung, Plattform, Vernetzung;Soziale Arbeit, Inklusion, Gesundheit, Arbeit, Arbeitskultur;https://www.civic-coding.de/community/projekt/lets-listen-der-online-raum-in-dem-menschen-sich-zuhoeren/299;Civic Coding;Unbekannt;Ich werde gehört und gesehen. Mit allem wie ich bin. Hierfür schaffen wir einen Rahmen in dem wir eine KI unterstütze Online-Video-Platform entwickeln. Wo Menschen sich sicher, wertfrei und offen begegnen. Achtsam und auf Augenhöhe. Gelingende Gesellschaft beginnt mit Beziehung.;;CC-BY-NC-ND 4.0;https://www.civic-coding.de
https://www.civic-coding.de/community/projekt/addressing-diverse-learners-challenges-by-leveraging-ki-technologies/341;Addressing diverse learners' challenges by leveraging KI technologies;KI Anwendung, Datenanalyse;Bildung, Inklusion, Chancengleichheit, Soziale Arbeit;https://www.civic-coding.de/community/projekt/addressing-diverse-learners-challenges-by-leveraging-ki-technologies/341;Civic Coding;Unbekannt;Learners from diverse cultural and linguistic backgrounds need adequate support in terms of emotional wellbeing and academic achievement at educational institutions. An AI agent helps universities and schools with fostering students' integration and supporting mental health.;;CC-BY-NC-ND 4.0;https://www.civic-coding.de
https://www.civic-coding.de/community/projekt/lernprogramm-unsere-ki/263;Lernprogramm „Unsere KI“;E-Learning, KI Anwendung, Web-App;Bildung, KI;https://www.civic-coding.de/community/projekt/lernprogramm-unsere-ki/263;Civic Coding;Unbekannt;Ein kompaktes Lernprogramm für den Einstieg in das Thema Künstliche Intelligenz. Die Lernplattform ermöglicht mittels KI individuelle Lernwege für unterschiedlich vorgebildete Nutzer. Auf diese Weise wird Grundwissen für die Einschätzung von Chancen und Risiken der KI vermittelt.;;CC-BY-NC-ND 4.0;https://www.civic-coding.de
https://www.civic-coding.de/community/projekt/ask-know-create-berufsorientierung-motivation-und-netzwerken-fur-eine-kreative-zukunft/235;"ask * know * create - Berufsorientierung, Motivation und Netzwerken für eine ""kreative"" Zukunft.";Beratung, Workshops, E-Learning, Vernetzung, Plattform, Bildung;Bildung, Jugendarbeit, Beratung, Klima, Inklusion, Chancengleichheit;https://www.civic-coding.de/community/projekt/ask-know-create-berufsorientierung-motivation-und-netzwerken-fur-eine-kreative-zukunft/235;Civic Coding;Laufend;Jugendlichen digitale Begegnungen mit Menschen, Berufen, Gründern und Zukunfts-Themen ermöglichen zu denen sie im familiären/schul. Umfeld wenig Zugang haben. Kreatives, kritisches, konstruktives, vernetztes Denken, das gemeinsame Lösen von Problemen sind die Zukunft.;;CC-BY-NC-ND 4.0;https://www.civic-coding.de
https://www.civic-coding.de/community/projekt/ein-neues-ethisch-intelligentes-assoziatives-multi-layer-facebook/242;Ein neues, ethisch-intelligentes, assoziatives, multi-layer Facebook.;KI Anwendung, Plattform;Soziale Arbeit, Vernetzung;https://www.civic-coding.de/community/projekt/ein-neues-ethisch-intelligentes-assoziatives-multi-layer-facebook/242;Civic Coding;Unbekannt;Ich bin der Begründer der Ethischen Intelligenz. Es ist eine Art Universal-Philosophie o. -Paradigma. Ein neues Facebook könnte eine erste konkrete Anwendung darstellen. Dabei wünsche ich mir einige neue Attribute, die über das aktuelle FB weit hinaus gehen. 280 Chars = zu wenig;;CC-BY-NC-ND 4.0;https://www.civic-coding.de
https://www.civic-coding.de/community/projekt/casablancaai/323;Casablanca.AI;KI Anwendung, Web-App;Arbeit, Nachhaltigkeit;https://www.civic-coding.de/community/projekt/casablancaai/323;Civic Coding;Unbekannt;Unser zum Patent angemeldetes Casablanca-Verfahren nutzt neueste KI-Technologien (GANs mit zusätzlichen Diskriminatoren), um die Kamera virtuell hinter die Augen des Gesprächspartners zu bewegen und somit Videoconferencing zu revolutionieren. Voilà, der Blickkontakt ist zurück!;;CC-BY-NC-ND 4.0;https://www.civic-coding.de
https://www.civic-coding.de/community/projekt/trutzwerk-ein-digitaler-agent-zum-schutz-der-privatsphaere-in-digitalen-welten/224;Trutzwerk - ein digitaler Agent zum Schutz der Privatsphäre in digitalen Welten;KI Anwendung, Datenanwendung für Öffentlichkeit;Datenschutz;https://www.civic-coding.de/community/projekt/trutzwerk-ein-digitaler-agent-zum-schutz-der-privatsphaere-in-digitalen-welten/224;Civic Coding;Unbekannt;Wir möchten uns frei in digitalen Welten bewegen, ohne ständig beobachtet oder beeinflusst zu werden. Manchmal möchte wir unerkannt bleiben oder unter Pseudonym handeln. Bei Rechtsgeschäften darf sich niemand für uns ausgeben. Ein KI-unterstützter Agent ermöglicht uns dies.;;CC-BY-NC-ND 4.0;https://www.civic-coding.de
https://www.civic-coding.de/community/projekt/therapie-set-fur-ganzheitliche-praeventionsmassnahmen/252;Therapie-Set für ganzheitliche Präventionsmaßnahmen;Gesundheit;Gesundheit, Arbeit;https://www.civic-coding.de/community/projekt/therapie-set-fur-ganzheitliche-praeventionsmassnahmen/252;Civic Coding;Unbekannt;Prävention ist lebenswichtig: Prävention ist ein Sammelbegriff und bezeichnet daher alle Maßnahmen, um Risiken für Krankheiten zu verhindern und zu vermindern https://www.bundesgesundheitsministerium.de/krankenversicherung-praevention.htm;;CC-BY-NC-ND 4.0;https://www.civic-coding.de
https://www.civic-coding.de/community/projekt/nutzung-intelligenter-technik-als-ergaenzende-assistenz-zum-selbstbestimmten-wohnen-von-menschen-mit-behinderungen/249;Nutzung intelligenter Technik als ergänzende Assistenz zum selbstbestimmten Wohnen von Menschen mit Behinderungen;KI Anwendung, Forschung;Inklusion, Gesundheit, Technologie, Barrierefreiheit, Soziale Arbeit, Wohlfahrt;https://www.civic-coding.de/community/projekt/nutzung-intelligenter-technik-als-ergaenzende-assistenz-zum-selbstbestimmten-wohnen-von-menschen-mit-behinderungen/249;Civic Coding;Unbekannt;KI basierte Techniken und Anwendungen ergänzen personale Assistenzen für Menschen mit Behinderung und versetzen diese so in die Lage, selbstbestimmt in einer eigenen Wohnung zu leben. KI, der behinderte Mensch und sein Assistent entwickeln gemeinsam neue Assistenzmuster;;CC-BY-NC-ND 4.0;https://www.civic-coding.de
https://www.civic-coding.de/community/projekt/navigable-knowledge-spaces-and-personalised-learning-paths-to-approach-global-challenges-with-21st-century-skills/248;Navigable knowledge spaces and personalised learning paths to approach global challenges with 21st century skills;E-Learning, Interaktive Datenexploration, Web-App;Bildung, KI, Chancengleichheit, Inklusion, Nachhaltigkeit;https://www.civic-coding.de/community/projekt/navigable-knowledge-spaces-and-personalised-learning-paths-to-approach-global-challenges-with-21st-century-skills/248;Civic Coding;Unbekannt;Leveraging AI, we create an exploration and learning space that enables learners to navigate complex economic, political and scientific issues intuitively by providing personalized learning pathways based on the background knowledge, interests, and preferences of the user.;;CC-BY-NC-ND 4.0;https://www.civic-coding.de
https://www.civic-coding.de/community/projekt/vielfalt-diversity-footprint-tool-fur-unternehmen-inklusive-ki-basierter-auswertung-von-handlungsempfehlungen/230;Vielfalt+, Diversity-Footprint-Tool für Unternehmen inklusive KI-basierter Auswertung von Handlungsempfehlungen;KI Anwendung, Datenanalyse, Beratung, Datenvisualisierung;Arbeit, Inklusion, Chancengleichheit, Demokratie;https://www.civic-coding.de/community/projekt/vielfalt-diversity-footprint-tool-fur-unternehmen-inklusive-ki-basierter-auswertung-von-handlungsempfehlungen/230;Civic Coding;Laufend;Entwicklung eines ganzheitlichen Diversity-Footprint-Tools für Unternehmen mittels KI-gestützter Auswertung der Datenbank wirfürvielfalt.de. Die Ergebnisse sind passgenaue Handlungsempfehlungen für das betriebliche Diversity-Management.;Vielfalt+;CC-BY-NC-ND 4.0;https://www.civic-coding.de
https://www.civic-coding.de/community/projekt/fallacy-ai/256;Fallacy ai;KI Anwendung, Natural Language Processing;Arbeit, Weiterbildung, Soziale Arbeit;https://www.civic-coding.de/community/projekt/fallacy-ai/256;Civic Coding;Unbekannt;"Rolf Dobelli hat seinen Buch ""Die Kunst des klaren Denkens: 52 Denkfehler, die Sie besser anderen überlassen"" gezeigt das meinschliche Entscheidungen fehlerhaft sein können. Die AI versucht den User mit diesem Wissen bei Entscheidungen zu unterstützen.";;CC-BY-NC-ND 4.0;https://www.civic-coding.de
https://www.civic-coding.de/community/projekt/der-digitale-ingenieur-als-assistent-fur-technische-weiterbildung/245;"Der ""digitale Ingenieur"" als Assistent für technische Weiterbildung";Maschinelles Lernen, KI Anwendung, Web-App, Datenanalyse;Weiterbildung, Arbeit, Bildung, Technologie;https://www.civic-coding.de/community/projekt/der-digitale-ingenieur-als-assistent-fur-technische-weiterbildung/245;Civic Coding;Unbekannt;Die Informationsflut stellt für Ingenieure eine große Herausforderung dar, relevante Inhalte für ihre Weiterbildung zu finden.Unsere Idee ist eine KI,die technische Fachinformationen im Internet monitort und einem Ingenieur neue und relevante Beiträge für sein Fachgebiet liefert.;;CC-BY-NC-ND 4.0;https://www.civic-coding.de
https://www.civic-coding.de/community/projekt/seminar-first-steps-in-digitalization-and-process-automation-using-bot-automation/292;"Seminar ""First steps in digitalization and process automation using bot automation""";Workshops, Prozessautomatisierung;Arbeit, Technologie;https://www.civic-coding.de/community/projekt/seminar-first-steps-in-digitalization-and-process-automation-using-bot-automation/292;Civic Coding;Unbekannt;The gap between cutting-edge available AI algorithms and the current state of automation and digitalization in most organizations is huge. We plan to create a training curriculum to offer very practice-relevant basics of process digitalization and bot automation (also called RPA);;CC-BY-NC-ND 4.0;https://www.civic-coding.de
https://www.civic-coding.de/community/projekt/explainable-ai-made-simple/345;Explainable AI made simple!;Open-Source, Plattform, Maschinelles Lernen, KI Anwendung;Technologie, KI, Datenanalyse, Datenvisualisierung;https://www.civic-coding.de/community/projekt/explainable-ai-made-simple/345;Civic Coding;Laufend;Das Ziel ist es, die Funktionalität von Erklärbarer KI anderen Entwicklern und Data Scientists durch open-source Technologie so einfach, stabil und integriert wie möglich verfügbar zu machen. Dabei wollen wir eine möglichst weite Verbreitung von vorhandenen Verfahren ermöglichen.;;CC-BY-NC-ND 4.0;https://www.civic-coding.de
https://www.civic-coding.de/community/projekt/the-presentation-trainer-goes-ai/247;The Presentation Trainer goes AI;E-Learning, KI Anwendung, Natural Language Processing, Forschung;Bildung, Arbeit, Weiterbildung;https://www.civic-coding.de/community/projekt/the-presentation-trainer-goes-ai/247;Civic Coding;Laufend;The Presentation Trainer (PT) is a tool designed to train basic public speaking skills by giving feedback on nonverbal communication. The idea to add an NLP module to the PT, so that it can help users to train also verbal aspects. https://www.youtube.com/watch?v=ElB6OvbL8fA;;CC-BY-NC-ND 4.0;https://www.civic-coding.de
https://www.civic-coding.de/community/projekt/ki-beschleunigt-die-vermittlung-von-immobiliendarlehen-erhoeht-die-beratungsqualitaet-und-verringert-risiken/301;KI beschleunigt die Vermittlung von Immobiliendarlehen, erhöht die Beratungsqualität und verringert Risiken;KI Anwendung, Prozessautomatisierung;Arbeit, Technologie;https://www.xing.com/profile/Christian_Rautenberg2/cv;Civic Coding;Unbekannt;"An einer Baufinanzierung sind zahlreiche Personen (Verkäufer, Käufer, Notar, Makler, Finanzierungsberater, Bank, Objektgutachter, ggf. weitere) beteiligt. Die Idee ist, mittels KI die Abwicklung zu optimieren und ""Verwaltungsaufgaben"" durch KI besser und schneller zu erledig";;CC-BY-NC-ND 4.0;https://www.civic-coding.de
https://www.civic-coding.de/community/projekt/arttemis/228;ARTTEMIS;KI Anwendung, Maschinelles Lernen, Prozessautomatisierung, Prozessoptimierung, Web-App, Plattform, Datenanwendung für Öffentlichkeit;Arbeit, Soziales, KI, Datenanalyse, Prozessautomatisierung, Prozessoptimierung;https://www.civic-coding.de/community/projekt/arttemis/228;Civic Coding;Unbekannt;ARTTEMIS ist ein Assistent für den Büroalltag, er ist in der Lage Dokumentations- Such- und Kommunikationsaufgaben zu übernehmen. Mit Hilfe von KI und Big Data Analytics ist er in der Lage sich selbst und sein Umfeld laufend zu verbessern.;;CC-BY-NC-ND 4.0;https://www.civic-coding.de
https://www.civic-coding.de/community/projekt/kollaborative-strategieentwicklung-auf-basis-ki-generierter-informationen/331;Kollaborative Strategieentwicklung auf Basis KI-generierter Informationen;Plattform, Web-App, Kollaborative Strategieentwicklung, Maschinelles Lernen, Datenanalyse;Arbeit und Soziales, Technologie, Innovation, Öffentliche Verwaltung, Wirtschaft, Forschung, Nachhaltigkeit;https://www.xing.com/profile/Erika_Merz/portfolio;Civic Coding;Unbekannt;Online-Plattform für Planer und Entscheider (Forschung, Politik, Wirtschaft, Gesellschaft) zur kollaborativen Strategieentwicklung auf Basis KI-generierter und menschlich validierter Informationen aus heterogenen Spezialgebieten (z.B. soziokulturell, technologisch, ökonomisch).;;CC-BY-NC-ND 4.0;https://www.civic-coding.de
https://www.civic-coding.de/community/projekt/mr-p/253;Mr. P.;KI Anwendung, E-Learning, Simulation, Plattform;Arbeit, Soziale Arbeit, Chancengleichheit, Demokratie;https://www.civic-coding.de/community/projekt/mr-p/253;Civic Coding;Unbekannt;"Mr. P. ist ein hochentwickelter ""Digital Twin"" eines, bzw. mehrere real existierender Politkern.";Mr. P.;CC-BY-NC-ND 4.0;https://www.civic-coding.de
https://www.civic-coding.de/community/projekt/merlin-aio-das-freie-all-in-one-ki-system-fur-alle/350;Merlin AIO – Das freie All-in-One KI-System für alle;Open-Source, KI Anwendung, Maschinelles Lernen, Plattform;Arbeit, Technologie, KI, Nachhaltigkeit;https://www.civic-coding.de/community/projekt/merlin-aio-das-freie-all-in-one-ki-system-fur-alle/350;Civic Coding;Unbekannt;Merlin AIO (kurz: Merlin) ist ein auf Open-Source-Software basierender, lernender, digitaler Sprachassistent, der im Gegensatz zu anderen bekannten Systemen auch ohne Internetverbindung auskommt, so dass man die volle Kontrolle über alle Daten behält.;Merlin;CC-BY-NC-ND 4.0;https://www.civic-coding.de
https://www.civic-coding.de/community/projekt/plattform-fur-eine-transparente-ermittlung-von-immobilienpreisen-und-mieten/268;Plattform für eine transparente Ermittlung von Immobilienpreisen und Mieten;Plattform, Maschinelles Lernen, KI Anwendung;Wohnen, Chancengleichheit, Teilhabe, Soziale Arbeit;https://www.civic-coding.de/community/projekt/plattform-fur-eine-transparente-ermittlung-von-immobilienpreisen-und-mieten/268;Civic Coding;Unbekannt;Die Preise für Immobilien sind in den letzten Jahren kontinuierlich gestiegen. Mit KI können individuelle Immobilienpreise und Mieten für alle Beteiligten transparent und fair ermittelt werden, so dass Mietwucher und Spekulation beim Grundrecht Wohnen eingeschränkt werden können.;;CC-BY-NC-ND 4.0;https://www.civic-coding.de
https://www.civic-coding.de/community/projekt/edu-ai/255;Edu ai;Empfehlungssystem, KI Anwendung;Bildung, Arbeit;https://www.civic-coding.de/community/projekt/edu-ai/255;Civic Coding;Unbekannt;"Oft ist Frage wie bilde ich mich für den Job weiter bzw. welches Studium sollte ich wahrnehmen. ""edu ai"" kann bei dieser Frage unterstützen.";;CC-BY-NC-ND 4.0;https://www.civic-coding.de
https://www.civic-coding.de/community/projekt/teachers-match-eine-plattform-die-lehrerinnen-ein-netzwerk-zur-optimierung-des-digitalen-unterrichts-anbietet/333;Teacher‘s Match - Eine Plattform, die LehrerInnen ein Netzwerk zur Optimierung des digitalen Unterrichts anbietet;Plattform, Matching, Vernetzungsassistent, KI Anwendung;Bildung, Arbeit mit Kindern;https://www.civic-coding.de/community/projekt/teachers-match-eine-plattform-die-lehrerinnen-ein-netzwerk-zur-optimierung-des-digitalen-unterrichts-anbietet/333;Civic Coding;Unbekannt;Zur Verbesserung des digitalen Unterrichts -gerade in Zeiten der Corona-Pandemie- soll die Plattform den Lehrern eine Möglichkeit geben, einen Partner zu finden, der sie beim digitalen Unterricht in kleinen Gruppen unterstützt.;;CC-BY-NC-ND 4.0;https://www.civic-coding.de
https://www.civic-coding.de/community/projekt/emotionserkennung-durch-analyse-der-koerperpose/246;Emotionserkennung durch Analyse der Körperpose;Maschinelles Lernen, KI Anwendung, Computer Vision, Datenanalyse;Arbeit, Gesundheit, Sport;https://www.civic-coding.de/community/projekt/emotionserkennung-durch-analyse-der-koerperpose/246;Civic Coding;Unbekannt;Mit dem Einsatz von Künstlicher Intelligenz soll ein System entwickelt werden für die Erkennung von Emotionen. Dabei wird Bild- und Videomaterial des gesamten Körpers einer Person verwendet, um so durch die Körperpose eine Analyse durchzuführen.;;CC-BY-NC-ND 4.0;https://www.civic-coding.de
https://www.civic-coding.de/community/projekt/lo-fiki/273;LO-FI_KI;KI Anwendung, Computer Vision, Web-App;Bildung, Arbeit, Technologie, Nachhaltigkeit;https://www.civic-coding.de/community/projekt/lo-fiki/273;Civic Coding;Laufend;Beim Erstellen eines Bildes aus verschiedener visueller Elementen z.B. dem Integrieren von Personen in Hintergründe, bedarf es Spezialisten oder teure Software. Um diesen Prozess zu vereinfachen, soll eine KI entwickelt werden die Perspektiven in digitalen Bildern erkennt.;LO-FI_KI;CC-BY-NC-ND 4.0;https://www.civic-coding.de
https://www.civic-coding.de/community/projekt/ki-gestutzte-analyse-von-geodaten-und-schaffung-einer-markt-kommunikationsplattform-fur-infrastrukturinvestitionen/281;KI-gestützte Analyse von Geodaten und Schaffung einer Markt- /Kommunikationsplattform für Infrastrukturinvestitionen;KI Anwendung, Plattform, Datenanalyse, Datenvisualisierung, Prozessautomatisierung;Energie, Umweltschutz, Mobilität;https://www.civic-coding.de/community/projekt/ki-gestutzte-analyse-von-geodaten-und-schaffung-einer-markt-kommunikationsplattform-fur-infrastrukturinvestitionen/281;Civic Coding;Unbekannt;Ziel: Abstimmungs- / Entscheidungsprozesse zwischen Bürgern, Investoren, Exekutive und der Judikative neu gestalten Funktionen : KI-gestützte Analyse/Auswertung von Geodaten, Liegenschaftsdaten, Infrastrukturdaten Markt- /Kommunikationsplattform Vermittlung Investoren;;CC-BY-NC-ND 4.0;https://www.civic-coding.de
https://www.civic-coding.de/community/projekt/ai-playground-as-a-service/336;AI playground as a service;Web-App, KI Anwendung, Interaktive Datenexploration, Maschinelles Lernen;Arbeit, Technologie;https://www.civic-coding.de/community/projekt/ai-playground-as-a-service/336;Civic Coding;Unbekannt;Allow visitors to experience a collection of existing AI models in practice, but letting them submit their data and seeing when models do and do not work.;;CC-BY-NC-ND 4.0;https://www.civic-coding.de
https://www.civic-coding.de/community/projekt/safer-from-home-to-work-ai-for-a-better-mobility-infrastructure/267;Safer from Home to Work: AI for a better mobility infrastructure.;Maschinelles Lernen, Datenanalyse;Mobilität, Umweltschutz;https://www.strava.com/athletes/40396202;Civic Coding;Unbekannt;Inadequate infrastructure is a non-negligible factor in many traffic accidents. Using AI, satellite imagery, police accident reports and further data-sources, we propose to help municipalities pinpoint and decide in real time adaptations of infrastructures that will save lives.;;CC-BY-NC-ND 4.0;https://www.civic-coding.de
https://www.civic-coding.de/community/projekt/procedures-ai/257;Procedures ai;KI Anwendung, Computer Vision, Web-App, Prozessautomatisierung, Maschinelles Lernen, Automatisierung;Arbeit, Arbeitswelt, Technologie, Prozessoptimierung;https://www.civic-coding.de/community/projekt/procedures-ai/257;Civic Coding;Unbekannt;Eine KI mittels App, die hilft standardisierte Abläufe in der physische Welt zu vereinfachen;;CC-BY-NC-ND 4.0;https://www.civic-coding.de
https://www.civic-coding.de/community/projekt/fraeulein-digital-automatisierte-kontrolle-und-korrektur-differenzierter-freiarbeitsaufgaben-fur-erstklaessler-mit-ipad/316;Fräulein Digital - Automatisierte Kontrolle und Korrektur differenzierter Freiarbeitsaufgaben für Erstklässler mit iPad;Prozessautomatisierung, KI Anwendung, E-Learning, Web-App;Inklusion, Bildung, Arbeit mit Kindern, Chancengleichheit, Soziale Arbeit, Gesundheit;https://www.civic-coding.de/community/projekt/fraeulein-digital-automatisierte-kontrolle-und-korrektur-differenzierter-freiarbeitsaufgaben-fur-erstklaessler-mit-ipad/316;Civic Coding;Unbekannt;Corona nervt - und beschneidet unsere Möglichkeiten, in unserer inklusiv geführten Partnerklasse Kinder mit und ohne geistige Behinderung da abhzuholen, wo sie stehen. Wir brauchen Unterstützung durch KI, die uns die Freiarbeit kontrolliert, korrigiert und individuell fördert.;;CC-BY-NC-ND 4.0;https://www.civic-coding.de
https://www.civic-coding.de/ueber-civic-coding/projektlandkarte/projekt/drk-data-science-hub/2;DRK Data Science Hub;Datenanalyse, KI-Anwendung, Vernetzung, Beratung, Datenportal, Explorative Analyse, Training;Soziale Arbeit, Gesellschaft, Wohlfahrt;https://www.civic-coding.de/ueber-civic-coding/projektlandkarte/projekt/drk-data-science-hub/2;Civic Coding;Laufend;Der DRK Data Science Hub erprobt mit Pilotprojekten wie datenanalytische Verfahren einen Mehrwert in den sozialen Angeboten vor Ort erzeugen können. Im Fokus des Projekts steht neben den Datenpilotprojekten der Aufbau eines Expert*innen-Netzwerks, die Implementierung eines Fortbildungsangebot zur Stärkung der Datenkompetenz im DRK und der Ausbau der technischen Infrastruktur innerhalb des Verbandes, zum Beispiel durch die Entwicklung eines Datenkatalogs in der DRK-Wohlfahrt.;;CC-BY-NC-ND 4.0;https://www.civic-coding.de
https://www.civic-coding.de/ueber-civic-coding/projektlandkarte/projekt/erstellung-und-analyse-leichter-sprache-durch-kuenstliche-intelligenz-erlesen/3;Erstellung und Analyse Leichter Sprache durch Künstliche Intelligenz (ErLeSen);Natural Language Processing, Deep Learning, Web-App;Inklusion, Bildung, Sprache;https://www.civic-coding.de/ueber-civic-coding/projektlandkarte/projekt/erstellung-und-analyse-leichter-sprache-durch-kuenstliche-intelligenz-erlesen/3;Civic Coding;Laufend;"Im Projekt entstehen offene <abbr title=""Künstliche Intelligenz"">KI</abbr>-Modelle und offene Datensätze zur Vereinfachung deutscher Texte in ""Leichter Sprache"". Eine Anwendung soll öffentlich bereitgestellt werden.";ErLeSen;CC-BY-NC-ND 4.0;https://www.civic-coding.de
https://www.civic-coding.de/ueber-civic-coding/projektlandkarte/projekt/ikido-interaktive-ki-erfahrungsraeume-fuer-die-digitale-souveraenitaet-jugendlicher/4;iKIDO - Interaktive KI-Erfahrungsräume für die Digitale Souveränität Jugendlicher ;E-Learning, KI Anwendung, Workshop, Interaktive Datenexploration;Bildung, Gesellschaft, Jugendbeteiligung, KI, Gemeinwohl;https://www.civic-coding.de/ueber-civic-coding/projektlandkarte/projekt/ikido-interaktive-ki-erfahrungsraeume-fuer-die-digitale-souveraenitaet-jugendlicher/4;Civic Coding;Laufend;"Das Projekt iKIDO entwickelt interaktive ""<abbr title=""Künstliche Intelligenz"">KI</abbr>-Erfahrungsräume"" zur Vermittlung von KI-Kompetenzen an Jugendliche, um eine reflektierte Nutzung von Künstlicher Intelligenz zu fördern. Gamification und Design Thinking-Methoden erleichtern das erfahrungsbasierte Lernen.";iKIDO;CC-BY-NC-ND 4.0;https://www.civic-coding.de
https://www.civic-coding.de/ueber-civic-coding/projektlandkarte/projekt/ki-fuer-ein-gutes-altern/5;KI für ein gutes Altern;Beratung, Workshops, E-Learning, Vernetzung, Bildung;Senioren, KI, Bildung, Demokratie, Gesundheit, Gesellschaft;https://ki-und-alter.de/ausprobiert/;Civic Coding;Laufend;"Das Projekt vermittelt älteren Menschen und Seniorenorganisationen <abbr title=""Künstliche Intelligenz"">KI</abbr>-Kompetenzen. Das Projekt verfolgt dabei drei Ziele: das Erschaffen von KI-Lernangeboten für ältere Menschen, den KI-Kompetenzaufbau in Seniorenorganisationen und die Vernetzung mit Forschung und Entwicklung.";;CC-BY-NC-ND 4.0;https://www.civic-coding.de
https://www.civic-coding.de/ueber-civic-coding/projektlandkarte/projekt/kia-ki-gestuetzte-assistenz-fuer-digitale-psychosoziale-beratung/6;KIA - KI gestützte Assistenz für digitale psychosoziale Beratung ;KI Anwendung, Beratung, Plattform, Dokumentationstool;Gesundheit, Soziale Arbeit, Inklusion;https://www.civic-coding.de/ueber-civic-coding/projektlandkarte/projekt/kia-ki-gestuetzte-assistenz-fuer-digitale-psychosoziale-beratung/6;Civic Coding;Laufend;"Im Projekt KIA wird ein Assistenzsystem für die digitale, psychosoziale Beratung entwickelt, das verschiedene Verfahren der künstlichen Intelligenz einsetzt. Es soll Beratungsanfragen in Echtzeit analysieren und für Berater*innen spezifische Unterstützungshinweise bereitstellen. Auf Basis der Projektergebnisse entstehen ein Leitfaden sowie ein Ethikmanual zum gemeinwohlorientierten Einsatz von <abbr title=""Künstliche Intelligenz"">KI</abbr>-Systemen.";KIA;CC-BY-NC-ND 4.0;https://www.civic-coding.de
https://www.civic-coding.de/ueber-civic-coding/projektlandkarte/projekt/flukit/9;FluKIT;KI Anwendung, Open Source, Datenanwendung für Öffentlichkeit;Energie, Umweltschutz, Klimaschutz;https://www.civic-coding.de/ueber-civic-coding/projektlandkarte/projekt/flukit/9;Civic Coding;Laufend;"Mittels <abbr title=""Künstliche Intelligenz"">KI</abbr> soll die Vermessung von Flussbettprofilen, sowie die lokalen Strömungsbedingungen in Flüssen abgebildet werden. Zweck ist die Potentialanalyse für die Standortbestimmung von kleinen Wasserkraft Turbinen und/oder Turbinen-Clustern im Rhein. Die Messdaten, trainierte KI-Modelle und das KI-Software-Tool sind auf einer öffentlichen Website zugänglich.";FluKIT;CC-BY-NC-ND 4.0;https://www.civic-coding.de
https://www.civic-coding.de/ueber-civic-coding/projektlandkarte/projekt/kuenstliche-intelligenz-fuer-nichtregierungsorganisationen-kiniro/10;Künstliche Intelligenz für Nichtregierungsorganisationen (KINiRO);Forschung, KI Anwendung;Zivilgesellschaft, KI, Gesellschaft;https://www.civic-coding.de/ueber-civic-coding/projektlandkarte/projekt/kuenstliche-intelligenz-fuer-nichtregierungsorganisationen-kiniro/10;Civic Coding;Laufend;"KINiro untersucht die Chancen und Herausforderungen des <abbr title=""Künstliche Intelligenz"">KI</abbr>-Einsatzes durch Nichtregierungsorganisationen. Mit KINiro soll das Potenzial der KI-Nutzung durch Nichtregierungs- und Non-Profit-Organisationen, deren Bedarfe, Know-how und andere vorhandene Ressourcen eruiert werden. Außerdem sollen aus dem Projekt empirisch gestützte Aussagen zur Akzeptanz von KI bei NROs und NPOs sowie zu Umsetzungsmöglichkeiten hervorgehen.";KINiRO;CC-BY-NC-ND 4.0;https://www.civic-coding.de
https://www.civic-coding.de/ueber-civic-coding/projektlandkarte/projekt/kiss-ki-unterstuetzte-steigerung-der-mobilitaet-und-gesellschaftlichen-teilhabe-von-seniorinnen/11;KISS - KI-unterstützte Steigerung der Mobilität und gesellschaftlichen Teilhabe von Senior:innen ;KI Anwendung, Datenanalyse, Forschung, Web-App;Senioren, Mobilität, Soziale Arbeit, KI, Stadt;https://www.civic-coding.de/ueber-civic-coding/projektlandkarte/projekt/kiss-ki-unterstuetzte-steigerung-der-mobilitaet-und-gesellschaftlichen-teilhabe-von-seniorinnen/11;Civic Coding;Laufend;"Im Projekt KISS wird ein <abbr title=""Künstliche Intelligenz"">KI</abbr>-basiertes Unterstützungssystem für die gesellschaftliche Teilhabe von Senior:innen erforscht, welches adaptiv Mobilitätsempfehlungen generieren und dahingehend Hilfestellungen generieren soll. Ziel ist die Entwicklung einer Applikation.";KISS;CC-BY-NC-ND 4.0;https://www.civic-coding.de
https://www.civic-coding.de/ueber-civic-coding/projektlandkarte/projekt/kite-ii/12;KITE II;E-Learning, KI Anwendung, Interaktive App, Forschung;Gleichstellung, Bildung, Gesellschaft;https://www.civic-coding.de/ueber-civic-coding/projektlandkarte/projekt/kite-ii/12;Civic Coding;Laufend;"KITE II empowert Gründerinnen – spielerisch und mit <abbr title=""Künstliche Intelligenz"">KI</abbr>. Das Projekt zielt darauf ab, aus diskriminierenden Erfahrungen von Gründerinnen und Unternehmerinnen bestimmte Ausgrenzungsmuster und -codes zu identifizieren und das Schwarmwissen von Unternehmerinnen und Gründerinnen für andere nutzbar zu machen. Es wird eine KI-gestützte, gamifizierte Anwendung entwickelt, die Gründerinnen dabei unterstützt, Resilienz im Umgang mit diskriminierenden Erfahrungen aufzubauen. In einer Reihe von Visual Novels werden schwierige Gesprächssituationen in der Gründungsphase generiert und können interaktiv gestaltet werden. Spieler*innen erkennen dabei Ausgrenzungsmuster, teilen Erfahrungen und entwickeln neue Herangehensweisen.";KITE II;CC-BY-NC-ND 4.0;https://www.civic-coding.de
https://www.civic-coding.de/ueber-civic-coding/projektlandkarte/projekt/wegweiserux-fuer-ki/13;Wegweiser.UX-für-KI;E-Learning, Web-App;Bildung, KI, Ethik;https://www.civic-coding.de/ueber-civic-coding/projektlandkarte/projekt/wegweiserux-fuer-ki/13;Civic Coding;Laufend;"Das Projekt ""Wegweiser.UX-für-<abbr title=""Künstliche Intelligenz"">KI</abbr>"" wird mittels einer Online-Lehrplattform mit Selbstlernmedien den aktuellen Forschungsstand und praxisnahes Wissen über User-Experience-Design für KI-Anwendungen an gemeinwohlorientierte Projekte vermitteln. Zielgruppen dieser Lehrinhalte sind UX-Quereinsteiger*innen, Programmierer*innen und Product Owner*innen aus dem gemeinwohlorientierten Sektor mit wenig UX-für-KI-Erfahrung, denen die Lehrplattform als Wegweiser dienen soll.";;CC-BY-NC-ND 4.0;https://www.civic-coding.de
https://www.civic-coding.de/ueber-civic-coding/projektlandkarte/projekt/kikka-kuenstliche-intelligenz-fuer-klimaneutrale-klaeranlagen/15;KIkKa: Künstliche Intelligenz für klimaneutrale Kläranlagen;Maschinelles Lernen, KI Anwendung, Prozessoptimierung, Analyse von Sensordaten, Simulation;Umweltschutz, Klimaschutz, Klima, Energie, Abfallwirtschaft;https://www.civic-coding.de/ueber-civic-coding/projektlandkarte/projekt/kikka-kuenstliche-intelligenz-fuer-klimaneutrale-klaeranlagen/15;Civic Coding;Laufend;Bei biologischen Abwasserreinigungen kann klimaschädliches Lachgas (N2O) freigesetzt werden. Mithilfe eines datengetriebenen Ansatzes sollen schnell und kostengünstig Regelstrategien an kommunalen und industriellen Belebungsbecken zur biologischen Abwasserreinigung etabliert werden.;KIkKa;CC-BY-NC-ND 4.0;https://www.civic-coding.de
https://www.civic-coding.de/ueber-civic-coding/projektlandkarte/projekt/kiwa/16;KIWA;KI Anwendung, Computer Vision, Monitoring, Datenportal, Datenanalyse;Umwelt, Klima, Klimaschutz, Umweltschutz, Katastrophenschutz;https://www.civic-coding.de/ueber-civic-coding/projektlandkarte/projekt/kiwa/16;Civic Coding;Laufend;"Das Projekt Kiwa hat das Ziel, Waldbrandgefahren früher zu erkennen und effektiver zu bekämpfen, indem Künstliche Intelligenz, Drohnen und Entscheidungsunterstützungssysteme kombiniert einsetzt. Spezielle Unmanned Aerial Vehicles, die <abbr title=""Künstliche Intelligenz"">KI</abbr>-basierte Computer-Vision-Anwendungen erlauben, sollen flächendeckend und ressourceneffizient bei der Frühdetektion von Gefahrenstellen Feuer und Rauch unterstützen. Ein Fokus liegt hierbei auf der Einbettung in bestehende Organisationsprozess-Ketten, um eine möglichst hohe Anwender*innen-Nähe zu schaffen.";KIWA;CC-BY-NC-ND 4.0;https://www.civic-coding.de
https://www.civic-coding.de/ueber-civic-coding/projektlandkarte/projekt/nadiki-umweltindikatoren-fuer-digitale-infrastruktur-ki-anwendungen/17;NADIKI: Umweltindikatoren für digitale Infrastruktur & KI Anwendungen;Datenportal, KI Anwendung, Monitoring;Umwelt, Klimaschutz, KI, Nachhaltigkeit;https://www.civic-coding.de/ueber-civic-coding/projektlandkarte/projekt/nadiki-umweltindikatoren-fuer-digitale-infrastruktur-ki-anwendungen/17;Civic Coding;Laufend;"Das Projekt NADIKI zielt darauf ab, die Umweltauswirkungen von Künstlicher Intelligenz (KI) transparent zu machen. Hierfür wird eine Schnittstelle entwickelt, die Echtzeitdaten über den Energieverbrauch, Ressourcennutzung und CO2-Ausstoß von KI-Anwendungen bereitstellt. Ziel ist es, Entwicklerinnen und Nutzerinnen für nachhaltigere Entscheidungen zu sensibilisieren, <abbr title=""zum Beispiel"">z. B.</abbr> durch die zeitliche oder örtliche Verschiebung von KI-Lernvorgängen. Dies trägt dazu bei, die Lücke zwischen physischer und digitaler Infrastruktur zu schließen.";NADIKI;CC-BY-NC-ND 4.0;https://www.civic-coding.de
https://www.civic-coding.de/ueber-civic-coding/projektlandkarte/projekt/tinyaiot-energie-und-ressourceneffiziente-kuenstliche-intelligenz-fuer-moderne-iot-anwendungen/18;TinyAIoT: Energie- und ressourceneffiziente künstliche Intelligenz für moderne IoT-Anwendungen;Maschinelles Lernen, KI Anwendung, Datenanalyse;Umwelt, Klima, Datenanalyse, Technologie;https://www.civic-coding.de/ueber-civic-coding/projektlandkarte/projekt/tinyaiot-energie-und-ressourceneffiziente-kuenstliche-intelligenz-fuer-moderne-iot-anwendungen/18;Civic Coding;Laufend;"Das Projekt TinyAIoT hat das Ziel, den Ressourcenbedarf bestehender <abbr title=""Künstliche Intelligenz"">KI</abbr>-Verfahren für umweltbezogene <abbr title=""Internet of Things"">IoT</abbr>-Anwendungen zu reduzieren. Es basiert auf Mikrocontrollern, die mit verschiedenen Sensoren ausgestattet sind, um Umweltvariablen wie meteorologische Werte, Feinstaubbelastung und andere Parameter zu messen. Im Rahmen des Projektes sollen effiziente und energiesparende KI-Verfahren entwickelt werden, welche auf den Mikrocontrollern selbst für die Datensammlung und -analyse eingesetzt werden können.";TinyAIoT;CC-BY-NC-ND 4.0;https://www.civic-coding.de
https://www.civic-coding.de/ueber-civic-coding/projektlandkarte/projekt/der-into-the-job-power-coach-itjo-poc/27;BAT, das Bewerbungs-Assistenz-Tool;KI Anwendung, Web-App, Interaktive Datenexploration, Datenanwendung für Öffentlichkeit;Arbeit, Integration, Chancengleichheit, Geflüchtete;https://www.civic-coding.de/ueber-civic-coding/projektlandkarte/projekt/der-into-the-job-power-coach-itjo-poc/27;Civic Coding;Laufend;"BAT ist ein Bewerbungs-Assistenz-Tool, das mithilfe von <abbr title=""Künstliche Intelligenz"">KI</abbr> Menschen aller Herkunft bei der Bewältigung schwieriger Bewerbungssituationen unterstützt. Durch KI-gestützte Trainingssimulationen und Transkription in die Muttersprache fördert BAT Chancengleichheit und bekämpft Diskriminierung im Bewerbungsprozess, zunächst mit Schwerpunkt auf Pflegeberufe.";BAT;CC-BY-NC-ND 4.0;https://www.civic-coding.de
https://www.civic-coding.de/ueber-civic-coding/projektlandkarte/projekt/ki-geisternetz-interface/30;GhostNetZero.ai;KI Anwendung, Datenanalyse, Interaktives Dashboard, Computer Vision;Umweltschutz, Meeresschutz, Open Data, Nachhaltigkeit;http://ghostnetzero.ai/;Civic Coding;Unbekannt;"Der <abbr title=""World Wildlife Fund"">WWF</abbr> hat eine <abbr title=""Künstliche Intelligenz"">KI</abbr>-Anwendung entwickelt, die Satellitendaten nach verlorenen Fischereinetzen, sogenannten ""Geisternetzen"", absucht. Um die Effizienz zu steigern, wird ein Interface entwickelt, das die gemeinsame Nutzung von hydrografischen Daten ermöglicht, ohne dass sensible Informationen preisgegeben werden. Die Datenmengen des WWF sind begrenzt, während weitere Daten oft im Besitz von privaten Firmen und Behörden sind. Es wird ein Interface entwickelt, dass es ermöglicht, hydrografische Daten ausschließlich auf potenzielle Netzverdachtsstellen zu teilen. Die Daten selbst werden nicht übertragen und die Nutzungsrechte bleiben bei den Eigentümer*innen. Die gemeinsame Nutzung von hydrografischen Daten durch das KI-Geisternetz-Interface ermöglicht eine skalierbare, kostengünstige und ressourcenschonende Suche nach Geisternetzen. Dies kann einen wichtigen Beitrag zur Säuberung der Meere und zum Schutz der Meereslebewesen leisten.";GhostNetZero.ai;CC-BY-NC-ND 4.0;https://www.civic-coding.de
https://www.civic-coding.de/ueber-civic-coding/projektlandkarte/projekt/mother-earth-ai-wir-geben-mutter-erde-eine-stimme/33;Mother Earth AI – Wir geben Mutter Erde eine Stimme!;Open-Source, Large Language Model (LLM), Natural Language Processing, KI-Anwendung;Umwelt, Klima, Klimaschutz, Partizipation;https://www.civic-coding.de/ueber-civic-coding/projektlandkarte/projekt/mother-earth-ai-wir-geben-mutter-erde-eine-stimme/33;Civic Coding;Laufend;"Das Projekt „Mother Earth AI“ (Mutter Erde <abbr title=""Künstliche Intelligenz"">KI</abbr>) entwickelt ein eigenes Sprachmodell (LLM), dass aus der Perspektive von „Mutter Erde“ spricht und allgemeine Fragen in einfühlsamer, bildlicher Sprache beantworten kann. Als Grundkonzept dient die „Universal Declaration of the Rights of Mother Earth“ (Bolivien, 2010) und als Trainingsdaten Sprichwörter von indigenen Gruppen, um eine naturverbundene und bildliche Sprache zu ermöglichen. Das Team will dieses Sprachmodell vor allem für ihr bereits entwickeltes „Mutter Erde Telefon“ (Prototyp) nutzen, das im öffentlichen Raum Menschen mit ihrem Ökosystem in Kontakt bringen soll. Durch die Interaktion mit ""Mutter Erde"" wird ein Perspektivwechsel ermöglicht, der das Verständnis für die Umwelt und die Auswirkungen des menschlichen Handelns fördern soll. Über den mehrsprachigen Open Source Ansatz soll das Sprachmodell als Tool für bessere Klima- und Biodiversitätskommunikation eingesetzt werden können, um über für verschiedene Anwendungen im persönlichen Gespräch breitere Bevölkerungsgruppen zu erreichen als über klassische Informationskanäle.";;CC-BY-NC-ND 4.0;https://www.civic-coding.de
https://www.civic-coding.de/ueber-civic-coding/projektlandkarte/projekt/botschafft-inklusion/34;BOTschafft Inklusion;Beratung, Web-App, KI-Anwendung;Arbeit, Soziale Arbeit, Gesundheit;https://www.civic-coding.de/ueber-civic-coding/projektlandkarte/projekt/botschafft-inklusion/34;Civic Coding;Laufend;"Der Projektverbund, bestehend aus der <i>Technischen Hochschule Köln</i>, dem Softwareunternehmen <i>Founders1 <abbr title=""Gesellschaft mit beschränkter Haftung"">GmbH</abbr></i> und der <i>Gesundheitsregion KölnBonn e. V.</i>, reagiert direkt auf diese Lücke. Mit <i>BOTschafft Inklusion</i> sollen besonders pflegenden Eltern und Arbeitgeber*innen niedrigschwellige Beratungs- und Unterstützungsmöglichkeiten aufgezeigt werden, damit sie weiterhin berufstätig sein und am gesellschaftlichen Leben teilhaben können. Das Projekt soll unter anderem über Leistungsangebote, Rehabilitations- und Weiterbildungsmaßnahmen informieren.";;CC-BY-NC-ND 4.0;https://www.civic-coding.de
https://www.civic-coding.de/ueber-civic-coding/projektlandkarte/projekt/ki-coach-work-health/35;KI-Coach-Work-Health;Maschinelles Lernen, Natural Language Processing;Gesundheit, Arbeit;https://www.civic-coding.de/ueber-civic-coding/projektlandkarte/projekt/ki-coach-work-health/35;Civic Coding;Laufend;"Der Projektverbund, bestehend aus der <i>Hochschule für angewandtes Management</i>, dem <i>Hamburger Informatik Technologie-Center <abbr title=""eingetragener Verein"">e. V.</abbr> (HITec)</i> und der <i>Habinator UG</i>, entwickelt einen <i><abbr title=""Künstliche Intelligenz"">KI</abbr>-Coach-Work-Health</i>, der Unternehmen bei der Umsetzung gesundheitsförderlicher Maßnahmen unterstützen soll.";;CC-BY-NC-ND 4.0;https://www.civic-coding.de
https://www.civic-coding.de/ueber-civic-coding/projektlandkarte/projekt/talainted-einsatz-von-virtual-ai-characters-als-beitrag-zu-einer-fairen-digital-zeitgemaessen-berufsorientierung/36;TALAINTED;E-Learning, KI Anwendung, Web-App;Bildung, Gleichberechtigung, Inklusion, Chancengleichheit, Technologie;https://www.civic-coding.de/ueber-civic-coding/projektlandkarte/projekt/talainted-einsatz-von-virtual-ai-characters-als-beitrag-zu-einer-fairen-digital-zeitgemaessen-berufsorientierung/36;Civic Coding;Unbekannt;"Der Projektverbund, bestehend aus der <i>Hochschule der Medien Stuttgart</i> und der <i>Hacker School gGmbH</i>, möchte mit <i>TALAINTED</i> IT-Berufsorientierungskurse mittels virtueller <abbr title=""Künstliche Intelligenz"">KI</abbr>-Charaktere motivierend, videobasiert und zielgruppengerecht gestalten. Notwendigen Kompetenzen sollen interaktiv und am individuellen Lernfortschritt orientiert, erlebbar gemacht werden.";TALAINTED;CC-BY-NC-ND 4.0;https://www.civic-coding.de
https://www.civic-coding.de/ueber-civic-coding/projektlandkarte/projekt/ekapex-neue-effiziente-ki-algorithmen-fuer-innovative-prognosemethoden-von-extremwetterereignissen/37;EKAPEx: Neue effiziente KI-Algorithmen für innovative Prognosemethoden von Extremwetterereignissen;Maschinelles Lernen, Open-Source, Plattform;Umweltschutz, Klima, Klimaschutz;https://www.civic-coding.de/ueber-civic-coding/projektlandkarte/projekt/ekapex-neue-effiziente-ki-algorithmen-fuer-innovative-prognosemethoden-von-extremwetterereignissen/37;Civic Coding;Laufend;"Das Projekt EKAPEx entwickelt eine <abbr title=""Künstliche Intelligenz"">KI</abbr>-basierte Niederschlagsvorhersage für Deutschland. Ein besonderer Fokus liegt dabei auf Vorhersagen zu Extremwetterereignissen. Zu diesem Zweck sollen möglichst leistungsstarke, aber auch ressourceneffiziente KI-Algorithmen entwickelt werden. Um bessere Prognosen zur erzielen, werden im Projekt einzigartige Datensätze der letzten 20 Jahre aus dem Global Navigation System (GNSS) verwendet.";EKAPEx;CC-BY-NC-ND 4.0;https://www.civic-coding.de
https://www.civic-coding.de/ueber-civic-coding/projektlandkarte/projekt/interaktiver-laufbahn-atlas/39;Interaktiver Laufbahn-Atlas;Web-App, Datenvisualisierung, KI-Anwendung, Interaktive Karte;Arbeit, Bildung, KI, Datenanalyse;https://www.civic-coding.de/ueber-civic-coding/projektlandkarte/projekt/interaktiver-laufbahn-atlas/39;Civic Coding;Unbekannt;"Der Projektverbund, bestehend aus der <i>Otto-Friedrich-Universität Bamberg</i>, der <i>magnolia psychometrics <abbr title=""Gesellschaft mit beschränkter Haftung"">GmbH</abbr></i> und der <i>Runourcode GmbH</i>, hat es sich zum Ziel gesetzt, einen <i>Interaktiven Laufbahn-Atlas</i> zu entwickeln, der Arbeitnehmende und -suchende dabei unterstützt, sich in der wandelnden Karrierelandschaft zu orientieren und sich anzupassen.";;CC-BY-NC-ND 4.0;https://www.civic-coding.de
https://www.civic-coding.de/ueber-civic-coding/projektlandkarte/projekt/end-to-end/40;Barrierefreie Informationen erstellen: End to end automatisiert mit KI;KI-Anwendung, Prozessautomatisierung, Generative KI, Computer Vision, Automatisierung;Zugänglichkeit, Verwaltung, Technologie;https://www.civic-coding.de/ueber-civic-coding/projektlandkarte/projekt/end-to-end/40;Civic Coding;Laufend;"Damit alle Bürger*innen in Deutschland einen gleichberechtigten Zugang zu verständlichen Informationen erhalten, soll der manuelle Aufwand bei der Erstellung so gering wie möglich sein. Das <abbr title=""Künstliche Intelligenz"">KI</abbr>-Start-Up <i>SUMM AI</i> möchte deshalb zusammen mit der Pressestelle des <i>Senats Freie und Hansestadt Hamburg</i> die Bebilderung von Texten mithilfe der KI-basierten Lösung „End to end“ automatisieren, um eine effizientere und kostengünstigere Erstellung barrierefreier Inhalte zu ermöglichen.";;CC-BY-NC-ND 4.0;https://www.civic-coding.de
https://www.civic-coding.de/ueber-civic-coding/projektlandkarte/projekt/buki/41;BUKI;KI Anwendung, Web-App, Prozessautomatisierung, Plattform;Verwaltung, Chancengleichheit, Stadt, KI;https://www.civic-coding.de/ueber-civic-coding/projektlandkarte/projekt/buki/41;Civic Coding;Unbekannt;"Der Projektverbund, bestehend aus <i>OFFIS <abbr title=""eingetragener Verein"">e. V.</abbr> – Institut für Informatik</i> und der Stadt <i>Oldenburg</i>, entwickelt am Beispiel des Wohnberechtigungsscheins ein bürgerfreundliches <abbr title=""Künstliche Intelligenz"">KI</abbr>-System zur Unterstützung bei der Dokumenten- und Antragsausfüllung in der öffentlichen Verwaltung. Das Ziel der KI-gestützten Vorab-Beratung ist es, dass die Antragstellenden informiert und vorbereitet in die Beantragung starten und somit zu einer schnelleren abschließenden Bearbeitung ihres Anliegens kommen. Somit wird auch ein Beitrag geleistet, die Verwaltung effizienter und nutzer*innen-freundlicher zu gestalten.";BUKI;CC-BY-NC-ND 4.0;https://www.civic-coding.de
https://www.civic-coding.de/ueber-civic-coding/projektlandkarte/projekt/lupai/42;LUPAI;KI Anwendung, Web-App;Flucht und Migration, Integration, Arbeit;https://www.civic-coding.de/ueber-civic-coding/projektlandkarte/projekt/lupai/42;Civic Coding;Laufend;"Der Projektverbund, bestehend aus dem Verein <i>Plan:B</i> und dem Start-up <i>aureka</i>, möchte durch eine <abbr title=""Künstliche Intelligenz"">KI</abbr>-basierte Webanwendung, zur Erleichterung des Zugangs zu Informationen über bürokratische Verfahren sowie Migrations- und Arbeitsregelungen beitragen. Damit soll es Menschen mit Migrations- und Fluchterfahrung möglich werden, selbstständig Informationen über rechtliche Rahmenbedingungen und administrative Abläufe im Themenfeld Migration und Arbeit zu erhalten sowie sich mit entsprechenden Fachleuten, Organisationen und Initiativen zu vernetzen.";LUPAI;CC-BY-NC-ND 4.0;https://www.civic-coding.de
https://www.civic-coding.de/ueber-civic-coding/projektlandkarte/projekt/civic-sync-mapping-plattform-fuer-soziale-angebote/43;Civic-Sync – Mapping Plattform für soziale Angebote;Plattform, Web-App;Soziale Arbeit, Kultur, Barrierefreiheit, Bildung;https://place-making.org/;Civic Coding;Laufend;Die Civic-Sync-Plattform erlaubt soziale und kulturelle Angebotsdatenbanken kollaborativ aufzubauen und mehrsprachig und barrierearm zur Verfügung zu stellen – DSGVO-konform, unterstützt durch KI-Technologien und offene Schnittstellen.;Civic-Sync;CC-BY-NC-ND 4.0;https://www.civic-coding.de
https://www.civic-coding.de/ueber-civic-coding/projektlandkarte/projekt/https-deafai/47;Deaf.AI;Maschinelles Lernen, Datenanalyse, KI-Anwendung, Training;Barrierefreiheit, Inklusion, Chancengleichheit, Menschenrechte, Soziale Arbeit;https://www.civic-coding.de/ueber-civic-coding/projektlandkarte/projekt/https-deafai/47;Civic Coding;Laufend;Eine KI soll in durch Sprachdaten in Gebärdensprache trainiert und so eine Grundlage für verständliche und automatische Übersetzungen mittels Avataren geschaffen werden. Ein zentraler Aspekt ist die Gestaltung und Leitung durch gehörlose Fachleute. Damit wird eine praxisnahe und bedarfsorientierte Entwicklung sichergestellt und die Akzeptanz und Identifikation der nutzenden Personen mit den neuen Technologien erhöht.;Deaf.AI;CC-BY-NC-ND 4.0;https://www.civic-coding.de
https://www.civic-coding.de/ueber-civic-coding/projektlandkarte/projekt/fair-text/48;Fair Text;Open-Source, Web-App, KI-Anwendung, Natural Language Processing, Plattform;Barrierefreiheit, Zugänglichkeit, Inklusion, Menschenrechte;https://fair-text.com/;Civic Coding;Laufend;„Fair Text“ richtet sich an Personen und Institutionen, die ihre Texte durch Einfache oder Leichte Sprache barrierefrei gestalten möchten. Die Anwendung überführt „schwere Sprache“ in für die Zielgruppe verständliche Sprache mit Hilfe Künstlicher Intelligenz.;;CC-BY-NC-ND 4.0;https://www.civic-coding.de
https://www.civic-coding.de/ueber-civic-coding/projektlandkarte/projekt/carifix-ein-lernendes-system-fuer-sozialberaterinnen/49;CariFIX – ein Lernendes System für Sozialberater*innen;Knowledge Graph, Datenanalyse;Soziale Arbeit, Beratung, Wissensmanagement, Datenanalyse;https://www.caritas-digital.de/projekte/lernende-systeme-in-der-beratung/, https://www.civic-coding.de/angebote/meldungen/das-projekt-carifix-civic-coding-im-gespraech;Civic Coding;Unbekannt;Das Projekt erforscht die Nutzung von vorhandenen Daten zur Vernetzung von Sozialberater*innen durch die intelligente, webbasierte Software „CariFIX“. Über die Analyse von Falldokumentationen kann schnell die richtige Ansprechperson aus dem deutschlandweiten Expertisenetzwerk der Caritas für einen Austausch über eine aktuelle Fachfrage gefunden und Klient*innen so schneller geholfen werden.;CariFIX;CC-BY-NC-ND 4.0;https://www.civic-coding.de
https://www.civic-coding.de/ueber-civic-coding/projektlandkarte/projekt/kitamatch-software-fuer-eine-schnelle-und-faire-kitaplatzvergabe/50;KitaMatch – Software für eine schnelle und faire Kitaplatzvergabe;Open-Source;Soziale Arbeit, Arbeit mit Kindern, Frauen;https://kitamatch.com/;Civic Coding;Unbekannt;In vielen Kommunen herrscht Unmut bei Eltern und Kitas über eine intransparente und langwierige Platzvergabe. Das KitaMatch-Projekt nutzt einen Nobelpreis-prämierten Algorithmus, um mit einer Open-Source-Software Probleme in der Kitaplatzvergabe zu lösen.;KitaMatch;CC-BY-NC-ND 4.0;https://www.civic-coding.de
https://www.civic-coding.de/ueber-civic-coding/projektlandkarte/projekt/youcodegirls/51;YouCodeGirls;Plattform, E-Learning, Workshops, KI-Anwendung, Generative KI;Technologie, KI, Chancengleichheit, Partizipation;http://www.youcodegirls.de;Civic Coding;Unbekannt;YouCodeGirls möchte Mädchen und Frauen für die Themen Programmieren und KI begeistern. Auf der gleichnamigen interaktiven Mitmach-Plattform können sich die Nutzer*innen unkompliziert, angeleitet und passend zu ihren Bedürfnissen in den Bereichen Programmieren und KI weiterbilden.;;CC-BY-NC-ND 4.0;https://www.civic-coding.de
https://www.civic-coding.de/ueber-civic-coding/projektlandkarte/projekt/pibschool-ki-leicht-gemacht/53;pib@school – KI leicht gemacht;Open-Source, Robotik, Generative KI, KI-Anwendung, Automatisierung;Bildung;http://www.pib.rocks/de/pibschool;Civic Coding;Unbekannt;Mit pib, dem printable intelligent bot, können Jugendliche KI-Anwendungen an ihrem eigens gedruckten und gebauten humanoiden Roboter erlernen und durchführen.;pib;CC-BY-NC-ND 4.0;https://www.civic-coding.de
https://www.civic-coding.de/ueber-civic-coding/projektlandkarte/projekt/deliberaide-demokratischer-buergerinnendialog-mit-ki/55;deliberAIde – Demokratischer Bürger*innendialog mit KI;Plattform, KI-Anwendung, Open-Source, Natural Language Processing, Datenanalyse, Partizipation;Partizipation, Politische Bildung, Verwaltung, Stadt, Barrierefreiheit;http://www.deliberaide.com;Civic Coding;Laufend;Eine Plattform für KI-unterstützte Bürger*innendialoge, die den gesamten Beteiligungsprozess digital abbildet – von der Planung bis zur Berichterstellung. Generative KI und Natural Language Processing-Techniken ermöglichen tiefgehende Beteiligung und verbessern Effizienz sowie Inklusivität der Dialoge.;deliberAIde;CC-BY-NC-ND 4.0;https://www.civic-coding.de
https://www.civic-coding.de/ueber-civic-coding/projektlandkarte/projekt/and-you-politisches-weiterdenken-das-prompt-workbook/58;AndYou? - Politisches Weiterdenken – Das Prompt-Workbook;Open-Source, E-Learning;Bildung, Partizipation, KI;https://www.researchgate.net/publication/390333422_Politisches_Weiterdenken_-_Das_Workbook;Civic Coding;Laufend;Das Workbook fördert Zukunftskompetenzen und demokratische Teilhabe: Es nutzt textgenerative KI zur Entwicklung von Zukunftsszenarien und Reflexion politischer Dynamiken, thematisiert ethische Fragen und richtet sich an Lehrkräfte aller Altersgruppen. Durch interaktive Prompts und pädagogische Empfehlungen unterstützt das Workbook eine kreative und reflektierte Gestaltung politischer Bildung im digitalen Zeitalter.;;CC-BY-NC-ND 4.0;https://www.civic-coding.de
https://www.civic-coding.de/ueber-civic-coding/projektlandkarte/projekt/gluecksfuchs-app/61;Glücksfuchs-App;Web-App, KI-Anwendung, Natural Language Processing;Gesundheit, Bildung, Kinder- und Jugendhilfe;http://www.anke-j-kleim.com/;Civic Coding;Laufend;Bei der Glücksfuchs-App handelt es sich um eine wissenschaftsbasierte Mental Health App für Grundschulen, einer digitalen Präventionsmaßnahme zur Stärkung der psychischen Gesundheit bei Kindern.;;CC-BY-NC-ND 4.0;https://www.civic-coding.de
https://www.civic-coding.de/ueber-civic-coding/projektlandkarte/projekt/barrierefrai-ki-bot-fuer-menschen-mit-behinderung-oder-psychischer-erkrankung/62;barrierefrAI: KI-Bot für Menschen mit Behinderung oder psychischer Erkrankung;KI-Anwendung, Generative KI, Natural Language Processing, Web-App, Plattform, Interaktive App;Menschen mit Behinderung, Chancengleichheit, Soziale Arbeit, Integration, Technologie;https://barrierefrai.com;Civic Coding;Laufend;"""Ziel des Projekts ist die Entwicklung von 'barrierefrAI', einem KI-Bot, der die Barrierefreiheit in digitalen Räumen für Menschen mit Behinderungen verbessert. So erhält ein blinder Mensch ortsbezogen wichtige Informationen zur Umgebung. Der Bot bietet flexible Anpassungen an die Bedürfnisse der unterschiedlichen Menschen wie einfache und mehrsprachige Navigation sowie Hilfen für eine selbstbestimmte Orientierung im öffentlichen Raum.""";barrierefrAI;CC-BY-NC-ND 4.0;https://www.civic-coding.de
https://www.civic-coding.de/ueber-civic-coding/projektlandkarte/projekt/brueckenwelten-ki-unterstuetzte-moderation-fuer-den-gesellschaftswandel/65;Brückenwelten - KI-unterstützte Moderation für den Gesellschaftswandel;Open-Source, KI-Anwendung, Web-App, Plattform, Large Language Model (LLM);Vernetzung, Zivilgesellschaft, Partizipation, Wissensmanagement, Soziale Arbeit;https://www.civic-coding.de/ueber-civic-coding/projektlandkarte/projekt/brueckenwelten-ki-unterstuetzte-moderation-fuer-den-gesellschaftswandel/65;Civic Coding;Laufend;„Brückenwelten” bringt Menschen und Themen zusammen, um Vernetzung, Wissensaustausch und Zusammenarbeit zu ermöglichen. Mit KI-gestützter Reflexion und Dokumentation sorgt das Moderations-Assistenz-Tool für nachhaltigen Austausch und effektive Ergebnissicherung – ohne komplizierte Vor- und Nachbereitung. Die Lösung \u200bist \u200bleicht skalierbar – von kleinen Arbeitsgruppen bis zu Kongressen.;;CC-BY-NC-ND 4.0;https://www.civic-coding.de
https://www.civic-coding.de/ueber-civic-coding/projektlandkarte/projekt/kassenfuehrung-fuer-paedagoginnen-in-der-kinder-und-jugendhilfe/70;Kassenführung für Pädagog*innen in der Kinder- und Jugendhilfe;Prozessautomatisierung, KI Anwendung;Soziale Arbeit, Verwaltung;https://www.evim.de/;Civic Coding;Unbekannt;Der Geldfluss und die Führung der Kassenbücher in den Betreuungseinheiten muss für die Pädagog*innen der Kinder- und Jugendhilfe vor Ort unaufwändiger und anwender*innenfreundlicher werden. Es muss schnell gehen, intuitiv nutzbar und mobil möglich sein. KI soll dabei helfen, den finanzbuchhalterischen Vorgaben zu entsprechen und die Kassenführung für Pädagog*innen automatisiert einfacher und effizienter umzusetzen. Sie kann Daten auslesen, erkennen und zuordnen.;;CC-BY-NC-ND 4.0;https://www.civic-coding.de
https://www.civic-coding.de/ueber-civic-coding/projektlandkarte/projekt/foerderfinder-fuer-soziale-innovationen/71;Förderfinder für Soziale Innovationen;Plattform;Soziale Arbeit, Wohlfahrt, Nachhaltigkeit;https://sigu-plattform.de/foerderfinder/;Civic Coding;Unbekannt;Das Projekt macht mit einem bundesweiten Förderfinder Support-, Förder- und Finanzierungsprogramme für sozial-innovative Projekte, Sozialunternehmen, Organisationen, Kommunen und weitere innovative Akteur*innen, die gesellschaftliche Probleme lösen, transparent und leichter auffindbar.;;CC-BY-NC-ND 4.0;https://www.civic-coding.de
https://www.civic-coding.de/ueber-civic-coding/projektlandkarte/projekt/digitale-transformation-des-kennzahlenberichts-des-programms-babylotse/73;Digitale Transformation des Kennzahlenberichts des Programms Babylotse;Datenanalyse, Datenvisualisierung, Bericht;Gesundheit, Soziale Arbeit, Kinder- und Jugendhilfe;https://qualitaetsverbund-babylotse.de/;Civic Coding;Laufend;Es geht im Projekt darum, den jährlichen Kennzahlenbericht des Qualitätsverbunds Babylotse e. V. zu digitalisieren, die Prozesse, die für die Erstellung notwendig sind, effizienter zu gestalten und zu prüfen, inwiefern KI hier beitragen könnte.;;CC-BY-NC-ND 4.0;https://www.civic-coding.de
https://www.civic-coding.de/ueber-civic-coding/projektlandkarte/projekt/faszination-naechtlicher-vogelzug/74;Faszination Nächtlicher Vogelzug;Open-Source, Maschinelles Lernen, Datenvisualisierung, Monitoring, Plattform;Umweltschutz, Klimaschutz, Nachhaltigkeit, Open Data;https://www.ki-ideenwerkstatt.de/faszination-naechtlicher-vogelzug/;Civic Coding;Unbekannt;Das Projekt möchte naturinteressierte Menschen für den nächtlichen Vogelzug begeistern und ihnen ermöglichen, diesen mittels KI zu erfassen. Ziel ist es, anhand einer Modellregion einen Einblick über das Zuggeschehen zu bekommen. Mit den Ergebnissen sollen Wissenslücken geschlossen und so zukünftige Schutzmaßnahmen ermöglicht werden.;;CC-BY-NC-ND 4.0;https://www.civic-coding.de
https://www.civic-coding.de/ueber-civic-coding/projektlandkarte/projekt/robbenblick/75;Robbenblick;Open-Source, Maschinelles Lernen, Datenanalyse;Umweltschutz, Klima, Verbraucherschutz;https://www.ki-ideenwerkstatt.de/robbenblick/;Civic Coding;Laufend;Die Robbenarten der Ostsee stehen unter strengem Schutz. Ihre Populationen sind wichtige Indikatoren für den Zustand mariner Ökosysteme. Die manuelle Überwachung der Robbenbestände ist derzeit sehr aufwendig. Mithilfe von KI möchte das Projektteam die Zählung und Überwachung dieser Arten verbessern. Somit kann schneller auf kritische Veränderungen reagiert und zur langfristigen Stabilität des Ökosystems Ostsee und zum marinen Naturschutz beigetragen werden.;;CC-BY-NC-ND 4.0;https://www.civic-coding.de
https://www.civic-coding.de/ueber-civic-coding/projektlandkarte/projekt/kim-ki-basiertes-insektenmonitoring/76;KIM - KI-basiertes Insektenmonitoring;Monitoring, Open-Source, KI-Anwendung, Maschinelles Lernen, Computer Vision, Datenanalyse;Umweltschutz, Klima, Landwirtschaft, Bildung;https://gitlab.rlp.net/chgl1168904256/kim;Civic Coding;Unbekannt;Insekten zu erfassen, ohne sie zu töten? Das macht das Projekt KIM mithilfe von KI möglich. Das Projekt entwickelt eine intelligente Monitoring-Station auf Basis einer Malaisefalle mit Kameratunnel. Anders als herkömmliche Methoden, die auf zeitaufwendige DNA-Analysen setzen, liefert das System sofort verwertbare Daten und verknüpft sie mit Umweltfaktoren. Besonders wertvoll ist dieser Ansatz für den Schutz bedrohter Arten.;KIM;CC-BY-NC-ND 4.0;https://www.civic-coding.de
https://www.civic-coding.de/ueber-civic-coding/projektlandkarte/projekt/urbanclimate/77;UrbanClimate;Maschinelles Lernen, Datenvisualisierung, Open-Source, KI Anwendung;Umwelt, Klima, Klimaschutz, Stadtplanung;https://gitea.iotxs.de/Urban-Climate, https://urban-climate.de/;Civic Coding;Unbekannt;UrbanClimate misst Mikroklimadaten in Städten, visualisiert sie und analysiert sie mithilfe von KI. Autarke Wetterstationen und ein speziell entwickelter Bodenfeuchtesensor erfassen wichtige Umweltparameter wie Temperatur, Wind, Luftdruck, Niederschlag, Luftfeuchtigkeit und Bodenfeuchte.\u202fSo werden Hitzeinseln sichtbar – und Lösungen für eine kühlere, lebenswertere Stadt möglich.;;CC-BY-NC-ND 4.0;https://www.civic-coding.de
https://www.civic-coding.de/ueber-civic-coding/projektlandkarte/projekt/wurmkomposter-50/78;Wurmkomposter 5.0;KI-Anwendung, Natural Language Processing, Large Language Model (LLM), Monitoring, Interaktive App;Umweltschutz, Klima, Klimaschutz, Nachhaltigkeit, Abfallwirtschaft;https://ulawi.org/;Civic Coding;Unbekannt;"„Wurmkomposter 5.0“ verfolgt das Ziel, biogene Reststoffe direkt in Städten zu kompostieren und als wertvolle Nährstoffe wiederzuverwenden. Der ""Wurmkomposter 5.0"" überwacht mit Sensoren den Kompostierungsprozess und gibt gezielte Hinweise, um optimale Bedingungen für die Würmer zu schaffen. Das Besondere: Über ein Voice-Interface können Nutzer*innen direkt mit den Würmern ""sprechen"" und spielerisch lernen, wie die Kompostierung funktioniert.";;CC-BY-NC-ND 4.0;https://www.civic-coding.de
https://www.civic-coding.de/ueber-civic-coding/projektlandkarte/projekt/openriversense/79;OpenRiverSense;Maschinelles Lernen, Datenvisualisierung, Monitoring, Open Data, KI-Anwendung, Datenanalyse, Plattform;Klima, Verbraucherschutz, Technologie;http://www.openriversense.de/;Civic Coding;Unbekannt;Kleine Gewässer sind essenziell für unser Ökosystem, doch es fehlen zuverlässige Daten zu Wasserstand und Qualität.\u202fDas Projekt OpenRiverSense (ORS) entwickelt kostengünstige Open-Hardware Prototypen, die Wasserparameter kontinuierlich erfassen und per Fernübertragung an eine Online-Datenbank senden. Die erfassten Daten werden aufbereitet und visualisiert – eine einfache Lösung für Behörden, Umweltverbände und Bürgerwissenschaftler*innen.;ORS;CC-BY-NC-ND 4.0;https://www.civic-coding.de
https://www.civic-coding.de/ueber-civic-coding/projektlandkarte/projekt/ki-verleihstation/80;KI-Verleihstation;Open-Source, Maschinelles Lernen, KI-Anwendung, Prozessautomatisierung, Plattform;Umwelt, Klima, Verbraucherschutz, Technologie;https://gitlab.com/werkzeugbibliothek/ki-verleihstation, https://erfindergarden.de/werkzeugbib/;Civic Coding;Unbekannt;Warum kaufen, wenn man leihen kann? Einige Werkzeuge werden angeschafft und dann nur selten gebraucht. Dabei ginge es nachhaltiger.\u202fDas Projekt entwickelt Open Hardware für Self-Service-Verleihstationen, die rund um die Uhr genutzt werden können. Ein KI-Assistent unterstützt bei der Auswahl des passenden Werkzeugs, zeigt Alternativen auf und berechnet die potenzielle CO2- sowie Kosteneinsparung durch das Leihen.;;CC-BY-NC-ND 4.0;https://www.civic-coding.de
https://www.civic-coding.de/ueber-civic-coding/projektlandkarte/projekt/digitz-digitale-gartenzwerge/81;DigitZ – Digitale Gartenzwerge;Maschinelles Lernen, KI-Anwendung, Datenanalyse;Umweltschutz, Klima, Klimaschutz, Verbraucherschutz;https://www.digitz.digital/, https://github.com/SchreberjugendBV/DigitZ;Civic Coding;Unbekannt;Digitale Gartenzwerge (DigitZ) – kleine, vernetzte Messstationen – erfassen Umweltfaktoren wie Luftdruck, Temperatur, Luftfeuchtigkeit, Lichteinstrahlung und Bodenfeuchte. Diese Daten werden in Echtzeit ins Internet übertragen und helfen, Witterungsverläufe besser zu verstehen. Damit liefern sie wertvolle Erkenntnisse über Trockenperioden, Frost oder Unwetter.;DigitZ;CC-BY-NC-ND 4.0;https://www.civic-coding.de
https://www.civic-coding.de/ueber-civic-coding/projektlandkarte/projekt/weltweite-datenuebermittlung-und-auswertung-fuer-wirkungsmessung-bei-terre-des-hommes-ev/82;Weltweite Datenübermittlung und -auswertung für Wirkungsmessung bei Terre des Hommes e.V.;Datenvisualisierung, Datenanalyse, Automatisierte Datenübermittlung, Dashboard, Wirkungsmessung, Datenmanagement;Wohlfahrt, Kinder- und Jugendhilfe, Humanitäre Hilfe, International, Soziale Arbeit, Bildung;https://www.tdh.de/;Civic Coding;Unbekannt;Terre des Hommes unterstützt Projekte in der ganzen Welt, um große strategische Ziele zu erreichen. Damit Fortschritte messbar werden, wurden quantitative und qualitative Indikatoren definiert, zu denen weltweit Projektmanagerinnen und -manager Daten liefern. Eine passende IT-Infrastruktur soll diesen Prozess vereinfachen. Das Civic Data Lab (CDL) unterstützte die Entwicklung dieses neuen Tools zur Datenübermittlung und -auswertung.;;CC-BY-NC-ND 4.0;https://www.civic-coding.de
https://www.civic-coding.de/ueber-civic-coding/projektlandkarte/projekt/sunflower-care-ki-gestuetzte-beratung-fuer-beratende/83;sunflower care (KI-gestützte Beratung für Beratende);Plattform, Web-App, KI Anwendung;Flucht und Migration, Integration, Soziale Arbeit, Beratung;https://www.civic-coding.de/ueber-civic-coding/projektlandkarte/projekt/sunflower-care-ki-gestuetzte-beratung-fuer-beratende/83;Civic Coding;Unbekannt;Die Peer-Onlineberatungsplattform We Care unterstützt Menschen, die vor dem Krieg aus der Ukraine nach Deutschland fliehen mussten. Beratende haben oft selbst Migrations- und Fluchtgeschichten, können ihr Wissen direkt weitergeben oder werden unterstützt durch einen Chatbot über Informationen zum Leben in Deutschland. Diesen stellt das Civic Data Lab (CDL) mit Partnern von aureka zur Verfügung, indem das bestehende agentenbasierte System Lupai erweitert und per Schnittstelle zugänglich gemacht wird.;;CC-BY-NC-ND 4.0;https://www.civic-coding.de
https://www.civic-coding.de/ueber-civic-coding/projektlandkarte/projekt/datengestuetzte-zugaenge-zur-wissensdatenbank-von-schule-ein-gesicht-geben-ev/84;Datengestützte Zugänge zur Wissensdatenbank von Schule ein Gesicht geben e.V.;Open-Source, Maschinelles Lernen, Datenanalyse, Large Language Model (LLM);Demokratie, Partizipation, Jugendbeteiligung;https://www.civic-coding.de/ueber-civic-coding/projektlandkarte/projekt/datengestuetzte-zugaenge-zur-wissensdatenbank-von-schule-ein-gesicht-geben-ev/84;Civic Coding;Unbekannt;Schule ein Gesicht geben e.V. stellt ein umfangreiches Open-Source-Wissensarchiv für Schülervertretungen bereit. Gemeinsam mit dem Civic Data Lab (CDL) entwickeln sie neue Zugänge zu dieser Wissenssammlung und planen, sie über ein dialogbasiertes Interface verfügbar zu machen, um einen besseren Überblick zu gewährleisten.;;CC-BY-NC-ND 4.0;https://www.civic-coding.de
https://www.civic-coding.de/ueber-civic-coding/projektlandkarte/projekt/relaunch-der-civic-data-plattform-leerstandsmelderde/85;Relaunch der Civic Data Plattform Leerstandsmelder.de;Open-Source, Plattform, Datenvisualisierung, Datenportal;Wohnen, Open Data, Partizipation, Datenanalyse;http://www.leerstandsmelder.de/;Civic Coding;Laufend;Auf Leerstandsmelder.de können Bürgerinnen und Bürger leerstehenden Wohnraum eintragen, um Daten über teilweise illegalerweise nicht zur Nutzung freigegebenen Wohnraum zu sammeln – eine wichtige Grundlage für zivilgesellschaftliches Engagement im Bereich Wohnen. Das Civic Data Lab (CDL) unterstützte die letzten Schritte des Relaunches, mit dem das ehrenamtliche Team die Plattform auf neusten Stand brachte und die Bereitstellung von Daten für weitere Anwendungen ermöglichte.;;CC-BY-NC-ND 4.0;https://www.civic-coding.de
https://www.civic-coding.de/ueber-civic-coding/projektlandkarte/projekt/u25-jahreserhebung-unter-peerberaterinnen-und-beratern/86;[U25] Jahreserhebung unter Peerberaterinnen und -beratern;Open-Source, Datenanalyse, Datenvisualisierung, Reporting, Dashboard;Jugendarbeit, Soziale Arbeit, Bildung, Partizipation, Politische Bildung;https://www.civic-coding.de/ueber-civic-coding/projektlandkarte/projekt/u25-jahreserhebung-unter-peerberaterinnen-und-beratern/86;Civic Coding;Unbekannt;Die [U25] Suizidberatung ist ein Leuchtturmprojekt des Deutschen Caritasverbandes für Peer-to-Peer Engagement junger Menschen und verbindet Wissenschaft und Politik. Mit einer jährlich wachsenden Datengrundlage wird erhoben, wer sich bei [U25] engagiert und was sie dazu motiviert. So können andere davon lernen – und zugleich kann der Datensatz für verschiedene Auswertungen genutzt werden.  Auswertung und Visualisierung erfolgen automatisiert mit Apache Superset.;U25;CC-BY-NC-ND 4.0;https://www.civic-coding.de
https://www.civic-coding.de/ueber-civic-coding/projektlandkarte/projekt/einfuehrung-und-automatisierung-jaehrlicher-erhebungen-bei-ten-sing/87;Einführung und Automatisierung jährlicher Erhebungen bei TEN SING;Datenanalyse, Datenvisualisierung, Dashboard, Automatisierung, Prozessautomatisierung, Reporting;Datenanalyse, Wirkungsmessung, Partizipation, Verwaltung;https://www.cvjm.de/website/de/cv/themen-bereiche/;Civic Coding;Laufend;TEN SING ist ein Jugendmusikprojekt, das deutschlandweit in vielerlei Ortsgruppen stattfindet. Gemeinsam mit dem Civic Data Lab (CDL) entwickelten sie einen Fragebogen und führten jährliche Gesamterhebungen ein, um herauszufinden, was TEN SING ausmacht, welche Unterstützungsform die Ortsgruppen benötigen und wie viele TEN SINGende es gibt. Zusätzlich erfolgt eine (Teil-)Automatisierung der Auswertung jährlicher Umfrageergebnisse und ihre Darstellung als Dashboard mit Interpretationshilfen.;;CC-BY-NC-ND 4.0;https://www.civic-coding.de
https://www.civic-coding.de/ueber-civic-coding/projektlandkarte/projekt/ki-im-ehrenamt-ausgewertete-umfrage-von-digital-vereint/88;KI im Ehrenamt – Ausgewertete Umfrage von digital verein(t);Umfrage, Datenanalyse, Datenvisualisierung, Natural Language Processing, Large Language Model (LLM);Zivilgesellschaft, Partizipation, Soziale Arbeit, Wohlfahrt;http://www.digital-vereint.de/;Civic Coding;Laufend;Die bayerische Landesinitiative „digital verein(t)“ unterstützt ehrenamtlich Engagierte und Vereine, die Möglichkeiten der Digitalisierung zu nutzen. Dafür erfassen sie in Umfragen auch die aktuelle Abdeckung sowie Unterstützungsbedarfe. Die Auswertung ihrer aktuellen Umfrage zur Nutzung von Künstlicher Intelligenz wurde durch das Civic Data Lab (CDL) umgesetzt. Die Ergebnisse liefern spannende Einblicke in den KI-Einsatz und wertvolle Anregungen für zukünftiges Umfragedesign.;;CC-BY-NC-ND 4.0;https://www.civic-coding.de
https://www.civic-coding.de/ueber-civic-coding/projektlandkarte/projekt/alltxt-genderinklusive-sprache-zugaenglicher-machen/89;all.txt - Genderinklusive Sprache zugänglicher machen;Open-Source, Web-App;Barrierefreiheit, Sprache, Bildung, Gesellschaft;http://www.all-txt.de/;Civic Coding;Laufend;Ein Online-Texteditor, für inklusives und genderneutrales Schreiben im deutschsprachigen Raum – ein „Rechtschreibcheck“ für Inklusion in Bezug auf alle Gender. Das Civic Data Lab (CDL) unterstützte bei der Bereitstellung von offenen Daten für genderinklusive Sprache sowie der Cloud-Integration des späteren Datenprodukts. Mit dem gelabelten Datensatz gibt es erstmals im deutschsprachigen Raum eine Basis, um große Sprachmodelle genderinklusiv zu nutzen – auch für andere Projekte.;all.txt;CC-BY-NC-ND 4.0;https://www.civic-coding.de
https://www.civic-coding.de/ueber-civic-coding/projektlandkarte/projekt/donor-journeys-in-civicrm/90;Donor Journeys in CiviCRM;Open-Source, Datenanalyse, Datenvisualisierung;Köln, Wohlfahrt, Zivilgesellschaft, Datenanalyse, Open Data;https://www.civic-coding.de/ueber-civic-coding/projektlandkarte/projekt/donor-journeys-in-civicrm/90;Civic Coding;Unbekannt;Die Open-Source-Software CiviCRM bietet verschiedene Funktionen, die für die Arbeit gerade von kleinen und mittleren zivilgesellschaftlichen Organisationen hilfreich sind – zum Beispiel für das Fundraising. Das Civic Data Lab (CDL) entwickelt gemeinsam mit der CiviCRM Community eine Erweiterung, die Scoring und Segmentierung von Spendenden beschleunigt. So wird der Spendenprozess transparenter und besser begleitbar.;;CC-BY-NC-ND 4.0;https://www.civic-coding.de
https://www.civic-coding.de/ueber-civic-coding/projektlandkarte/projekt/kommuki-offene-daten-aus-der-jugendbeteiligung/91;Kommuki - Offene Daten aus der Jugendbeteiligung;Datenportal, Web-App, KI Anwendung, Plattform;Demokratie, Partizipation, Politische Bildung, KI, Datenanalyse;https://www.politikzumanfassen.de/;Civic Coding;Unbekannt;Politik zum Anfassen e.V. lädt junge Menschen zu Beteiligungsprozessen und Planspielen in Kommunen ein. Dabei werden ihre Anregungen und Ideen für ein lebenswertes Umfeld gesammelt – eine wertvolle Datengrundlage dafür, was junge Menschen bewegt und was in den Kommunen aus ihren Vorschlägen entsteht. Diese Daten wurden gemeinsam mit dem Civic Data Lab (CDL) und Kommuki auf einer eigenen Plattform zugänglich gemacht: als Download sowie filterbar und per Chatbot befragbar.;Kommuki;CC-BY-NC-ND 4.0;https://www.civic-coding.de
https://www.civic-coding.de/ueber-civic-coding/projektlandkarte/projekt/demokratie-wegweiser/92;Demokratie-Wegweiser;Kartenanwendung, Datenvisualisierung, Webseite;Wahlen, Partizipation;https://www.demokratie-wegweiser.de/;Civic Coding;Unbekannt;Der Demokratie-Wegweiser soll für mehr Transparenz in der Demokratie sorgen. Durch eine interaktive Kartenanwendung können Bürgerinnen und Bürger für ihre Adresse herausfinden, welche Politikerinnen und Politiker sie auf kommunaler, Landes- und Bundesebene sowie im Europäischen Parlament vertreten. Eine besondere Herausforderung ist das Auffinden geeigneter Daten bei Kommunen. Das Civic Data Lab (CDL) unterstützte die Erweiterung der Anwendung durch die Recherche offener Geo- und Wahldaten.;;CC-BY-NC-ND 4.0;https://www.civic-coding.de
https://www.civic-coding.de/ueber-civic-coding/projektlandkarte/projekt/demokratiefoerder-rechner/93;Demokratieförder-Rechner;Maschinelles Lernen, Natural Language Processing, Datenanalyse;Politische Bildung, Partizipation, Verwaltung;https://digital.awo.org/;Civic Coding;Abgeschlossen;Der AWO Bundesverband sammelt Daten, um die Demokratieförderung der Bundesregierung mit konkreten Zahlen zu unterlegen. Doch zu ermitteln, wie viele Bundesförderprogramme welche Summen für die verschiedenen Aspekte der Demokratieförderung bereitstellen, ist durchaus herausfordernd. Das Civic Data Lab (CDL) unterstützt mit Webscraping, Textklassifizierung und Named-Entity Recognition.;;CC-BY-NC-ND 4.0;https://www.civic-coding.de
https://www.civic-coding.de/ueber-civic-coding/projektlandkarte/projekt/chat-ki/94;CHAT-KI;Natural Language Processing (NLP), Open Source, Bildungs- und Forschungseinrichtung;Inklusion, Arbeit, Soziales, Menschen mit Behinderung;http://www.h-ka.de/;Civic Coding;Laufend;Die Hochschule Karlsruhe und die Hagsfelder Werkstätten und Wohngemeinschaften Karlsruhe gGmbH, entwickeln mit der Südpfalzwerkstatt gGmbH und dem Pfalzklinikum AdöR, einen KI-gestützten Chatbot, der Menschen mit Behinderungen (MmB) beim Zugang und Erhaltung einer Beschäftigung unterstützt. Ziel ist es, Informationen leichter zugänglich zu machen. Beschäftigung zu fördern, Arbeitsbedingung zu verbessern und neue Perspektiven für Inklusion zu schaffen.;CHAT-KI;CC-BY-NC-ND 4.0;https://www.civic-coding.de
https://www.civic-coding.de/ueber-civic-coding/projektlandkarte/projekt/ki-verwaltungsassistent/95;KI-Verwaltungsassistent;KI-Anwendung, Prozessoptimierung, Large Language Model (LLM);Verwaltung, Soziale Arbeit, Arbeit und Soziales;http://www.splitbot.de/;Civic Coding;Laufend;Die Technologieunternehmen Splitbot GmbH, der Kontor Business IT GmbH und der Deutschen Kinderschutzbund Kreisverband Ostholstein e.\u2009V., entwickeln mit gemeinnützigen Vereinen und dem Zukunftslabor Generative KI ein KI-basiertes Verfahren zur Optimierung interner Prozesse der Arbeitsorganisation in gemeinnützigen Organisationen. Ein digitaler Assistenten in Form eines Chatbots soll diese Einrichtungen bei täglichen Verwaltungsaufgaben unterstützt und entlasten.;;CC-BY-NC-ND 4.0;https://www.civic-coding.de
https://www.civic-coding.de/ueber-civic-coding/projektlandkarte/projekt/mooc4mitbestimmung/96;MOOC4Mitbestimmung;Open Source, Bildungs- und Forschungseinrichtung, Natural Language Processing (NLP);Arbeit und Soziales, Bildung, Partizipation;https://www.civic-coding.de/ueber-civic-coding/projektlandkarte/projekt/mooc4mitbestimmung/96;Civic Coding;Laufend;Die University of Labour und das Deutsche Forschungszentrum für Künstliche Intelligenz, schult in Kooperation mit den Konzernbetriebsräten von IBM und Siemens woei dem IG Metall Vorstand Betriebs- und Personalrät*innen zu KI-Themen. Ziel ist es, Chancen und Risiken von KI im Betrieb zu bewerten und Betriebsvereinbarungen zu entwickeln. Massive Open Online Courses (MOOC) vermitteln Fachwissen, ein Sprachmodell für Nicht-Jurist*innen erstellt passgenaue Vereinbarungen.;MOOC4Mitbestimmung;CC-BY-NC-ND 4.0;https://www.civic-coding.de
https://www.civic-coding.de/ueber-civic-coding/projektlandkarte/projekt/kisee/97;KISEE;KI-Anwendung, Interaktive App, Large Language Model (LLM), Automatisierung, Text-to-Speech-Technologie (TTS);Bildung, Chancengleichheit, Soziale Arbeit, Partizipation, Nachhaltigkeit;http://www.hdm-stuttgart.de/;Civic Coding;Laufend;Die Hochschule der Medien Stuttgart und mycelia gGmbH entwickeln mit der Industrie- und Handelskammer zu Berlin, der Hacker School gGmbH und der JOBLINGE gAG, einen interaktiven KI-basierten Avatar, der Personen aus bildungsfernen Haushalten eine niedrigschwellige Berufsberatung bietet. Die Plattform kombiniert Avatar-Interaktionen, personalisierte Kompetenzerfassung und Weiterbildungsmöglichkeiten, um berufliche Perspektiven zu verbessern und klassische Angebote zu ergänzen.;KISEE;CC-BY-NC-ND 4.0;https://www.civic-coding.de
https://www.civic-coding.de/ueber-civic-coding/projektlandkarte/projekt/dein-ausbildungsassistent/98;Dein Ausbildungsassistent;Open Source, Large Language Model (LLM), Beratung, Datenanwendung für Öffentlichkeit, Interaktive App;Chancengleichheit, Jugendarbeit, Soziale Arbeit, Bildung, Arbeit;http://www.h-ka.de/;Civic Coding;Laufend;Die Technologiestiftung Berlin und der JOBLINGE gAG Berlin entwickelt mit der Industrie- und Handelskammer Berlin, dem Jobcenter Berlin Steglitz-Zehlendorf, der Lise-Meitner-Schule und Outreach – Mobile Jugendarbeit Berlin eine Ausbildungsplattform für benachteiligte Jugendliche und junge Erwachsen in der Übergangsphase zwischen Schule und Beruf. Ziel ist eine maßgeschneiderte Lösung, die passende Ausbildungsberufe vorschlägt und ein individuelles Anschreiben generiert.;;CC-BY-NC-ND 4.0;https://www.civic-coding.de
