Quelle;Projektname;Art;Einsatzbereich;Webseite-Link;Organisation;Status;Kurzzusammenfassung;Projekt-Abkürzung;Lizenz;Lizenz-Organisation;Index
https://correlaid.org/daten-nutzen/projektdatenbank/2022-11-ATT;Qualitätsanalyse von OpenStreetMap Daten für Trinkbrunnen;{'Datenanalyse': 'Datenanalyse', 'Explorative Analyse': 'Datenanalyse', 'Reporting': 'Datenreporting', 'Visualisierung': 'Datenreporting', 'Open Data': 'Öffentliche Daten', 'Prozess': '', 'Web-App': 'Webanwendungen'};{'Deutschland': '', 'Umweltschutz': 'Klima & Umwelt', 'Nachhaltigkeit': 'Klima & Umwelt', 'Ökologie': ''};https://correlaid.github.io/trinkbrunnen-analyse/map-deutschland-drinking-water.html, https://correlaid.github.io/trinkbrunnen-analyse/analysis-fountains-germany.html, https://github.com/CorrelAid/trinkbrunnen-analyse;a tip: tap e.V., CorrelAid e.V.;In Betrieb;Wir haben Open Street Maps-Daten zu Trinkbrunnen in Deutschland analysiert, unsere Ergebnisse mit offiziellen Zahlen verglichen und die Qualität der Metadaten verbessert.;;CC-BY 4.0;https://correlaid.org/;
https://correlaid.org/daten-nutzen/projektdatenbank/2023-10-ISH;Mithilfe von KI Wirkungsmessung skalieren;{'KI Anwendung': '', 'Datenanalyse': 'Datenanalyse', 'Datenanwendung für Öffentlichkeit': 'Datenanwendung für Öffentlichkeit', 'Datenerhebung': 'Datenerhebung', 'Prozessautomatisierung': 'Automatisierung', 'Wirkungsmessung': 'Wirkungsmessung'};{'Arbeit mit Kindern': 'Jugendhilfe', 'Chancengleichheit': 'Anti Dismkriminierung', 'Inklusion': 'Inklusion & Teilhabe', 'Kinder- und Jugendhilfe': 'Jugendhilfe', 'Soziale Arbeit': 'Soziale Dienste'};;In safe hands e.V., CorrelAid e.V.;In Betrieb;Wir haben ein Tool entwickelt, das die Auswertung von Teilnehmerbefragungen für ein sportpädagogisches Präventionsprogramm unterstützt. Dabei werden Algorithmen des maschinellen Lernens eingesetzt, um Kodierungen für Antworten vorzuschlagen und so Zeit für komplexere Fälle zu gewinnen.;;CC-BY 4.0;https://correlaid.org/;
https://correlaid.org/daten-nutzen/projektdatenbank/2021-04-SOS;Wertvolle Zeit sparen und Fehler vermeiden durch die Automatisierung von Prozessen;{'Automatisierung von Prozessen': '', 'Datenanalyse': 'Datenanalyse', 'Prozessautomatisierung': 'Automatisierung'};{'Bildung': 'Bildung', 'Wissenschaft': '', 'Forschung': '', 'Datenorientierung': ''};;Science on Stage e.V., CorrelAid e.V.;In Betrieb;Wir haben Skripte entwickelt, um die Datenverarbeitung für Science on Stage e.V. zu automatisieren, was ihnen Zeit und Mühe erspart und es ihnen ermöglicht, deine Arbeit stärker datenorientiert zu gestalten.;;CC-BY 4.0;https://correlaid.org/;
https://correlaid.org/daten-nutzen/projektdatenbank/2024-09-CHW;Automatisiertes Monitoring von Zielgruppenentwicklung im Zeitverlauf;{'Automatisierte Datenübermittlung': 'Datenmanagement', 'Reporting': 'Datenreporting', 'Datenanalyse': 'Datenanalyse', 'Datenerhebung': 'Datenerhebung', 'Datenvisualisierung': 'Datenreporting'};{'Kinder- und Jugendbildung': '', 'Bildungschancen': '', 'Soziale Arbeit': 'Soziale Dienste'};;Chancenwerk e.V., CorrelAid e.V.;In Betrieb;Unterstützung von Chancenwerk mit automatisierter Umfrageauswertung zur Reduzierung des Verwaltungsaufwands.;;CC-BY 4.0;https://correlaid.org/;
https://correlaid.org/daten-nutzen/projektdatenbank/2024-06-BAB;Automatisierte Fragebogenauswertung mit Generativer KI;{'Automatisierte Fragebogenauswertung mit Generativer KI': '', 'Reporting': 'Datenreporting', 'Umfrage': 'Datenerhebung'};{'Familienfreundlichkeit': '', 'Kinderbetreuung': '', 'Transport': '', 'Barrierefreiheit': 'Inklusion & Teilhabe', 'Familienfreundlichkeit in der Öffentlichkeit': '', 'Soziale Arbeit': 'Soziale Dienste'};https://github.com/CorrelAid/workshop-babylotse, https://github.com/CorrelAid/workshop-babylotse/blob/main/data/Umfrage%20DE%20submissions%202024-07-31%2000_25.csv, https://github.com/CorrelAid/workshop-babylotse/;Babylotse, CorrelAid e.V.;In Betrieb;Mithilfe von Large Language Models wertete CorrelAid e.V. die von der Initiative Babylotse Frankfurt erhobenen Umfragedaten zu Bedarfen von Familien mit Babys aus. Die identifizierten Bedürfnisse und Anliegen konnten so wirkungsvoll an politische Entscheidungsträger*innen kommuniziert werden. ;;CC-BY 4.0;https://correlaid.org/;
https://correlaid.org/daten-nutzen/projektdatenbank/2024-12-SIN;Automatisiertes Qualitätsmanagement für ein Mentoringprogramm;{'Automatisierte Datenübermittlung': 'Datenmanagement', 'Reporting': 'Datenreporting', 'Visualisierung': 'Datenreporting', 'Automatisierung': 'Automatisierung', 'Umfrage': 'Datenerhebung', 'Prozess': '', 'Verwaltung': ''};{'Jugendbeteiligung': 'Jugendhilfe', 'Jugendhilfe': 'Jugendhilfe', 'Mentoring': 'Bildung', 'Bildung': 'Bildung', 'Soziale Arbeit': 'Soziale Dienste'};;Sindbad, CorrelAid e.V.;In Planung;Ein flexibles Dashboard: Mentoring-Feedback einfach verstehen und gezielt auswerten.;;CC-BY 4.0;https://correlaid.org/;
https://correlaid.org/daten-nutzen/projektdatenbank/2023-12-DEM;Mit Daten zu transparenterer Demokratie;{'Datenanalyse': 'Datenanalyse', 'Datenerhebung': 'Datenerhebung', 'Datenanwendung für Öffentlichkeit': 'Datenanwendung für Öffentlichkeit', 'Digitale Plattform': 'Digitale Plattformen', 'Interaktive Karte': 'Karten & Verzeichnisse', 'Visualisierung mit Karten': 'Karten & Verzeichnisse'};{'Demokratie': 'Demokratie & Soziale Rechte', 'Transparenz': 'Inklusion & Teilhabe', 'Demokratie-Wegweiser': '', 'Mitmach-Demokratie': '', 'politische Beteiligung': ''};https://civic-data.de/ein-wegweiser-fuer-die-demokratie/, https://karte.demokratie-wegweiser.de;Demokratie-Wegweiser, Civic Data Lab, CorrelAid e.V.;In Betrieb;Entwicklung einer datenbasierten Lösung für das Projekt „Demokratie Wegweiser“: Bewältigung struktureller Probleme bei der Bereitstellung zuverlässiger Daten für Bürger.;;CC-BY 4.0;https://correlaid.org/;
https://correlaid.org/daten-nutzen/projektdatenbank/2024-04-TEN;Output Monitoring durch Entwicklung und Implementierung eines Fragebogen mithilfe von Fokusgruppen;{'Output Monitoring': 'Wirkungsmessung', 'Umfrage': 'Datenerhebung', 'Datenerhebung': 'Datenerhebung'};{'Jugendarbeit': 'Jugendhilfe', 'Jugendbeteiligung': 'Jugendhilfe', 'Jugendhilfe': 'Jugendhilfe', 'Soziale Arbeit': 'Soziale Dienste'};https://civic-data.de/output-monitoring-ten-sing/;CVJM-Gesamtverband in Deutschland e. V., Civic Data Lab, CorrelAid e.V.;In Betrieb;Bewältigung der Datenherausforderungen, denen die teilnehmenden Organisationen gegenüberstanden, und Sammlung von Erkenntnissen, damit sie ihren Gemeinden besser dienen können.;;CC-BY 4.0;https://correlaid.org/;
https://correlaid.org/daten-nutzen/projektdatenbank/2024-03-PZA;Open Data aus Bürger- und Jugendbeteiligungsprojekten;{'Datenerhebung': 'Datenerhebung', 'Datenmanagement': 'Datenmanagement', 'KI': '', 'Open Data': 'Öffentliche Daten', 'Verwaltung': '', 'Umfrage': 'Datenerhebung'};{'Demokratie': 'Demokratie & Soziale Rechte', 'Jugendbeteiligung': 'Jugendhilfe', 'Politische Bildung': 'Demokratie & Soziale Rechte', 'Bürgerbeteiligung': ''};https://civic-data.de/kommuki-open-data/;Politik zum Anfassen e.V., Civic Data Lab, CorrelAid e.V.;In Betrieb;Wir unterstützten die Umsetzung eines Datenprojekts durch das Civic Data Lab und halfen einer teilnehmenden Organisation bei der Bewältigung eines Datenproblems.;;CC-BY 4.0;https://correlaid.org/;
https://correlaid.org/daten-nutzen/projektdatenbank/2024-03-LEM;Unterstützung des Relaunchs des Leerstandsmelders;{'Datenanalyse': 'Datenanalyse', 'Datenerhebung': 'Datenerhebung', 'Digitale Plattform': 'Digitale Plattformen', 'Interaktive App': 'Webanwendungen', 'Interaktive Karte': 'Karten & Verzeichnisse', 'Umfrage': 'Datenerhebung', 'Webentwicklung': 'Webanwendungen'};{'Deutschland': '', 'Wohnen': 'Stadtentwicklung', 'Wohnungslosenhilfe': 'Soziale Dienste', 'Soziale Arbeit': 'Soziale Dienste', 'Stadt': 'Stadtentwicklung', 'Stadtplanung': 'Stadtentwicklung'};https://civic-data.de/leerstandsmelder/, https://leerstandsmelder.de;"Leerstandsmelder; Gängeviertel e.V., Civic Data Lab, CorrelAid e.V.";In Betrieb;Back- und Frontend, Contententwicklung, UX-Testing und rechtliche Prüfung mit Umsetzung der entsprechenden Änderungen des Webseiten-Relaunchs von Leerstandsmelder.de;;CC-BY 4.0;https://correlaid.org/;
https://correlaid.org/daten-nutzen/projektdatenbank/2024-11-LAF;Auswertung einer Umfrage zu KI im Ehrenamt;{'Datenanalyse': 'Datenanalyse', 'Datenerhebung': 'Datenerhebung', 'Datenanwendung für Öffentlichkeit': 'Datenanwendung für Öffentlichkeit', 'Datenstandards': 'Datenmanagement', 'Datensatz und Visualisierung': 'Datenreporting', 'Reporting': 'Datenreporting', 'Visualisierung': 'Datenreporting'};{'Arbeit mit Kindern': 'Jugendhilfe', 'Antidiskriminierung': 'Anti Dismkriminierung', 'Antirassismus': 'Anti Dismkriminierung', 'Beratung': 'Soziale Dienste', 'Chancengleichheit': 'Anti Dismkriminierung', 'Demokratie': 'Demokratie & Soziale Rechte', 'Datenschutz': '', 'Evaluation': 'Organisation & Professionalisierung', 'Frauen': 'Anti Dismkriminierung', 'Geflüchtete': 'Flucht & Migration', 'Gleichberechtigung': 'Anti Dismkriminierung', 'Gleichstellung': 'Anti Dismkriminierung', 'Gesundheit': 'Gesundheit', 'Humanitäre Hilfe': 'Internationale Projekte', 'Inklusion': 'Inklusion & Teilhabe', 'Integration': 'Inklusion & Teilhabe', 'Internationales': '', 'Jugendarbeit': 'Jugendhilfe', 'Jugendbeteiligung': 'Jugendhilfe', 'Jugendhilfe': 'Jugendhilfe', 'KI': 'Gesundheit', 'Menschen mit Behinderung': 'Inklusion & Teilhabe', 'Menschenrechte': 'Demokratie & Soziale Rechte', 'Migration': 'Flucht & Migration', 'Migrationsberatung': 'Flucht & Migration', 'Nachhaltigkeit': 'Klima & Umwelt', 'Offene Daten': '', 'Partizipation': 'Inklusion & Teilhabe', 'Patenschaft': 'Organisation & Professionalisierung', 'Pflege': 'Gesundheit', 'Pflegende Angehörige': '', 'Queere Sichtbarkeit': 'Anti Dismkriminierung', 'Soziale Arbeit': 'Soziale Dienste', 'Sport': 'Sport', 'Stadt': 'Stadtentwicklung', 'Stadtplanung': 'Stadtentwicklung', 'Teilhabe': 'Inklusion & Teilhabe', 'Telemedizin': 'Gesundheit', 'Transparenz': 'Inklusion & Teilhabe', 'Umwelt': 'Klima & Umwelt', 'Umweltschutz': 'Klima & Umwelt', 'Vernetzung': 'Organisation & Professionalisierung', 'Verwaltung': 'Organisation & Professionalisierung', 'Wirkungsmessung': 'Organisation & Professionalisierung', 'Wohlfahrt': 'Soziale Dienste', 'Wohnen': 'Stadtentwicklung', 'Wohnungslosenhilfe': 'Soziale Dienste', 'Wissensmanagement': 'Organisation & Professionalisierung'};https://digital-vereint.de/aktuelles/ki-anwendungen-im-ehrenamt-hype-oder-echter-nutzen/, https://github.com/CorrelAid/dv_ai_survey, https://civic-data.de/ki-ehrenamt/;Civic Data Lab, lagfa bayern, CorrelAid e.V.;In Betrieb;Auswertung und Visualisierung einer Umfrage zum Einsatz von KI in der Freiwilligenarbeit.;;CC-BY 4.0;https://correlaid.org/;
https://correlaid.org/daten-nutzen/projektdatenbank/2025-01-SGC;Data Story mit Konstanzer Klima- und Wetterdaten;{'Data Story': '', 'Visualisierung': 'Datenreporting', 'Datenmanagement': 'Datenmanagement', 'Open Data': 'Öffentliche Daten', 'Smart Green City': ''};{'Klima': 'Klima & Umwelt', 'Umwelt': 'Klima & Umwelt', 'Stadt': 'Stadtentwicklung', 'Konstanz': '', 'Deutschland': ''};https://stadtdaten.konstanz.digital/stadtklima/ , https://github.com/sgc-kn/dashboards;Smart Green City Konstanz, CorrelAid e.V.;In Betrieb;Wir haben eine Data Story entwickelt, die den Bürger*innen in Konstanz anhand offener Klima- und Wetterdaten anschaulich aufzeigt, wie sich klimatische Veränderungen in der Stadt auswirken.;;CC-BY 4.0;https://correlaid.org/;
https://correlaid.org/daten-nutzen/projektdatenbank/2025-05-SIL;Improving and upgrading the Silbernetz dashboard;{'Reporting': 'Datenreporting', 'Visualisierung': 'Datenreporting', 'Wirkungsmessung': 'Wirkungsmessung', 'Prozess': ''};{'Altersarmut': '', 'Demenz': 'Gesundheit', 'Deutschland': '', 'Gesundheit': 'Gesundheit', 'Inklusion': 'Inklusion & Teilhabe', 'Menschenrechte': 'Demokratie & Soziale Rechte', 'Nachhaltigkeit': 'Klima & Umwelt', 'Soziale Arbeit': 'Soziale Dienste', 'Teilhabe': 'Inklusion & Teilhabe', 'Wohlfahrt': 'Soziale Dienste'};;Silbernetz e.V., CorrelAid e.V.;In Betrieb;Eines der erfolgreichsten CorrelAid-Projekte auf den neuesten Stand bringen und stabiler gestalten.;SIL;CC-BY 4.0;https://correlaid.org/;
https://correlaid.org/daten-nutzen/projektdatenbank/2025-05-CAS;Automatisierung von Reportings aus Evaluationsdaten;{'Automatisierung von Reportings': '', 'Datenanalyse': 'Datenanalyse', 'Datenvisualisierung': 'Datenreporting', 'Reporting': 'Datenreporting'};{'Bildung': 'Bildung', 'Kinder- und Jugendbildung': '', 'Soziale Arbeit': 'Soziale Dienste'};;Coach@School, CorrelAid e.V.;In Planung;Unterstützung von coach@school mit automatisiertem Reporting aus Evaluationsdaten wie Lehrkräftebefragungen zur Reduzierung des Verwaltungsaufwands.;;CC-BY 4.0;https://correlaid.org/;
https://correlaid.org/daten-nutzen/projektdatenbank/2025-10-ECF;Datenbankverwaltungssystem für die Europäische Gemeinschaftsstiftungsinitiative (ECFI);{'Datenbankverwaltungssystem': '', 'Automatisierung': 'Automatisierung', 'Open Source': 'Open-Source-Software', 'Datenerhebung': 'Datenerhebung', 'Umfrage': 'Datenerhebung', 'Open Data': 'Öffentliche Daten'};{'Europa': 'Internationale Projekte', 'Zivilgesellschaft': 'Demokratie & Soziale Rechte', 'Gemeinschaftsstiftungen': '', 'Philanthropie': ''};;European Community Foundation Initiative, CorrelAid e.V.;In Planung;Unterstütze ECFI mit einer Datenbanklösung, die ihnen bei der Erleichterung der Datenerfassung, Datenspeicherung und Datenanalyse europäischer Gemeinschaftsstiftungen hilft.;ECFI;CC-BY 4.0;https://correlaid.org/;
https://correlaid.org/daten-nutzen/projektdatenbank/2025-05-PBE; Fortschritts-Monitor;{'Automatisierung': 'Automatisierung', 'Wirkungsmessung': 'Wirkungsmessung', 'Prozess': '', 'Datenanalyse': 'Datenanalyse', 'Datenerfassung': '', 'Datenanwendung für Öffentlichkeit': 'Datenanwendung für Öffentlichkeit', 'Datenstandards': 'Datenmanagement', 'Datensatz und Visualisierung': 'Datenreporting'};{'Jugendhilfe': 'Jugendhilfe', 'Jugendbeteiligung': 'Jugendhilfe', 'Bildung': 'Bildung', 'Berufswahl': '', 'Übergang in die Berufswelt': '', 'Soziale Arbeit': 'Soziale Dienste'};;Phase BE, CorrelAid e.V.;In Betrieb;Phase BE begleitet Jugendliche beim Übergang in die Berufswelt. Doch die Kommunikation zwischen Camp, Betreuung und Büro war fragmentiert. Wichtige Fortschritte und Herausforderungen gingen zwischen verschiedenen Dateien verloren. Mit einem Ampelsystem in Excel konnten wir alle Informationen zentral zusammenführen. Jetzt erkennt Phase BE sofort, wo Jugendliche Unterstützung brauchen und kann rechtzeitig handeln.;;CC-BY 4.0;https://correlaid.org/;
https://correlaid.org/daten-nutzen/projektdatenbank/2019-01-MAP;Lebensmittelverschwendung reduzieren und Planung verbessern: Zeitreihenanalyse für ein Restaurant für bedürftige Menschen;{'Datenanalyse': 'Datenanalyse', 'Zeitreihenanalyse': 'Datenanalyse', 'Prozessoptimierung': 'Automatisierung', 'Evaluierung': ''};{'Armut': 'Arbeit & Soziales', 'Armutsbekämpfung': '', 'Soziale Arbeit': 'Soziale Dienste', 'Essen für bedürftige Menschen': '', 'Nachhaltigkeit': 'Klima & Umwelt'};https://osf.io/3zsn6/;Mannheimer Platte, CorrelAid e.V.;In Betrieb;Wir analysierten die Daten des Restaurants Mannheimer Platte, um die Umsatz- und Nachfragemuster zu verstehen, und lieferten Erkenntnisse, die zur Entscheidungsfindung und zur Verbesserung der Beschaffungsplanung beitrugen.;;CC-BY 4.0;https://correlaid.org/;
https://correlaid.org/daten-nutzen/projektdatenbank/2015-08-PBN;Analyse einer Mitgliederbefragung des Pfadfinderbunds Nord;{'Analyse von Umfragen': '', 'Reporting': 'Datenreporting', 'Explorative Analyse': 'Datenanalyse'};{'Jugendarbeit': 'Jugendhilfe', 'Jugendbeteiligung': 'Jugendhilfe', 'Jugendhilfe': 'Jugendhilfe', 'Soziale Arbeit': 'Soziale Dienste'};;Pfadfinder*innenbund Nord, CorrelAid e.V.;In Betrieb;Wir halfen den Pfadfindern, ihre Mitglieder besser zu verstehen, indem wir die Daten analysierten und mit anderen Jugendstudien verglichen, so dass sie ihre Aktivitäten auf die Bedürfnisse und Interessen ihrer jungen Mitglieder abstimmen konnten.;;CC-BY 4.0;https://correlaid.org/;
https://correlaid.org/daten-nutzen/projektdatenbank/2018-11-TVK;Mitgliederbefragung des Turnvereins Käfertal;{'Datenerhebung': 'Datenerhebung', 'Reporting': 'Datenreporting', 'Umfrage': 'Datenerhebung'};{'Sport': 'Sport', 'Soziale Arbeit': 'Soziale Dienste'};;Turnverein 1880 Käfertal, CorrelAid e.V.;In Betrieb;"Wir führten eine Mitgliederbefragung durch, um TV K&auml;fertal dabei zu helfen, die Zufriedenheit der Mitglieder und die Effektivität der Kommunikation zu verstehen. Die Umfrageergebnisse bildeten die Grundlage für datengestützte Entscheidungen, mit denen die Strategien und Strukturen des Verbandes für eine nachhaltige Zukunft angepasst wurden.";;CC-BY 4.0;https://correlaid.org/;
https://correlaid.org/daten-nutzen/projektdatenbank/2019-02-MIN;tf-idf zu Babel: Text Mining zur Optimierung von automatisierten Prozessen in multilingualen Kontexten;{'Datenanalyse': 'Datenanalyse', 'Datenerhebung': 'Datenerhebung', 'Datenanwendung für Öffentlichkeit': 'Datenanwendung für Öffentlichkeit', 'Interaktive App': 'Webanwendungen'};{'Migration': 'Flucht & Migration', 'Migrationsberatung': 'Flucht & Migration', 'Integration': 'Inklusion & Teilhabe', 'Arbeit mit Migranten': ''};;Minor Kontor, CorrelAid e.V.;In Betrieb;Wir haben ein interaktives Tool entwickelt, um Minor EU dabei zu helfen, besser mit Migranten in den sozialen Medien in Kontakt zu treten, Zeit zu sparen und die Berichterstattung für Geldgeber zu verbessern.;;CC-BY 4.0;https://correlaid.org/;
https://correlaid.org/daten-nutzen/projektdatenbank/2019-06-WEL;Automatisierte Reportgenerierung zur Verbesserung der Arbeit der Weltläden;{'Automatisierte Reportgenerierung': '', 'Datenanalyse': 'Datenanalyse', 'Datenerhebung': 'Datenerhebung', 'Prozessautomatisierung': 'Automatisierung'};{'Arbeit mit NGOs': '', 'Datengetriebene Prozesse': '', 'Weltladen Dachverband': '', 'Fairen Handel': ''};;Weltladen Dachverband, CorrelAid e.V.;In Betrieb;Wir haben den Weltladen-Dachverband dabei unterstützt, die Erstellung individueller Berichte für seine Weltläden zu automatisieren, um den Prozess effizienter zu gestalten und Fehler zu reduzieren.;;CC-BY 4.0;https://correlaid.org/;
https://correlaid.org/daten-nutzen/projektdatenbank/2019-10-BEE;Mithilfe von Machine Learning Anomalien in Bienenstöcken erkennen;{'Analyse von Sensordaten und ML': 'Künstliche Intelligenz', 'Datenanalyse': 'Datenanalyse', 'Datenerhebung': 'Datenerhebung', 'KI Anwendung': '', 'Monitoring': 'Wirkungsmessung'};{'Umweltschutz': 'Klima & Umwelt', 'Tierwohl': '', 'Landwirtschaft': 'Klima & Umwelt'};https://www.youtube.com/watch?v=POqqK7Qj4cU, https://www.youtube.com/watch?v=eGZ98pMt4YI;Bee Observer BOB, CorrelAid e.V.;In Betrieb;Wir haben BeeObserver dabei geholfen, die Bienenbeobachtung auf ein neues Niveau zu heben, indem wir Sensordaten nutzbar gemacht und ein Warnsystem für Imker geschaffen haben.;BEE;CC-BY 4.0;https://correlaid.org/;
https://correlaid.org/daten-nutzen/projektdatenbank/2019-11-WBD;Dashboard für das Tracking von Websitezugriffszahlen;{'Datenanalyse': 'Datenanalyse', 'Dashboard': 'Datenreporting', 'Datenerhebung': 'Datenerhebung', 'Interne Datenanwendung': 'Interne Datenanwendung'};{'Datenschutz': '', 'Non-Profits': '', 'Daten nutzen': '', 'Bildung': 'Bildung', 'Mitmachen': '', 'Über uns': '', 'Unterstützen': ''};;CorrelAid e.V.;In Betrieb;Wir erstellten ein Dashboard, das uns half, die Leistung unserer Website besser zu verstehen und wertvolle Erkenntnisse für Verbesserungen zu gewinnen.;;CC-BY 4.0;https://correlaid.org/;
https://correlaid.org/daten-nutzen/projektdatenbank/2019-11-ODA;Weiterbildungen im nachhaltigen Sektor fördern;{'Datenbank': 'Datenmanagement', 'Webentwicklung': 'Webanwendungen', 'Interaktive Plattform': ''};{'Nachhaltigkeit': 'Klima & Umwelt', 'Umweltschutz': 'Klima & Umwelt', 'Berufsbildung': ''};https://www.umweltprofis.ch/assessment;OdA Umwelt, CorrelAid e.V.;In Betrieb;Wir haben eine durchsuchbare Datenbank entwickelt, um fundierte Entscheidungen und die berufliche Entwicklung im Bereich der Nachhaltigkeit zu unterstützen und eine benutzerfreundliche Plattform für die Erkundung und Bewertung von Qualifikationen bereitzustellen.;;CC-BY 4.0;https://correlaid.org/;
https://correlaid.org/daten-nutzen/projektdatenbank/2020-01-KOM;Komunat - die Wirkung von Wahlentscheidungshilfen bei Kommunalwahlen;{'Wahlentscheidungshilfe': '', 'Datenanalyse': 'Datenanalyse', 'Visualisierung': 'Datenreporting', 'Umfrage': 'Datenerhebung', 'Prozessautomatisierung': 'Automatisierung', 'Reporting': 'Datenreporting'};{'Demokratie': 'Demokratie & Soziale Rechte', 'Deutschland': '', 'Kommunalwahl': '', 'Wahlentscheidungshilfe': ''};https://youtu.be/JJoEJGc1eNc?t=2745;VOTO, CorrelAid e.V.;In Betrieb;Für die Kommunalwahl 2019 in Stuttgart haben wir ein Wahlentscheidungstool entwickelt, mit dem die Nutzerinnen und Nutzer die Kandidatinnen und Kandidaten anhand ihrer Einstellungen zu verschiedenen Aussagen bewerten und ein Ranking erhalten.;;CC-BY 4.0;https://correlaid.org/;
https://correlaid.org/daten-nutzen/projektdatenbank/2020-03-DEN;Wer ist interessiert an einem guten Leben im ländlichen Raum?;{'Datenerhebung': 'Datenerhebung', 'Umfrage': 'Datenerhebung', 'Verwaltung': ''};{'Arbeit mit Kindern': 'Jugendhilfe', 'Alter': '', 'Demenz': 'Gesundheit', 'Gesundheit': 'Gesundheit', 'Inklusion': 'Inklusion & Teilhabe', 'Menschen mit Behinderung': 'Inklusion & Teilhabe', 'Soziale Arbeit': 'Soziale Dienste'};https://www.berliner-zeitung.de/mensch-metropole/ein-herrenhaus-in-der-warteschleife-li.102754;Denk-mal-Kultur e.V., CorrelAid e.V.;In Betrieb;Wir haben Denk-mal-Kultur e.V. dabei unterstützt, das Interesse an seiner Akademie für selbstbestimmtes Altern und seinem Praxisforschungszentrum zu ermitteln und Erkenntnisse für künftige Aktivitäten und die Sicherung der Finanzierung zu gewinnen.;;CC-BY 4.0;https://correlaid.org/;
https://correlaid.org/daten-nutzen/projektdatenbank/2020-03-ERL;Interaktives Dashboard zur besseren Darstellung von Verschuldungsdaten;{'Interaktive Karte': 'Karten & Verzeichnisse', 'Automatisierung': 'Automatisierung', 'Datenerhebung': 'Datenerhebung', 'Datenvisualisierung': 'Datenreporting'};{'Entschuldung': '', 'Schulden': '', 'Entwicklung': '', 'Zivilgesellschaft': 'Demokratie & Soziale Rechte', 'Weltweite Entschuldungsinitiativen': ''};https://github.com/CorrelAid/erlassjahr, https://erlassjahr.de/informieren/karte-ueberschuldete-staaten-weltweit/;Erlassjahr e.V., CorrelAid e.V.;In Betrieb;Wir halfen dem erlassjahr-Team, Zeit und Mühe zu sparen, indem wir die Datengenerierung automatisierten und eine interaktive Weltkarte erstellten, um die Verschuldungssituation weltweit zu visualisieren und den Nutzern das Erkunden und Verstehen der Daten zu erleichtern.;;CC-BY 4.0;https://correlaid.org/;
https://correlaid.org/daten-nutzen/projektdatenbank/2020-05-EYP;Anschauliche Aufbereitung von Umfragen zur Teilnehmerstruktur und dem Impact von Veranstaltungen;{'Datenanalyse': 'Datenanalyse', 'Datenerhebung': 'Datenerhebung', 'Umfrage': 'Datenerhebung', 'Visualisierung mit Karten': 'Karten & Verzeichnisse'};{'Europa': 'Internationale Projekte', 'Bildung': 'Bildung', 'Jugend': 'Jugendhilfe', 'Teilhabe': 'Inklusion & Teilhabe', 'Internationale Zusammenarbeit': ''};;European Youth Parliament, CorrelAid e.V.;In Betrieb;Wir analysierten Umfragedaten von fünf Veranstaltungen des Europäischen Jugendparlaments, um die Auswirkungen ihrer Aktivitäten auf die Einstellungen und Fähigkeiten der Teilnehmer zu verstehen, und gaben Empfehlungen für künftige Umfragen zur Verbesserung der Zuverlässigkeit.;;CC-BY 4.0;https://correlaid.org/;
https://correlaid.org/daten-nutzen/projektdatenbank/2020-10-CIT;Netzwerkdynamiken in Citizen Science - Nutzer*innenverhalten auf der iNaturalist Plattform;{'Datenanalyse': 'Datenanalyse', 'Netzwerkdynamiken': '', 'Citizen Science': '', 'Open Data': 'Öffentliche Daten'};{'Umwelt': 'Klima & Umwelt', 'Citizen Science': '', 'Datenanalyse': ''};https://github.com/correlaid-paris/citizen_science_inaturalist, https://youtu.be/JJoEJGc1eNc?t=3032, https://inaturalist-cnc.correlaid.org/, https://arxiv.org/abs/2112.02693, https://github.com/correlaid-paris/open_inaturalist_code;CorrelAid e.V.;In Betrieb;Wir halfen bei der Analyse von Daten der Citizen-Science-Plattform iNaturalist und deckten interessante Trends im Nutzerverhalten und in den Interaktionen auf.;;CC-BY 4.0;https://correlaid.org/;
https://correlaid.org/daten-nutzen/projektdatenbank/2020-11-MAR;Datenvisualisierungen für mehr Aufmerksamkeit für illegale Pushbacks;{'Datenanalyse': 'Datenanalyse', 'Datenvisualisierung': 'Datenreporting', 'Advocacy': ''};{'Menschenrechte': 'Demokratie & Soziale Rechte', 'Migration': 'Flucht & Migration', 'Mittelmeer': ''};https://cms.correlaid.org/assets/0620a79e-e97d-45d8-aa16-a7b5867f40c3, https://youtu.be/JJoEJGc1eNc?t=222, https://cms.correlaid.org/assets/f804a3f2-e40c-4c04-9867-923c33865910;Mare Liberum, CorrelAid e.V.;In Betrieb;Wir haben Mare Liberum dabei geholfen, ihre Daten in aussagekräftige Visualisierungen umzuwandeln, um das Bewusstsein für Pushbacks im Mittelmeer zu schärfen, und dabei dank ihrer vorhandenen Kenntnisse in der R-Programmierung eine nachhaltige Wirkung zu erzielen.;;CC-BY 4.0;https://correlaid.org/;
https://correlaid.org/daten-nutzen/projektdatenbank/2021-02-CFE;Diversität erforschen - Visualisierung der Afrozensus Umfrage in R;{'Datenanalyse': 'Datenanalyse', 'Datenerhebung': 'Datenerhebung', 'Datenvisualisierung': 'Datenreporting', 'Interaktive App': 'Webanwendungen', 'Visualisierung mit Karten': 'Karten & Verzeichnisse'};{'Antidiskriminierung': 'Anti Dismkriminierung', 'Antirassismus': 'Anti Dismkriminierung', 'Chancengleichheit': 'Anti Dismkriminierung', 'Gleichstellung': 'Anti Dismkriminierung', 'Inklusion': 'Inklusion & Teilhabe', 'Integration': 'Inklusion & Teilhabe', 'Menschenrechte': 'Demokratie & Soziale Rechte', 'Migration': 'Flucht & Migration', 'Teilhabe': 'Inklusion & Teilhabe', 'Vielfalt': 'Internationale Projekte'};https://afrozensus.de;Citizens for Europe, CorrelAid e.V.;In Betrieb;Wir haben ein R-Paket entwickelt, das Forschern dabei hilft, Daten aus der Afrozensus-Umfrage zu analysieren und zu visualisieren, damit sie die Erfahrungen von Menschen afrikanischer Herkunft in Deutschland besser erforschen und verstehen können.;;CC-BY 4.0;https://correlaid.org/;
https://correlaid.org/daten-nutzen/projektdatenbank/2021-03-HAC;Erstellung eines interaktiven Survey-Reports für die Hacklab Foundation, Ghana;{'Datenanalyse': 'Datenanalyse', 'Datenerhebung': 'Datenerhebung', 'Datenvisualisierung': 'Datenreporting', 'Interaktiver Survey-Report': ''};{'Ghana': 'Internationale Projekte', 'Afrika': 'Internationale Projekte', 'Internationale Zusammenarbeit': '', 'Bildung': 'Bildung', 'Technologie': '', 'Entwicklungszusammenarbeit': ''};https://github.com/CorrelAid/hacklab-foundation, https://correlaid.github.io/hacklab-foundation/Developer-Census-2020-Report.html, https://github.com/Hacklab-Foundation/Developer-Census-2020, https://youtu.be/JJoEJGc1eNc?t=421;Hacklab Foundation, CorrelAid e.V.;In Betrieb;Wir haben Umfragedaten analysiert, um Einblicke in die ghanaische Entwicklergemeinschaft zu gewinnen und Verbesserungsmöglichkeiten und Wachstumschancen zu entdecken. Unser Bericht bietet der Hacklab Foundation eine Plattform, um die Ergebnisse zu teilen und mit Partnern zusammenzuarbeiten.;;CC-BY 4.0;https://correlaid.org/;
https://correlaid.org/daten-nutzen/projektdatenbank/2021-03-NAK;Ein Dashboard zur Steigerung der Motivation von ehrenamtlichen Tutor*innen;{'Dashboard': 'Datenreporting', 'Datenanalyse': 'Datenanalyse', 'Webentwicklung': 'Webanwendungen'};{'Bildung': 'Bildung', 'Chancengleichheit': 'Anti Dismkriminierung', 'Ehrenamt': 'Organisation & Professionalisierung', 'Gerechtigkeit': '', 'Nachhilfe': ''};https://github.com/CorrelAid/naklar.io;CorrelAid e.V.;In Betrieb;Wir halfen bei der Erstellung eines Dashboards zur Unterstützung der Tutoren, um sie zu motivieren, durch ihre ehrenamtliche Tätigkeit einen positiven Einfluss auf das deutsche Schulsystem zu nehmen.;;CC-BY 4.0;https://correlaid.org/;
https://correlaid.org/daten-nutzen/projektdatenbank/2021-04-KOB;R Wrapper für die KoboToolbox API;{'Datenerhebung': 'Datenerhebung', 'Open-Source-Tool': '', 'R-Wrapper': '', 'API': 'Datenmanagement', 'Datenanalyse': 'Datenanalyse', 'Automatisierung': 'Automatisierung'};{'Daten nutzen': '', 'Bildung': 'Bildung', 'Forschung': '', 'Humanitäre Hilfe': 'Internationale Projekte', 'Datenerfassung': '', 'Offline-Datenerfassung': ''};https://github.com/CorrelAid/kbtbr, https://correlaid.github.io/kbtbr/;CorrelAid e.V.;In Betrieb;Mit dem R-Paket CorrelAid für KoboToolbox haben wir dazu beigetragen, Daten-Workflows für Forscher und humanitäre Organisationen zu automatisieren.;;CC-BY 4.0;https://correlaid.org/;
https://correlaid.org/daten-nutzen/projektdatenbank/2021-07-SIL;Zeitersparnisse und verbesserte Wirkungskommunikation dank Automatisierung und Datenvisualisierungen;{'Automatisierung': 'Automatisierung', 'Visualisierung': 'Datenreporting'};{'Altersarmut': '', 'Demenz': 'Gesundheit', 'Gesundheit': 'Gesundheit', 'Inklusion': 'Inklusion & Teilhabe', 'Menschen mit Behinderung': 'Inklusion & Teilhabe', 'Soziale Arbeit': 'Soziale Dienste'};;Silbernetz e.V., CorrelAid e.V.;In Betrieb;Wir haben ein interaktives Tool entwickelt, das Silbernetz Zeit und Mühe erspart und es euch ermöglicht, euch auf wichtigere Aktivitäten zu konzentrieren und eure Wirkung bei den Interessengruppen effektiv zu kommunizieren, was letztendlich zu mehr Finanzierung und Unterstützung führt.;;CC-BY 4.0;https://correlaid.org/;
https://correlaid.org/daten-nutzen/projektdatenbank/2021-10-CAR;Alleinerziehend und arbeitslos: Analyse von Daten der Allgemeinen Sozialberatung der Caritas;{'Analyse von Sensordaten und ML': 'Künstliche Intelligenz', 'Datenanalyse': 'Datenanalyse', 'Datenerhebung': 'Datenerhebung', 'Datenanwendung für Öffentlichkeit': 'Datenanwendung für Öffentlichkeit', 'Explorative Analyse': 'Datenanalyse', 'Umfrage': 'Datenerhebung'};{'Armut': 'Arbeit & Soziales', 'Arbeit mit Kindern': 'Jugendhilfe', 'Beratung': 'Soziale Dienste', 'Chancengleichheit': 'Anti Dismkriminierung', 'Gleichberechtigung': 'Anti Dismkriminierung', 'Gesundheit': 'Gesundheit', 'Menschen mit Behinderung': 'Inklusion & Teilhabe', 'Soziale Arbeit': 'Soziale Dienste', 'Wohlfahrt': 'Soziale Dienste'};https://www.caritas.de/neue-caritas/heftarchiv/jahrgang2022/artikel/alleinerziehend-und-arbeitslos, https://github.com/CorrelAid/caritas-project;Deutscher Caritasverband e.V., Referat Soziale Lebenslagen und Solidarität, CorrelAid e.V.;In Betrieb;Wir haben die Daten von 37 000 Kunden analysiert und festgestellt, dass alleinerziehende Mütter ein höheres Risiko haben, langzeitarbeitslos zu werden, insbesondere diejenigen mit geringerer Bildung.;;CC-BY 4.0;https://correlaid.org/;
https://correlaid.org/daten-nutzen/projektdatenbank/2022-04-GEP;Python-Package für die GENESIS Datenbank;{'Datenanalyse': 'Datenanalyse', 'Datenerhebung': 'Datenerhebung', 'Datenanwendung für Öffentlichkeit': 'Datenanwendung für Öffentlichkeit', 'Offene Daten': 'Öffentliche Daten'};{'Deutschland': '', 'Statistik': '', 'Datenbanken': '', 'Open Data': ''};https://github.com/CorrelAid/pystatis;CorrelAid e.V.;In Betrieb;Das CorrelAid Team entwickelte ein Python-Package, um offene Verwaltungsdaten zugänglicher zu machen.;;CC-BY 4.0;https://correlaid.org/;
https://correlaid.org/daten-nutzen/projektdatenbank/2022-04-GER;R Wrapper for the Genesis API;{'Datenanalyse': 'Datenanalyse', 'Datenerhebung': 'Datenerhebung', 'Datenanwendung für Öffentlichkeit': 'Datenanwendung für Öffentlichkeit', 'Offene Daten': 'Öffentliche Daten', 'R-Paket': 'Datenanalyse'};{'Datenschutz': '', 'Offene Daten': '', 'Soziale Arbeit': 'Soziale Dienste', 'Wohlfahrt': 'Soziale Dienste'};https://github.com/CorrelAid/restatis, https://cran.r-project.org/web/packages/restatis/index.html, https://correlaid.github.io/restatis/;CorrelAid e.V.;In Betrieb;Das CorrelAid Team entwickelte ein R-Package, um offene Verwaltungsdaten zugänglicher zu machen.;;CC-BY 4.0;https://correlaid.org/;
https://correlaid.org/daten-nutzen/projektdatenbank/2022-04-LAU;Entwicklung eines interaktiven Fragebogens zur Verbesserung von Kinderschutzmaßnahmen im Sport;{'Interaktive Web App': '', 'Visualisierung': 'Datenreporting', 'Webentwicklung': 'Webanwendungen', 'Prozess': ''};{'Kinderschutz': 'Jugendhilfe', 'Sport': 'Sport', 'Deutschland': '', 'Österreich': '', 'Internationale Zusammenarbeit': ''};https://laureus.shinyapps.io/Safeinsport-selfaudit/, https://www.laureus.de/international-safeguards-for-children-in-sport-laureus-sport-for-good-setzt-sich-aktiv-dafuer-ein-dass-der-sport-ein-sicherer-ort-fuer-jedes-kind-wird/;Laureus Sport For Good Germany, CorrelAid e.V.;In Betrieb;Wir haben eine interaktive Web-App entwickelt, die Sportorganisationen dabei hilft, eure Kinderschutzmaßnahmen zu bewerten und personalisierte Empfehlungen für Verbesserungen zu erhalten. Dieses neue Tool strafft den Prozess, spart Zeit und erhöht die Zugänglichkeit.;;CC-BY 4.0;https://correlaid.org/;
https://correlaid.org/daten-nutzen/projektdatenbank/2022-07-COP;Wo sollen neue Fahrradparkplätze in Paris entstehen? Unterstützung der Entscheidungsfindung mit offenen Daten;{'Interaktive Karte': 'Karten & Verzeichnisse', 'Datenanalyse': 'Datenanalyse', 'Offene Daten': 'Öffentliche Daten'};{'Frankreich': '', 'Paris': '', 'Verwaltung': 'Organisation & Professionalisierung', 'Stadtplanung': 'Stadtentwicklung', 'Fahrradparkplätze': ''};https://github.com/CorrelAid/paris-bikes/, https://paris-bikes-wfiz3bgwsa-ew.a.run.app/;City of Paris , CorrelAid e.V.;In Betrieb;Wir haben die Stadt Paris bei der Erstellung einer Karte zur besseren Planung von Fahrradparkplätzen unterstützt und dabei offene Daten für datengestützte Entscheidungen genutzt.;;CC-BY 4.0;https://correlaid.org/;
https://correlaid.org/daten-nutzen/projektdatenbank/2022-07-MIP;Aufbau eines Systems zur Bewertung der Bodenqualität durch maschinelles Lernen und Computer Vision;{'Analyse von Sensordaten und ML': 'Künstliche Intelligenz', 'Computer Vision': 'Bildverarbeitung', 'Open Source Modellierung': 'Open-Source-Software', 'Open Data': 'Öffentliche Daten'};{'Umwelt': 'Klima & Umwelt', 'Landwirtschaft': 'Klima & Umwelt', 'Nachhaltigkeit': 'Klima & Umwelt'};;CorrelAid e.V.;unclear;Wir haben maschinelles Lernen und Computer Vision eingesetzt, um die Bodenqualität zu bewerten und landwirtschaftliche Praktiken zu verbessern.;;CC-BY 4.0;https://correlaid.org/;
https://correlaid.org/daten-nutzen/projektdatenbank/2022-10-ETL;ETL Pipeline von Limesurvey zu einer Datenbank;{'Datenanalyse': 'Datenanalyse', 'Datenerhebung': 'Datenerhebung', 'Datenanwendung für Öffentlichkeit': 'Datenanwendung für Öffentlichkeit', 'Automatisierung': 'Automatisierung', 'Prozessautomatisierung': 'Automatisierung'};{'Datenmanagement': '', 'Umfrage': 'Organisation & Professionalisierung', 'Non-Profit': '', 'Data4Good': ''};;CorrelAid e.V.;In Betrieb;Wir haben dazu beigetragen, die Datenextraktion und das Laden von Daten zu rationalisieren und die Datenverwaltung und -analyse effizienter zu gestalten.;;CC-BY 4.0;https://correlaid.org/;
https://correlaid.org/daten-nutzen/projektdatenbank/2022-10-LCR;Datenfluss von R zu Metabase zu Google Docs: ein live-verbundener Berichtsworkflow;{'Automatisierung': 'Automatisierung', 'Webentwicklung': 'Webanwendungen', 'Umfrage': 'Datenerhebung', 'Prozess': ''};{'Datenpipelines': '', 'Google Workspace': '', 'Metabase': '', 'R': '', 'Google Docs': ''};https://github.com/CorrelAid/metabase-to-google, https://github.com/CorrelAid/DataToMetabase, https://cms.correlaid.org/assets/1c8e7346-2bc2-4ef8-ba25-dbfd863b2666;CorrelAid e.V.;In Betrieb;Wir haben erfolgreich zwei Komponenten zur Automatisierung von Datenaufgaben entwickelt, die zeigen, dass auch technisch weniger versierte Nutzer von Datenpipelines außerhalb der traditionellen technischen Stacks profitieren können.;;CC-BY 4.0;https://correlaid.org/;
https://publicinterest.ai/tool/map/project/kivi-ki-vigilare;KIVI – KI + vigilare;{'KI Anwendung': '', 'Automatisierte Datenübermittlung': 'Datenmanagement', 'Datenanalyse': 'Datenanalyse', 'Monitoring': 'Wirkungsmessung', 'Datenschutz': 'Datenmanagement'};{'Medienaufsicht': 'Demokratie & Soziale Rechte', 'Transparenz': 'Inklusion & Teilhabe', 'Kinderschutz': 'Jugendhilfe'};https://www.medienanstalt-nrw.de/zum-nachlesen/recht-und-aufsicht/mit-kuenstlicher-intelligenz-zu-einer-modernen-medienaufsicht.html;Media Authority of NRW;In Betrieb;KIVI ist ein KI-Tool, das von der Medienanstalt NRW entwickelt wurde, um die automatische Recherche nach potenziellen Rechtsverletzungen im Internet zu unterstützen. Es verarbeitet automatisch generierte und vorkategorisierte Ergebnisse und schützt Mitarbeitende vor der direkten Konfrontation mit belastenden Inhalten.;KIVI;CC-BY 4.0;https://publicinterest.ai/;
https://publicinterest.ai/tool/map/project/adis;ADIS;{'Analyse von Sensordaten und ML': 'Künstliche Intelligenz', 'Datenerhebung': 'Datenerhebung', 'Datenanalyse': 'Datenanalyse', 'KI Anwendung': '', 'Monitoring': 'Wirkungsmessung', 'Datensatz und Visualisierung': 'Datenreporting'};{'Meeresschutz': 'Klima & Umwelt', 'Umwelt': 'Klima & Umwelt', 'Umweltschutz': 'Klima & Umwelt'};;The Ocean Cleanup Projects B.V.;Im Testbetrieb;ADIS nutzt Kameras auf Schiffen und künstliche Intelligenz, um schwimmende Makroplastik-Gegenstände in Offshore-Bildern zu erkennen. Ziel ist es, eine kontinuierliche und globale Datenbank über Makroplastik-Konzentrationen auf der Meeresoberfläche zu erstellen, um die Ozeanplastikforschung zu beschleunigen.;;CC-BY 4.0;https://publicinterest.ai/;
https://publicinterest.ai/tool/map/project/ai4grids;AI4Grids;{'KI Anwendung': '', 'Analyse von Sensordaten und ML': 'Künstliche Intelligenz', 'Entscheidungsassistent': 'Virtuelle Assistenz', 'Anomalieerkennung': 'Bildverarbeitung', 'Prozessautomatisierung': 'Automatisierung'};{'Energie': 'Klima & Umwelt', 'Nachhaltigkeit': 'Klima & Umwelt', 'Umweltschutz': 'Klima & Umwelt'};https://www.htwg-konstanz.de/hochschule/projekte/ai4grids/;HTWG-Konstanz;Im Testbetrieb;AI4Grids zielt darauf ab, Generatoren und Verbraucher der Energiewende effizient in Stromnetze zu integrieren, indem KI-basierte Algorithmen für intelligentes Netzmanagement und die Betriebsführung von Stromnetzen entwickelt werden. Dies soll eine bessere Synchronisierung von Energiemengen und Netzkapazitäten ermöglichen.;;CC-BY 4.0;https://publicinterest.ai/;
https://publicinterest.ai/tool/map/project/air-ai-basierter-recommender-fur-nachhaltigen-tourismus;AIR – AI-basierter Recommender für nachhaltigen Tourismus;{'KI Anwendung': '', 'Datenanalyse': 'Datenanalyse', 'Empfehlungsdienst': 'Recomender System', 'Monitoring': 'Wirkungsmessung', 'Digitale Plattform': 'Digitale Plattformen', 'Entscheidungsassistent': 'Virtuelle Assistenz'};{'Tourismus': 'Stadtentwicklung', 'Nachhaltigkeit': 'Klima & Umwelt', 'Umweltschutz': 'Klima & Umwelt'};https://air-tourism.de/en/home/, https://adhocracy.plus/air/;PT Zukunft - Umwelt - Gesellschaft (ZUG) gGmbH, NIT in Kiel;In Betrieb;Das Projekt AIR entwickelt KI-basierte Verfahren für ein nachhaltigeres Tourismusmanagement, indem es Besucherströme ausgleicht. Ziel ist es, die temporäre Überlastung von Reisezielen durch gezielte Besucherinformationen zu vermeiden und passende Alternativen aufzuzeigen.;AIR;CC-BY 4.0;https://publicinterest.ai/;
https://publicinterest.ai/tool/map/project/artificial-intelligence-center-hamburg;Artificial Intelligence Center Hamburg;{'Dokumentations- und Netzwerktool': 'Unterstützungstools', 'Vernetzungsassistent': 'Virtuelle Assistenz', 'Workshops': 'Fortbildung', 'Wissensmanagement': 'Wissensorganisation'};{'Beratung': 'Soziale Dienste', 'Vernetzung': 'Organisation & Professionalisierung', 'Wissensmanagement': 'Organisation & Professionalisierung', 'Verwaltung': 'Organisation & Professionalisierung', 'Ethik': 'Demokratie & Soziale Rechte'};https://aric-hamburg.de/news/;Artificial Intelligence Center Hamburg (ARIC);In Betrieb;Das Artificial Intelligence Center Hamburg (ARIC) stärkt KI-Fähigkeiten in Unternehmen, öffentlicher Verwaltung und Wissenschaft in Hamburg. Es unterstützt KI-Projekte, fördert verantwortungsvolle KI und bietet Vernetzung sowie Wissenstransfer durch Veranstaltungen und Formate.;ARIC;CC-BY 4.0;https://publicinterest.ai/;
https://publicinterest.ai/tool/map/project/bakim;BaKIM;{'Analyse von Sensordaten und ML': 'Künstliche Intelligenz', 'KI Anwendung': '', 'Generative KI': 'Künstliche Intelligenz', 'Monitoring': 'Wirkungsmessung', 'Interaktive App': 'Webanwendungen', 'Datenanwendung für Öffentlichkeit': 'Datenanwendung für Öffentlichkeit', 'Visualisierung mit Karten': 'Karten & Verzeichnisse'};{'Umweltschutz': 'Klima & Umwelt', 'Landwirtschaft': 'Klima & Umwelt', 'Nachhaltigkeit': 'Klima & Umwelt', 'Stadt': 'Stadtentwicklung', 'Verwaltung': 'Organisation & Professionalisierung'};;Bavarian State Ministry for Digital / Smart City Programm Bamberg;Im Testbetrieb;BaKIM ist ein Projekt zur Planung der Arbeit von Baum- und Forstpflegern in Bamberg. Es nutzt hochauflösende Drohnen-, Satelliten- und Sensordaten, die mit tiefen neuronalen Netzen ausgewertet werden, um den Zustand von Baumbeständen zu überwachen und Veränderungen anzuzeigen.;BaKIM;CC-BY 4.0;https://publicinterest.ai/;
https://publicinterest.ai/tool/map/project/biaslyze-the-nlp-bias-identification-toolkit;biaslyze - The NLP bias identification toolkit;{'KI Anwendung': '', 'Datenanalyse': 'Datenanalyse', 'Analyse von Sensordaten und ML': 'Künstliche Intelligenz'};{'Ethik': 'Demokratie & Soziale Rechte', 'Antidiskriminierung': 'Anti Dismkriminierung', 'Gleichstellung': 'Anti Dismkriminierung'};https://biaslyze.org/;Beyond AI Collective;In Betrieb;Biaslyze ist ein Python-Paket zur Analyse von Bias in NLP-Modellen, das einen einfachen Ansatz für Bias-Tests in NLP-Anwendungen bietet. Es unterstützt Entwickler dabei, ethisch verantwortungsvolle KI-Systeme zu entwickeln und algorithmisch vermittelte Diskriminierung zu vermeiden.;;CC-BY 4.0;https://publicinterest.ai/;
https://publicinterest.ai/tool/map/project/botometer;Botometer;{'Analyse von Sensordaten und ML': 'Künstliche Intelligenz', 'Datenanalyse': 'Datenanalyse', 'KI Anwendung': '', 'Monitoring': 'Wirkungsmessung'};{'Demokratie': 'Demokratie & Soziale Rechte', 'Transparenz': 'Inklusion & Teilhabe'};https://botometer.osome.iu.edu/;Observatory on Social Media at Indiana University;In Betrieb;Botometer ist ein Tool, das die Aktivität von Twitter-Konten überprüft und diesen einen Bot-Score zuweist. Ziel ist es, bot-ähnliches Verhalten zu identifizieren und die öffentliche Wahrnehmung von Social Bots zu schärfen.;;CC-BY 4.0;https://publicinterest.ai/;
https://publicinterest.ai/tool/map/project/caius-consequences-of-ai-for-urban-societies;Consequences of AI for Urban Societies;{'KI Anwendung': '', 'Datenanalyse': 'Datenanalyse', 'Simulation': 'Künstliche Intelligenz', 'Forschung': 'Datenanalyse', 'Generative KI': 'Künstliche Intelligenz', 'Monitoring': 'Wirkungsmessung', 'Prozessoptimierung': 'Automatisierung', 'Analyse von Sensordaten und ML': 'Künstliche Intelligenz'};{'Stadt': 'Stadtentwicklung', 'Stadtplanung': 'Stadtentwicklung', 'Ethik': 'Demokratie & Soziale Rechte', 'Verwaltung': 'Organisation & Professionalisierung', 'Soziale Arbeit': 'Soziale Dienste', 'Gleichberechtigung': 'Anti Dismkriminierung', 'Chancengleichheit': 'Anti Dismkriminierung', 'Transparenz': 'Inklusion & Teilhabe'};https://caius.informatik.uni-mannheim.de/;University of Mannheim, Stuttgart Media University, LMU Munich;In Planung;Das Projekt CAIUS untersucht die potenziellen negativen Auswirkungen von Künstlicher Intelligenz in Smart-City-Anwendungen auf urbane Gesellschaften. Es konzentriert sich auf soziale und ökonomische Faktoren sowie die Frage, wie KI zur Erosion der Solidarität in der Stadtgesellschaft führen kann.;CAIUS;CC-BY 4.0;https://publicinterest.ai/;
https://publicinterest.ai/tool/map/project/civic-tech-field-guide;Civic Tech Field Guide;{'Datenerhebung': 'Datenerhebung', 'Verzeichnis / Karte': 'Karten & Verzeichnisse', 'Monitoring': 'Wirkungsmessung', 'KI Anwendung': '', 'Offene Daten': 'Öffentliche Daten'};{'Demokratie': 'Demokratie & Soziale Rechte', 'Partizipation': 'Inklusion & Teilhabe', 'Nachhaltigkeit': 'Klima & Umwelt', 'Transparenz': 'Inklusion & Teilhabe'};https://civictech.guide/;;In Betrieb;Der Civic Tech Field Guide ist die weltweit größte Sammlung von Projekten, die Technologie für das Gemeinwohl nutzen. Es verfolgt insbesondere zivilgesellschaftliche und gemeinwohlorientierte KI-Projekte.;;CC-BY 4.0;https://publicinterest.ai/;
https://publicinterest.ai/tool/map/project/claudette;CLAUDETTE – “automated CLAUse DETectEr”;{'Datenanalyse': 'Datenanalyse', 'KI Anwendung': '', 'Entscheidungsassistent': 'Virtuelle Assistenz', 'Natural Language Processing': 'Sprachtechnologie', 'Datenschutz': 'Datenmanagement'};{'Recht': 'Demokratie & Soziale Rechte', 'Verbraucherschutz': 'Demokratie & Soziale Rechte', 'Zivilgesellschaft': 'Demokratie & Soziale Rechte', 'Europa': 'Internationale Projekte'};http://claudette.eui.eu, http://claudette.eui.eu/demo/;European University Institute, University of Bologna, University of Modena and Reggio Emilia;In Betrieb;CLAUDETTE ist ein interdisziplinäres Forschungsprojekt, das die rechtliche Bewertung von Online-Verbraucherverträgen und Datenschutzrichtlinien in mehreren Sprachen mithilfe von maschinellem Lernen automatisiert. Ziel ist es, Verbraucher und Zivilgesellschaft mit KI-gestützten Tools gegen unlautere Geschäftspraktiken zu unterstützen und die Einhaltung des EU-Rechts zu überprüfen.;CLAUDETTE;CC-BY 4.0;https://publicinterest.ai/;
https://publicinterest.ai/tool/map/project/clinicalbert;ClinicalBERT;{'KI Anwendung': '', 'Large Language Model (LLM)': 'Sprachtechnologie', 'Datenanalyse': 'Datenanalyse', 'Analyse von Sensordaten und ML': 'Künstliche Intelligenz', 'Natural Language Processing': 'Sprachtechnologie'};{'Gesundheit': 'Gesundheit', 'Wissensmanagement': 'Organisation & Professionalisierung', 'Telemedizin': 'Gesundheit'};;New York University, One Fact Foundation;Im Testbetrieb;ClinicalBERT ist ein quelloffenes KI-Modell, das auf klinischen Notizen aus Intensivstationen trainiert wurde. Es zielt darauf ab, wiederverwendbare und transparente Technologie für Gesundheitssysteme und Kliniker bereitzustellen, um klinische Arbeitsabläufe zu verbessern.;;CC-BY 4.0;https://publicinterest.ai/;
https://publicinterest.ai/tool/map/project/equitable-ai-prevent-and-mitigate-gender-bias-in-early-warning-systems-for-school-dropouts;Equitable AI: Prevent and mitigate gender bias in Early Warning Systems for school dropouts;{'KI Anwendung': '', 'Datenanalyse': 'Datenanalyse', 'Monitoring': 'Wirkungsmessung', 'Entscheidungsassistent': 'Virtuelle Assistenz', 'Datenstandards': 'Datenmanagement', 'Training': 'Fortbildung'};{'Bildung': 'Bildung', 'Mexiko': 'Internationale Projekte', 'Geschlechtergerechtigkeit': 'Anti Dismkriminierung', 'Antidiskriminierung': 'Anti Dismkriminierung', 'Gleichstellung': 'Anti Dismkriminierung', 'Frauen': 'Anti Dismkriminierung', 'Verwaltung': 'Organisation & Professionalisierung', 'Menschenrechte': 'Demokratie & Soziale Rechte'};https://www.policylab.tech/equitable-ai;PIT Policy Lab, Itad, Women in Digital Transformation, Athena Infonomics, USAID;In Betrieb;Das Projekt zielte darauf ab, die Schulabbrecherquoten zu verbessern, indem es gefährdete Schüler identifiziert und unterstützt und Geschlechterdiskriminierung in Frühwarnsystemen im mexikanischen Bundesstaat Guanajuato verhindert. Es umfasste Kapazitätsaufbau, die Nutzung eines KI-Fairness-Tools, Schulungen und die Entwicklung eines Leitfadens für KI-Ethik.;;CC-BY 4.0;https://publicinterest.ai/;
https://publicinterest.ai/tool/map/project/green-consumption-assistant;Green Consumption Assistant;{'Empfehlungsdienst': 'Recomender System', 'Datenanalyse': 'Datenanalyse', 'KI-Anwendung': 'Künstliche Intelligenz', 'Maschinelles Lernen': 'Künstliche Intelligenz', 'Datenerhebung': 'Datenerhebung'};{'Nachhaltigkeit': 'Klima & Umwelt', 'Umwelt': 'Klima & Umwelt', 'Umweltschutz': 'Klima & Umwelt'};https://green-consumption-assistant.de/;TU Berlin, Berliner Hochschule für Technik, Ecosia;In Betrieb;Der Green Consumption Assistant (GCA) unterstützt nachhaltigen Konsum auf Ecosia, indem er grüne Produkte empfiehlt und Informationen über nachhaltige Alternativen bereitstellt. Die Empfehlungen basieren auf einer Produktdatenbank (GreenDB), die mit maschinellen Lernmethoden entwickelt wurde.;;CC-BY 4.0;https://publicinterest.ai/;
https://publicinterest.ai/tool/map/project/grundlagen-der-ki-fur-unternehmen-foundations-of-ai;Grundlagen der KI für Unternehmen / Foundations of AI;{'KI Anwendung': '', 'Offene Daten': 'Öffentliche Daten', 'Wissensmanagement': 'Wissensorganisation', 'Datenanwendung für Öffentlichkeit': 'Datenanwendung für Öffentlichkeit'};{'Wissensmanagement': 'Organisation & Professionalisierung', 'Transparenz': 'Inklusion & Teilhabe', 'Partizipation': 'Inklusion & Teilhabe'};https://www.foundationsofai.com/;appliedAI;In Betrieb;Foundations of AI ist ein kostenloses Lernangebot zum Thema Künstliche Intelligenz (KI), das sich speziell an Personen in einem Unternehmensumfeld richtet. Ziel ist es, ein grundlegendes Verständnis für das Potenzial von KI zu vermitteln und so deren Einsatz in Unternehmen zu fördern.;;CC-BY 4.0;https://publicinterest.ai/;
https://publicinterest.ai/tool/map/project/institute-for-ethics-in-artificial-intelligence;Institute for Ethics in Artificial Intelligence;{'Forschung': 'Datenanalyse', 'Digitale Plattform': 'Digitale Plattformen', 'Datenstandards': 'Datenmanagement', 'Wissensmanagement': 'Wissensorganisation', 'Vernetzungsassistent': 'Virtuelle Assistenz'};{'Ethik': 'Demokratie & Soziale Rechte', 'Nachhaltigkeit': 'Klima & Umwelt', 'Bildung': 'Bildung', 'Gesundheit': 'Gesundheit', 'Stadtplanung': 'Stadtentwicklung', 'Umwelt': 'Klima & Umwelt'};https://www.ieai.sot.tum.de/research/research-clusters/;Technical University of Munich;In Betrieb;Das Institute for Ethics in Artificial Intelligence (IEAI) führt interdisziplinäre Forschung durch, um ethische Herausforderungen im Bereich der KI zu adressieren. Es entwickelt operationale ethische Rahmenwerke und Richtlinien, um sicherzustellen, dass KI zum Wohl der Gesellschaft eingesetzt wird.;IEAI;CC-BY 4.0;https://publicinterest.ai/;
https://publicinterest.ai/tool/map/project/isosens;IsoSens;{'Analyse von Sensordaten und ML': 'Künstliche Intelligenz', 'KI Anwendung': '', 'Datenerhebung': 'Datenerhebung', 'Monitoring': 'Wirkungsmessung', 'Offene Daten': 'Öffentliche Daten'};{'Umwelt': 'Klima & Umwelt', 'Umweltschutz': 'Klima & Umwelt', 'Nachhaltigkeit': 'Klima & Umwelt', 'Wissensmanagement': 'Organisation & Professionalisierung'};https://www.z-u-g.org/aufgaben/ki-leuchttuerme/projektuebersicht-fl2/isosens/;Hamburg University of Applied Sciences;In Planung;Das Projekt IsoSens zielt darauf ab, einen Sensor zur Messung des Kohlenstoff-Isotopenverhältnisses zu entwickeln. Dieser Sensor nutzt Lasertechnologie und einen auf künstlicher Intelligenz basierenden Algorithmus, um atmosphärische Prozesse besser zu verstehen und zu den Klimamodellen beizutragen.;;CC-BY 4.0;https://publicinterest.ai/;
https://publicinterest.ai/tool/map/project/kiste;KI:STE;{'Analyse von Sensordaten und ML': 'Künstliche Intelligenz', 'Datenanalyse': 'Datenanalyse', 'KI Anwendung': '', 'Digitale Plattform': 'Digitale Plattformen', 'E-Learning': 'Fortbildung'};{'Umwelt': 'Klima & Umwelt', 'Umweltschutz': 'Klima & Umwelt', 'Katastrophenschutz': 'Gesundheit', 'Landwirtschaft': 'Klima & Umwelt', 'Nachhaltigkeit': 'Klima & Umwelt', 'Energie': 'Klima & Umwelt'};https://kiste-project.de/;RWTH Aachen, Universität Bonn, Universität zu Köln, Forschungszentrum Jülich, 52°N, Ambroys;Im Testbetrieb;KI:STE nutzt künstliche Intelligenz, um Umweltdaten zu analysieren und Muster in Geodaten (z.B. Wolken, Naturgefahren, Wasser) zu erkennen. Es entwickelt eine technische Plattform für KI-Anwendungen im Umweltbereich und bietet eine Online-Lernplattform für junge Wissenschaftler.;KI:STE;CC-BY 4.0;https://publicinterest.ai/;
https://publicinterest.ai/tool/map/project/la-independiente-mainstreaming-gender-perspective-in-ai-crowd-work-in-the-global-south;La Independiente: Mainstreaming Gender Perspective in AI crowd work in the Global South;{'KI Anwendung': '', 'Datenanalyse': 'Datenanalyse', 'Digitale Plattform': 'Digitale Plattformen', 'Empfehlungssystem': 'Recomender System', 'Umfrage': 'Datenerhebung'};{'Frauen': 'Anti Dismkriminierung', 'Chancengleichheit': 'Anti Dismkriminierung', 'Gleichstellung': 'Anti Dismkriminierung', 'International': 'Internationale Projekte'};https://www.policylab.tech/feminist-ai;PIT Policy Lab, Universidad Nacional Autonoma de Mexico (UNAM), Northeastern University Civic AI Lab, PuentechLab;Im Testbetrieb;La Independiente ist ein Projekt, das darauf abzielt, eine geschlechtergerechte Perspektive in der KI-Crowdwork im globalen Süden zu fördern. Es entwickelt ein KI-gestütztes soziales Verbindungs- und Empfehlungssystem, um Crowdworkerinnen beim Aufbau einer unterstützenden Gemeinschaft zu helfen und ihre Fähigkeiten zu verbessern.;;CC-BY 4.0;https://publicinterest.ai/;
https://publicinterest.ai/tool/map/project/mammoth-multi-attribute-multimodal-bias-mitigation-in-ai-systems;Multi-Attribute, Multimodal Bias Mitigation in AI Systems;{'KI Anwendung': '', 'Datenanalyse': 'Datenanalyse', 'Entscheidungsassistent': 'Virtuelle Assistenz', 'Offene Daten': 'Öffentliche Daten', 'Generative KI': 'Künstliche Intelligenz'};{'Antidiskriminierung': 'Anti Dismkriminierung', 'Gleichberechtigung': 'Anti Dismkriminierung', 'Gleichstellung': 'Anti Dismkriminierung', 'Chancengleichheit': 'Anti Dismkriminierung', 'Inklusion': 'Inklusion & Teilhabe', 'Partizipation': 'Inklusion & Teilhabe', 'Armut': 'Arbeit & Soziales', 'Transparenz': 'Inklusion & Teilhabe', 'Nachhaltigkeit': 'Klima & Umwelt'};https://mammoth-ai.eu/;ETHNIKO KENTRO EREVNAS KAI TECHNOLOGIKIS ANAPTYXIS (CERTH);In Planung;Das EU-finanzierte MAMMOth-Projekt befasst sich mit KI-Voreingenommenheit durch die Minderung von Diskriminierung bei tabellarischen, Netzwerk- und multimodalen Daten. Es zielt darauf ab, Tools für faire KI zu entwickeln und Pilotprojekte für Finanzanwendungen, Identitätsprüfung und akademische Evaluation zu realisieren, unter Einbindung schutzbedürftiger Gruppen.;MAMMOth;CC-BY 4.0;https://publicinterest.ai/;
https://publicinterest.ai/tool/map/project/masakhaner;MasakhaNER;{'KI Anwendung': '', 'Datenanalyse': 'Datenanalyse', 'Large Language Model (LLM)': 'Sprachtechnologie'};{'Afrika': 'Internationale Projekte', 'International': 'Internationale Projekte', 'Inklusion': 'Inklusion & Teilhabe'};https://www.masakhane.io/ongoing-projects/masakhaner-know-our-names;Masakhane;Unbekannt;MasakhaNER ist ein Open-Source-Projekt zur Erkennung benannter Entitäten in afrikanischen Sprachen. Es identifiziert vordefinierte Kategorien wie Personennamen, Orte und Organisationen in Texten mittels Natural Language Processing und Deep Learning.;;CC-BY 4.0;https://publicinterest.ai/;
https://publicinterest.ai/tool/map/project/public-ai;Public Interest AI;{'Generative KI': 'Künstliche Intelligenz', 'KI Anwendung': '', 'Plattform': 'Digitale Plattformen', 'Datenanwendung für Öffentlichkeit': 'Datenanwendung für Öffentlichkeit', 'Dokumentations- und Netzwerktool': 'Unterstützungstools'};{'Demokratie': 'Demokratie & Soziale Rechte', 'Transparenz': 'Inklusion & Teilhabe', 'Verwaltung': 'Organisation & Professionalisierung', 'Ethik': 'Demokratie & Soziale Rechte', 'Gesundheit': 'Gesundheit', 'Bildung': 'Bildung', 'Wohlfahrt': 'Soziale Dienste', 'International': 'Internationale Projekte'};https://publicai.network;Metagov, Public Knowledge, Berkman Klein Center, Chatham House;In Planung;Das Projekt 'Public Interest AI' ist eine Koalition von Gruppen, die sich dafür einsetzen, öffentlich zugängliche KI-Modelle zu fördern und aufzubauen, die von öffentlichen Stellen, insbesondere Regierungen, finanziert, bereitgestellt und verwaltet werden.;;CC-BY 4.0;https://publicinterest.ai/;
https://publicinterest.ai/tool/map/project/quantified-trees-intelligent-irrigation-forecasting-for-city-trees;Quantified Trees - intelligent irrigation forecasting for city trees;{'KI Anwendung': '', 'Datenanalyse': 'Datenanalyse', 'Entscheidungsassistent': 'Virtuelle Assistenz', 'Interaktive App': 'Webanwendungen', 'Monitoring': 'Wirkungsmessung'};{'Umweltschutz': 'Klima & Umwelt', 'Nachhaltigkeit': 'Klima & Umwelt', 'Stadt': 'Stadtentwicklung'};https://qtrees.ai/en/;Technologiestiftung Berlin;Im Testbetrieb;Das Projekt „Quantified Trees“ entwickelt ein KI-gestütztes Vorhersagesystem, um städtische Bäume zu identifizieren, die akut von Trockenheit bedroht sind. Ziel ist es, die Bewässerung in Berlin zu optimieren und Bürgerinnen und Bürger in die Baumpflege einzubeziehen.;QTrees;CC-BY 4.0;https://publicinterest.ai/;
https://publicinterest.ai/tool/map/project/radiant-mlhub;Radiant MLHub;{'Digitale Plattform': 'Digitale Plattformen', 'Offene Daten': 'Öffentliche Daten', 'Datensatz und Visualisierung': 'Datenreporting', 'KI Anwendung': '', 'Analyse von Sensordaten und ML': 'Künstliche Intelligenz'};{'Landwirtschaft': 'Klima & Umwelt', 'Umwelt': 'Klima & Umwelt', 'Umweltschutz': 'Klima & Umwelt', 'Nachhaltigkeit': 'Klima & Umwelt', 'International': 'Internationale Projekte', 'Armut': 'Arbeit & Soziales', 'Katastrophenschutz': 'Gesundheit', 'Klima': 'Klima & Umwelt', 'Ernährungssicherung': 'Internationale Projekte'};https://www.mlhub.earth;Radiant Earth Foundation;In Betrieb;Radiant MLHub ist eine cloudbasierte, offene Bibliothek für georäumliche Trainingsdatensätze und Modelle. Sie ermöglicht den Zugang, die Speicherung und das Teilen von Daten für Erdbeobachtungen, um die Zusammenarbeit und die Entwicklung vertrauenswürdiger Anwendungen zu fördern.;;CC-BY 4.0;https://publicinterest.ai/;
https://publicinterest.ai/tool/map/project/right-hear;Right-Hear;{'Digitale Plattform': 'Digitale Plattformen', 'Interaktive App': 'Webanwendungen'};{'Barrierefreiheit': 'Inklusion & Teilhabe', 'Inklusion': 'Inklusion & Teilhabe', 'Menschen mit Behinderung': 'Inklusion & Teilhabe'};;Right-Hear;In Betrieb;Right-Hear ist eine digitale Plattform, die Veranstaltungsorte für Blinde und Sehbehinderte zugänglicher macht und ihnen mehr Unabhängigkeit bietet.;;CC-BY 4.0;https://publicinterest.ai/;
https://publicinterest.ai/tool/map/project/safety-verification-of-neural-networks;Safety Verification of Neural Networks;{'KI Anwendung': '', 'Offene Daten': 'Öffentliche Daten', 'Datenanalyse': 'Datenanalyse', 'Monitoring': 'Wirkungsmessung', 'Entscheidungsassistent': 'Virtuelle Assistenz'};{};;Stanford University;In Betrieb;Dieses Projekt entwickelte quelloffene Algorithmen zur Sicherheitsüberprüfung von nichtlinearen Systemen mit neuronalen Netzwerkkomponenten. Es bietet Entwicklern von maschinellem Lernen für sicherheitskritische Systeme ein Werkzeug, um Anwender vor unentdeckten Fehlern zu schützen.;;CC-BY 4.0;https://publicinterest.ai/;
https://publicinterest.ai/tool/map/project/seaclear-search-identification-and-collection-of-marine-litter-with-autonomous-robots;SeaClear - SEarch, identificAtion and Collection of marine Litter with Autonomous Robots;{'KI Anwendung': '', 'Robotik': 'Künstliche Intelligenz', 'Monitoring': 'Wirkungsmessung', 'Datenerhebung': 'Datenerhebung', 'Datenanalyse': 'Datenanalyse', 'Karte': 'Karten & Verzeichnisse'};{'Meeresschutz': 'Klima & Umwelt', 'Umweltschutz': 'Klima & Umwelt', 'Nachhaltigkeit': 'Klima & Umwelt'};https://seaclear-project.eu;Delft University of Technology, Project consortium;Im Testbetrieb;Das SeaClear-Projekt entwickelt eine autonome Roboterlösung zur Identifizierung und Sammlung von Unterwassermüll. Ein Team aus Unterwasser-, Oberflächen- und Luftfahrzeugen findet und entfernt Abfälle von Küstenmeeresböden.;SeaClear;CC-BY 4.0;https://publicinterest.ai/;
https://publicinterest.ai/tool/map/project/seismologie-und-artifizielle-intelligenz;Seismologie und Artifizielle Intelligenz;{'Analyse von Sensordaten und ML': 'Künstliche Intelligenz', 'Datenanalyse': 'Datenanalyse', 'KI Anwendung': '', 'Monitoring': 'Wirkungsmessung'};{'Katastrophenschutz': 'Gesundheit'};;Frankfurt Institute for Advanced Studies;In Betrieb;Das Projekt entwickelt Deep-Learning-basierte Tools, um die Frühwarnung und Vorhersage von Erdbeben- und Vulkanereignissen zu verbessern. Dies geschieht, da die komplexe Natur seismischer Ereignisse die Extraktion von Informationen aus geophysikalischen Daten mit klassischen statistischen Tools erschwert.;;CC-BY 4.0;https://publicinterest.ai/;
https://publicinterest.ai/tool/map/project/simba;Simba Text Assistant;{'Interaktive App': 'Webanwendungen', 'KI Anwendung': '', 'Sprach-Editor': 'Sprachtechnologie', 'Textzusammenfassung': 'Sprachtechnologie', 'Browser-Erweiterung': 'Webanwendungen'};{'Barrierefreiheit': 'Inklusion & Teilhabe', 'Bildung': 'Bildung', 'Inklusion': 'Inklusion & Teilhabe', 'Wissensmanagement': 'Organisation & Professionalisierung'};https://publicinterest.ai/tool/simba;Alexander von Humboldt Institute for Internet and Society;Im Testbetrieb;Der Simba Text Assistant ist ein webbasiertes Tool und eine Browser-Erweiterung, das Zusammenfassungen von deutschsprachigen Texten erstellt. Es wurde entwickelt, um das Online-Leseerlebnis zu verbessern und Nutzer:innen beim Sprachenlernen zu unterstützen.;Simba;CC-BY 4.0;https://publicinterest.ai/;
https://publicinterest.ai/tool/map/project/smartrecycling-up;SmartRecycling-UP;{'Prozessautomatisierung': 'Automatisierung', 'KI Anwendung': '', 'Computer Vision': 'Bildverarbeitung', 'Datenanalyse': 'Datenanalyse', 'Robotik': 'Künstliche Intelligenz'};{'Abfallwirtschaft': 'Klima & Umwelt', 'Recycling': 'Klima & Umwelt', 'Umwelt': 'Klima & Umwelt', 'Umweltschutz': 'Klima & Umwelt', 'Nachhaltigkeit': 'Klima & Umwelt'};;Deutsches Forschungszentrum für Künstliche Intelligenz;In Planung;SmartRecycling-UP zielt darauf ab, die Recyclingquote und -qualität von Großabfällen durch Automatisierung bisher manueller Prozesse erheblich zu verbessern. Dies soll durch die Schaffung technischer Voraussetzungen für die automatisierte Vorsortierung von großformatigem Abfall geschehen.;;CC-BY 4.0;https://publicinterest.ai/;
https://publicinterest.ai/tool/map/project/tech4nature-mexico;Tech4Nature Mexico;{'Monitoring': 'Wirkungsmessung', 'KI Anwendung': '', 'Analyse von Sensordaten und ML': 'Künstliche Intelligenz', 'Datenerhebung': 'Datenerhebung', 'Datenanalyse': 'Datenanalyse', 'Entscheidungsassistent': 'Virtuelle Assistenz'};{'Umweltschutz': 'Klima & Umwelt', 'Nachhaltigkeit': 'Klima & Umwelt', 'Mexiko': 'Internationale Projekte', 'Meeresschutz': 'Klima & Umwelt', 'Partizipation': 'Inklusion & Teilhabe', 'Menschenrechte': 'Demokratie & Soziale Rechte'};https://www.forclimate.ai/tech4nature;C Minds, Minstry of Sustainable Development of Yucatan, International Union for Conservation of Nature (IUCN), Government of Yucatan, Huawei's Tech4All, Polytechnic University of Yucatan, Rainforest Connection;In Betrieb;Tech4Nature Mexico zielt darauf ab, die effektive Erhaltung und Regeneration der Biodiversität und der Ökosystemgesundheit in der Mangrovenzone der Yucatán-Halbinsel zu beschleunigen. Dies geschieht durch gemeinschaftszentrierte Ansätze, maschinelles Lernen und multisektorale Zusammenarbeit zur Überwachung und zum Verständnis der Auswirkungen des Klimawandels.;;CC-BY 4.0;https://publicinterest.ai/;
https://publicinterest.ai/tool/map/project/top-ki-text-optimisation-using-artificial-intelligence;TOP.KI (text optimisation using artificial intelligence);{'Übersetzungsassistent': 'Sprachtechnologie', 'KI Anwendung': ''};{'Chancengleichheit': 'Anti Dismkriminierung', 'Barrierefreiheit': 'Inklusion & Teilhabe', 'Inklusion': 'Inklusion & Teilhabe', 'Teilhabe': 'Inklusion & Teilhabe'};;Institut für Textoptimierung, Zentral-Fachausschuss Berufsbildung Druck und Medien, Lehrstuhl für Technologien und Management der Digitalen Transformation der Bergischen Universität Wuppertal, Berufsbildungswerke Oberlinhaus Potsdam und Leipzig, deepsight GmbH;In Planung;Das Projekt TOP.KI entwickelt ein KI-gestütztes Übersetzungswerkzeug, um Prüfungsinhalte in leicht verständliche Sprache zu optimieren. Ziel ist es, Chancengleichheit bei Prüfungen zu fördern, indem sichergestellt wird, dass Prüfungsergebnisse technisches Wissen und nicht das Textverständnis widerspiegeln.;TOP.KI;CC-BY 4.0;https://publicinterest.ai/;
https://publicinterest.ai/tool/map/project/uwazi;Uwazi;{'Digitale Plattform': 'Digitale Plattformen', 'Open-Source': 'Open-Source-Software', 'Datenbank': 'Datenmanagement', 'Datenmanagement': 'Datenmanagement', 'Datenanalyse': 'Datenanalyse', 'Dokumentationstool': 'Unterstützungstools', 'KI-Anwendung': 'Künstliche Intelligenz', 'Natural Language Processing': 'Sprachtechnologie', 'Information Retrieval': 'Datenmanagement'};{'Humanitäre Hilfe': 'Internationale Projekte', 'Menschenrechte': 'Demokratie & Soziale Rechte', 'Flucht und Migration': 'Flucht & Migration', 'Frauen': 'Anti Dismkriminierung', 'Klimaschutz': 'Klima & Umwelt', 'Gleichberechtigung': 'Anti Dismkriminierung', 'Integration': 'Inklusion & Teilhabe'};https://uwazi.io, https://huridocs.org/technology/uwazi/;HURIDOCS;In Betrieb;Uwazi ist ein webbasiertes Open-Source-Tool zum Verwalten und Organisieren von Daten wie Zeugenaussagen, Forschungsergebnissen und Dokumenten. Es ist darauf ausgelegt, Menschenrechtsverteidiger bei der Erfassung, Verwaltung und Nutzbarmachung von Informationen zu unterstützen.;;CC-BY 4.0;https://publicinterest.ai/;
https://publicinterest.ai/tool/map/project/vera-ai-verification-assisted-by-artificial-intelligence;vera.ai: VERification Assisted by Artificial Intelligence;{'KI Anwendung': '', 'Datenanalyse': 'Datenanalyse', 'Monitoring': 'Wirkungsmessung', 'Entscheidungsassistent': 'Virtuelle Assistenz', 'Generative KI': 'Künstliche Intelligenz', 'Large Language Model (LLM)': 'Sprachtechnologie', 'Prozessautomatisierung': 'Automatisierung', 'Interaktive App': 'Webanwendungen', 'Sprach-Editor': 'Sprachtechnologie', 'Datensatz': 'Datenmanagement', 'Datenschutz': 'Datenmanagement'};{'Demokratie': 'Demokratie & Soziale Rechte', 'Ethik': 'Demokratie & Soziale Rechte', 'Transparenz': 'Inklusion & Teilhabe'};https://www.veraai.eu/home;Information Technologies Institute of Centre for Research and Technology-Hellas (CERTH-ITI);In Planung;vera.ai entwickelt vertrauenswürdige KI-Lösungen gegen fortgeschrittene Desinformationstechniken für Medienprofis und Forscher. Das Projekt zielt darauf ab, die Grundlagen für zukünftige Forschung im Bereich KI gegen Desinformation zu legen und die Verifikation von Inhalten zu unterstützen.;vera.ai;CC-BY 4.0;https://publicinterest.ai/;
https://publicinterest.ai/tool/map/project/vframe;VFRAME;{'KI Anwendung': '', 'Analyse von Sensordaten und ML': 'Künstliche Intelligenz', 'Offene Daten': 'Öffentliche Daten', 'Digitale Plattform': 'Digitale Plattformen'};{'Menschenrechte': 'Demokratie & Soziale Rechte', 'Humanitäre Hilfe': 'Internationale Projekte', 'Internationale': 'Internationale Projekte', 'Wissensmanagement': 'Organisation & Professionalisierung'};https://vframe.io;Mnemonic.org;In Betrieb;VFRAME ist ein Open-Source-Bildverarbeitungssystem, das Computer-Vision-Technologien und angepasste Modelle nutzt, um Objekte wie Munition in Konfliktgebieten zu identifizieren. Es unterstützt Menschenrechtsforscher bei forensischen Untersuchungen und investigativem Journalismus.;;CC-BY 4.0;https://publicinterest.ai/;
https://publicinterest.ai/tool/map/project/wertis-ki;WERTIS-KI;{'KI Anwendung': '', 'Interaktive App': 'Webanwendungen', 'Analyse von Sensordaten und ML': 'Künstliche Intelligenz', 'Datenanwendung für Öffentlichkeit': 'Datenanwendung für Öffentlichkeit'};{'Umweltschutz': 'Klima & Umwelt', 'Nachhaltigkeit': 'Klima & Umwelt', 'Abfallwirtschaft': 'Klima & Umwelt', 'Barrierefreiheit': 'Inklusion & Teilhabe', 'Vernetzung': 'Organisation & Professionalisierung', 'Wissensmanagement': 'Organisation & Professionalisierung'};https://wert-i.de/;Ostfalia Hochschule für angewandte Wissenschaften, dida Datenschmiede, ge‑T GmbH, Abfallentsorgungsgesellschaft A+B Peine;In Planung;WERTIS-KI ist ein Gemeinschaftsprojekt, das eine App entwickelt, die Objekte mittels künstlicher Intelligenz erkennt und mögliche Recyclingwege vorschlägt. Ziel ist es, Menschen durch Umweltbildung zu befähigen und Ressourcen durch die Reduzierung von Fehlwürfen bei der Abfalltrennung zu schonen.;;CC-BY 4.0;https://publicinterest.ai/;
https://publicinterest.ai/tool/map/project/www-jsk-org-pk;Jamiat sanabilul khair;{'KI Anwendung': '', 'Digitale Plattform': 'Digitale Plattformen', 'Datenerhebung': 'Datenerhebung', 'Datenanwendung für Öffentlichkeit': 'Datenanwendung für Öffentlichkeit'};{'Armut': 'Arbeit & Soziales', 'Bildung': 'Bildung', 'Gesundheit': 'Gesundheit', 'Humanitäre Hilfe': 'Internationale Projekte', 'Nachhaltigkeit': 'Klima & Umwelt', 'International': 'Internationale Projekte', 'Partizipation': 'Inklusion & Teilhabe'};http://www.jsk.org.pk;Jamiat sanabilul khair;In Betrieb;Jamiat sanabilul khair (Jsk) ist eine gemeinnützige Organisation, die Menschen in Pakistan durch Hilfe in Katastrophen, Gesundheitsversorgung, Bildung, sauberem Wasser und Mikrofinanzierung unterstützt. Sie nutzt eine digitale Plattform, um Spenden zu sammeln und Bedürftigen den Zugang zu Hilfsleistungen zu ermöglichen.;Jsk;CC-BY 4.0;https://publicinterest.ai/;
https://publicinterest.ai/tool/map/project/zentrum-fur-vertrauenswurdige-kunstliche-intelligenz-zvki;Zentrum für vertrauenswürdige Künstliche Intelligenz;{'Datenanalyse': 'Datenanalyse', 'Datenanwendung für Öffentlichkeit': 'Datenanwendung für Öffentlichkeit', 'Datenstandards': 'Datenmanagement', 'Dokumentations- und Netzwerktool': 'Unterstützungstools', 'Monitoring': 'Wirkungsmessung', 'Vernetzungsassistent': 'Virtuelle Assistenz', 'Datenschutz': 'Datenmanagement'};{'Antidiskriminierung': 'Anti Dismkriminierung', 'Beratung': 'Soziale Dienste', 'Chancengleichheit': 'Anti Dismkriminierung', 'Demokratie': 'Demokratie & Soziale Rechte', 'Ethik': 'Demokratie & Soziale Rechte', 'Evaluation': 'Organisation & Professionalisierung', 'Gleichberechtigung': 'Anti Dismkriminierung', 'Gleichstellung': 'Anti Dismkriminierung', 'Inklusion': 'Inklusion & Teilhabe', 'Menschenrechte': 'Demokratie & Soziale Rechte', 'Nachhaltigkeit': 'Klima & Umwelt', 'Partizipation': 'Inklusion & Teilhabe', 'Teilhabe': 'Inklusion & Teilhabe', 'Transparenz': 'Inklusion & Teilhabe', 'Umwelt': 'Klima & Umwelt', 'Vernetzung': 'Organisation & Professionalisierung', 'Wissensmanagement': 'Organisation & Professionalisierung'};https://www.zvki.de/;Think Tank iRights.Lab, Fraunhofer AISEC, Fraunhofer IAIS, Freie Universität Berlin;In Betrieb;Das Zentrum für vertrauenswürdige Künstliche Intelligenz (ZVKI) informiert die Öffentlichkeit über konsumentenrelevante KI-Themen, fördert die öffentliche Debatte und entwickelt Anforderungen sowie Werkzeuge für vertrauenswürdige KI. Es forscht an grundlegenden Anforderungen wie Datenschutz, Robustheit, Fairness und Erklärbarkeit von KI-Systemen.;ZVKI;CC-BY 4.0;https://publicinterest.ai/;
www.demokratie-wegweiser.de;Demokratie-Wegweiser;{'Datenanwendung für Öffentlichkeit': 'Datenanwendung für Öffentlichkeit', 'interaktive Karte/ Verzeichnis': 'Karten & Verzeichnisse'};{'Demokratie': 'Demokratie & Soziale Rechte', 'Teilhabe': 'Inklusion & Teilhabe', 'Transparenz': 'Inklusion & Teilhabe'};www.demokratie-wegweiser.de;Demokratie-Wegweiser;online - in Weiterentwicklung;Der Demokratie Wegweiser hat Daten über gewählte Ratsmitglieder gesammelt und auf einer interaktiven Karte verfügbar gemacht, die für alle Orte in NRW die Mandatsträger auf kommunaler, Landes- und Bundesebene anzeigt. So können sich Bürger*innen mit ihren Anliegen direkt an die Verantwortlichen wenden.;;CC-BY 4.0;https://civic-data.de/;
www.giessdenkiez.de;Gieß den Kiez;{'Datenanwendung für Öffentlichkeit': 'Datenanwendung für Öffentlichkeit', 'interaktive Karte/ Verzeichnis': 'Karten & Verzeichnisse', 'Crowd-Sourced Daten': 'Öffentliche Daten', 'Offene Daten': 'Öffentliche Daten'};{'Stadt': 'Stadtentwicklung', 'Umwelt': 'Klima & Umwelt'};www.giessdenkiez.de;CityLAB Berlin ;online - in Betrieb;Gieß den Kiez ist eine interaktive Karte, die auf Offenen Datensätzen basiert und Stadtbäume mit Informationen wie Wasserbedarf, Alter und Art darstellt. Das Ziel: Bürger*innen können sich über den Wasserbedarf von Bäumen in der Nachbarschaft informieren, Bäume adoptieren und ihre Gießungen protokollieren. ;;CC-BY 4.0;https://civic-data.de/;
www.hilf-mir.berlin;Hilf mir Berlin ;{'Datenanwendung für Öffentlichkeit': 'Datenanwendung für Öffentlichkeit', 'interaktive Karte/ Verzeichnis': 'Karten & Verzeichnisse'};{'Gesundheit': 'Gesundheit', 'Mentale Gesundheit': 'Gesundheit', 'Stadt': 'Stadtentwicklung'};www.hilf-mir.berlin;CityLAB Berlin;online - im Testbetrieb;HILF-MIR Berlin bündelt Informationen zu niedrigschwelligen psychosozialen Angeboten in Berlin und macht sie über eine interaktive Karte sowie eine übersichtliche Liste zugänglich. Bürger*innen können gezielt nach Unterstützung bei psychischen Krisen oder Suchtproblemen suchen und passende Anlaufstellen in ihrer Nähe finden.;;CC-BY 4.0;https://civic-data.de/;
https://www.caritas-digital.de/projekte/lernende-systeme-in-der-beratung/;CariFix;{'Interne Datenanwendung': 'Interne Datenanwendung', 'Knowledge Graph': 'Wissensorganisation', 'Vernetzungsassistent': 'Virtuelle Assistenz'};{'Migrationsberatung': 'Flucht & Migration', 'Soziale Arbeit': 'Soziale Dienste'};https://www.caritas-digital.de/projekte/lernende-systeme-in-der-beratung/;Caritas ;online - im Testbetrieb;Beratende der Caritas sammeln täglich Informationen über ihre Erfahrungen: Welchen Problemen ihrer Klient*innen haben sie wie geholfen. Diese Expertise-Daten werden mit CariFIX anonymisiert analysiert. CariFIX soll Beratende mit einer Frage, zu der sie Expertise benötigen, unterstützen und Beratende vernetzen.;CariFIX;CC-BY 4.0;https://civic-data.de/;
www.seniorennetz.berlin;Seniorennetz Berlin ;{'Datenanwendung für Öffentlichkeit': 'Datenanwendung für Öffentlichkeit', 'interaktive Karte/ Verzeichnis': 'Karten & Verzeichnisse'};{'Senior*innen': 'Soziale Dienste', 'Soziale Arbeit': 'Soziale Dienste'};www.seniorennetz.berlin;place/making;online - in Betrieb;Das Seniorennetz Berlin schafft mit der interaktiven Karte themenbasiert Zugänge zu sozialen Angeboten und vernetzt digital und lokal Trägerorganisationen und Senior*innen. Das System ist barrierefrei, verarbeitet Änderungsvorschläge und integriert automatische Übersetzungen in beliebige Sprachen.;;CC-BY 4.0;https://civic-data.de/;
;Disposition von Rettungsmitteln;{'Interne Datenanwendung': 'Interne Datenanwendung', 'KI Anwendung': '', 'Maschinelles Lernen': 'Künstliche Intelligenz'};{'Rettungsdienst': 'Gesundheit'};;DRK Rheinland-Pfalz;online - im Testbetrieb;Basierend auf vergangenen Einsätzen, Wetter- und Verkehrsdaten wurde ein KI-Modell trainiert, das Vorschläge zur Umdisposition von Rettungsfahrzeugen an andere Rettungswachen oder geeignete Orte macht. So soll eine lückenfreie Abdeckung von Rettungsmitteln und die 15 Minuten Hilfsfrist besser eingehalten werden.;;CC-BY 4.0;https://civic-data.de/;
www.codo-mentoring.org;codo - Das Datentool für Mentoringprojekte;{'Interne Datenanwendung': 'Interne Datenanwendung', 'Datenerhebung': 'Datenerhebung', 'Matching': 'Datenanalyse', 'Dashboard': 'Datenreporting'};{'Mentoring': 'Bildung', 'Patenschaft': 'Organisation & Professionalisierung'};www.codo-mentoring.org;Stiftung Bürgermut + Bürgerstiftung Hamburg;online - im Testbetrieb;codo ist ein von der Community entwickeltes digitales Tool zum Management von Patenschaften und Mentoringbeziehungen. Dabei spielt dir strukturierte Erfassung und Auswertung von Daten eine wichtige Rolle. Projektkoordinatorinnen können damit Kontakte zentral verwalten, Matchingprozesse dokumentieren, Kennzahlen analysieren und Fortschritte nachvollziehen.;codo;CC-BY 4.0;https://civic-data.de/;
www.leerstandsmelder.de;Leerstandsmelder;{'Datenanwendung für Öffentlichkeit': 'Datenanwendung für Öffentlichkeit', 'interaktive Karte/ Verzeichnis': 'Karten & Verzeichnisse', 'Crowd-Sourced Daten': 'Öffentliche Daten', 'Datenerhebung': 'Datenerhebung', 'Interaktive App': 'Webanwendungen'};{'Stadt': 'Stadtentwicklung', 'Wohnen': 'Stadtentwicklung'};www.leerstandsmelder.de, https://civic-data.de/leerstandsmelder/;Leerstandsmelder;online - in Betrieb;In Großstädten stehen oft unzählige Flächen leer, die bisher nicht dokumentiert waren. Der Leerstandsmelder macht auf einer interaktiven Karte sichtbar, wo Wohn- und Gewerberäume nicht genutzt werden. Leerstände können auf der Karte von allen Nutzer*innen direkt und unkompliziert eingetragen werden.;;CC-BY 4.0;https://civic-data.de/;
www.fairsharewl.org;Fair Share of Women Leaders;{'Datenanwendung für Öffentlichkeit': 'Datenanwendung für Öffentlichkeit', 'Dashboard': 'Datenreporting'};{'Transparenz': 'Inklusion & Teilhabe', 'Gleichstellung': 'Anti Dismkriminierung', 'Teilhabe': 'Inklusion & Teilhabe'};www.fairsharewl.org;Fair Share of Women Leaders;online - in Betrieb;Der FAIR SHARE Monitor ist ein datenbasiertes Instrument zur langfristigen Untersuchung der Geschlechterverteilung in den Belegschaften, Leitungs- und Aufsichtsgremien zivilgesellschaftlicher Organisationen. Auf Basis der Daten werden jährlich Listen und Grafiken transparent gemacht.;FAIR SHARE;CC-BY 4.0;https://civic-data.de/;
strassenlotse.hamburg;Strassenlotse Hamburg;{'Datenanwendung für Öffentlichkeit': 'Datenanwendung für Öffentlichkeit', 'interaktive Karte/ Verzeichnis': 'Karten & Verzeichnisse'};{'Wohnungslosenhilfe': 'Soziale Dienste', 'Kältehilfe': 'Soziale Dienste'};strassenlotse.hamburg;Arbeitsgemeinschaft der freien Wohlfahrtspflege Hamburg;online - in Betrieb;Strassenlotse.Hamburg ist eine webbasierte App, die aktuelle Daten zu Einrichtungen und Hilfsangeboten für wohnungs- und obdachlose Menschen in Hamburg bündelt und strukturiert zugänglich macht. Nutzer*innen können Informationen gezielt filtern, auf einer interaktiven Karte mit Navigation anzeigen und wichtige Dokumente digital abrufen. Die Anwendung unterstützt sowohl die eigenständige Recherche als auch den Beratungsprozess und ermöglicht bei Bedarf den Ausdruck relevanter Suchergebnisse.;;CC-BY 4.0;https://civic-data.de/;
https://www.e-beratungsinstitut.de/projekte/kaimo/;KAIMO;{'Interne Datenanwendung': 'Interne Datenanwendung', 'KI Anwendung': '', 'Entscheidungsassistent': 'Virtuelle Assistenz'};{'Kinderschutz': 'Jugendhilfe', 'Ethik': 'Demokratie & Soziale Rechte'};https://www.e-beratungsinstitut.de/projekte/kaimo/;Institut für E-Beratung, TH Nürnberg;abgeschlossen/ eingestellt;Der KAIMo-Prototyp ist ein mehrstufiges Assistenzsystem, das Fachkräfte im Kinderschutz evidenzbasiert bei der Urteilsfindung und ethischen Reflexion unterstützt. Es ermöglicht die strukturierte Erfassung, Auswertung und Visualisierung relevanter Falldaten, ordnet Informationen aus unterschiedlichen Quellen automatisiert nach Merkmalen und Akteur*innen und macht bestehende Lücken im Informationsstand sichtbar. ;KAIMo;CC-BY 4.0;https://civic-data.de/;
https://correlaid.org/en/using-data/project-database/2021-07-SIL/;Silbernetz Dashboard;{'interne Datenanwendung': '', 'Dashboard': 'Datenreporting', 'Monitoring': 'Wirkungsmessung'};{'Senioren': 'Soziale Dienste', 'Soziale Arbeit': 'Soziale Dienste'};https://correlaid.org/en/using-data/project-database/2021-07-SIL/;Silbernetz e.V.  und CorrelAid;online - in Betrieb;Silbernetz und CorrelAid-Team entwickelten ein interaktives Dashboard, das Anrufdaten automatisiert auswertet und visualisiert. So entfallen zeitaufwändige manuelle Auswertungen. Aussagekräftige Statistiken sowie Karten unterstützen Silbernetz wirkungsvoll bei interner Analyse und der Gewinnung von Fördermitteln.;;CC-BY 4.0;https://civic-data.de/;
https://fair-text.com/;Fair Text;{'Datenanwendung für Öffentlichkeit': 'Datenanwendung für Öffentlichkeit', 'KI Anwendung': '', 'Large Language Model': 'Sprachtechnologie', 'Übersetzungsassistent': 'Sprachtechnologie'};{'Barrierefreiheit': 'Inklusion & Teilhabe', 'Teilhabe': 'Inklusion & Teilhabe', 'Integration': 'Inklusion & Teilhabe', 'Inklusion': 'Inklusion & Teilhabe'};https://fair-text.com/;laizee.ai GmbH;online - in Weiterentwicklung;Aus dem Projekt ErLesen der FH Aachen entstand Fair Text, ein KI-gestütztes Tool, um Texte in Leichte Sprache umzuwandeln. Ziel ist es, sprachliche Barrieren abzubauen und Menschen mit eingeschränkten Deutschkenntnissen oder Behinderungen mehr gesellschaftliche Teilhabe zu ermöglichen. ;Fair Text;CC-BY 4.0;https://civic-data.de/;
www.caremates.de;CareMates;{'KI Anwendung': '', 'Datenerhebung': 'Datenerhebung', 'Prozessautomatisierung': 'Automatisierung'};{'Pflege': 'Gesundheit'};www.caremates.de;CareMates;online - in Weiterentwicklung;Mithilfe eines digitalen Aufnahmebogens werden Stammdaten und Pflegeanforderungen der Patient*innen erfasst. Damit erstellen DSGVO-konforme KI-Algorithmen automatisch Pflegedokumente, individuelle Pflegepläne, Kostenvoranschläge und Vertragsdokumente. Pflegekräfte prüfen und passen diese an.;CareMates;CC-BY 4.0;https://civic-data.de/;
;CarDia;{'interne Datenanwendung': '', 'Erhebung': 'Datenerhebung', 'Dashboard': 'Datenreporting'};{'Beratung': 'Soziale Dienste', 'Soziale Arbeit': 'Soziale Dienste', 'Organisationsentwicklung': 'Organisation & Professionalisierung'};;Caritasverband Hannover;online - in Betrieb;"CarDia ist eine Software, die ermöglicht, Soziale Arbeit qualitativ zu bewerten und damit eine Brücke zu den kaufmännischen Schnittstellen im Unternehmen zu bauen. Beratende reflektieren damit ihre Arbeit datenbasiert, Führungskräfte entwickeln ihre Organisation werteorientiert, hierarchie- und professionsübergreifend. Ein Ansatz wie CarDia macht deutlich, wie viel mehr als eine Anzahl an Stunden und Menschen mit Sozialer Arbeit verbunden ist und dabei, unsere Dienste zu verbessern.
";;CC-BY 4.0;https://civic-data.de/;
https://erfrischungskarte.odis-berlin.de/;Berliner Erfrischungskarte;{'Datenanwendung für Öffentlichkeit': 'Datenanwendung für Öffentlichkeit', 'interaktive Karte/ Verzeichnis': 'Karten & Verzeichnisse', 'Open Data': 'Öffentliche Daten'};{'Stadt': 'Stadtentwicklung', 'Umwelt': 'Klima & Umwelt', 'Gesundheit': 'Gesundheit'};https://erfrischungskarte.odis-berlin.de/;Open Data Informationssstelle Berlin, CityLab Berlin, Technologiestiftung;online - in Testbetrieb;Die Erfrischungskarte basiert auf der Simulation der Sonneneinstrahlung anhand eines digitalen Geländemodells und der Interpolation von klimatischen Modelldaten der Senatsverwaltung für Stadtentwicklung und Wohnen. Der Code des Tools ist Open Source und auf Github zu finden, sodass ihn jede*r weiterverwenden oder Vorschläge für Verbesserungen machen kann. Die Erfrischungskarte soll dazu anregen, die Stadt auf andere Art und Weise zu entdecken und gleichzeitig über das Thema Klimaanpassung zur Sicherstellung von Gesundheit und Lebensqualität in immer heißer werdenden Städten nachzudenken.;;CC-BY 4.0;https://civic-data.de/;
https://drk-wohlfahrt.de/blog/eintrag/mit-webscraping-data-science-die-wohnungslosenhilfen-im-drk-verstehen/;Webscraping Angebote für Wohnungslose;{'Erhebung': 'Datenerhebung', 'Verzeichnis': 'Karten & Verzeichnisse'};{'Wohnungslosenhilfe': 'Soziale Dienste', 'Kältehilfe': 'Soziale Dienste', 'Armut': 'Arbeit & Soziales', 'Soziale Arbeit': 'Soziale Dienste'};https://drk-wohlfahrt.de/blog/eintrag/mit-webscraping-data-science-die-wohnungslosenhilfen-im-drk-verstehen/;Deutsches Rotes Kreuz;abgeschlossen/ eingestellt;Gemeinsam mit Data Science for Social Good Berlin wurden mittels Web Scraping Webseiten von DRK Kreis- und Landesverbänden ausgelesen und nach Hilfsangeboten für wohnungslose Menschen durchsucht. Dadurch konnte eine analysier- und darstellbare Orientierung im Dschungel der Angebote geschaffen werden.;;CC-BY 4.0;https://civic-data.de/;
www.cropburning.in, www.energyharvesttrust.com;Energy Harvest Trust - India;{'Datenanwendung für Öffentlichkeit': 'Datenanwendung für Öffentlichkeit', 'Dashboard': 'Datenreporting', 'KI Anwendung': '', 'Machine Learning': 'Künstliche Intelligenz', 'Computer Vision': 'Bildverarbeitung'};{'International': 'Internationale Projekte', 'Indien': 'Internationale Projekte', 'Energie': 'Klima & Umwelt', 'Landwirtschaft': 'Klima & Umwelt'};www.cropburning.in, www.energyharvesttrust.com;Energy Harvest Trust - India;online - in Betrieb;MIthilfe von Satellitendaten idetifiziert die NGO Energy Harvest Trust Reisfelder, auf denen das Reisstroh verbrannt wird. Als Alternative zur Verbrennung wird den Bäuerinnen und Bauren angeboten, ihr Stroh an ein Biomassekraftwerk zu verkaufen. Zu Pellets verarbeitet, kann so Strom gewonnen werden, Luftverschmutzung verringert und den Bäuerinnen und Bauern ein zusätzliches Einkommen ermöglicht werden.;;CC-BY 4.0;https://civic-data.de/;
https://shelter-associates.org/plus-code/;Plus Code;{'Erhebung': 'Datenerhebung', 'interaktive Karte/ Verzeichnis': 'Karten & Verzeichnisse'};{'International': 'Internationale Projekte', 'Indien': 'Internationale Projekte', 'Teilhabe': 'Inklusion & Teilhabe', 'Armut': 'Arbeit & Soziales'};https://shelter-associates.org/plus-code/;Shelter Associates - India;online - in Weiterentwicklung;"Shelter Associates nutzt seit 30 Jahren Datenerhebung, um die Lebensrealitäten von Menschen in indischen Slums sichtbar zu machen und ihnen mit Hilfe von Geodaten (Längen- und Breitengrade werden zu ""Plus Codes"") eine eindeutige Adresse zu geben. So werden Haushalte, Geschäfte und Einrichtungen auffindbar und können von Post, Lieferdiensten sowie Rettungsdiensten schneller erreicht werden.";;CC-BY 4.0;https://civic-data.de/;
https://shelter-associates.org/statistical-data-2/;Data for All;{'Datenanwendung für Öffentlichkeit': 'Datenanwendung für Öffentlichkeit', 'Erhebung': 'Datenerhebung', 'interaktive Karte/ Verzeichnis': 'Karten & Verzeichnisse'};{'International': 'Internationale Projekte', 'Indien': 'Internationale Projekte', 'Teilhabe': 'Inklusion & Teilhabe', 'Armut': 'Arbeit & Soziales', 'Gleichberechtigung': 'Anti Dismkriminierung'};https://shelter-associates.org/statistical-data-2/;Shelter Associates - India;online - in Weiterentwicklung;Shelter Associates erhebt, organisiert und veröffentlicht Daten aus Slums auf Basis von Befragungen und bezieht dabei die Bewohner*innen selbst aktiv ein. Mitglieder der Communities werden in Datenerhebung und Kartenlesen geschult, wodurch sie ihre Lebensrealität sichtbar machen und als Partner im Entwicklungsprozess auftreten können. Die Daten zeigen Lücken in der kommunalen Versorgung auf, schaffen Augenhöhe zwischen Behörden, Zivilgesellschaft und Betroffenen und schließen zugleich eine wichtige Gender-Datenlücke, indem die Erfahrungen von Frauen und Mädchen systematisch erfasst werden.;;CC-BY 4.0;https://civic-data.de/;
https://www.sightsavers.org/programmes/inclusive-data/;Sightsavers;{'Datenanwendung für Öffentlichkeit': 'Datenanwendung für Öffentlichkeit', 'Erhebung': 'Datenerhebung', 'interaktive Karte/ Verzeichnis': 'Karten & Verzeichnisse'};{'International': 'Internationale Projekte', 'Kamerun': 'Internationale Projekte', 'Teilhabe': 'Inklusion & Teilhabe', 'Inklusion': 'Inklusion & Teilhabe'};https://www.sightsavers.org/programmes/inclusive-data/;Sightsavers - International;online - in Weiterentwicklung;Sightsavers setzt sich weltweit für die systematische Erhebung inklusiver Daten ein, die nach Behinderung, Geschlecht, Alter und weiteren Faktoren differenziert sind. Auf dieser Grundlage werden Ungleichheiten sichtbar gemacht und Verbesserungen im Zugang zu Gesundheits- und Unterstützungsangeboten angestoßen, etwa durch Studien zur augenmedizinischen Versorgung in Malawi und Uganda. Als unabhängige Forschungsorganisation kombiniert Sightsavers wissenschaftliche Analysen mit praktischer Hilfe und arbeitet eng mit Regierungen, Behindertenorganisationen und internationalen Partnern zusammen. Ziel ist es, Barrieren abzubauen und die Teilhabe von über 800 Millionen Menschen mit Behinderungen in Ländern mit niedrigem und mittlerem Einkommen zu stärken.;;CC-BY 4.0;https://civic-data.de/;
https://www.impactsproject.com/;Inclusive Mobility: Public And Collaborative Trusted Spaces;{'Datenanwendung für Öffentlichkeit': 'Datenanwendung für Öffentlichkeit', 'Erhebung': 'Datenerhebung', 'Dashboard': 'Datenreporting'};{'International': 'Internationale Projekte', 'Türkei': 'Internationale Projekte', 'Kroatien': 'Internationale Projekte', 'Stadt': 'Stadtentwicklung'};https://www.impactsproject.com/;Impacts Project;abgeschlossen/ eingestellt;Im Forschungsprojekt IMPACTS wurden neue Ansätze für ein nutzerzentriertes öffentliches Verkehrssystem entwickelt und erprobt. Durch digitale Feedbackmechanismen wurden Fahrgäste in Communities vernetzt, konnten Probleme melden und Vertrauen über Bewertungsfunktionen aufbauen. Städte und Verkehrsanbieter erhielten dadurch Echtzeit-Einblicke in die Wahrnehmung ihrer Dienste und konnten Verbesserungen gezielt umsetzen. Das Pilotprojekt zeigte, dass sich so Mobilitätsangebote attraktiver gestalten, Verkehrsaufkommen reduzieren und städtische Räume effizienter nutzen lassen.;IMPACTS;CC-BY 4.0;https://civic-data.de/;
https://de.mi4people.org/marinelitterdetectionviasatellites;Erkennung von Meeresmüll über Satelliten;{'Datenanwendung für die Öffentlichkeit': '', 'KI Anwendung': '', 'Machine Learning': 'Künstliche Intelligenz', 'interaktive Karte/ Verzeichnis': 'Karten & Verzeichnisse', 'Computer Vision': 'Bildverarbeitung'};{'International': 'Internationale Projekte', 'Umwelt': 'Klima & Umwelt', 'Meeresschutz': 'Klima & Umwelt'};https://de.mi4people.org/marinelitterdetectionviasatellites;MI4people;in Planung;Das Projekt von MI4people erstellt eine globale Karte von Meeresmüll mittels Computer-Vision. In Satellitenbildern werden Plastik und anderer Meeresmüll sowie dessen Position und Größe (fast) in Echtzeit identifiziert und verzeichnet. So tragen KI und maschinelles Lernen dazu bei, bessere Entscheidungen im Bezug auf Müllvermeidung und Meeresreinigung zu fällen. Außerdem tragen transparente Infromationen zur Bewusstseinsbildung bei der bevölkerung bei.;;CC-BY 4.0;https://civic-data.de/;
https://de.mi4people.org/general-computer-vision-for-healthcare;General Computer Vision für das Gesundheitswesen;{'KI Anwendung': '', 'Machine Learning': 'Künstliche Intelligenz', 'Computer Vision': 'Bildverarbeitung'};{'International': 'Internationale Projekte', 'Gesundheit': 'Gesundheit', 'Kongo': 'Internationale Projekte'};https://de.mi4people.org/general-computer-vision-for-healthcare;MI4people;in Planung;Länder mit mittlerem und niedrigem Einkommen sind ganz besonders von Magel in Gesunheitsberufen betroffen. Daher arbeitet ein Team bei MI4People an einem open-source Computer-Vision-System für die medizinische Bildanalyse, das Ärzt*innen weltweit bei der Diagnose unterstützen kann, auch wenn es sich nicht um ihr Fachgebiet handelt. Ziel ist ein frei verfügbares Tool, das ein breites Krankheitsspektrum abdeckt und unterschiedliche Bildtypen wie Fotos, Röntgen-, CT- oder MRT-Aufnahmen verarbeiten kann.;;CC-BY 4.0;https://civic-data.de/;
https://homeless.org.uk/what-we-do/streetlink-and-chain/chain/;CHAIN (Combined Homelessness and Information Network) ;{'Datenanwendung für die Öffentlichkeit': '', 'Erhebung': 'Datenerhebung', 'Dashboard': 'Datenreporting'};{'Wohnungslosenhilfe': 'Soziale Dienste', 'Soziale Arbeit': 'Soziale Dienste', 'Stadt': 'Stadtentwicklung'};https://homeless.org.uk/what-we-do/streetlink-and-chain/chain/;Homeless Link;online - in Betrieb;CHAIN (Combined Homelessness and Information Network) ist die umfassendste Datenbank zum Thema Obdachlosigkeit in Großbritannien. Das System wird von Homeless Link im Auftrag des Bürgermeisters von London betrieben und erfasst Informationen über Menschen, die auf der Straße leben oder einer Straßenlebensweise nachgehen. Outreach-Teams und spezialisierte Dienste dokumentieren Daten zu Unterstützungsbedarfen, Kontakten und Unterbringung, um Hilfe passgenau zu koordinieren und Doppelarbeit zu vermeiden. Die Berichte aus CHAIN liefern Entscheidungsträger\*innen wichtige Einblicke in Trends und Bedarfe und tragen so zur strategischen Weiterentwicklung der Obdachlosenhilfe bei.;CHAIN;CC-BY 4.0;https://civic-data.de/;
https://socialmap-berlin.de/l/de;Socialmap Berlin;{'Datenanwendung für Öffentlichkeit': 'Datenanwendung für Öffentlichkeit', 'interaktive Karte/ Verzeichnis': 'Karten & Verzeichnisse'};{'Stadt': 'Stadtentwicklung', 'Soziale Arbeit': 'Soziale Dienste', 'Beratung': 'Soziale Dienste'};https://socialmap-berlin.de/l/de;Paritätischer Wohlfahrtsverband Berlin;online - in Weiterentwicklung;socialmap berlin ist eine Online-Datenbank für Angebote der sozialen Arbeit, die von Mitgliedsorganisationen des Paritätischen Wohlfahrtsverbands Berlin bereitgestellt werden. Nutzer\*innen können Angebote nach Themen, Zielgruppen, Sprachen und Bezirken filtern und Kurzbeschreibungen mit Kontaktdaten sowie Standorten direkt ausdrucken oder per QR-Code abrufen. Die Plattform wird vom Paritätischen bereitgestellt, während die Organisationen ihre Einträge selbst pflegen.;socialmap;CC-BY 4.0;https://civic-data.de/;
https://www.beratungsnetz-migration.de/l/de;Berliner Beratungsnetz für Zugewanderte;{'Datenanwendung für Öffentlichkeit': 'Datenanwendung für Öffentlichkeit', 'interaktive Karte/ Verzeichnis': 'Karten & Verzeichnisse'};{'Stadt': 'Stadtentwicklung', 'Soziale Arbeit': 'Soziale Dienste', 'Integration': 'Inklusion & Teilhabe', 'Migration': 'Flucht & Migration'};https://www.beratungsnetz-migration.de/l/de;Verband für interkulturelle Arbeit (VIA) Regionalverband Berlin/Brandenburg e.V., GANGWAY – Straßensozialarbeit in Berlin e.V.;online - in Weiterentwicklung;Das „Berliner Beratungsnetz für Zugewanderte“ ist eine Online-Datenbank mit Beratungsangeboten für zugewanderte Menschen, die als Liste und Karte zur Verfügung steht. Dabei sind sowohl klassisch orientierende Migrationsberatungsstellen enthalten als auch die in den letzten Jahren entstandenen spezifischen Beratungs- und Unterstützungsangebote. Die Plattform richtet sich an Berater*innen und Fachkräfte, die Klient*innen weitervermitteln möchten.;BfZ;CC-BY 4.0;https://civic-data.de/;
https://mittendrin.in/l/de;Mittendrin in Brandenburg;{'Datenanwendung für Öffentlichkeit': 'Datenanwendung für Öffentlichkeit', 'interaktive Karte/ Verzeichnis': 'Karten & Verzeichnisse'};{'Stadt': 'Stadtentwicklung', 'Senior*innen': 'Soziale Dienste', 'Soziale Arbeit': 'Soziale Dienste'};https://mittendrin.in/l/de;Akademie 2. Lebenshälfte im Land Brandenburg e.V.;online - in Weiterentwicklung;mittendrin.in Brandenburg ist eine Informationsplattform für Menschen in der zweiten Lebenshälfte sowie für Ältere mit Pflegebedarf und ihre Angehörigen. Nutzerinnen und Anbieterinnen können Angebote aus Bereichen wie Freizeit, Beratung, Kultur oder Unterstützung selbst eintragen und abrufen. Alle Einträge werden geprüft und enthalten Angaben zu Kontakt und Barrierefreiheit. Ziel ist es, landesweit relevante Angebote zentral zugänglich zu machen, soziale und kulturelle Teilhabe zu fördern und digitale Kompetenzen zu stärken.;;CC-BY 4.0;https://civic-data.de/;
https://beyond-ai-collective.org/de/projects/kimodi/;KI-MoDi;{'KI Anwendung': '', 'Toolanalyse': 'Unterstützungstools'};{'Teilhabe': 'Inklusion & Teilhabe', 'Antidiskriminierung': 'Anti Dismkriminierung'};https://beyond-ai-collective.org/de/projects/kimodi/;beyond AI Collective;abgeschlossen/ eingestellt;KIMODI untersucht das selbst entwickelte Content-Moderation-Assistenz-Systems KOSMO auf Diskriminierungsrisiken in Online-Diskussionen und erarbeitet dafür ein Modell zur Analyse und reduktion von Diskriminierung in KI-Sprachmodellen. Das Ziel ist, mit mathematisch-statistische, technischen und nicht-technischen Verfahren Diskriminierung durch KI-Sprachmnodelle zu vermeiden.;KI-MoDi;CC-BY 4.0;https://civic-data.de/;
www.glaice.de;GLAICE - KI-basierte Assistenz für ein Leben mit Diabetes;{'Datenanwendung für Öffentlichkeit': 'Datenanwendung für Öffentlichkeit', 'KI Anwendung': ''};{'Gesundheit': 'Gesundheit', 'Diabetes': 'Gesundheit'};www.glaice.de;Glaice;online - in Testbetrieb;Glaice ist eine digitale Gesundheits-App, die Menschen mit Diabetes (Typ 1 und Typ 2) datenbasiert unterstützt. Das System analysiert persönliche Gesundheits-, Lebensstil- und Blutzuckerdaten mithilfe eines wissenschaftlich fundierten Algorithmus. Die App liefert nutzerzentrierte, verständliche Empfehlungen und maßgeschneiderte Beratung, um Sicherheit und Kontrolle im Alltag zu fördern. Dabei steht eine intuitive Benutzeroberfläche im Fokus, die auf sämtlichen Erfahrungsniveaus bedienbar ist.;GLAICE;CC-BY 4.0;https://civic-data.de/;
https://www.dfki.de/web/forschung/projekte-publikationen/projekt/stereoff;StereOFF ‒ Automatisierte Identifikation und Analyse von Geschlechterstereotypen;{'KI Anwendung': '', 'Datenanalyse': 'Datenanalyse'};{'Schule': 'Bildung', 'Bildung': 'Bildung', 'Antidiskriminierung': 'Anti Dismkriminierung', 'Gleichberechtigung': 'Anti Dismkriminierung', 'Teilhabe': 'Inklusion & Teilhabe'};https://www.dfki.de/web/forschung/projekte-publikationen/projekt/stereoff;Deutsches Forschungszentrum für Künstliche Intelligenz;abgeschlossen/ eingestellt;Das Projekt StereOFF entwickelt ein KI-Tool, das Geschlechterstereotype in Lehrmaterialien automatisch erkennt und analysiert. Ziel ist es, das Bewusstsein für Geschechterungleichheiten zu schärfen und eine gerechtere Bildung zu fördern.;StereOFF;CC-BY 4.0;https://civic-data.de/;
https://integreat-app.de/;Integreat;{'Datenanwendung für die Öffentlichkeit': '', 'KI Anwendung': '', 'Open Source': 'Open-Source-Software', 'Mehrsprachigkeit': 'Sprachtechnologie', 'Wissensplattform': 'Wissensorganisation'};{'Migration': 'Flucht & Migration', 'Beratung': 'Soziale Dienste', 'Teilhabe': 'Inklusion & Teilhabe', 'Integration': 'Inklusion & Teilhabe'};https://integreat-app.de/;Tür an Tür – Digitalfabrik gGmbH;online - in Weiterentwicklung;Integreat ist eine offene Integrationsplattform, die Städten und Landkreisen ermöglicht, Informationen für Zugewanderte zentral, mehrsprachig und barrierefrei bereitzustellen – als App, Website und bei Bedarf auch in Druckform. Inhalte können ohne IT-Kenntnisse gepflegt, automatisch übersetzt und lokal angepasst werden. Über 100 Kommunen setzen Integreat ein. Die Software wird Open-Source entwickelt.;;CC-BY 4.0;https://civic-data.de/;
https://tuerantuer.de/digitalfabrik/projekte/netzwerkobdachwohnen/;Netzwerk Obdach und Wohnen;{'Datenanwendung für die Öffentlichkeit': '', 'KI Anwendung': '', 'interaktive Karte/ Verzeichnis': 'Karten & Verzeichnisse', 'Mehrsprachigkeit': 'Sprachtechnologie'};{'Wohnungslosenhilfe': 'Soziale Dienste', 'Kältehilfe': 'Soziale Dienste'};https://tuerantuer.de/digitalfabrik/projekte/netzwerkobdachwohnen/;Tür an Tür – Digitalfabrik gGmbH;online - in Testbetrieb;Netzwerk Obdach & Wohnen ist eine digitale Plattform, die wohnungslosen Menschen verständliche und aktuelle Informationen zu Beratungsstellen, Notübernachtungen und Unterstützungsangeboten bereitstellt. Inhalte werden direkt von kommunalen Verwaltungen und Hilfsorganisationen gepflegt und sind über eine barrierearme Webanwendung auf Smartphone und PC zugänglich. Mehrsprachigkeit und eine datensparsame Kartenfunktion erleichtern die Nutzung, sodass Betroffene informierte Entscheidungen treffen und passende Hilfen finden können.;;CC-BY 4.0;https://civic-data.de/;
https://de.mi4people.org/dofe;DOfE - Data Open for Everyone;{'Datenanwendung für Öffentlichkeit': 'Datenanwendung für Öffentlichkeit', 'Dashboard': 'Datenreporting', 'Open Data': 'Öffentliche Daten'};{'Demokratie': 'Demokratie & Soziale Rechte', 'Transparenz': 'Inklusion & Teilhabe', 'Umwelt': 'Klima & Umwelt'};https://de.mi4people.org/dofe;MI4people;online - in Testbetrieb;DOfE – Data Open for Everyone entwickelt eine Plattform, die wichtige Daten wie Inflation, Arbeitslosenquote und Temperaturen in Deutschland sammelt, übersichtlich darstellt und verständlich aufbereitet. Ziel ist es, Transparenz in politischen Entscheidungsprozessen zu fördern.;DOfE;CC-BY 4.0;https://civic-data.de/;
https://unique-united.de/;Unique United;{'Datenanwendung für Öffentlichkeit': 'Datenanwendung für Öffentlichkeit', 'Wissensplattform': 'Wissensorganisation', 'Crowd-Sourced Daten': 'Öffentliche Daten', 'KI Anwendung': ''};{'Inklusion': 'Inklusion & Teilhabe', 'Teilhabe': 'Inklusion & Teilhabe'};https://unique-united.de/;Unique United GmbH;online - in Weiterentwicklung;Unique United ist eine von Menschen mit Behinderung entwickelte Plattform, die barrierefreie Vernetzung in allen Lebensbereichen ermöglicht. Sie bietet digitale Werkzeuge wie KI-gestützte barrierefreie Videos, Tools für Leichte Sprache, Fotokurse oder Programme für digitale Kompetenzen. Durch den Austausch von Angeboten, Tutorials und Hilfestellungen fördert die Plattform Inklusion und schafft neue Chancen für Teilhabe und ein selbstbestimmtes Leben.;;CC-BY 4.0;https://civic-data.de/;
https://consul.mehr-demokratie.info/;"Beteiligungsplattform ""Consul""";{'Datenanwendung für die Öffentlichkeit': '', 'Beteiligungsplattform': 'Digitale Plattformen', 'Open Source': 'Open-Source-Software', 'Tool': 'Unterstützungstools'};{'Stadt': 'Stadtentwicklung', 'Demokratie': 'Demokratie & Soziale Rechte', 'Teilhabe': 'Inklusion & Teilhabe', 'Transparenz': 'Inklusion & Teilhabe'};https://consul.mehr-demokratie.info/;Mehr Demokratie e.V.;online - in Betrieb;Consul ist eine Beteiligungsplattform für die Umsetzung von direkter Demokratie mit Fokus auf Städte, mit der Bürger*innen Vorschläge für politische Entscheidungsvorlagen eingereicht und darüber abstimmen können. Sie wurde ursprünglich in Spanien entwickelt und als Open Source Software durch Mehr Demokratie e.V. in Deutschland aufgegriffen.;;CC-BY 4.0;https://civic-data.de/;
senf.app;Senf.app Köln;{'Datenanwendung für die Öffentlichkeit': '', 'Beteiligungsplattform': 'Digitale Plattformen', 'KI Anwendung': '', 'Dashboard': 'Datenreporting', 'Tool': 'Unterstützungstools'};{'Stadt': 'Stadtentwicklung', 'Demokratie': 'Demokratie & Soziale Rechte', 'Teilhabe': 'Inklusion & Teilhabe', 'Transparenz': 'Inklusion & Teilhabe'};senf.app;Fuhr, Morino, Wild von Hohenborn GbR;online - in Betrieb;Senf ist eine digitale Beteiligungsplattform für Städteplanungsprojekte, um den Stadtraum aktiv mitzugestalten. Dort können Bürger*innen ihre Visionen für die Stadt auf einer interaktiven Karte teilen, liken und kommentieren. Die Auswertung erfolgt automatisiert mithilfe von KI.;;CC-BY 4.0;https://civic-data.de/;
https://machine-vs-rage.bag-gegen-hass.net/;Machine Against the Rage;{'Datenanwendung für die Öffentlichkeit': '', 'Datenanalyse': 'Datenanalyse', 'Dashboard': 'Datenreporting'};{'Demokratie': 'Demokratie & Soziale Rechte', 'Transparenz': 'Inklusion & Teilhabe', 'Antirassismus': 'Anti Dismkriminierung'};https://machine-vs-rage.bag-gegen-hass.net/;BAG »Gegen Hass im Netz«;online - in Weiterentwicklung;Machine against the rage ist ein Trendreport der BAG „Gegen Hass im Netz“, der Muster, Trends und Dynamiken digitalen Hasses untersucht. Mithilfe von Daten- und Netzwerkanalysen sowie qualitativer Forschung werden demokratiefeindliche Entwicklungen sichtbar gemacht und im vierteljährlich erscheinenden Report aufbereitet. Ergänzt durch ein visuelles Dashboard, Policy Briefs und Videos liefert der Report ein Frühwarnsystem für Politik und Öffentlichkeit, um extremistische Tendenzen und gefährliche Meinungsveränderungen frühzeitig zu erkennen und einzuordnen.;;CC-BY 4.0;https://civic-data.de/;
https://frankfurter-plattform-55plus.de/;Frankfurter Plattform 55+;{'Datenanwendung für Öffentlichkeit': 'Datenanwendung für Öffentlichkeit', 'interaktive Karte/ Verzeichnis': 'Karten & Verzeichnisse', 'Crowd-Sourced Daten': 'Öffentliche Daten'};{'Teilhabe': 'Inklusion & Teilhabe', 'Senioren': 'Soziale Dienste'};https://frankfurter-plattform-55plus.de/;VHS Frankfurt;online - in Betrieb;Die Frankfurter Plattform 55+ ist ein zentrales Online-Portal für Bildungs- und Beratungsangebote für ältere Menschen in Frankfurt am Main. Initiiert von der VHS Frankfurt im Auftrag der Stadt, bündelt die Plattform vielfältige Angebote in den Bereichen „Bildung & Begegnung“ sowie „Beratung & Hilfe“. Ziel ist es, Senior*innen einen schnellen und transparenten Überblick über ortsnahe Angebote zu geben, kulturelle Teilhabe zu fördern und lebenslanges Lernen zu unterstützen. Die Plattform lebt vom Mitwirken zahlreicher Anbietender und der aktiven Nutzung durch die Frankfurter Stadtgesellschaft.;FP55+;CC-BY 4.0;https://civic-data.de/;
https://jugendhilfe.ai/;jugendhilfe.ai;{'Datenanwendung für die Öffentlichkeit': '', 'KI Anwendung': '', 'Tool': 'Unterstützungstools'};{'Soziale Arbeit': 'Soziale Dienste', 'Jugendhilfe': 'Jugendhilfe', 'Legal Tech': ''};https://jugendhilfe.ai/;Social Impact gGmbH;online - in Weiterentwicklung;Jugendhilfe.ai bietet eine KI-gestützte Suchmaschine für Fachkräfte, die gesetzliche Ansprüche und Finanzierungsmöglichkeiten schnell auffindbar macht. Ein Sprachmodell (LLM) verarbeitet Gesetzestexte zu verständlichen Antworten, spart Arbeitszeit und erleichtert die Hilfeplanung.;JUGENDHILFE.ai;CC-BY 4.0;https://civic-data.de/;
https://www.tmz-hamm.de/;telemedizin zentrum hamm;{'KI Anwendung': '', 'Telemedizin': '', 'Datenanwendung für die Öffentlichkeit': ''};{'Demenz': 'Gesundheit', 'pflegende Angehörige': 'Gesundheit', 'gesundheit': 'Gesundheit'};https://www.tmz-hamm.de/;Hochschule Hamm Lippstadt;online - in Weiterentwicklung;Die Plattform unterstützt pflegende Angehörige, indem sie neben Online-Kursen und Beratungen auch telemedizinische KI-gestützte Anwendungen zur Demenzfrüherkennung entwickelt und anbietet.;TMZ Hamm;CC-BY 4.0;https://civic-data.de/;
https://www.generationgermany.de/presse/;Generation Germany Jugendstudie;{'Datenanwendung für Öffentlichkeit': 'Datenanwendung für Öffentlichkeit', 'Erhebung': 'Datenerhebung', 'Datenanalyse': 'Datenanalyse', 'Datenvisualisierung': 'Datenreporting'};{'Demokratie': 'Demokratie & Soziale Rechte', 'Partizipation': 'Inklusion & Teilhabe', 'Jugendbeteiligung': 'Jugendhilfe'};https://www.generationgermany.de/presse/;Children for a better World e.V.;online - in Betrieb;Zur Förderung von Demokratie und Jugendbeteiligung veröffentlicht der spendenfinanzierte Verein Children for a better world regelmäßig begleitende Studien zu ihrem Demokratiefestival durch.;GenGer;CC-BY 4.0;https://civic-data.de/;
https://go.ifrc.org/;IFRC GO - Disaster Response and Preparedness;{'Datenanwendung für Öffentlichkeit': 'Datenanwendung für Öffentlichkeit', 'interaktive Karte/ Verzeichnis': 'Karten & Verzeichnisse', 'Open Source': 'Open-Source-Software'};{'Katastrophenschutz': 'Gesundheit', 'Humanitäre Hilfe': 'Internationale Projekte'};https://go.ifrc.org/;International Federation of Red Cross;online - in Betrieb;Die Plattform IFRC GO des Internationalen Roten Kreuzes bündelt Informationen über Katastrophen zentral auf einem Dashboard und interaktiven Karte. Damit sollen Entscheidungen für den Einsatz von humanitärer Hilfe datenbasiert unterstützt, Frühwarnungen ermöglicht und der weltweite Einsatz sichtbar gemacht werden.;GO;CC-BY 4.0;https://civic-data.de/;
https://civic-data.de/output-monitoring-ten-sing/;TEN SING Gesamterhebung;{'Interne Datenanwendung': 'Interne Datenanwendung', 'Output Monitoring': 'Wirkungsmessung', 'Reporting': 'Datenreporting', 'Dashboard': 'Datenreporting'};{'Jugendarbeit': 'Jugendhilfe', 'Vernetzung': 'Organisation & Professionalisierung', 'Wirkungsmessung': 'Organisation & Professionalisierung', 'Evaluation': 'Organisation & Professionalisierung'};https://civic-data.de/output-monitoring-ten-sing/;Christlicher Verein Junger Menschen, CDL;online - im Testbetrieb;TenSing ist ein Musikprojekt für Jugendliche und nutzt Daten aus qualitativen und quantitativen Teilnehmendenbefragungen effektiv für die Weiterentwicklung und Verstetigung des Programms. Die gesammelten Daten sollen mit Hilfe des Civic Data Lab in einem Dashboard visualisiert und analysiert werden.;;CC-BY 4.0;https://civic-data.de/;
https://citylab-berlin.org/de/projects/baergpt/;BärGPT;{'KI-Assistent': '', 'KI-gestützte Funktionen': '', 'Dokumentenverwaltung': '', 'RAG-Suche': ''};{'Berlin': '', 'Verwaltung': 'Organisation & Professionalisierung', 'öffentliche Verwaltung': '', 'Landesverwaltung': ''};https://citylab-berlin.org/de/projects/baergpt/;CityLAB Berlin;In Planung;Der KI-Assistent für die Berliner Landesverwaltung.;BärGPT;CC BY-NC-SA;https://citylab-berlin.org;0.0
https://citylab-berlin.org/de/projects/fairgnuegen/;Fairgnügen;{'Analyse von Sensordaten und ML': 'Künstliche Intelligenz', 'Automatisierte Datenübermittlung': 'Datenmanagement', 'Bericht': 'Datenreporting', 'Crowd-Sourced Daten': 'Öffentliche Daten', 'Dashboard': 'Datenreporting', 'Datenanalyse': 'Datenanalyse', 'Datenerhebung': 'Datenerhebung', 'Datenanwendung für Öffentlichkeit': 'Datenanwendung für Öffentlichkeit', 'Datenstandards': 'Datenmanagement', 'Datensatz und Visualisierung': 'Datenreporting', 'Digitale Plattform': 'Digitale Plattformen', 'Dokumentations- und Netzwerktool': 'Unterstützungstools', 'Entscheidungsassistent': 'Virtuelle Assistenz', 'Festival und Studie': 'Datenreporting', 'Generative KI': 'Künstliche Intelligenz', 'Interaktive App': 'Webanwendungen', 'Interaktive Karte': 'Karten & Verzeichnisse', 'Interaktiver Fragebogen': 'Datenerhebung', 'Interne Datenanwendung': 'Interne Datenanwendung', 'KI Anwendung': '', 'Karte': 'Karten & Verzeichnisse', 'Knowledge Graph': 'Wissensorganisation', 'Large Language Model (LLM)': 'Sprachtechnologie', 'Matching': 'Datenanalyse', 'Monitoring': 'Wirkungsmessung', 'Offene Daten': 'Öffentliche Daten', 'Output Monitoring': 'Wirkungsmessung', 'Plattform für Wahlentscheidungen': 'Digitale Plattformen', 'Prozessautomatisierung': 'Automatisierung', 'Reporting': 'Datenreporting', 'Skalierung der Wirkungsmessung': 'Wirkungsmessung', 'Sprach-Editor': 'Sprachtechnologie', 'Umfrage': 'Datenerhebung', 'Übersetzungsassistent': 'Sprachtechnologie', 'Vernetzungsassistent': 'Virtuelle Assistenz', 'Verzeichnis / Karte': 'Karten & Verzeichnisse', 'Visualisierung mit Karten': 'Karten & Verzeichnisse', 'Zugänglichkeit Offene Daten des Statistischen Bundesamts': 'Öffentliche Daten'};{'Afrika': 'Internationale Projekte', 'Antidiskriminierung': 'Anti Dismkriminierung', 'Antirassismus': 'Anti Dismkriminierung', 'Arbeit mit Kindern': 'Jugendhilfe', 'Armut': 'Arbeit & Soziales', 'Barrierefreiheit': 'Inklusion & Teilhabe', 'Beratung': 'Soziale Dienste', 'Chancengleichheit': 'Anti Dismkriminierung', 'Demokratie': 'Demokratie & Soziale Rechte', 'Demenz': 'Gesundheit', 'Datenschutz': '', 'Energie': 'Klima & Umwelt', 'Ethik': 'Demokratie & Soziale Rechte', 'Evaluation': 'Organisation & Professionalisierung', 'Frauen': 'Anti Dismkriminierung', 'Fundraising': 'Organisation & Professionalisierung', 'Geflüchtete': 'Flucht & Migration', 'Genderneutrale Sprache': '', 'Gleichberechtigung': 'Anti Dismkriminierung', 'Gleichstellung': 'Anti Dismkriminierung', 'Gesundheit': 'Gesundheit', 'Humanitäre Hilfe': 'Internationale Projekte', 'Indien': 'Internationale Projekte', 'Inklusion': 'Inklusion & Teilhabe', 'Integration': 'Inklusion & Teilhabe', 'International': 'Internationale Projekte', 'Jugendarbeit': 'Jugendhilfe', 'Jugendbeteiligung': 'Jugendhilfe', 'Jugendhilfe': 'Jugendhilfe', 'Kamerun': 'Internationale Projekte', 'Katastrophenschutz': 'Gesundheit', 'Kältehilfe': 'Soziale Dienste', 'Kinderschutz': 'Jugendhilfe', 'Kinder- und Jugendhilfe': 'Jugendhilfe', 'KI': 'Gesundheit', 'Kongo': 'Internationale Projekte', 'Kroatien': 'Internationale Projekte', 'Landwirtschaft': 'Klima & Umwelt', 'Meeresschutz': 'Klima & Umwelt', 'Mentale Gesundheit': 'Gesundheit', 'Mentoring': 'Bildung', 'Menschen mit Behinderung': 'Inklusion & Teilhabe', 'Menschenrechte': 'Demokratie & Soziale Rechte', 'Migration': 'Flucht & Migration', 'Migrationsberatung': 'Flucht & Migration', 'Nachhaltigkeit': 'Klima & Umwelt', 'Offene Daten': '', 'Partizipation': 'Inklusion & Teilhabe', 'Patenschaft': 'Organisation & Professionalisierung', 'Pflege': 'Gesundheit', 'Pflegende Angehörige': '', 'Queere Sichtbarkeit': 'Anti Dismkriminierung', 'Rettungsdienst': 'Gesundheit', 'Senioren': 'Soziale Dienste', 'Soziale Arbeit': 'Soziale Dienste', 'Sport': 'Sport', 'Stadt': 'Stadtentwicklung', 'Stadtplanung': 'Stadtentwicklung', 'Teilhabe': 'Inklusion & Teilhabe', 'Telemedizin': 'Gesundheit', 'Transparenz': 'Inklusion & Teilhabe', 'Türkei': 'Internationale Projekte', 'Umwelt': 'Klima & Umwelt', 'Umweltschutz': 'Klima & Umwelt', 'Vernetzung': 'Organisation & Professionalisierung', 'Verwaltung': 'Organisation & Professionalisierung', 'Wirkungsmessung': 'Organisation & Professionalisierung', 'Wohlfahrt': 'Soziale Dienste', 'Wohnen': 'Stadtentwicklung', 'Wohnungslosenhilfe': 'Soziale Dienste', 'Wissensmanagement': 'Organisation & Professionalisierung'};https://citylab-berlin.org/de/projects/fairgnuegen/;CityLAB Berlin;In Planung;Unsere neue Webseite hilft bei der Suche nach über 400 kostenlosen und ermäßigten Angeboten.;;CC BY-NC-SA;https://citylab-berlin.org;1.0
https://citylab-berlin.org/de/projects/parla/;Parla;{'KI-Tool': '', 'Wissensmanagement': 'Wissensorganisation', 'Datenanalyse': 'Datenanalyse'};{'Verwaltung': 'Organisation & Professionalisierung', 'Demokratie': 'Demokratie & Soziale Rechte', 'Öffentliche Verwaltung': ''};https://citylab-berlin.org/de/projects/parla/;CityLAB Berlin;In Planung;Das neue KI-Tool Parla macht Schriftliche Anfragen durchsuchbar. ;;CC BY-NC-SA;https://citylab-berlin.org;2.0
https://citylab-berlin.org/de/projects/kiezlabor/;Kiezlabor;{'Analyse von Sensordaten und ML': 'Künstliche Intelligenz', 'Automatisierte Datenübermittlung': 'Datenmanagement', 'Bericht': 'Datenreporting', 'Crowd-Sourced Daten': 'Öffentliche Daten', 'Dashboard': 'Datenreporting', 'Datenanalyse': 'Datenanalyse', 'Datenerhebung': 'Datenerhebung', 'Datenanwendung für Öffentlichkeit': 'Datenanwendung für Öffentlichkeit', 'Datenstandards': 'Datenmanagement', 'Datensatz und Visualisierung': 'Datenreporting', 'Digitale Plattform': 'Digitale Plattformen', 'Dokumentations- und Netzwerktool': 'Unterstützungstools', 'Entscheidungsassistent': 'Virtuelle Assistenz', 'Festival und Studie': 'Datenreporting', 'Generative KI': 'Künstliche Intelligenz', 'Interaktive App': 'Webanwendungen', 'Interaktive Karte': 'Karten & Verzeichnisse', 'Interaktiver Fragebogen': 'Datenerhebung', 'Interne Datenanwendung': 'Interne Datenanwendung', 'KI Anwendung': '', 'Karte': 'Karten & Verzeichnisse', 'Knowledge Graph': 'Wissensorganisation', 'Large Language Model (LLM)': 'Sprachtechnologie', 'Matching': 'Datenanalyse', 'Monitoring': 'Wirkungsmessung', 'Offene Daten': 'Öffentliche Daten', 'Output Monitoring': 'Wirkungsmessung', 'Plattform für Wahlentscheidungen': 'Digitale Plattformen', 'Prozessautomatisierung': 'Automatisierung', 'Reporting': 'Datenreporting', 'Skalierung der Wirkungsmessung': 'Wirkungsmessung', 'Sprach-Editor': 'Sprachtechnologie', 'Umfrage': 'Datenerhebung', 'Übersetzungsassistent': 'Sprachtechnologie', 'Vernetzungsassistent': 'Virtuelle Assistenz', 'Verzeichnis / Karte': 'Karten & Verzeichnisse', 'Visualisierung mit Karten': 'Karten & Verzeichnisse', 'Zugänglichkeit Offene Daten des Statistischen Bundesamts': 'Öffentliche Daten'};{'Afrika': 'Internationale Projekte', 'Antidiskriminierung': 'Anti Dismkriminierung', 'Antirassismus': 'Anti Dismkriminierung', 'Arbeit mit Kindern': 'Jugendhilfe', 'Armut': 'Arbeit & Soziales', 'Barrierefreiheit': 'Inklusion & Teilhabe', 'Beratung': 'Soziale Dienste', 'Chancengleichheit': 'Anti Dismkriminierung', 'Demokratie': 'Demokratie & Soziale Rechte', 'Demenz': 'Gesundheit', 'Datenschutz': '', 'Energie': 'Klima & Umwelt', 'Ethik': 'Demokratie & Soziale Rechte', 'Evaluation': 'Organisation & Professionalisierung', 'Frauen': 'Anti Dismkriminierung', 'Fundraising': 'Organisation & Professionalisierung', 'Geflüchtete': 'Flucht & Migration', 'Genderneutrale Sprache': '', 'Gleichberechtigung': 'Anti Dismkriminierung', 'Gleichstellung': 'Anti Dismkriminierung', 'Gesundheit': 'Gesundheit', 'Humanitäre Hilfe': 'Internationale Projekte', 'Indien': 'Internationale Projekte', 'Inklusion': 'Inklusion & Teilhabe', 'Integration': 'Inklusion & Teilhabe', 'International': 'Internationale Projekte', 'Jugendarbeit': 'Jugendhilfe', 'Jugendbeteiligung': 'Jugendhilfe', 'Jugendhilfe': 'Jugendhilfe', 'Kamerun': 'Internationale Projekte', 'Katastrophenschutz': 'Gesundheit', 'Kältehilfe': 'Soziale Dienste', 'Kinderschutz': 'Jugendhilfe', 'Kinder- und Jugendhilfe': 'Jugendhilfe', 'KI': 'Gesundheit', 'Kongo': 'Internationale Projekte', 'Kroatien': 'Internationale Projekte', 'Landwirtschaft': 'Klima & Umwelt', 'Meeresschutz': 'Klima & Umwelt', 'Mentale Gesundheit': 'Gesundheit', 'Mentoring': 'Bildung', 'Menschen mit Behinderung': 'Inklusion & Teilhabe', 'Menschenrechte': 'Demokratie & Soziale Rechte', 'Migration': 'Flucht & Migration', 'Migrationsberatung': 'Flucht & Migration', 'Nachhaltigkeit': 'Klima & Umwelt', 'Offene Daten': '', 'Partizipation': 'Inklusion & Teilhabe', 'Patenschaft': 'Organisation & Professionalisierung', 'Pflege': 'Gesundheit', 'Pflegende Angehörige': '', 'Queere Sichtbarkeit': 'Anti Dismkriminierung', 'Rettungsdienst': 'Gesundheit', 'Senioren': 'Soziale Dienste', 'Soziale Arbeit': 'Soziale Dienste', 'Sport': 'Sport', 'Stadt': 'Stadtentwicklung', 'Stadtplanung': 'Stadtentwicklung', 'Teilhabe': 'Inklusion & Teilhabe', 'Telemedizin': 'Gesundheit', 'Transparenz': 'Inklusion & Teilhabe', 'Türkei': 'Internationale Projekte', 'Umwelt': 'Klima & Umwelt', 'Umweltschutz': 'Klima & Umwelt', 'Vernetzung': 'Organisation & Professionalisierung', 'Verwaltung': 'Organisation & Professionalisierung', 'Wirkungsmessung': 'Organisation & Professionalisierung', 'Wohlfahrt': 'Soziale Dienste', 'Wohnen': 'Stadtentwicklung', 'Wohnungslosenhilfe': 'Soziale Dienste', 'Wissensmanagement': 'Organisation & Professionalisierung'};https://citylab-berlin.org/de/projects/kiezlabor/;CityLAB Berlin;In Planung;Das Kiezlabor bringt den prototypischen Ansatz des CityLAB Berlin in die Kieze.;;CC BY-NC-SA;https://citylab-berlin.org;3.0
https://citylab-berlin.org/de/projects/data-hub-berlin/;Data Hub Berlin  ;{'Datenanalyse': 'Datenanalyse', 'Datenanwendung für Öffentlichkeit': 'Datenanwendung für Öffentlichkeit', 'Datenstandards': 'Datenmanagement', 'Datensatz und Visualisierung': 'Datenreporting', 'Digitale Plattform': 'Digitale Plattformen', 'Dokumentations- und Netzwerktool': 'Unterstützungstools', 'Entscheidungsassistent': 'Virtuelle Assistenz', 'Festival und Studie': 'Datenreporting', 'Generative KI': 'Künstliche Intelligenz', 'Interaktive App': 'Webanwendungen', 'Interaktive Karte': 'Karten & Verzeichnisse', 'Interaktiver Fragebogen': 'Datenerhebung', 'Interne Datenanwendung': 'Interne Datenanwendung', 'KI Anwendung': '', 'Karte': 'Karten & Verzeichnisse', 'Knowledge Graph': 'Wissensorganisation', 'Large Language Model (LLM)': 'Sprachtechnologie', 'Matching': 'Datenanalyse', 'Monitoring': 'Wirkungsmessung', 'Offene Daten': 'Öffentliche Daten', 'Output Monitoring': 'Wirkungsmessung', 'Plattform für Wahlentscheidungen': 'Digitale Plattformen', 'Prozessautomatisierung': 'Automatisierung', 'Reporting': 'Datenreporting', 'Skalierung der Wirkungsmessung': 'Wirkungsmessung', 'Sprach-Editor': 'Sprachtechnologie', 'Umfrage': 'Datenerhebung', 'Übersetzungsassistent': 'Sprachtechnologie', 'Vernetzungsassistent': 'Virtuelle Assistenz', 'Verzeichnis / Karte': 'Karten & Verzeichnisse', 'Visualisierung mit Karten': 'Karten & Verzeichnisse', 'Zugänglichkeit Offene Daten des Statistischen Bundesamts': 'Öffentliche Daten'};{'Afrika': 'Internationale Projekte', 'Antidiskriminierung': 'Anti Dismkriminierung', 'Antirassismus': 'Anti Dismkriminierung', 'Arbeit mit Kindern': 'Jugendhilfe', 'Armut': 'Arbeit & Soziales', 'Barrierefreiheit': 'Inklusion & Teilhabe', 'Beratung': 'Soziale Dienste', 'Chancengleichheit': 'Anti Dismkriminierung', 'Demokratie': 'Demokratie & Soziale Rechte', 'Demenz': 'Gesundheit', 'Datenschutz': '', 'Energie': 'Klima & Umwelt', 'Ethik': 'Demokratie & Soziale Rechte', 'Evaluation': 'Organisation & Professionalisierung', 'Frauen': 'Anti Dismkriminierung', 'Fundraising': 'Organisation & Professionalisierung', 'Geflüchtete': 'Flucht & Migration', 'Genderneutrale Sprache': '', 'Gleichberechtigung': 'Anti Dismkriminierung', 'Gleichstellung': 'Anti Dismkriminierung', 'Gesundheit': 'Gesundheit', 'Humanitäre Hilfe': 'Internationale Projekte', 'Indien': 'Internationale Projekte', 'Inklusion': 'Inklusion & Teilhabe', 'Integration': 'Inklusion & Teilhabe', 'International': 'Internationale Projekte', 'Jugendarbeit': 'Jugendhilfe', 'Jugendbeteiligung': 'Jugendhilfe', 'Jugendhilfe': 'Jugendhilfe', 'Kamerun': 'Internationale Projekte', 'Katastrophenschutz': 'Gesundheit', 'Kältehilfe': 'Soziale Dienste', 'Kinderschutz': 'Jugendhilfe', 'Kinder- und Jugendhilfe': 'Jugendhilfe', 'KI': 'Gesundheit', 'Kongo': 'Internationale Projekte', 'Kroatien': 'Internationale Projekte', 'Landwirtschaft': 'Klima & Umwelt', 'Meeresschutz': 'Klima & Umwelt', 'Mentale Gesundheit': 'Gesundheit', 'Mentoring': 'Bildung', 'Menschen mit Behinderung': 'Inklusion & Teilhabe', 'Menschenrechte': 'Demokratie & Soziale Rechte', 'Migration': 'Flucht & Migration', 'Migrationsberatung': 'Flucht & Migration', 'Nachhaltigkeit': 'Klima & Umwelt', 'Offene Daten': '', 'Partizipation': 'Inklusion & Teilhabe', 'Patenschaft': 'Organisation & Professionalisierung', 'Pflege': 'Gesundheit', 'Pflegende Angehörige': '', 'Queere Sichtbarkeit': 'Anti Dismkriminierung', 'Rettungsdienst': 'Gesundheit', 'Senioren': 'Soziale Dienste', 'Soziale Arbeit': 'Soziale Dienste', 'Sport': 'Sport', 'Stadt': 'Stadtentwicklung', 'Stadtplanung': 'Stadtentwicklung', 'Teilhabe': 'Inklusion & Teilhabe', 'Telemedizin': 'Gesundheit', 'Transparenz': 'Inklusion & Teilhabe', 'Türkei': 'Internationale Projekte', 'Umwelt': 'Klima & Umwelt', 'Umweltschutz': 'Klima & Umwelt', 'Vernetzung': 'Organisation & Professionalisierung', 'Verwaltung': 'Organisation & Professionalisierung', 'Wirkungsmessung': 'Organisation & Professionalisierung', 'Wohlfahrt': 'Soziale Dienste', 'Wohnen': 'Stadtentwicklung', 'Wohnungslosenhilfe': 'Soziale Dienste', 'Wissensmanagement': 'Organisation & Professionalisierung'};https://citylab-berlin.org/de/projects/data-hub-berlin/;CityLAB Berlin;In Planung;Die zentrale Plattform für ein bessere Wertschöpfung der Berliner Datenschätze. ;;CC BY-NC-SA;https://citylab-berlin.org;4.0
https://citylab-berlin.org/de/projects/partizipation-digital/;Partizipation Digital ;{'Analyse von Sensordaten und ML': 'Künstliche Intelligenz', 'Digitale Plattform': 'Digitale Plattformen', 'Interaktive App': 'Webanwendungen', 'KI Anwendung': '', 'Monitoring': 'Wirkungsmessung', 'Prozessautomatisierung': 'Automatisierung', 'Reporting': 'Datenreporting', 'Skalierung der Wirkungsmessung': 'Wirkungsmessung'};{'Ankommen in Berlin': '', 'Afrika': 'Internationale Projekte', 'Antidiskriminierung': 'Anti Dismkriminierung', 'Antirassismus': 'Anti Dismkriminierung', 'Arbeit mit Kindern': 'Jugendhilfe', 'Armut': 'Arbeit & Soziales', 'Barrierefreiheit': 'Inklusion & Teilhabe', 'Beratung': 'Soziale Dienste', 'Chancengleichheit': 'Anti Dismkriminierung', 'Demokratie': 'Demokratie & Soziale Rechte', 'Demenz': 'Gesundheit', 'Datenschutz': '', 'Energie': 'Klima & Umwelt', 'Ethik': 'Demokratie & Soziale Rechte', 'Evaluation': 'Organisation & Professionalisierung', 'Frauen': 'Anti Dismkriminierung', 'Fundraising': 'Organisation & Professionalisierung', 'Geflüchtete': 'Flucht & Migration', 'Genderneutrale Sprache': '', 'Gleichberechtigung': 'Anti Dismkriminierung', 'Gleichstellung': 'Anti Dismkriminierung', 'Gesundheit': 'Gesundheit', 'Humanitäre Hilfe': 'Internationale Projekte', 'Indien': 'Internationale Projekte', 'Inklusion': 'Inklusion & Teilhabe', 'Integration': 'Inklusion & Teilhabe', 'International': 'Internationale Projekte', 'Jugendarbeit': 'Jugendhilfe', 'Jugendbeteiligung': 'Jugendhilfe', 'Jugendhilfe': 'Jugendhilfe', 'Kamerun': 'Internationale Projekte', 'Katastrophenschutz': 'Gesundheit', 'Kältehilfe': 'Soziale Dienste', 'Kinderschutz': 'Jugendhilfe', 'Kinder- und Jugendhilfe': 'Jugendhilfe', 'KI': 'Gesundheit', 'Kongo': 'Internationale Projekte', 'Kroatien': 'Internationale Projekte', 'Landwirtschaft': 'Klima & Umwelt', 'Meeresschutz': 'Klima & Umwelt', 'Mentale Gesundheit': 'Gesundheit', 'Mentoring': 'Bildung', 'Menschen mit Behinderung': 'Inklusion & Teilhabe', 'Menschenrechte': 'Demokratie & Soziale Rechte', 'Migration': 'Flucht & Migration', 'Migrationsberatung': 'Flucht & Migration', 'Nachhaltigkeit': 'Klima & Umwelt', 'Offene Daten': '', 'Partizipation': 'Inklusion & Teilhabe', 'Patenschaft': 'Organisation & Professionalisierung', 'Pflege': 'Gesundheit', 'Pflegende Angehörige': '', 'Queere Sichtbarkeit': 'Anti Dismkriminierung', 'Rettungsdienst': 'Gesundheit', 'Senioren': 'Soziale Dienste', 'Soziale Arbeit': 'Soziale Dienste', 'Sport': 'Sport', 'Stadt': 'Stadtentwicklung', 'Stadtplanung': 'Stadtentwicklung', 'Teilhabe': 'Inklusion & Teilhabe', 'Telemedizin': 'Gesundheit', 'Transparenz': 'Inklusion & Teilhabe', 'Türkei': 'Internationale Projekte', 'Umwelt': 'Klima & Umwelt', 'Umweltschutz': 'Klima & Umwelt', 'Vernetzung': 'Organisation & Professionalisierung', 'Verwaltung': 'Organisation & Professionalisierung', 'Wirkungsmessung': 'Organisation & Professionalisierung', 'Wohlfahrt': 'Soziale Dienste', 'Wohnen': 'Stadtentwicklung', 'Wohnungslosenhilfe': 'Soziale Dienste', 'Wissensmanagement': 'Organisation & Professionalisierung'};https://citylab-berlin.org/de/projects/partizipation-digital/;CityLAB Berlin;In Planung;Eine prototypische Lösung soll den Ankunftsprozess unterstützen und verbessern.;;CC BY-NC-SA;https://citylab-berlin.org;5.0
https://citylab-berlin.org/de/projects/govtech-testlab/;GovTech TestLAB;{'Analyse von Sensordaten und ML': 'Künstliche Intelligenz', 'Automatisierte Datenübermittlung': 'Datenmanagement', 'Bericht': 'Datenreporting', 'Crowd-Sourced Daten': 'Öffentliche Daten', 'Dashboard': 'Datenreporting', 'Datenanalyse': 'Datenanalyse', 'Datenerhebung': 'Datenerhebung', 'Datenanwendung für Öffentlichkeit': 'Datenanwendung für Öffentlichkeit', 'Datenstandards': 'Datenmanagement', 'Datensatz und Visualisierung': 'Datenreporting', 'Digitale Plattform': 'Digitale Plattformen', 'Dokumentations- und Netzwerktool': 'Unterstützungstools', 'Entscheidungsassistent': 'Virtuelle Assistenz', 'Festival und Studie': 'Datenreporting', 'Generative KI': 'Künstliche Intelligenz', 'Interaktive App': 'Webanwendungen', 'Interaktive Karte': 'Karten & Verzeichnisse', 'Interaktiver Fragebogen': 'Datenerhebung', 'Interne Datenanwendung': 'Interne Datenanwendung', 'KI Anwendung': '', 'Karte': 'Karten & Verzeichnisse', 'Knowledge Graph': 'Wissensorganisation', 'Large Language Model (LLM)': 'Sprachtechnologie', 'Matching': 'Datenanalyse', 'Monitoring': 'Wirkungsmessung', 'Offene Daten': 'Öffentliche Daten', 'Output Monitoring': 'Wirkungsmessung', 'Plattform für Wahlentscheidungen': 'Digitale Plattformen', 'Prozessautomatisierung': 'Automatisierung', 'Reporting': 'Datenreporting', 'Skalierung der Wirkungsmessung': 'Wirkungsmessung', 'Sprach-Editor': 'Sprachtechnologie', 'Umfrage': 'Datenerhebung', 'Übersetzungsassistent': 'Sprachtechnologie', 'Vernetzungsassistent': 'Virtuelle Assistenz', 'Verzeichnis / Karte': 'Karten & Verzeichnisse', 'Visualisierung mit Karten': 'Karten & Verzeichnisse', 'Zugänglichkeit Offene Daten des Statistischen Bundesamts': 'Öffentliche Daten'};{'Afrika': 'Internationale Projekte', 'Antidiskriminierung': 'Anti Dismkriminierung', 'Antirassismus': 'Anti Dismkriminierung', 'Arbeit mit Kindern': 'Jugendhilfe', 'Armut': 'Arbeit & Soziales', 'Barrierefreiheit': 'Inklusion & Teilhabe', 'Beratung': 'Soziale Dienste', 'Chancengleichheit': 'Anti Dismkriminierung', 'Demokratie': 'Demokratie & Soziale Rechte', 'Demenz': 'Gesundheit', 'Datenschutz': '', 'Energie': 'Klima & Umwelt', 'Ethik': 'Demokratie & Soziale Rechte', 'Evaluation': 'Organisation & Professionalisierung', 'Frauen': 'Anti Dismkriminierung', 'Fundraising': 'Organisation & Professionalisierung', 'Geflüchtete': 'Flucht & Migration', 'Genderneutrale Sprache': '', 'Gleichberechtigung': 'Anti Dismkriminierung', 'Gleichstellung': 'Anti Dismkriminierung', 'Gesundheit': 'Gesundheit', 'Humanitäre Hilfe': 'Internationale Projekte', 'Indien': 'Internationale Projekte', 'Inklusion': 'Inklusion & Teilhabe', 'Integration': 'Inklusion & Teilhabe', 'International': 'Internationale Projekte', 'Jugendarbeit': 'Jugendhilfe', 'Jugendbeteiligung': 'Jugendhilfe', 'Jugendhilfe': 'Jugendhilfe', 'Kamerun': 'Internationale Projekte', 'Katastrophenschutz': 'Gesundheit', 'Kältehilfe': 'Soziale Dienste', 'Kinderschutz': 'Jugendhilfe', 'Kinder- und Jugendhilfe': 'Jugendhilfe', 'KI': 'Gesundheit', 'Kongo': 'Internationale Projekte', 'Kroatien': 'Internationale Projekte', 'Landwirtschaft': 'Klima & Umwelt', 'Meeresschutz': 'Klima & Umwelt', 'Mentale Gesundheit': 'Gesundheit', 'Mentoring': 'Bildung', 'Menschen mit Behinderung': 'Inklusion & Teilhabe', 'Menschenrechte': 'Demokratie & Soziale Rechte', 'Migration': 'Flucht & Migration', 'Migrationsberatung': 'Flucht & Migration', 'Nachhaltigkeit': 'Klima & Umwelt', 'Offene Daten': '', 'Partizipation': 'Inklusion & Teilhabe', 'Patenschaft': 'Organisation & Professionalisierung', 'Pflege': 'Gesundheit', 'Pflegende Angehörige': '', 'Queere Sichtbarkeit': 'Anti Dismkriminierung', 'Rettungsdienst': 'Gesundheit', 'Senioren': 'Soziale Dienste', 'Soziale Arbeit': 'Soziale Dienste', 'Sport': 'Sport', 'Stadt': 'Stadtentwicklung', 'Stadtplanung': 'Stadtentwicklung', 'Teilhabe': 'Inklusion & Teilhabe', 'Telemedizin': 'Gesundheit', 'Transparenz': 'Inklusion & Teilhabe', 'Türkei': 'Internationale Projekte', 'Umwelt': 'Klima & Umwelt', 'Umweltschutz': 'Klima & Umwelt', 'Vernetzung': 'Organisation & Professionalisierung', 'Verwaltung': 'Organisation & Professionalisierung', 'Wirkungsmessung': 'Organisation & Professionalisierung', 'Wohlfahrt': 'Soziale Dienste', 'Wohnen': 'Stadtentwicklung', 'Wohnungslosenhilfe': 'Soziale Dienste', 'Wissensmanagement': 'Organisation & Professionalisierung'};https://citylab-berlin.org/de/projects/govtech-testlab/;CityLAB Berlin;In Planung;Wir schaffen einen Raum, in dem Lösungen ausprobiert und bewertet werden können.;;CC BY-NC-SA;https://citylab-berlin.org;6.0
https://citylab-berlin.org/de/projects/stadtlabor2go/;Stadtlabor2Go;{'Analyse von Sensordaten und ML': 'Künstliche Intelligenz', 'Automatisierte Datenübermittlung': 'Datenmanagement', 'Bericht': 'Datenreporting', 'Crowd-Sourced Daten': 'Öffentliche Daten', 'Dashboard': 'Datenreporting', 'Datenanalyse': 'Datenanalyse', 'Datenerhebung': 'Datenerhebung', 'Datenanwendung für Öffentlichkeit': 'Datenanwendung für Öffentlichkeit', 'Datenstandards': 'Datenmanagement', 'Datensatz und Visualisierung': 'Datenreporting', 'Digitale Plattform': 'Digitale Plattformen', 'Dokumentations- und Netzwerktool': 'Unterstützungstools', 'Entscheidungsassistent': 'Virtuelle Assistenz', 'Festival und Studie': 'Datenreporting', 'Generative KI': 'Künstliche Intelligenz', 'Interaktive App': 'Webanwendungen', 'Interaktive Karte': 'Karten & Verzeichnisse', 'Interaktiver Fragebogen': 'Datenerhebung', 'Interne Datenanwendung': 'Interne Datenanwendung', 'KI Anwendung': '', 'Karte': 'Karten & Verzeichnisse', 'Knowledge Graph': 'Wissensorganisation', 'Large Language Model (LLM)': 'Sprachtechnologie', 'Matching': 'Datenanalyse', 'Monitoring': 'Wirkungsmessung', 'Offene Daten': 'Öffentliche Daten', 'Output Monitoring': 'Wirkungsmessung', 'Plattform für Wahlentscheidungen': 'Digitale Plattformen', 'Prozessautomatisierung': 'Automatisierung', 'Reporting': 'Datenreporting', 'Skalierung der Wirkungsmessung': 'Wirkungsmessung', 'Sprach-Editor': 'Sprachtechnologie', 'Umfrage': 'Datenerhebung', 'Übersetzungsassistent': 'Sprachtechnologie', 'Vernetzungsassistent': 'Virtuelle Assistenz', 'Verzeichnis / Karte': 'Karten & Verzeichnisse', 'Visualisierung mit Karten': 'Karten & Verzeichnisse', 'Zugänglichkeit Offene Daten des Statistischen Bundesamts': 'Öffentliche Daten'};{'Afrika': 'Internationale Projekte', 'Antidiskriminierung': 'Anti Dismkriminierung', 'Antirassismus': 'Anti Dismkriminierung', 'Arbeit mit Kindern': 'Jugendhilfe', 'Armut': 'Arbeit & Soziales', 'Barrierefreiheit': 'Inklusion & Teilhabe', 'Beratung': 'Soziale Dienste', 'Chancengleichheit': 'Anti Dismkriminierung', 'Demokratie': 'Demokratie & Soziale Rechte', 'Demenz': 'Gesundheit', 'Datenschutz': '', 'Energie': 'Klima & Umwelt', 'Ethik': 'Demokratie & Soziale Rechte', 'Evaluation': 'Organisation & Professionalisierung', 'Frauen': 'Anti Dismkriminierung', 'Fundraising': 'Organisation & Professionalisierung', 'Geflüchtete': 'Flucht & Migration', 'Genderneutrale Sprache': '', 'Gleichberechtigung': 'Anti Dismkriminierung', 'Gleichstellung': 'Anti Dismkriminierung', 'Gesundheit': 'Gesundheit', 'Humanitäre Hilfe': 'Internationale Projekte', 'Indien': 'Internationale Projekte', 'Inklusion': 'Inklusion & Teilhabe', 'Integration': 'Inklusion & Teilhabe', 'International': 'Internationale Projekte', 'Jugendarbeit': 'Jugendhilfe', 'Jugendbeteiligung': 'Jugendhilfe', 'Jugendhilfe': 'Jugendhilfe', 'Kamerun': 'Internationale Projekte', 'Katastrophenschutz': 'Gesundheit', 'Kältehilfe': 'Soziale Dienste', 'Kinderschutz': 'Jugendhilfe', 'Kinder- und Jugendhilfe': 'Jugendhilfe', 'KI': 'Gesundheit', 'Kongo': 'Internationale Projekte', 'Kroatien': 'Internationale Projekte', 'Landwirtschaft': 'Klima & Umwelt', 'Meeresschutz': 'Klima & Umwelt', 'Mentale Gesundheit': 'Gesundheit', 'Mentoring': 'Bildung', 'Menschen mit Behinderung': 'Inklusion & Teilhabe', 'Menschenrechte': 'Demokratie & Soziale Rechte', 'Migration': 'Flucht & Migration', 'Migrationsberatung': 'Flucht & Migration', 'Nachhaltigkeit': 'Klima & Umwelt', 'Offene Daten': '', 'Partizipation': 'Inklusion & Teilhabe', 'Patenschaft': 'Organisation & Professionalisierung', 'Pflege': 'Gesundheit', 'Pflegende Angehörige': '', 'Queere Sichtbarkeit': 'Anti Dismkriminierung', 'Rettungsdienst': 'Gesundheit', 'Senioren': 'Soziale Dienste', 'Soziale Arbeit': 'Soziale Dienste', 'Sport': 'Sport', 'Stadt': 'Stadtentwicklung', 'Stadtplanung': 'Stadtentwicklung', 'Teilhabe': 'Inklusion & Teilhabe', 'Telemedizin': 'Gesundheit', 'Transparenz': 'Inklusion & Teilhabe', 'Türkei': 'Internationale Projekte', 'Umwelt': 'Klima & Umwelt', 'Umweltschutz': 'Klima & Umwelt', 'Vernetzung': 'Organisation & Professionalisierung', 'Verwaltung': 'Organisation & Professionalisierung', 'Wirkungsmessung': 'Organisation & Professionalisierung', 'Wohlfahrt': 'Soziale Dienste', 'Wohnen': 'Stadtentwicklung', 'Wohnungslosenhilfe': 'Soziale Dienste', 'Wissensmanagement': 'Organisation & Professionalisierung'};https://citylab-berlin.org/de/projects/stadtlabor2go/;CityLAB Berlin;In Planung;Stadtlabor2Go zeigt, wie Städte Digitalisierung gemeinsam voranbringen können.;;CC BY-NC-SA;https://citylab-berlin.org;7.0
https://citylab-berlin.org/de/projects/giess-den-kiez/;Gieß den Kiez;{'Analyse von Sensordaten und ML': 'Künstliche Intelligenz', 'Automatisierte Datenübermittlung': 'Datenmanagement', 'Bericht': 'Datenreporting', 'Crowd-Sourced Daten': 'Öffentliche Daten', 'Dashboard': 'Datenreporting', 'Datenanalyse': 'Datenanalyse', 'Datenerhebung': 'Datenerhebung', 'Datenanwendung für Öffentlichkeit': 'Datenanwendung für Öffentlichkeit', 'Datenstandards': 'Datenmanagement', 'Datensatz und Visualisierung': 'Datenreporting', 'Digitale Plattform': 'Digitale Plattformen', 'Dokumentations- und Netzwerktool': 'Unterstützungstools', 'Entscheidungsassistent': 'Virtuelle Assistenz', 'Festival und Studie': 'Datenreporting', 'Generative KI': 'Künstliche Intelligenz', 'Interaktive App': 'Webanwendungen', 'Interaktive Karte': 'Karten & Verzeichnisse', 'Interaktiver Fragebogen': 'Datenerhebung', 'Interne Datenanwendung': 'Interne Datenanwendung', 'KI Anwendung': '', 'Karte': 'Karten & Verzeichnisse', 'Knowledge Graph': 'Wissensorganisation', 'Large Language Model (LLM)': 'Sprachtechnologie', 'Matching': 'Datenanalyse', 'Monitoring': 'Wirkungsmessung', 'Offene Daten': 'Öffentliche Daten', 'Output Monitoring': 'Wirkungsmessung', 'Plattform für Wahlentscheidungen': 'Digitale Plattformen', 'Prozessautomatisierung': 'Automatisierung', 'Reporting': 'Datenreporting', 'Skalierung der Wirkungsmessung': 'Wirkungsmessung', 'Sprach-Editor': 'Sprachtechnologie', 'Umfrage': 'Datenerhebung', 'Übersetzungsassistent': 'Sprachtechnologie', 'Vernetzungsassistent': 'Virtuelle Assistenz', 'Verzeichnis / Karte': 'Karten & Verzeichnisse', 'Visualisierung mit Karten': 'Karten & Verzeichnisse', 'Zugänglichkeit Offene Daten des Statistischen Bundesamts': 'Öffentliche Daten'};{'Afrika': 'Internationale Projekte', 'Antidiskriminierung': 'Anti Dismkriminierung', 'Antirassismus': 'Anti Dismkriminierung', 'Arbeit mit Kindern': 'Jugendhilfe', 'Armut': 'Arbeit & Soziales', 'Barrierefreiheit': 'Inklusion & Teilhabe', 'Beratung': 'Soziale Dienste', 'Chancengleichheit': 'Anti Dismkriminierung', 'Demokratie': 'Demokratie & Soziale Rechte', 'Demenz': 'Gesundheit', 'Datenschutz': '', 'Energie': 'Klima & Umwelt', 'Ethik': 'Demokratie & Soziale Rechte', 'Evaluation': 'Organisation & Professionalisierung', 'Frauen': 'Anti Dismkriminierung', 'Fundraising': 'Organisation & Professionalisierung', 'Geflüchtete': 'Flucht & Migration', 'Genderneutrale Sprache': '', 'Gleichberechtigung': 'Anti Dismkriminierung', 'Gleichstellung': 'Anti Dismkriminierung', 'Gesundheit': 'Gesundheit', 'Humanitäre Hilfe': 'Internationale Projekte', 'Indien': 'Internationale Projekte', 'Inklusion': 'Inklusion & Teilhabe', 'Integration': 'Inklusion & Teilhabe', 'International': 'Internationale Projekte', 'Jugendarbeit': 'Jugendhilfe', 'Jugendbeteiligung': 'Jugendhilfe', 'Jugendhilfe': 'Jugendhilfe', 'Kamerun': 'Internationale Projekte', 'Katastrophenschutz': 'Gesundheit', 'Kältehilfe': 'Soziale Dienste', 'Kinderschutz': 'Jugendhilfe', 'Kinder- und Jugendhilfe': 'Jugendhilfe', 'KI': 'Gesundheit', 'Kongo': 'Internationale Projekte', 'Kroatien': 'Internationale Projekte', 'Landwirtschaft': 'Klima & Umwelt', 'Meeresschutz': 'Klima & Umwelt', 'Mentale Gesundheit': 'Gesundheit', 'Mentoring': 'Bildung', 'Menschen mit Behinderung': 'Inklusion & Teilhabe', 'Menschenrechte': 'Demokratie & Soziale Rechte', 'Migration': 'Flucht & Migration', 'Migrationsberatung': 'Flucht & Migration', 'Nachhaltigkeit': 'Klima & Umwelt', 'Offene Daten': '', 'Partizipation': 'Inklusion & Teilhabe', 'Patenschaft': 'Organisation & Professionalisierung', 'Pflege': 'Gesundheit', 'Pflegende Angehörige': '', 'Queere Sichtbarkeit': 'Anti Dismkriminierung', 'Rettungsdienst': 'Gesundheit', 'Senioren': 'Soziale Dienste', 'Soziale Arbeit': 'Soziale Dienste', 'Sport': 'Sport', 'Stadt': 'Stadtentwicklung', 'Stadtplanung': 'Stadtentwicklung', 'Teilhabe': 'Inklusion & Teilhabe', 'Telemedizin': 'Gesundheit', 'Transparenz': 'Inklusion & Teilhabe', 'Türkei': 'Internationale Projekte', 'Umwelt': 'Klima & Umwelt', 'Umweltschutz': 'Klima & Umwelt', 'Vernetzung': 'Organisation & Professionalisierung', 'Verwaltung': 'Organisation & Professionalisierung', 'Wirkungsmessung': 'Organisation & Professionalisierung', 'Wohlfahrt': 'Soziale Dienste', 'Wohnen': 'Stadtentwicklung', 'Wohnungslosenhilfe': 'Soziale Dienste', 'Wissensmanagement': 'Organisation & Professionalisierung'};https://citylab-berlin.org/de/projects/giess-den-kiez/;CityLAB Berlin;In Planung;Gieß den Kiez ist eine Plattform zur Koordinierung der Bewässerung der Berliner Bäume.;;CC BY-NC-SA;https://citylab-berlin.org;8.0
https://citylab-berlin.org/de/projects/klimadashboard-xhain/;KlimaDashboard Xhain;{'Interaktives Klimadashboard': ''};{'Klimaschutz': 'Klima & Umwelt', 'Klimawandelfolgen': '', 'Klimaanpassung': ''};https://citylab-berlin.org/de/projects/klimadashboard-xhain/;CityLAB Berlin;In Planung;Mit dem Klimadashboard werden Klimadaten transparen.;;CC BY-NC-SA;https://citylab-berlin.org;9.0
https://citylab-berlin.org/de/projects/hilf-mir-berlin/;Hilf-Mir.Berlin;{'Analyse von Sensordaten und ML': 'Künstliche Intelligenz', 'Digitale Plattform': 'Digitale Plattformen', 'Interaktive App': 'Webanwendungen', 'KI Anwendung': '', 'Monitoring': 'Wirkungsmessung', 'Reporting': 'Datenreporting', 'Skalierung der Wirkungsmessung': 'Wirkungsmessung'};{'Berlin': '', 'Gesundheit': 'Gesundheit', 'Menschenrechte': 'Demokratie & Soziale Rechte', 'Migration': 'Flucht & Migration', 'Soziale Arbeit': 'Soziale Dienste', 'Stadt': 'Stadtentwicklung', 'Umwelt': 'Klima & Umwelt', 'Wohlfahrt': 'Soziale Dienste'};https://citylab-berlin.org/de/projects/hilf-mir-berlin/;CityLAB Berlin;In Planung;Hilf-Mir.Berlin fasst das Angebot von über 200 Beratungsstellen erstmals übersichtlich zusammen. ;;CC BY-NC-SA;https://citylab-berlin.org;10.0
https://citylab-berlin.org/de/projects/talking-treebot/;Talking Treebot;{'Künstliche Intelligenz': '', 'Umweltsensor': '', 'Interaktive App': 'Webanwendungen', 'Digitale Plattform': 'Digitale Plattformen'};{'Umweltschutz': 'Klima & Umwelt', 'Stadtplanung': 'Stadtentwicklung', 'Bildung': 'Bildung', 'Klimawandel': 'Klima & Umwelt'};https://citylab-berlin.org/de/projects/talking-treebot/;CityLAB Berlin;In Planung;Der Talking Treebot gibt den Berliner Stadtbäumen mit Hilfe von Künstlicher Intelligenz eine Stimme.;Treebot;CC BY-NC-SA;https://citylab-berlin.org;11.0
https://citylab-berlin.org/de/projects/buergeramt-der-zukunft-tagebuchstudie/;Bürgeramt der Zukunft;{'Analyse von Sensordaten und ML': 'Künstliche Intelligenz', 'Automatisierte Datenübermittlung': 'Datenmanagement', 'Bericht': 'Datenreporting', 'Crowd-Sourced Daten': 'Öffentliche Daten', 'Dashboard': 'Datenreporting', 'Datenanalyse': 'Datenanalyse', 'Datenerhebung': 'Datenerhebung', 'Datenanwendung für Öffentlichkeit': 'Datenanwendung für Öffentlichkeit', 'Datenstandards': 'Datenmanagement', 'Datensatz und Visualisierung': 'Datenreporting', 'Digitale Plattform': 'Digitale Plattformen', 'Dokumentations- und Netzwerktool': 'Unterstützungstools', 'Entscheidungsassistent': 'Virtuelle Assistenz', 'Festival und Studie': 'Datenreporting', 'Generative KI': 'Künstliche Intelligenz', 'Interaktive App': 'Webanwendungen', 'Interaktive Karte': 'Karten & Verzeichnisse', 'Interaktiver Fragebogen': 'Datenerhebung', 'Interne Datenanwendung': 'Interne Datenanwendung', 'KI Anwendung': '', 'Karte': 'Karten & Verzeichnisse', 'Knowledge Graph': 'Wissensorganisation', 'Large Language Model (LLM)': 'Sprachtechnologie', 'Matching': 'Datenanalyse', 'Monitoring': 'Wirkungsmessung', 'Offene Daten': 'Öffentliche Daten', 'Output Monitoring': 'Wirkungsmessung', 'Plattform für Wahlentscheidungen': 'Digitale Plattformen', 'Prozessautomatisierung': 'Automatisierung', 'Reporting': 'Datenreporting', 'Skalierung der Wirkungsmessung': 'Wirkungsmessung', 'Sprach-Editor': 'Sprachtechnologie', 'Umfrage': 'Datenerhebung', 'Übersetzungsassistent': 'Sprachtechnologie', 'Vernetzungsassistent': 'Virtuelle Assistenz', 'Verzeichnis / Karte': 'Karten & Verzeichnisse', 'Visualisierung mit Karten': 'Karten & Verzeichnisse', 'Zugänglichkeit Offene Daten des Statistischen Bundesamts': 'Öffentliche Daten'};{'Afrika': 'Internationale Projekte', 'Antidiskriminierung': 'Anti Dismkriminierung', 'Antirassismus': 'Anti Dismkriminierung', 'Arbeit mit Kindern': 'Jugendhilfe', 'Armut': 'Arbeit & Soziales', 'Barrierefreiheit': 'Inklusion & Teilhabe', 'Beratung': 'Soziale Dienste', 'Chancengleichheit': 'Anti Dismkriminierung', 'Demokratie': 'Demokratie & Soziale Rechte', 'Demenz': 'Gesundheit', 'Datenschutz': '', 'Energie': 'Klima & Umwelt', 'Ethik': 'Demokratie & Soziale Rechte', 'Evaluation': 'Organisation & Professionalisierung', 'Frauen': 'Anti Dismkriminierung', 'Fundraising': 'Organisation & Professionalisierung', 'Geflüchtete': 'Flucht & Migration', 'Genderneutrale Sprache': '', 'Gleichberechtigung': 'Anti Dismkriminierung', 'Gleichstellung': 'Anti Dismkriminierung', 'Gesundheit': 'Gesundheit', 'Humanitäre Hilfe': 'Internationale Projekte', 'Indien': 'Internationale Projekte', 'Inklusion': 'Inklusion & Teilhabe', 'Integration': 'Inklusion & Teilhabe', 'International': 'Internationale Projekte', 'Jugendarbeit': 'Jugendhilfe', 'Jugendbeteiligung': 'Jugendhilfe', 'Jugendhilfe': 'Jugendhilfe', 'Kamerun': 'Internationale Projekte', 'Katastrophenschutz': 'Gesundheit', 'Kältehilfe': 'Soziale Dienste', 'Kinderschutz': 'Jugendhilfe', 'Kinder- und Jugendhilfe': 'Jugendhilfe', 'KI': 'Gesundheit', 'Kongo': 'Internationale Projekte', 'Kroatien': 'Internationale Projekte', 'Landwirtschaft': 'Klima & Umwelt', 'Meeresschutz': 'Klima & Umwelt', 'Mentale Gesundheit': 'Gesundheit', 'Mentoring': 'Bildung', 'Menschen mit Behinderung': 'Inklusion & Teilhabe', 'Menschenrechte': 'Demokratie & Soziale Rechte', 'Migration': 'Flucht & Migration', 'Migrationsberatung': 'Flucht & Migration', 'Nachhaltigkeit': 'Klima & Umwelt', 'Offene Daten': '', 'Partizipation': 'Inklusion & Teilhabe', 'Patenschaft': 'Organisation & Professionalisierung', 'Pflege': 'Gesundheit', 'Pflegende Angehörige': '', 'Queere Sichtbarkeit': 'Anti Dismkriminierung', 'Rettungsdienst': 'Gesundheit', 'Senioren': 'Soziale Dienste', 'Soziale Arbeit': 'Soziale Dienste', 'Sport': 'Sport', 'Stadt': 'Stadtentwicklung', 'Stadtplanung': 'Stadtentwicklung', 'Teilhabe': 'Inklusion & Teilhabe', 'Telemedizin': 'Gesundheit', 'Transparenz': 'Inklusion & Teilhabe', 'Türkei': 'Internationale Projekte', 'Umwelt': 'Klima & Umwelt', 'Umweltschutz': 'Klima & Umwelt', 'Vernetzung': 'Organisation & Professionalisierung', 'Verwaltung': 'Organisation & Professionalisierung', 'Wirkungsmessung': 'Organisation & Professionalisierung', 'Wohlfahrt': 'Soziale Dienste', 'Wohnen': 'Stadtentwicklung', 'Wohnungslosenhilfe': 'Soziale Dienste', 'Wissensmanagement': 'Organisation & Professionalisierung'};https://citylab-berlin.org/de/projects/buergeramt-der-zukunft-tagebuchstudie/;CityLAB Berlin;In Planung;Das Ziel des Projekts Bürgeramt der Zukunft ist es, ein tieferes Verständnis für die Arbeit und die Abläufe in der Verwaltung zu erhalten und diese hinsichtlich ihrer Nutzer:innenorientierung zu verbessern.;;CC BY-NC-SA;https://citylab-berlin.org;12.0
https://citylab-berlin.org/de/projects/citylab-roadshow/;CityLAB Roadshow;{'Verwaltungsinnovation': '', 'Service Design': '', 'Nutzer:innenzentrierung': '', 'Methodenvermittlung': '', 'Wissensvermittlung': '', 'Teach the Trainer': ''};{'Verwaltung': 'Organisation & Professionalisierung', 'Digitalisierung': '', 'Innovationsprojekte': '', 'Service Design': '', 'Nutzer:innenzentrierung': ''};https://citylab-berlin.org/de/projects/citylab-roadshow/;CityLAB Berlin;In Planung;Das CityLAB Berlin kommt zum Hausbesuch.;;CC BY-NC-SA;https://citylab-berlin.org;13.0
https://citylab-berlin.org/de/projects/berliner-energiecheckpoint/;Berliner EnergieCheckpoint;{'Interaktive Karte': 'Karten & Verzeichnisse', 'Visualisierung mit Karten': 'Karten & Verzeichnisse', 'Datenanalyse': 'Datenanalyse', 'Offene Daten': 'Öffentliche Daten'};{'Energie': 'Klima & Umwelt', 'Umwelt': 'Klima & Umwelt', 'Nachhaltigkeit': 'Klima & Umwelt', 'Stadtplanung': 'Stadtentwicklung', 'Verwaltung': 'Organisation & Professionalisierung'};https://citylab-berlin.org/de/projects/berliner-energiecheckpoint/;CityLAB Berlin;In Planung;Der EnergieCheckpoint zeigt Daten zum Energieverbrauch öffentlicher Gebäude.;;CC BY-NC-SA;https://citylab-berlin.org;14.0
https://citylab-berlin.org/de/projects/smart_city/;Gemeinsam Digital: Berlin;{'Smart City Strategie': '', 'Partizipationsprozess': '', 'Umsetzungsbegleitung': '', 'Community Building': '', 'Workshop': 'Fortbildung', 'Methodenbereitstellung': '', 'Service Design': '', 'UX/UI Design': '', 'Prototyping': '', 'Wissensspeicher': '', 'Jahreskonferenz': '', 'Evaluation': '', 'Wirkungsmessung': 'Wirkungsmessung'};{'Smart City': '', 'Stadtentwicklung': '', 'Digitalisierung': '', 'Partizipation': 'Inklusion & Teilhabe', 'Nachhaltigkeit': 'Klima & Umwelt', 'Gemeinwohlorientierung': '', 'Resilienz': '', 'Kooperation': ''};https://citylab-berlin.org/de/projects/smart_city/;CityLAB Berlin;In Planung;Wir unterstützen die Maßnahmen der Smart City Strategie “Gemeinsam Digital: Berlin”.;GD:B;CC BY-NC-SA;https://citylab-berlin.org;15.0
https://citylab-berlin.org/de/projects/ki-zum-anfassen-unsere-interaktiven-exponate/;KI zum Anfassen;{'KI-Anwendung': 'Künstliche Intelligenz', 'Interaktive App': 'Webanwendungen', 'Interaktive Karte': 'Karten & Verzeichnisse', 'Visualisierung': 'Datenreporting'};{'Bildung': 'Bildung', 'Forschung': '', 'Stadtplanung': 'Stadtentwicklung', 'KI': 'Gesundheit', 'Technologie': ''};https://citylab-berlin.org/de/projects/ki-zum-anfassen-unsere-interaktiven-exponate/;CityLAB Berlin;In Planung;Hier stellen wir euch vier unserer aktuellen KI-Experimente vor, die in unserem Prototyping-Team entstanden sind.;;CC BY-NC-SA;https://citylab-berlin.org;16.0
https://citylab-berlin.org/de/projects/labcamp/;LabCamp;{'Vernetzungstreffen': '', 'Community of Practice': '', 'Innovationslabore': ''};{'Öffentliche Verwaltung': '', 'Zivilgesellschaft': 'Demokratie & Soziale Rechte', 'Wissenschaft': '', 'Digitalisierung': '', 'Partizipation': 'Inklusion & Teilhabe', 'Innovation': ''};https://citylab-berlin.org/de/projects/labcamp/;CityLAB Berlin;In Planung;Das LabCamp ist ein Vernetzungstreffen öffentlicher Innovationslabore.;;CC BY-NC-SA;https://citylab-berlin.org;17.0
https://citylab-berlin.org/de/projects/summerschool/;Summer School;{'Analyse von Sensordaten und ML': 'Künstliche Intelligenz', 'Automatisierte Datenübermittlung': 'Datenmanagement', 'Bericht': 'Datenreporting', 'Crowd-Sourced Daten': 'Öffentliche Daten', 'Dashboard': 'Datenreporting', 'Datenanalyse': 'Datenanalyse', 'Datenerhebung': 'Datenerhebung', 'Datenanwendung für Öffentlichkeit': 'Datenanwendung für Öffentlichkeit', 'Datenstandards': 'Datenmanagement', 'Datensatz und Visualisierung': 'Datenreporting', 'Digitale Plattform': 'Digitale Plattformen', 'Dokumentations- und Netzwerktool': 'Unterstützungstools', 'Entscheidungsassistent': 'Virtuelle Assistenz', 'Festival und Studie': 'Datenreporting', 'Generative KI': 'Künstliche Intelligenz', 'Interaktive App': 'Webanwendungen', 'Interaktive Karte': 'Karten & Verzeichnisse', 'Interaktiver Fragebogen': 'Datenerhebung', 'Interne Datenanwendung': 'Interne Datenanwendung', 'KI Anwendung': '', 'Karte': 'Karten & Verzeichnisse', 'Knowledge Graph': 'Wissensorganisation', 'Large Language Model (LLM)': 'Sprachtechnologie', 'Matching': 'Datenanalyse', 'Monitoring': 'Wirkungsmessung', 'Offene Daten': 'Öffentliche Daten', 'Output Monitoring': 'Wirkungsmessung', 'Plattform für Wahlentscheidungen': 'Digitale Plattformen', 'Prozessautomatisierung': 'Automatisierung', 'Reporting': 'Datenreporting', 'Skalierung der Wirkungsmessung': 'Wirkungsmessung', 'Sprach-Editor': 'Sprachtechnologie', 'Umfrage': 'Datenerhebung', 'Übersetzungsassistent': 'Sprachtechnologie', 'Vernetzungsassistent': 'Virtuelle Assistenz', 'Verzeichnis / Karte': 'Karten & Verzeichnisse', 'Visualisierung mit Karten': 'Karten & Verzeichnisse'};{'Afrika': 'Internationale Projekte', 'Antidiskriminierung': 'Anti Dismkriminierung', 'Antirassismus': 'Anti Dismkriminierung', 'Arbeit mit Kindern': 'Jugendhilfe', 'Armut': 'Arbeit & Soziales', 'Barrierefreiheit': 'Inklusion & Teilhabe', 'Beratung': 'Soziale Dienste', 'Chancengleichheit': 'Anti Dismkriminierung', 'Demokratie': 'Demokratie & Soziale Rechte', 'Demenz': 'Gesundheit', 'Datenschutz': '', 'Energie': 'Klima & Umwelt', 'Ethik': 'Demokratie & Soziale Rechte', 'Evaluation': 'Organisation & Professionalisierung', 'Frauen': 'Anti Dismkriminierung', 'Fundraising': 'Organisation & Professionalisierung', 'Geflüchtete': 'Flucht & Migration', 'Genderneutrale Sprache': '', 'Gleichberechtigung': 'Anti Dismkriminierung', 'Gleichstellung': 'Anti Dismkriminierung', 'Gesundheit': 'Gesundheit', 'Humanitäre Hilfe': 'Internationale Projekte', 'Indien': 'Internationale Projekte', 'Inklusion': 'Inklusion & Teilhabe', 'Integration': 'Inklusion & Teilhabe', 'International': 'Internationale Projekte', 'Jugendarbeit': 'Jugendhilfe', 'Jugendbeteiligung': 'Jugendhilfe', 'Jugendhilfe': 'Jugendhilfe', 'Kamerun': 'Internationale Projekte', 'Katastrophenschutz': 'Gesundheit', 'Kältehilfe': 'Soziale Dienste', 'Kinderschutz': 'Jugendhilfe', 'Kinder- und Jugendhilfe': 'Jugendhilfe', 'KI': 'Gesundheit', 'Kongo': 'Internationale Projekte', 'Kroatien': 'Internationale Projekte', 'Landwirtschaft': 'Klima & Umwelt', 'Meeresschutz': 'Klima & Umwelt', 'Mentale Gesundheit': 'Gesundheit', 'Mentoring': 'Bildung', 'Menschen mit Behinderung': 'Inklusion & Teilhabe', 'Menschenrechte': 'Demokratie & Soziale Rechte', 'Migration': 'Flucht & Migration', 'Migrationsberatung': 'Flucht & Migration', 'Nachhaltigkeit': 'Klima & Umwelt', 'Offene Daten': '', 'Partizipation': 'Inklusion & Teilhabe', 'Patenschaft': 'Organisation & Professionalisierung', 'Pflege': 'Gesundheit', 'Pflegende Angehörige': '', 'Queere Sichtbarkeit': 'Anti Dismkriminierung', 'Rettungsdienst': 'Gesundheit', 'Senioren': 'Soziale Dienste', 'Soziale Arbeit': 'Soziale Dienste', 'Sport': 'Sport', 'Stadt': 'Stadtentwicklung', 'Stadtplanung': 'Stadtentwicklung', 'Teilhabe': 'Inklusion & Teilhabe', 'Telemedizin': 'Gesundheit', 'Transparenz': 'Inklusion & Teilhabe', 'Türkei': 'Internationale Projekte', 'Umwelt': 'Klima & Umwelt', 'Umweltschutz': 'Klima & Umwelt', 'Vernetzung': 'Organisation & Professionalisierung', 'Verwaltung': 'Organisation & Professionalisierung', 'Wirkungsmessung': 'Organisation & Professionalisierung', 'Wohlfahrt': 'Soziale Dienste', 'Wohnen': 'Stadtentwicklung', 'Wohnungslosenhilfe': 'Soziale Dienste', 'Wissensmanagement': 'Organisation & Professionalisierung'};https://citylab-berlin.org/de/projects/summerschool/;CityLAB Berlin;In Planung;Summer School zu jährlich wechselnden Themen.;;CC BY-NC-SA;https://citylab-berlin.org;18.0
https://citylab-berlin.org/de/projects/berliner-weihnachtsmarkt-finder/;Berliner Weihnachtsmarkt-Finder;{'Interaktive Karte': 'Karten & Verzeichnisse', 'Datenanalyse': 'Datenanalyse', 'Datenerhebung': 'Datenerhebung', 'Visualisierung mit Karten': 'Karten & Verzeichnisse'};{'Stadt': 'Stadtentwicklung', 'Stadtplanung': 'Stadtentwicklung', 'Tourismus': 'Stadtentwicklung', 'Veranstaltung': ''};https://citylab-berlin.org/de/projects/berliner-weihnachtsmarkt-finder/;CityLAB Berlin;In Planung;Glühwein, Glögg, Glückseligkeit – Berliner Weihnachtsmärkte auf einen Blick!;;CC BY-NC-SA;https://citylab-berlin.org;19.0
https://citylab-berlin.org/de/projects/digitalwerkstatt/;Digitalwerkstatt Verwaltung;{'Bürgerbeteiligung': '', 'Usability-Test': '', 'Formularoptimierung': ''};{'Verwaltung': 'Organisation & Professionalisierung', 'Bürgerbeteiligung': '', 'Online-Services': ''};https://citylab-berlin.org/de/projects/digitalwerkstatt/;CityLAB Berlin;In Planung;In der Digitalwerkstatt werden gemeinsam mit Bürger:innen Verwaltungsformulare verbessert.;;CC BY-NC-SA;https://citylab-berlin.org;20.0
https://citylab-berlin.org/de/projects/werkstatt-im-citylab/;Werkstatt im CityLAB;{'Digitale Plattform': 'Digitale Plattformen', 'Datenanwendung für Öffentlichkeit': 'Datenanwendung für Öffentlichkeit', 'Interaktive App': 'Webanwendungen', 'Workshop': 'Fortbildung'};{'Stadtplanung': 'Stadtentwicklung', 'Bildung': 'Bildung', 'Empowerment': '', 'Partizipation': 'Inklusion & Teilhabe', 'Inklusion': 'Inklusion & Teilhabe'};https://citylab-berlin.org/de/projects/werkstatt-im-citylab/;CityLAB Berlin;In Planung;Die Werkstatt ist Raum für Experiment und Methoden der Elektrotechnik und Informatik.;;CC BY-NC-SA;https://citylab-berlin.org;21.0
https://citylab-berlin.org/de/projects/hacking-box-goes-citylab/;Hacking Box goes CityLAB Berlin;{'Hardwareboxen': '', 'Workshops': 'Fortbildung', 'Seminare': '', 'Hackathons': '', 'Digitale Hardware': '', 'Schulprojekte': ''};{'Jugendbildung': '', 'Schule': 'Bildung', 'Workshops': '', 'Seminare': '', 'Hackathons': '', 'Digitale Bildung': '', 'Community-Arbeit': '', 'Stadtgesellschaft': ''};https://citylab-berlin.org/de/projects/hacking-box-goes-citylab/;CityLAB Berlin;In Planung;Hardwareboxen für Schulprojekte, Workshops, Seminare, Hackathons & Co.;;CC BY-NC-SA;https://citylab-berlin.org;22.0
https://citylab-berlin.org/de/projects/digitalvereint/;Digital Vereint – mit digitalen Tools das Berliner Ehrenamt stärken;{'Digitale Plattform': 'Digitale Plattformen', 'Vernetzungsassistent': 'Virtuelle Assistenz', 'Interaktive App': 'Webanwendungen'};{'Ehrenamt': 'Organisation & Professionalisierung', 'Zivilgesellschaft': 'Demokratie & Soziale Rechte', 'Digitalisierung': '', 'Ehrenamtliche Arbeit': '', 'Soziale Arbeit': 'Soziale Dienste'};https://citylab-berlin.org/de/projects/digitalvereint/;CityLAB Berlin;In Betrieb;Digital Vereint ist eine Plattform zur Unterstützung von digitalem zivilgesellschaftlichem Engagement.;;CC BY-NC-SA;https://citylab-berlin.org;23.0
https://citylab-berlin.org/de/projects/qtrees/;Quantified Trees (Qtrees): Intelligente Bewässerungsvorhersage für Stadtbäume;{'KI Anwendung': '', 'Datenanalyse': 'Datenanalyse', 'Vorhersagesystem': '', 'Plattform für Stadtbäume': '', 'Web-Anwendung': ''};{'Klimawandel': 'Klima & Umwelt', 'Stadtbäume': '', 'Bewässerung': '', 'Pflege': 'Gesundheit', 'Umweltschutz': 'Klima & Umwelt', 'Nachhaltigkeit': 'Klima & Umwelt'};https://citylab-berlin.org/de/projects/qtrees/;CityLAB Berlin;In Betrieb;Im Forschungsprojekt QTrees werden von Trockenheit gefährdete Stadtbäume mittels KI identifiziert.;QTrees;CC BY-NC-SA;https://citylab-berlin.org;24.0
https://citylab-berlin.org/de/projects/afs-dashboard/;Verwaltungsdashboard;{'Dashboard': 'Datenreporting', 'Datenanalyse': 'Datenanalyse', 'Verwaltungssteuerung': ''};{'Verwaltung': 'Organisation & Professionalisierung', 'Statistik': '', 'Bürgerdienste': ''};https://citylab-berlin.org/de/projects/afs-dashboard/;CityLAB Berlin;In Betrieb;Im Rahmen von Design Sprints unterstützten wir bei der Konzeption eines Verwaltungsdashboards.;AFS;CC BY-NC-SA;https://citylab-berlin.org;25.0
https://citylab-berlin.org/de/projects/stadtpuls/;Stadtpuls – Deine Sensoren erklären Berlin;{'Datenanalyse': 'Datenanalyse', 'Datenerhebung': 'Datenerhebung', 'Datenanwendung für Öffentlichkeit': 'Datenanwendung für Öffentlichkeit', 'IoT-Datenplattform': '', 'Sensordaten': ''};{'Zivilgesellschaft': 'Demokratie & Soziale Rechte', 'Citizen Science': '', 'Datenjournalismus': '', 'Bildung': 'Bildung', 'Umwelt': 'Klima & Umwelt'};https://citylab-berlin.org/de/projects/stadtpuls/;CityLAB Berlin;In Betrieb;Stadtpuls ist eine offene IoT-Datenplattform für Sensordaten.;Stadtpuls;CC BY-NC-SA;https://citylab-berlin.org;26.0
https://citylab-berlin.org/de/projects/pixelwelt/;Pixelwelt;{'Interaktive App': 'Webanwendungen', 'Virtuelle Veranstaltungen': '', '2D-Modell': '', 'Digitale Plattform': 'Digitale Plattformen'};{'Veranstaltungen': '', 'Community': '', 'Ausstellung': '', 'Meetup': '', 'Führungen': ''};https://citylab-berlin.org/de/projects/pixelwelt/;CityLAB Berlin;In Betrieb;Die Pixelwelt ist ein digitales 2D-Modell des CityLAB für virtuelle Veranstaltungen.;Pixelwelt;CC BY-NC-SA;https://citylab-berlin.org;27.0
https://citylab-berlin.org/de/projects/prototypenwerkstatt/;Prototypenwerkstatt – Am Beispiel der Seniorendatenbank;{'Datenanalyse': 'Datenanalyse', 'Datenerhebung': 'Datenerhebung', 'Datenanwendung für Öffentlichkeit': 'Datenanwendung für Öffentlichkeit', 'Digitale Plattform': 'Digitale Plattformen', 'Dokumentations- und Netzwerktool': 'Unterstützungstools', 'Entscheidungsassistent': 'Virtuelle Assistenz', 'Interaktive App': 'Webanwendungen', 'Interaktive Karte': 'Karten & Verzeichnisse', 'Interaktiver Fragebogen': 'Datenerhebung', 'KI Anwendung': '', 'Knowledge Graph': 'Wissensorganisation', 'Large Language Model (LLM)': 'Sprachtechnologie', 'Matching': 'Datenanalyse', 'Monitoring': 'Wirkungsmessung', 'Offene Daten': 'Öffentliche Daten', 'Output Monitoring': 'Wirkungsmessung', 'Plattform für Wahlentscheidungen': 'Digitale Plattformen', 'Prozessautomatisierung': 'Automatisierung', 'Reporting': 'Datenreporting', 'Skalierung der Wirkungsmessung': 'Wirkungsmessung', 'Sprach-Editor': 'Sprachtechnologie', 'Umfrage': 'Datenerhebung', 'Übersetzungsassistent': 'Sprachtechnologie', 'Vernetzungsassistent': 'Virtuelle Assistenz', 'Verzeichnis / Karte': 'Karten & Verzeichnisse', 'Visualisierung mit Karten': 'Karten & Verzeichnisse', 'Zugänglichkeit Offene Daten des Statistischen Bundesamts.': ''};{'Arbeit mit Kindern': 'Jugendhilfe', 'Armut': 'Arbeit & Soziales', 'Barrierefreiheit': 'Inklusion & Teilhabe', 'Beratung': 'Soziale Dienste', 'Chancengleichheit': 'Anti Dismkriminierung', 'Demokratie': 'Demokratie & Soziale Rechte', 'Demenz': 'Gesundheit', 'Datenschutz': '', 'Energie': 'Klima & Umwelt', 'Ethik': 'Demokratie & Soziale Rechte', 'Evaluation': 'Organisation & Professionalisierung', 'Frauen': 'Anti Dismkriminierung', 'Fundraising': 'Organisation & Professionalisierung', 'Geflüchtete': 'Flucht & Migration', 'Genderneutrale Sprache': '', 'Gleichberechtigung': 'Anti Dismkriminierung', 'Gleichstellung': 'Anti Dismkriminierung', 'Gesundheit': 'Gesundheit', 'Humanitäre Hilfe': 'Internationale Projekte', 'Indien': 'Internationale Projekte', 'Inklusion': 'Inklusion & Teilhabe', 'Integration': 'Inklusion & Teilhabe', 'International': 'Internationale Projekte', 'Jugendarbeit': 'Jugendhilfe', 'Jugendbeteiligung': 'Jugendhilfe', 'Jugendhilfe': 'Jugendhilfe', 'Kamerun': 'Internationale Projekte', 'Katastrophenschutz': 'Gesundheit', 'Kältehilfe': 'Soziale Dienste', 'Kinderschutz': 'Jugendhilfe', 'Kinder- und Jugendhilfe': 'Jugendhilfe', 'KI': 'Gesundheit', 'Kongo': 'Internationale Projekte', 'Kroatien': 'Internationale Projekte', 'Landwirtschaft': 'Klima & Umwelt', 'Meeresschutz': 'Klima & Umwelt', 'Mentale Gesundheit': 'Gesundheit', 'Mentoring': 'Bildung', 'Menschen mit Behinderung': 'Inklusion & Teilhabe', 'Menschenrechte': 'Demokratie & Soziale Rechte', 'Migration': 'Flucht & Migration', 'Migrationsberatung': 'Flucht & Migration', 'Nachhaltigkeit': 'Klima & Umwelt', 'Offene Daten': '', 'Partizipation': 'Inklusion & Teilhabe', 'Patenschaft': 'Organisation & Professionalisierung', 'Pflege': 'Gesundheit', 'Pflegende Angehörige': '', 'Queere Sichtbarkeit': 'Anti Dismkriminierung', 'Rettungsdienst': 'Gesundheit', 'Senioren': 'Soziale Dienste', 'Soziale Arbeit': 'Soziale Dienste', 'Sport': 'Sport', 'Stadt': 'Stadtentwicklung', 'Stadtplanung': 'Stadtentwicklung', 'Teilhabe': 'Inklusion & Teilhabe', 'Telemedizin': 'Gesundheit', 'Transparenz': 'Inklusion & Teilhabe', 'Türkei': 'Internationale Projekte', 'Umwelt': 'Klima & Umwelt', 'Umweltschutz': 'Klima & Umwelt', 'Vernetzung': 'Organisation & Professionalisierung', 'Verwaltung': 'Organisation & Professionalisierung', 'Wirkungsmessung': 'Organisation & Professionalisierung', 'Wohlfahrt': 'Soziale Dienste', 'Wohnen': 'Stadtentwicklung', 'Wohnungslosenhilfe': 'Soziale Dienste', 'Wissensmanagement.': ''};https://citylab-berlin.org/de/projects/prototypenwerkstatt/;CityLAB Berlin;In Betrieb;Prototypisch digitale Projekte zur Ablösung von IT-Kleinstverfahren.;;CC BY-NC-SA;https://citylab-berlin.org;28.0
https://citylab-berlin.org/de/projects/prozessanalyse-radinfrastruktur-pari/;Prozessanalyse Radinfrastruktur (PARI);{'Analyse von Prozessen und Verfahren': ''};{'Verkehr': 'Stadtentwicklung', 'Radinfrastruktur': '', 'Verwaltung': 'Organisation & Professionalisierung'};https://citylab-berlin.org/de/projects/prozessanalyse-radinfrastruktur-pari/;CityLAB Berlin;In Betrieb;Analyse von Prozessen und Verfahren der Berliner Radinfrastruktur.;PARI;CC BY-NC-SA;https://citylab-berlin.org;29.0
https://citylab-berlin.org/de/projects/digitale-tools-fuer-radwegeplanung/;FixMyBerlin – Digitale Tools für Radwegeplanung;{'Digitale Tools für Radwegeplanung': '', 'Radverkehrsplanung': '', 'Partizipation': 'Datenerhebung'};{'Verkehr': 'Stadtentwicklung', 'Mobilität': '', 'Radverkehr': '', 'Bürgerbeteiligung': ''};https://citylab-berlin.org/de/projects/digitale-tools-fuer-radwegeplanung/;CityLAB Berlin;In Betrieb;Das Projekt begleitet die Berliner Verwaltung bei der Umsetzung des Mobilitätsgesetzes.;FixMyBerlin;CC BY-NC-SA;https://citylab-berlin.org;30.0
https://citylab-berlin.org/de/projects/schatten/;Berliner Erfrischungskarte;{'Datenvisualisierung': 'Datenreporting', 'Offene Daten': 'Öffentliche Daten', 'Interaktive Karte': 'Karten & Verzeichnisse'};{'Umwelt': 'Klima & Umwelt', 'Klimawandel': 'Klima & Umwelt', 'Stadtplanung': 'Stadtentwicklung'};https://citylab-berlin.org/de/projects/schatten/;CityLAB Berlin;In Betrieb;Open Data-basierte Kartenvisualisierung.;;CC BY-NC-SA;https://citylab-berlin.org;31.0
https://citylab-berlin.org/de/projects/clair/;Clair Berlin;{'Luftqualitätsmessung': '', 'Open Source': 'Open-Source-Software', 'IoT': '', 'Datenplattform': '', 'Sensorik': ''};{'Öffentliche Räume': '', 'Schulen': '', 'Theater': '', 'Bibliotheken': '', 'Gesundheitswesen': ''};https://citylab-berlin.org/de/projects/clair/;CityLAB Berlin;In Betrieb;Initiative zur Messung von Luftqualität in öffentlichen Räumen.;Clair Berlin;CC BY-NC-SA;https://citylab-berlin.org;32.0
https://citylab-berlin.org/de/projects/aiforberlin/;AI for Berlin;{'KI-Anwendung': 'Künstliche Intelligenz', 'Workshopreihe': ''};{'Urbaner Raum': '', 'Nachhaltigkeit': 'Klima & Umwelt', 'Innovation': ''};https://citylab-berlin.org/de/projects/aiforberlin/;CityLAB Berlin;In Betrieb;Workshopreihe zum Nutzen von KI im Kontext urbaner Räume.;AI for Berlin;CC BY-NC-SA;https://citylab-berlin.org;33.0
https://citylab-berlin.org/de/projects/bikesharing/;Shared Mobility Flows;{'Analyse von Sensordaten und ML': 'Künstliche Intelligenz', 'Datenanalyse': 'Datenanalyse', 'Datenerhebung': 'Datenerhebung', 'Datenanwendung für Öffentlichkeit': 'Datenanwendung für Öffentlichkeit', 'Datenstandards': 'Datenmanagement', 'Datensatz und Visualisierung': 'Datenreporting', 'Digitale Plattform': 'Digitale Plattformen', 'Entscheidungsassistent': 'Virtuelle Assistenz', 'Interaktive App': 'Webanwendungen', 'Interaktive Karte': 'Karten & Verzeichnisse', 'Interaktiver Fragebogen': 'Datenerhebung', 'Interne Datenanwendung': 'Interne Datenanwendung', 'KI Anwendung': '', 'Karte': 'Karten & Verzeichnisse', 'Knowledge Graph': 'Wissensorganisation', 'Large Language Model (LLM)': 'Sprachtechnologie', 'Monitoring': 'Wirkungsmessung', 'Offene Daten': 'Öffentliche Daten', 'Output Monitoring': 'Wirkungsmessung', 'Plattform für Wahlentscheidungen': 'Digitale Plattformen', 'Prozessautomatisierung': 'Automatisierung', 'Reporting': 'Datenreporting', 'Skalierung der Wirkungsmessung': 'Wirkungsmessung', 'Visualisierung mit Karten': 'Karten & Verzeichnisse'};{'Berlin': '', 'Mobilitäts-Sharing-Anbieter': '', 'Stadtplanung': 'Stadtentwicklung', 'Verkehrsplanung': ''};https://citylab-berlin.org/de/projects/bikesharing/;CityLAB Berlin;In Betrieb;Das Projekt analysiert und visualisiert Leihfahrradrouten.;;CC BY-NC-SA;https://citylab-berlin.org;34.0
https://citylab-berlin.org/de/projects/trafficcount/;Open Traffic Count;{'Verkehrszählung': '', 'Evaluierung von Anwendungen': '', 'Open Source': 'Open-Source-Software'};{'Verkehr': 'Stadtentwicklung', 'Stadtplanung': 'Stadtentwicklung', 'Datenschutz': ''};https://citylab-berlin.org/de/projects/trafficcount/;CityLAB Berlin;In Betrieb;Das Projekt evaluiert Anwendungen zu Verkehrszählungen.;Open Traffic Count;CC BY-NC-SA;https://citylab-berlin.org;35.0
https://citylab-berlin.org/de/projects/districtprofiles/;Bezirksregionen digital;{'Interaktive Visualisierung': '', 'Offene Daten': 'Öffentliche Daten', 'Datenanalyse': 'Datenanalyse'};{'Stadtplanung': 'Stadtentwicklung', 'Teilhabe': 'Inklusion & Teilhabe', 'Transparenz': 'Inklusion & Teilhabe'};https://citylab-berlin.org/de/projects/districtprofiles/;CityLAB Berlin;In Betrieb;Projekt zur Vereinheitlichung und Zugänglichkeit von Bezirksregionenprofile.;;CC BY-NC-SA;https://citylab-berlin.org;36.0
https://citylab-berlin.org/de/projects/stadtvisionen/;Algorithmische Stadtvisionen;{'KI-Anwendung': 'Künstliche Intelligenz', 'Stadtplanung': '', 'Architektur': ''};{'Stadtplanung': 'Stadtentwicklung', 'Architektur': '', 'KI': 'Gesundheit'};https://citylab-berlin.org/de/projects/stadtvisionen/;CityLAB Berlin;In Betrieb;Im Projekt wird KI und maschinelles Lernens für Architektur und Stadtplanung genutzt.;;CC BY-NC-SA;https://citylab-berlin.org;37.0
https://citylab-berlin.org/de/projects/startupmapping/;Berlin Urban Tech-Datenbank;{'Datenbank': 'Datenmanagement', 'Vernetzung': '', 'Urban Tech': '', 'Smart City': ''};{'Berlin': '', 'Urban Tech': '', 'Smart City': '', 'Vernetzung von Start-Ups': ''};https://citylab-berlin.org/de/projects/startupmapping/;CityLAB Berlin;In Betrieb;Vernetzung von Start-Ups im Urban Tech-Bereich mit städtischen Akteuren und Investoren.;;CC BY-NC-SA;https://citylab-berlin.org;38.0
https://citylab-berlin.org/de/projects/prototype/;Prototype Your Future City!;{'Analyse von Sensordaten und ML': 'Künstliche Intelligenz', 'Automatisierte Datenübermittlung': 'Datenmanagement', 'Bericht': 'Datenreporting', 'Crowd-Sourced Daten': 'Öffentliche Daten', 'Dashboard': 'Datenreporting', 'Datenanalyse': 'Datenanalyse', 'Datenerhebung': 'Datenerhebung', 'Datenanwendung für Öffentlichkeit': 'Datenanwendung für Öffentlichkeit', 'Datenstandards': 'Datenmanagement', 'Datensatz und Visualisierung': 'Datenreporting', 'Digitale Plattform': 'Digitale Plattformen', 'Dokumentations- und Netzwerktool': 'Unterstützungstools', 'Entscheidungsassistent': 'Virtuelle Assistenz', 'Festival und Studie': 'Datenreporting', 'Generative KI': 'Künstliche Intelligenz', 'Interaktive App': 'Webanwendungen', 'Interaktive Karte': 'Karten & Verzeichnisse', 'Interaktiver Fragebogen': 'Datenerhebung', 'Interne Datenanwendung': 'Interne Datenanwendung', 'KI Anwendung': '', 'Karte': 'Karten & Verzeichnisse', 'Knowledge Graph': 'Wissensorganisation', 'Large Language Model (LLM)': 'Sprachtechnologie', 'Matching': 'Datenanalyse', 'Monitoring': 'Wirkungsmessung', 'Offene Daten': 'Öffentliche Daten', 'Output Monitoring': 'Wirkungsmessung', 'Plattform für Wahlentscheidungen': 'Digitale Plattformen', 'Prozessautomatisierung': 'Automatisierung', 'Reporting': 'Datenreporting', 'Skalierung der Wirkungsmessung': 'Wirkungsmessung', 'Sprach-Editor': 'Sprachtechnologie', 'Umfrage': 'Datenerhebung', 'Übersetzungsassistent': 'Sprachtechnologie', 'Vernetzungsassistent': 'Virtuelle Assistenz', 'Verzeichnis / Karte': 'Karten & Verzeichnisse', 'Visualisierung mit Karten': 'Karten & Verzeichnisse', 'Zugänglichkeit Offene Daten des Statistischen Bundesamts': 'Öffentliche Daten'};{'Afrika': 'Internationale Projekte', 'Antidiskriminierung': 'Anti Dismkriminierung', 'Antirassismus': 'Anti Dismkriminierung', 'Arbeit mit Kindern': 'Jugendhilfe', 'Armut': 'Arbeit & Soziales', 'Barrierefreiheit': 'Inklusion & Teilhabe', 'Beratung': 'Soziale Dienste', 'Chancengleichheit': 'Anti Dismkriminierung', 'Demokratie': 'Demokratie & Soziale Rechte', 'Demenz': 'Gesundheit', 'Datenschutz': '', 'Energie': 'Klima & Umwelt', 'Ethik': 'Demokratie & Soziale Rechte', 'Evaluation': 'Organisation & Professionalisierung', 'Frauen': 'Anti Dismkriminierung', 'Fundraising': 'Organisation & Professionalisierung', 'Geflüchtete': 'Flucht & Migration', 'Genderneutrale Sprache': '', 'Gleichberechtigung': 'Anti Dismkriminierung', 'Gleichstellung': 'Anti Dismkriminierung', 'Gesundheit': 'Gesundheit', 'Humanitäre Hilfe': 'Internationale Projekte', 'Indien': 'Internationale Projekte', 'Inklusion': 'Inklusion & Teilhabe', 'Integration': 'Inklusion & Teilhabe', 'International': 'Internationale Projekte', 'Jugendarbeit': 'Jugendhilfe', 'Jugendbeteiligung': 'Jugendhilfe', 'Jugendhilfe': 'Jugendhilfe', 'Kamerun': 'Internationale Projekte', 'Katastrophenschutz': 'Gesundheit', 'Kältehilfe': 'Soziale Dienste', 'Kinderschutz': 'Jugendhilfe', 'Kinder- und Jugendhilfe': 'Jugendhilfe', 'KI': 'Gesundheit', 'Kongo': 'Internationale Projekte', 'Kroatien': 'Internationale Projekte', 'Landwirtschaft': 'Klima & Umwelt', 'Meeresschutz': 'Klima & Umwelt', 'Mentale Gesundheit': 'Gesundheit', 'Mentoring': 'Bildung', 'Menschen mit Behinderung': 'Inklusion & Teilhabe', 'Menschenrechte': 'Demokratie & Soziale Rechte', 'Migration': 'Flucht & Migration', 'Migrationsberatung': 'Flucht & Migration', 'Nachhaltigkeit': 'Klima & Umwelt', 'Offene Daten': '', 'Partizipation': 'Inklusion & Teilhabe', 'Patenschaft': 'Organisation & Professionalisierung', 'Pflege': 'Gesundheit', 'Pflegende Angehörige': '', 'Queere Sichtbarkeit': 'Anti Dismkriminierung', 'Rettungsdienst': 'Gesundheit', 'Senioren': 'Soziale Dienste', 'Soziale Arbeit': 'Soziale Dienste', 'Sport': 'Sport', 'Stadt': 'Stadtentwicklung', 'Stadtplanung': 'Stadtentwicklung', 'Teilhabe': 'Inklusion & Teilhabe', 'Telemedizin': 'Gesundheit', 'Transparenz': 'Inklusion & Teilhabe', 'Türkei': 'Internationale Projekte', 'Umwelt': 'Klima & Umwelt', 'Umweltschutz': 'Klima & Umwelt', 'Vernetzung': 'Organisation & Professionalisierung', 'Verwaltung': 'Organisation & Professionalisierung', 'Wirkungsmessung': 'Organisation & Professionalisierung', 'Wohlfahrt': 'Soziale Dienste', 'Wohnen': 'Stadtentwicklung', 'Wohnungslosenhilfe': 'Soziale Dienste', 'Wissensmanagement': 'Organisation & Professionalisierung'};https://citylab-berlin.org/de/projects/prototype/;CityLAB Berlin;In Betrieb;Studierende der HTW Berlin arbeiten an ihren ganz persönlichen Ideen für ihr Berlin der Zukunft. ;;CC BY-NC-SA;https://citylab-berlin.org;39.0
https://codefor.de/projekte/2018-24-11-1000-lorawan-nodes-im-laendlichen-raum/;1000 LoRaWAN Nodes im ländlichen Raum von Schleswig-Holstein;{'Datenanwendung für Öffentlichkeit': 'Datenanwendung für Öffentlichkeit', 'Digitale Plattform': 'Digitale Plattformen', 'Offene Daten': 'Öffentliche Daten'};{'Digitalisierung': '', 'ländlicher Raum': '', 'Schleswig-Holstein': ''};https://codefor.de/projekte/2018-24-11-1000-lorawan-nodes-im-laendlichen-raum/;OK Lab Kreis Schleswig-Flensburg, Code for Germany;In Planung;Aufbau einer Schleswig-Holstein-weiten flächendeckenden Versorgung mit LoRaWAN-Technologie, welche durch vorausgehende Installation einer ausreichenden Anzahl von Gateways und anschließender …;;CC-BY 4.0;https://codefor.de;0.0
https://codefor.de/projekte/fl-open-data-day/;2. Open Data Day in Flensburg;{'Open Data': 'Öffentliche Daten', 'Veranstaltung': ''};{'Bildung': 'Bildung', 'Partizipation': 'Inklusion & Teilhabe', 'Transparenz': 'Inklusion & Teilhabe'};https://codefor.de/projekte/fl-open-data-day/;OK Lab Flensburg, Code for Germany;In Planung;Zum zweiten Mal nimmt das OK Lab Flensburg am weltweit stattfindenden Open Data Day teil und lädt alle Interessierten zu Workshops, Präsentationen sowie einem offenen Austausch und Networking ein. Wir …;ODD Flensburg;CC-BY 4.0;https://codefor.de;1.0
https://codefor.de/projekte/chartchallenge/;30 Day Chart Challenge Bielefeld;{'Datenvisualisierung': 'Datenreporting', 'Open Data': 'Öffentliche Daten', 'Chart Challenge': ''};{'Bielefeld': '', 'Deutschland': '', 'Datenvisualisierung': '', 'Open Data': ''};https://codefor.de/projekte/chartchallenge/;Code for Bielefeld, Code for Germany;In Planung;Unter dem Hashtag #30DayChartChallenge teilen weltweit Designer:innen, Data Scientists, Journalist:innen, … jeden Tag im April eine Grafik. Jeder Tag hat ein Motto, zum Beispiel “Anteile”, …;;CC-BY 4.0;https://codefor.de;2.0
https://codefor.de/projekte/abschiebungen/;Abschiebungen;{'Datenanalyse': 'Datenanalyse', 'Datenerhebung': 'Datenerhebung', 'Visualisierung mit Karten': 'Karten & Verzeichnisse'};{'Migration': 'Flucht & Migration', 'Asyl': '', 'Flüchtlinge': ''};https://codefor.de/projekte/abschiebungen/;OK Lab Berlin, Code for Germany;Unbekannt;2012 wurden in Deutschland 6919 Menschen auf dem Luftweg, 722 Menschen auf dem Landweg und 10 Menschen auf dem Seeweg abgeschoben. 3037 Menschen wurden in andere EU-Länder überstellt, darunter 456 …;;CC-BY 4.0;https://codefor.de;3.0
https://codefor.de/projekte/accessmap/;Access Map;{'Visualisierung': 'Datenreporting', 'Awareness-Raising': '', 'Öffentliche Verkehrsmittel': '', 'Zugänglichkeit': ''};{'Barrierefreiheit': 'Inklusion & Teilhabe', 'Öffentliche Verkehrsmittel': '', 'Awareness-Raising': ''};https://codefor.de/projekte/accessmap/;OK Lab Berlin, Code for Germany;Unbekannt;Little project that aims at raising awareness for accessibility in public transport systems. It uses a simple slider to visualize how the public transport system looks like if all the non-accessible …;;CC-BY 4.0;https://codefor.de;4.0
https://codefor.de/projekte/bn-air-quality-box/;Air Quality Box – Feinstaub und mehr messen;{'Datenanalyse': 'Datenanalyse', 'Datenerhebung': 'Datenerhebung', 'Datenanwendung für Öffentlichkeit': 'Datenanwendung für Öffentlichkeit', 'Luftqualität': '', 'Feinstaubmessung': ''};{'Umwelt': 'Klima & Umwelt', 'Umweltschutz': 'Klima & Umwelt', 'Luftqualität': 'Klima & Umwelt', 'Bonn': ''};https://codefor.de/projekte/bn-air-quality-box/;OK Lab Bonn-Rhein-Sieg, Code for Germany;In Planung;Was ist die Air-Quality-Box? Auch Bonn hat ein Problem mit seiner Luftqualität. Leider gibt es bei uns nur eine einzige, offizielle Messstation für ganz Bonn und die steht auch noch am Stadtrand. Mit …;AQB;CC-BY 4.0;https://codefor.de;5.0
https://codefor.de/projekte/altglas/;Altglas Container;{'Datenanwendung für Öffentlichkeit': 'Datenanwendung für Öffentlichkeit', 'Interaktive Karte': 'Karten & Verzeichnisse', 'Offene Daten': 'Öffentliche Daten'};{'Umwelt': 'Klima & Umwelt', 'Umweltschutz': 'Klima & Umwelt', 'Nachhaltigkeit': 'Klima & Umwelt'};https://codefor.de/projekte/altglas/;OK Lab Berlin, Code for Germany;In Planung;"Die Anwendungen zeigen die Positionen von Altglas-Containern auf einer Karte.
Die erste Version zeigt die Altglas-Container in Berlin Charlottenburg-Wilmersdorf. Hoffentlich veröffentlichen bald auch …";Altglas;CC-BY 4.0;https://codefor.de;6.0
https://codefor.de/projekte/le-drl-amikeco/;Amikeco;{'Plattform': 'Digitale Plattformen', 'um Gleichgesinnte für allerlei Arten von Aktivitäten zu finden.': ''};{'Integration': 'Inklusion & Teilhabe', 'Partizipation': 'Inklusion & Teilhabe', 'Soziale Arbeit': 'Soziale Dienste'};https://codefor.de/projekte/le-drl-amikeco/;OK Lab Leipzig, Code for Germany;In Betrieb;"Plattform, um Gleichgesinnte für allerlei Arten von Aktivitäten zu finden.
Amikeco ist das Esperanto-Wort für “Freundschaft”. Refugees und anderweitig Zugezogene haben oft das Problem, …";Amikeco;CC-BY 4.0;https://codefor.de;7.0
https://codefor.de/projekte/da-ars-tool/;ARS-Tool;{'Datenanwendung für Öffentlichkeit': 'Datenanwendung für Öffentlichkeit', 'Offene Daten': 'Öffentliche Daten', 'Visualisierung mit Karten': 'Karten & Verzeichnisse'};{'Deutschland': '', 'Verwaltung': 'Organisation & Professionalisierung', 'Geodaten': ''};https://codefor.de/projekte/da-ars-tool/;Code for Germany;In Planung;Der Amtliche Regionalschlüssel (ARS) definiert eine eindeutige ID für jedes verwaltungspolitische Gebiet in Deutschland (Stadt, Gemeinde, Landkreis, Bundesland, etc.). Der ARS erweitert den Amtlichen …;ARS-Tool;CC-BY 4.0;https://codefor.de;8.0
https://codefor.de/projekte/aufbau-ostberlin/;Aufbau Ostberlin;{'Datensatz und Visualisierung': 'Datenreporting', 'Digitaler Architekturführer': ''};{'Stadtplanung': 'Stadtentwicklung', 'Denkmalpflege': '', 'Geschichte': ''};https://codefor.de/projekte/aufbau-ostberlin/;OK Lab Berlin, Code for Germany;In Planung;Unser digitaler Architekturführer arbeitet mit einem Datensatz aus dem Nachlass der Fotografin Gisela Dutschmann. Diese war 37 Jahre lang am Ostberliner Fotoarchiv mit der Dokumentation der …;;CC-BY 4.0;https://codefor.de;9.0
https://codefor.de/projekte/2018-23-09-aufbau-von-lorawan-gateways-im-laendlichen-raum/;Aufbau von LoRaWAN Gateways im ländlichen Raum;{'Datenanwendung für Öffentlichkeit': 'Datenanwendung für Öffentlichkeit', 'IoT': '', 'LoRaWAN': ''};{'Schleswig-Holstein': '', 'ländlicher Raum': ''};https://codefor.de/projekte/2018-23-09-aufbau-von-lorawan-gateways-im-laendlichen-raum/;OK Lab Kreis Schleswig-Flensburg, Code for Germany;In Planung;Wir ermöglichen mit dem Aufbau von LoRaWAN Gateways in Schleswig-Holstein anderen Projekten, Firmen, Kommunen und der Landwirtschaft den Zugang zum größten IoT Netzwerk. Durch diese Gateways wird es …;;CC-BY 4.0;https://codefor.de;10.0
https://codefor.de/projekte/badeseen-berlin/;Baden in Berlin;{'Datenanwendung für Öffentlichkeit': 'Datenanwendung für Öffentlichkeit', 'Visualisierung mit Karten': 'Karten & Verzeichnisse'};{'Umwelt': 'Klima & Umwelt', 'Umweltschutz': 'Klima & Umwelt'};https://codefor.de/projekte/badeseen-berlin/;OK Lab Berlin, Code for Germany;Unbekannt;Die Badesaison hat eröffnet! Erfahre, wo gebadet werden kann und wie die Wasserqualität an den einzelnen Badestellen ist.;;CC-BY 4.0;https://codefor.de;11.0
https://codefor.de/projekte/badeseen-hessen/;Badeseen in Hessen;{'Datenanwendung für Öffentlichkeit': 'Datenanwendung für Öffentlichkeit', 'Datenanalyse': 'Datenanalyse', 'Datenerhebung': 'Datenerhebung', 'Datenstandards': 'Datenmanagement', 'Datensatz und Visualisierung': 'Datenreporting', 'Interaktive App': 'Webanwendungen', 'Interaktive Karte': 'Karten & Verzeichnisse', 'Offene Daten': 'Öffentliche Daten'};{'Umwelt': 'Klima & Umwelt', 'Umweltschutz': 'Klima & Umwelt', 'Nachhaltigkeit': 'Klima & Umwelt', 'Offene Daten': ''};https://codefor.de/projekte/badeseen-hessen/;OK Lab Gießen, Code for Germany;In Betrieb;Die App soll einen Überblick über alle Badeseen in Hessen bieten. Seien es aktuelle oder historische Messwerte, die Qualitätseinstufung der EU oder andere hilfreiche Informationen, wie das …;;CC-BY 4.0;https://codefor.de;12.0
https://codefor.de/projekte/pricemap-eu/;Bahn- und Buspreiskarte;{'Datenvisualisierung': 'Datenreporting', 'Interaktive Karte': 'Karten & Verzeichnisse', 'Offene Daten': 'Öffentliche Daten'};{'Verkehr': 'Stadtentwicklung', 'Europa': 'Internationale Projekte', 'Nachhaltigkeit': 'Klima & Umwelt'};https://codefor.de/projekte/pricemap-eu/;OK Lab Berlin, Code for Germany;In Planung;Preiskarte für Bahn- und Busreisen in Europa: Zeigt die günstigsten Verbindungen in viele europäische Städte.;pricemap-eu;CC-BY 4.0;https://codefor.de;13.0
https://codefor.de/projekte/bahn-guru/;Bahn-Guru;{'Preiskalender': '', 'Datenerhebung': 'Datenerhebung', 'Datenanwendung für Öffentlichkeit': 'Datenanwendung für Öffentlichkeit', 'Visualisierung mit Karten': 'Karten & Verzeichnisse'};{'Verkehr': 'Stadtentwicklung', 'Mobilität': '', 'Nachhaltigkeit': 'Klima & Umwelt'};https://codefor.de/projekte/bahn-guru/;OK Lab Berlin, Code for Germany;In Planung;Preiskalender für den Bahn-Fernverkehr: Zeigt die täglich günstigste Zugverbindung auf der gewählten Strecke für die kommenden Wochen.;Bahn-Guru;CC-BY 4.0;https://codefor.de;14.0
https://codefor.de/projekte/baumbie_bielefeld/;BaumBie;{'Interaktive Karte': 'Karten & Verzeichnisse', 'App': '', 'Open Data': 'Öffentliche Daten', 'Civic Coding': ''};{'Umwelt': 'Klima & Umwelt', 'Natur': '', 'Bildung': 'Bildung', 'Community': ''};https://codefor.de/projekte/baumbie_bielefeld/;Code for Bielefeld, Code for Germany;In Planung;BaumBie bringt Menschen mit der Natur in Verbindung. Die interaktive Karte zeigt Bäume an und bringt sie zum Sprechen. Für jeden Baum zeigt die App grundlegende Informationen an, etwa Alter, Baumart …;BaumBie;CC-BY 4.0;https://codefor.de;15.0
https://codefor.de/projekte/le-baumfilter/;Baumfilter;{'Analyse von Sensordaten und ML': 'Künstliche Intelligenz', 'Bericht': 'Datenreporting', 'Crowd-Sourced Daten': 'Öffentliche Daten', 'Dashboard': 'Datenreporting', 'Datenanalyse': 'Datenanalyse', 'Datenerhebung': 'Datenerhebung', 'Datenanwendung für Öffentlichkeit': 'Datenanwendung für Öffentlichkeit', 'Datenstandards': 'Datenmanagement', 'Datensatz und Visualisierung': 'Datenreporting', 'Digitale Plattform': 'Digitale Plattformen', 'Dokumentations- und Netzwerktool': 'Unterstützungstools', 'Entscheidungsassistent': 'Virtuelle Assistenz', 'Festival und Studie': 'Datenreporting', 'Generative KI': 'Künstliche Intelligenz', 'Interaktive App': 'Webanwendungen', 'Interaktive Karte': 'Karten & Verzeichnisse', 'Interaktiver Fragebogen': 'Datenerhebung', 'Interne Datenanwendung': 'Interne Datenanwendung', 'KI Anwendung': '', 'Karte': 'Karten & Verzeichnisse', 'Knowledge Graph': 'Wissensorganisation', 'Large Language Model (LLM)': 'Sprachtechnologie', 'Matching': 'Datenanalyse', 'Monitoring': 'Wirkungsmessung', 'Offene Daten': 'Öffentliche Daten', 'Output Monitoring': 'Wirkungsmessung', 'Plattform für Wahlentscheidungen': 'Digitale Plattformen', 'Prozessautomatisierung': 'Automatisierung', 'Reporting': 'Datenreporting', 'Skalierung der Wirkungsmessung': 'Wirkungsmessung', 'Sprach-Editor': 'Sprachtechnologie', 'Umfrage': 'Datenerhebung', 'Übersetzungsassistent': 'Sprachtechnologie', 'Vernetzungsassistent': 'Virtuelle Assistenz', 'Verzeichnis / Karte': 'Karten & Verzeichnisse', 'Visualisierung mit Karten': 'Karten & Verzeichnisse', 'Zugänglichkeit Offene Daten des Statistischen Bundesamts': 'Öffentliche Daten'};{'Afrika': 'Internationale Projekte', 'Antidiskriminierung': 'Anti Dismkriminierung', 'Antirassismus': 'Anti Dismkriminierung', 'Arbeit mit Kindern': 'Jugendhilfe', 'Armut': 'Arbeit & Soziales', 'Barrierefreiheit': 'Inklusion & Teilhabe', 'Beratung': 'Soziale Dienste', 'Chancengleichheit': 'Anti Dismkriminierung', 'Demokratie': 'Demokratie & Soziale Rechte', 'Demenz': 'Gesundheit', 'Datenschutz': '', 'Energie': 'Klima & Umwelt', 'Ethik': 'Demokratie & Soziale Rechte', 'Evaluation': 'Organisation & Professionalisierung', 'Frauen': 'Anti Dismkriminierung', 'Fundraising': 'Organisation & Professionalisierung', 'Geflüchtete': 'Flucht & Migration', 'Genderneutrale Sprache': '', 'Gleichberechtigung': 'Anti Dismkriminierung', 'Gleichstellung': 'Anti Dismkriminierung', 'Gesundheit': 'Gesundheit', 'Humanitäre Hilfe': 'Internationale Projekte', 'Indien': 'Internationale Projekte', 'Inklusion': 'Inklusion & Teilhabe', 'Integration': 'Inklusion & Teilhabe', 'International': 'Internationale Projekte', 'Jugendarbeit': 'Jugendhilfe', 'Jugendbeteiligung': 'Jugendhilfe', 'Jugendhilfe': 'Jugendhilfe', 'Kamerun': 'Internationale Projekte', 'Katastrophenschutz': 'Gesundheit', 'Kältehilfe': 'Soziale Dienste', 'Kinderschutz': 'Jugendhilfe', 'Kinder- und Jugendhilfe': 'Jugendhilfe', 'KI': 'Gesundheit', 'Kongo': 'Internationale Projekte', 'Kroatien': 'Internationale Projekte', 'Landwirtschaft': 'Klima & Umwelt', 'Meeresschutz': 'Klima & Umwelt', 'Mentale Gesundheit': 'Gesundheit', 'Mentoring': 'Bildung', 'Menschen mit Behinderung': 'Inklusion & Teilhabe', 'Menschenrechte': 'Demokratie & Soziale Rechte', 'Migration': 'Flucht & Migration', 'Migrationsberatung': 'Flucht & Migration', 'Nachhaltigkeit': 'Klima & Umwelt', 'Offene Daten': '', 'Partizipation': 'Inklusion & Teilhabe', 'Patenschaft': 'Organisation & Professionalisierung', 'Pflege': 'Gesundheit', 'Pflegende Angehörige': '', 'Queere Sichtbarkeit': 'Anti Dismkriminierung', 'Rettungsdienst': 'Gesundheit', 'Senioren': 'Soziale Dienste', 'Soziale Arbeit': 'Soziale Dienste', 'Sport': 'Sport', 'Stadt': 'Stadtentwicklung', 'Stadtplanung': 'Stadtentwicklung', 'Teilhabe': 'Inklusion & Teilhabe', 'Telemedizin': 'Gesundheit', 'Transparenz': 'Inklusion & Teilhabe', 'Türkei': 'Internationale Projekte', 'Umwelt': 'Klima & Umwelt', 'Umweltschutz': 'Klima & Umwelt', 'Vernetzung': 'Organisation & Professionalisierung', 'Verwaltung': 'Organisation & Professionalisierung', 'Wirkungsmessung': 'Organisation & Professionalisierung', 'Wohlfahrt': 'Soziale Dienste', 'Wohnen': 'Stadtentwicklung', 'Wohnungslosenhilfe': 'Soziale Dienste', 'Wissensmanagement': 'Organisation & Professionalisierung'};https://codefor.de/projekte/le-baumfilter/;OK Lab Leipzig, Code for Germany;In Betrieb;"Auf dieser Webseite kannst Du Dich über die Straßenbäume in Leipzig informieren.
Die Bäume können nach Stadtteil oder für komplett Leipzig angezeigt werden. Die Anzeige lässt sich über die …";;CC-BY 4.0;https://codefor.de;16.0
https://codefor.de/projekte/magdeburg-baumfreunde-md/;Baumfreunde-MD;{'Datenanalyse': 'Datenanalyse', 'Datenerhebung': 'Datenerhebung', 'Digitale Plattform': 'Digitale Plattformen', 'Interaktive Karte': 'Karten & Verzeichnisse', 'Offene Daten': 'Öffentliche Daten', 'Visualisierung mit Karten': 'Karten & Verzeichnisse'};{'Umweltschutz': 'Klima & Umwelt', 'Stadt': 'Stadtentwicklung', 'Stadtplanung': 'Stadtentwicklung', 'Umwelt': 'Klima & Umwelt', 'Deutschland': '', 'Magdeburg': ''};https://codefor.de/projekte/magdeburg-baumfreunde-md/;OK Lab Magdeburg, Code for Germany;In Planung;Das Projekt “Baumfreunde-MD” informiert über aktuelle Baumfällungen der Landeshauptstadt Magdeburg. Diese Informationen werden offiziell auf der Homepage der Stadt veröffentlicht, sind …;Baumfreunde-MD;CC-BY 4.0;https://codefor.de;17.0
https://codefor.de/projekte/cologne-baumkataster/;Baumkataster Köln Editor;{'Datenanwendung für Öffentlichkeit': 'Datenanwendung für Öffentlichkeit', 'Datenanalyse': 'Datenanalyse', 'Digitale Plattform': 'Digitale Plattformen', 'Interaktive Karte': 'Karten & Verzeichnisse'};{'Stadtplanung': 'Stadtentwicklung', 'Umwelt': 'Klima & Umwelt', 'Verwaltung': 'Organisation & Professionalisierung', 'Open Data': ''};https://codefor.de/projekte/cologne-baumkataster/;OK Lab Köln, Code for Germany;In Betrieb;Mit dieser Web Anwendung könnt Ihr das Baumkataster der Stadt Köln pflegen. Das zugrunde liegende Baumkataster der Stadt Köln ist ein freier Datensatz (CC BY 3.0 DE) der Stadt vom Juni 2020. Leider …;;CC-BY 4.0;https://codefor.de;18.0
https://codefor.de/projekte/hh-baumkataster/;Baumkataster nutzen;{'Datenanalyse': 'Datenanalyse', 'Datenerhebung': 'Datenerhebung', 'Visualisierung mit Karten': 'Karten & Verzeichnisse'};{'Umwelt': 'Klima & Umwelt', 'Stadtplanung': 'Stadtentwicklung', 'Verwaltung': 'Organisation & Professionalisierung'};https://codefor.de/projekte/hh-baumkataster/;OK Lab Hamburg, Code for Germany;Unbekannt;Im Straßenbaumkataster der Stadt Hamburg sind rund 240.000 Straßenbäume mit Standort und Attributen wie Pflanzjahr, Baumart usw. erfasst. Das Projekt versucht, diese Daten kartografisch aufzubereiten …;;CC-BY 4.0;https://codefor.de;19.0
https://codefor.de/projekte/bn-baustellen/;Baustellen Übersicht;{'Datenanalyse': 'Datenanalyse', 'Visualisierung mit Karten': 'Karten & Verzeichnisse', 'Interaktive Karte': 'Karten & Verzeichnisse'};{'Stadtplanung': 'Stadtentwicklung', 'Transparenz': 'Inklusion & Teilhabe', 'Verwaltung': 'Organisation & Professionalisierung'};https://codefor.de/projekte/bn-baustellen/;OK Lab Bonn-Rhein-Sieg, Code for Germany;In Planung;Transparenz über die existierenden und die geplanten Baustellen in und um Bonn. Eine spätere Erweiterung um Parkhausdaten (Belegung, Tendenz etc.) ist angedacht.;;CC-BY 4.0;https://codefor.de;20.0
https://codefor.de/projekte/be-berliner-schulen/;Berliner Schulen;{'Datenanwendung für Öffentlichkeit': 'Datenanwendung für Öffentlichkeit', 'Interaktive Karte': 'Karten & Verzeichnisse', 'Data Science': ''};{'Bildung': 'Bildung', 'Stadtplanung': 'Stadtentwicklung', 'Teilhabe': 'Inklusion & Teilhabe'};https://codefor.de/projekte/be-berliner-schulen/;OK Lab Berlin, Code for Germany;In Planung;Wir wissen, dass die Wahl der „richtigen“ Schule sehr wichtig ist, da sie ein prägendes Fundament für den Bildungsweg eines Menschen setzt. Entsprechend schwierig ist es auch eine Schule zu finden, …;;CC-BY 4.0;https://codefor.de;21.0
https://codefor.de/projekte/vornamen-in-berlin/;Berliner Vornamen;{'Interaktive App': 'Webanwendungen', 'Datenanalyse': 'Datenanalyse', 'Visualisierung': 'Datenreporting'};{'Stadtplanung': 'Stadtentwicklung', 'Demographie': '', 'Datenanalyse': ''};https://codefor.de/projekte/vornamen-in-berlin/;OK Lab Berlin, Code for Germany;Unbekannt;Welche Vornamen wurden in den Jahren 2012 und 2013 in Berlin vergeben? Mithilfe der App kann nach Vornamen gesucht werden und es wird angezeigt, wie häufig der Name in den beiden Jahren - nach Bezirk …;;CC-BY 4.0;https://codefor.de;22.0
https://codefor.de/projekte/fl-open-school-map/;Bildungsatlas Flensburg;{'Bildungsatlas': '', 'Datenvisualisierung': 'Datenreporting', 'Open Data': 'Öffentliche Daten'};{'Bildung': 'Bildung', 'Stadtplanung': 'Stadtentwicklung', 'Open Data': ''};https://codefor.de/projekte/fl-open-school-map/;OK Lab Flensburg, Code for Germany;In Planung;Die Idee, einen offenen Bildungsatlas für Flensburg zu entwickeln, ist aus der eigenen Suche nach einer Grundschule für den Lütten entstanden. Auf der städtischen Website finden sich zwar …;;CC-BY 4.0;https://codefor.de;23.0
https://codefor.de/projekte/ruhrgebiet-blitzerkarte/;Blitzerkarte;{'Visualisierung': 'Datenreporting', 'Karte': 'Karten & Verzeichnisse'};{'Verkehr': 'Stadtentwicklung', 'Stadtplanung': 'Stadtentwicklung'};https://codefor.de/projekte/ruhrgebiet-blitzerkarte/;OK Lab Ruhrgebiet, Code for Germany;In Planung;Die Blitzerkarte visualisiert täglich Straßen, auf denen die Stadt möglicherweise mobile Geschwindigkeitskontrollen durchführt. Die Daten werden freundlicherweise bereitgestellt durch das Ordnungsamt …;;CC-BY 4.0;https://codefor.de;24.0
https://codefor.de/projekte/be-blume/;BLUME Messnetz API/Map;{'Datenanalyse': 'Datenanalyse', 'Visualisierung': 'Datenreporting', 'API': 'Datenmanagement'};{'Umwelt': 'Klima & Umwelt', 'Luftqualitaet': '', 'Feinstaub': ''};https://codefor.de/projekte/be-blume/;OK Lab Berlin, Code for Germany;Unbekannt;Feinstaub Daten aus dem BLUME Messnetzwerk verfügbar machen und visualisieren. Ziel sollte sein, eine gute API bereitzustellen, eine gute Visualisierung anzubieten und evtl. ein statistisches Modell …;BLUME;CC-BY 4.0;https://codefor.de;25.0
https://codefor.de/projekte/fl-open-surface-map/;Bodenfläche nach Art der Nutzung;{'Interaktive Karte': 'Karten & Verzeichnisse', 'Datenvisualisierung': 'Datenreporting', 'Flächennutzungsanalyse': ''};{'Umwelt': 'Klima & Umwelt', 'Nachhaltigkeit': 'Klima & Umwelt', 'Stadtplanung': 'Stadtentwicklung', 'Verwaltung': 'Organisation & Professionalisierung', 'Offene Daten': ''};https://codefor.de/projekte/fl-open-surface-map/;OK Lab Flensburg, Code for Germany;In Planung;Diese interaktive Karte zeigt die Verteilung der verschiedenen Flächennutzungsarten beim Klick auf die entsprechende Gemeinde an. So lässt sich in Kürze herausfinden in welchen Regionen der …;;CC-BY 4.0;https://codefor.de;26.0
https://codefor.de/projekte/bodenrichtwerte/;Bodenrichtwerte im Zeitverlauf;{'Datenanwendung für Öffentlichkeit': 'Datenanwendung für Öffentlichkeit', 'Datenanalyse': 'Datenanalyse', 'Visualisierung': 'Datenreporting'};{'Stadtplanung': 'Stadtentwicklung', 'Verwaltung': 'Organisation & Professionalisierung', 'Transparenz': 'Inklusion & Teilhabe', 'Offene Daten': ''};https://codefor.de/projekte/bodenrichtwerte/;OK Lab Berlin, Code for Germany;Unbekannt;Bodenrichtwerte im Zeitverlauf - gefunden im FIS-Broker. Was sind Bodenrichtwerte? Laut Wikipedia ist “der Bodenrichtwert im deutschen Städtebaurecht ein durchschnittlicher Lagewert, ermittelt …;;CC-BY 4.0;https://codefor.de;27.0
https://codefor.de/projekte/bn-bonn-o-mat/;BONN-O-MAT Wahlautomat für die Oberbürgermeisterwahl 2015;{'Wahl-O-Mat': '', 'Interaktive App': 'Webanwendungen'};{'Demokratie': 'Demokratie & Soziale Rechte', 'Wahlentscheidungen': '', 'Politik': ''};https://codefor.de/projekte/bn-bonn-o-mat/;OK Lab Bonn-Rhein-Sieg, Code for Germany;In Betrieb;Was ist der Bonn-O-Mat? Der Bonn-O-Mat ist eine Wahl-O-Mat, nach dem Vorbild der von Bundes- und Landeszentrale für politische Bildung eingesetzter Wahl-O-Maten. Der Bonn-O-Mat möchte den Nutzer mit …;BONN-O-MAT;CC-BY 4.0;https://codefor.de;28.0
https://codefor.de/projekte/p-brandengo/;BrandenGo;{'Interaktive Karte': 'Karten & Verzeichnisse', 'Öffentlicher Nahverkehr': ''};{'Öffentlicher Nahverkehr': 'Stadtentwicklung', 'Mobilität': '', 'Stadtplanung': 'Stadtentwicklung'};https://codefor.de/projekte/p-brandengo/;OK Lab Potsdam, Code for Germany;In Planung;Was fährt an öffentlichem Nahverkehr in meiner Nähe? Nach dem Vorbild von MagdeGo. Derzeit noch in der Prototyphase.;;CC-BY 4.0;https://codefor.de;29.0
https://codefor.de/projekte/hn-buga/;Buga2019-Visualisierung;{'Visualisierung': 'Datenreporting', 'Bürgerbeteiligung': ''};{'Stadtplanung': 'Stadtentwicklung', 'Bürgerbeteiligung': '', 'Heilbronn': ''};https://codefor.de/projekte/hn-buga/;Code for Heilbronn, Code for Germany;In Planung;2019 findet die Bundesgartenschau in Heilbronn statt. Schon heute verändert sie das Stadtbild: Heilbronn bekommt ein neues Stadtquartier, den Neckarbogen. Die Stadt soll näher an den Fluss rücken, …;;CC-BY 4.0;https://codefor.de;30.0
https://codefor.de/projekte/cctvwatch/;cctvwatch - big brother is watching you;{'Interaktive Karte': 'Karten & Verzeichnisse', 'Visualisierung mit Karten': 'Karten & Verzeichnisse'};{'Berlin': '', 'Datenschutz': '', 'Transparenz': 'Inklusion & Teilhabe', 'Stadtplanung': 'Stadtentwicklung'};https://codefor.de/projekte/cctvwatch/;OK Lab Berlin, Code for Germany;Unbekannt;Berlin ist voll von CCTV Cams. Das visualisieren wir mit unserer interaktiven Karte ‘cctvwatch’. Neben der Darstellung der Kameras wird es für den Nutzer auch möglich sein neue Kameras …;cctvwatch;CC-BY 4.0;https://codefor.de;31.0
https://codefor.de/projekte/hn-bad-wimpfen-app/;City-App für Bad Wimpfen;{'City Guide': '', 'Mobile App': '', 'Datenvisualisierung': 'Datenreporting'};{'Tourismus': 'Stadtentwicklung', 'Stadtentwicklung': '', 'Kultur': 'Kultur'};https://codefor.de/projekte/hn-bad-wimpfen-app/;Code for Heilbronn, Code for Germany;In Betrieb;Der Markt der CityApps ist sehr groß. Fast jede größere Stadt und vor allem Touristenorte bieten in den App Stores eigene Apps an, die den Besucher über das Geschehene vor Ort informieren sollen. …;;CC-BY 4.0;https://codefor.de;32.0
https://codefor.de/projekte/le-cityconnect/;CityConnect;{'Virtueller Raum': '', 'Web-Anwendung': '', 'Computerspiel im Retro Style': ''};{'Lokale Betreiber': '', 'WirVsVirus-Hackathons': '', 'Community-Unterstützung': ''};https://codefor.de/projekte/le-cityconnect/;OK Lab Leipzig, Code for Germany;In Betrieb;"CityConnect sieht aus wie ein Computerspiel im Retro Style, ist aber kein Spiel, sondern ein virtueller Raum, in dem sich Menschen zufällig als Avatare treffen.
Ein virtueller Raum ist dabei einer …";;CC-BY 4.0;https://codefor.de;33.0
https://codefor.de/projekte/hn-codeweek/;Code Week Heilbronn;{'Code Week': '', 'Programmierung': '', 'offene Daten': 'Öffentliche Daten', 'Workshops': 'Fortbildung', 'Hackday': ''};{'Jugend': 'Jugendhilfe', 'Bildung': 'Bildung', 'Programmierung': '', 'offene Daten': ''};https://codefor.de/projekte/hn-codeweek/;Code for Heilbronn, Code for Germany;Unbekannt;Basierend auf einer Idee der Young Advisors Gruppe der EU Kommission ging die “EU Code Week” vom 10. – 18. Oktober 2015 bereits in die dritte Runde. Letztes Jahr haben in ganz Europa über 150.000 …;;CC-BY 4.0;https://codefor.de;34.0
https://codefor.de/projekte/cologne-cute-pets/;CutePetsCologne;{'Twitterbot': '', 'Datenanwendung für Öffentlichkeit': 'Datenanwendung für Öffentlichkeit'};{'Jugendbeteiligung': 'Jugendhilfe', 'Tierschutz': '', 'Soziale Arbeit': 'Soziale Dienste'};https://codefor.de/projekte/cologne-cute-pets/;OK Lab Köln, Code for Germany;In Betrieb;Ein Twitterbot, der süße Tiere aus den Kölner Tierheimen Dellbrück und Zollstock postet. Implementiert auf Basis von CutePetsChemnitz im Rahmen des #openimpact Marathon von DataLook.;;CC-BY 4.0;https://codefor.de;35.0
https://codefor.de/projekte/dus-cycledorf/;CycleDorf;{'App': '', 'Datenanalyse': 'Datenanalyse', 'Visualisierung': 'Datenreporting'};{'Verkehrsplanung': '', 'Fahrrad': '', 'Düsseldorf': ''};https://codefor.de/projekte/dus-cycledorf/;OK Lab Düsseldorf, Code for Germany;In Planung;CycleDorf ist eine App, die Deine Fahrradtouren aufnimmt. Dadurch gesammelte Daten können für die kommunale Verkahrsplanung verwendet werden, um Düsseldorf zu einer besseren Stadt für Fahrradfahrer zu …;;CC-BY 4.0;https://codefor.de;36.0
https://codefor.de/projekte/le-damals/;damals in Leipzig;{'Kulturhackathon': '', 'Datenvisualisierung': 'Datenreporting', 'Interaktive Karte': 'Karten & Verzeichnisse', 'Spiel': '', 'Quiz': ''};{'Kultur': 'Kultur', 'Bildung': 'Bildung', 'Geschichte': '', 'Stadtplanung': 'Stadtentwicklung', 'Tourismus': 'Stadtentwicklung'};https://codefor.de/projekte/le-damals/;OK Lab Leipzig, Code for Germany;In Betrieb;"Dieses Projekt ist als Beitrag für den Kulturhackathon Coding da Vinci Ost entstanden.
Die Bilder wurden bereitgestellt vom Stadtgeschichtlichen Museum Leipzig und dem Stadtarchiv Leipzig im Rahmen …";;CC-BY 4.0;https://codefor.de;37.0
https://codefor.de/projekte/fis-broker/;Daten aus dem Geoportal Berlin;{'Datenanalyse': 'Datenanalyse', 'Datenerhebung': 'Datenerhebung', 'Datenanwendung für Öffentlichkeit': 'Datenanwendung für Öffentlichkeit', 'Datenstandards': 'Datenmanagement', 'Datensatz und Visualisierung': 'Datenreporting'};{'Berlin': '', 'Offene Daten': '', 'Stadtplanung': 'Stadtentwicklung', 'Transparenz': 'Inklusion & Teilhabe', 'Verwaltung': 'Organisation & Professionalisierung'};https://codefor.de/projekte/fis-broker/;OK Lab Berlin, Code for Germany;Unbekannt;Berlin veröffentlicht Datensätze über das Geoportal Berlin, den sog. FIS Broker. Die Daten sind über WMS und WFS Schnittstellen erreichbar und daher nicht ohne weiteres für eigene Webanwendungen …;FIS-Broker;CC-BY 4.0;https://codefor.de;38.0
https://codefor.de/projekte/rberlindata/;daten.berlin.de für R;{'Datenanalyse': 'Datenanalyse', 'Datenerhebung': 'Datenerhebung', 'Datenanwendung für Öffentlichkeit': 'Datenanwendung für Öffentlichkeit', 'Datenstandards': 'Datenmanagement', 'Digitale Plattform': 'Digitale Plattformen'};{'Offene Daten': '', 'Verwaltung': 'Organisation & Professionalisierung', 'Transparenz': 'Inklusion & Teilhabe', 'Berlin': ''};https://codefor.de/projekte/rberlindata/;OK Lab Berlin, Code for Germany;Unbekannt;Ein R Paket, um einfach auf die Daten von daten.berlin.de zuzugreifen. Führ nähere Infos, folgt den Links unten:;;CC-BY 4.0;https://codefor.de;39.0
https://codefor.de/projekte/be-datenwaben/;Datenwaben;{'Datenportal': 'Öffentliche Daten', 'Datenvisualisierung': 'Datenreporting', 'Backend': ''};{'Berlin': '', 'Städte': '', 'Datenverwaltung': '', 'Open Data': ''};https://codefor.de/projekte/be-datenwaben/;OK Lab Berlin, Code for Germany;In Planung;Die moderne Art ein Datenportal darzustellen: Pro Datensatz wird eine Wabe dargestellt. Mit einem bunten Hintergrund und kurzem Text können sowohl statische als auch Live-Daten angezeigt werden. …;;CC-BY 4.0;https://codefor.de;40.0
https://codefor.de/projekte/dbpediaplacesberlin/;DBpedia Places Berlin;{'Interaktive Karte': 'Karten & Verzeichnisse', 'Datenanwendung für Öffentlichkeit': 'Datenanwendung für Öffentlichkeit', 'Offene Daten': 'Öffentliche Daten'};{'Berlin': '', 'Deutschland': '', 'Stadtplanung': 'Stadtentwicklung', 'Offene Daten': ''};https://codefor.de/projekte/dbpediaplacesberlin/;OK Lab Berlin, Code for Germany;Unbekannt;Eine Webseite/WebApp, die Wikipediaseiten mit Berliner Koordinaten auf einer Karte markiert und beim Anklicken Titel, Bild, Zusammenfassung und Wikipedialink anzeigt. Die Koordinaten stammen aus …;;CC-BY 4.0;https://codefor.de;41.0
https://codefor.de/projekte/aedmap/;Defibrillatoren in Köln;{'Datenanwendung für Öffentlichkeit': 'Datenanwendung für Öffentlichkeit', 'Interaktive Karte': 'Karten & Verzeichnisse', 'Offene Daten': 'Öffentliche Daten'};{'Gesundheit': 'Gesundheit', 'Katastrophenschutz': 'Gesundheit', 'Stadtplanung': 'Stadtentwicklung'};https://codefor.de/projekte/aedmap/;OK Lab Köln, Code for Germany;In Betrieb;Defibrillatoren können im Fall eines plötzlichen Herzstillstandes Leben retten. Deshalb werden im öffentlichen Raum immer mehr sogenannte Laiendefibrillatoren oder AEDs (Automatisierte Externe …;AEDmap;CC-BY 4.0;https://codefor.de;42.0
https://codefor.de/projekte/muc-defis/;Defibrillatoren in OpenStreetMap eintragen (für FinderApp);{'Datenanwendung für Öffentlichkeit': 'Datenanwendung für Öffentlichkeit', 'Datenstandards': 'Datenmanagement', 'Datensatz und Visualisierung': 'Datenreporting', 'Interaktive Karte': 'Karten & Verzeichnisse'};{'Gesundheit': 'Gesundheit', 'Katastrophenschutz': 'Gesundheit', 'Stadtplanung': 'Stadtentwicklung'};https://codefor.de/projekte/muc-defis/;OK Lab München, Code for Germany;In Betrieb;"Die Standorte der Defis (AEDs) werden von diversen öffentlichen Stellen erfragt und in OpenStreetMap gemappt. Als zweiter Schritt soll die FinderApp damit gefüllt werden.
Auf Der Projektseite im …";;CC-BY 4.0;https://codefor.de;43.0
https://codefor.de/projekte/hh-demogenerator/;Demogenerator;{'Interaktive App': 'Webanwendungen', 'Datenanwendung für Öffentlichkeit': 'Datenanwendung für Öffentlichkeit'};{'Demokratie': 'Demokratie & Soziale Rechte', 'Partizipation': 'Inklusion & Teilhabe'};https://codefor.de/projekte/hh-demogenerator/;OK Lab Hamburg, Code for Germany;Unbekannt;Deine Montagsdemo wurde abgesagt? Kein Problem - es gibt Alternativen. Finde deine Lieblingsdemo mit dem Demogenerator!;;CC-BY 4.0;https://codefor.de;44.0
https://codefor.de/projekte/cologne-denkmal4d/;Denkmal 4D Köln;{'Web-Anwendung': '', 'Datenanwendung für Öffentlichkeit': 'Datenanwendung für Öffentlichkeit', 'Visualisierung mit Karten': 'Karten & Verzeichnisse'};{'Denkmalschutz': '', 'Stadtplanung': 'Stadtentwicklung', 'Kultur': 'Kultur'};https://codefor.de/projekte/cologne-denkmal4d/;OK Lab Köln, Code for Germany;In Planung;Mit dieser Web-Anwendung könnt Ihr Metadaten über die Denkmäler der Stadt Köln pflegen. Der besondere Fokus liegt auf der Verlinkung von existierenden 3D-Modellen und der Erfassung geplanter Modelle. …;;CC-BY 4.0;https://codefor.de;45.0
https://codefor.de/projekte/cologne-denkmaeler/;Denkmal in Köln;{'Datenanwendung für Öffentlichkeit': 'Datenanwendung für Öffentlichkeit', 'Interaktive Karte': 'Karten & Verzeichnisse', 'Visualisierung mit Karten': 'Karten & Verzeichnisse'};{'Stadt': 'Stadtentwicklung', 'Stadtplanung': 'Stadtentwicklung', 'Denkmalschutz': '', 'Kultur': 'Kultur'};https://codefor.de/projekte/cologne-denkmaeler/;OK Lab Köln, Code for Germany;In Betrieb;Du interessierst Dich für Baudenkmäler? Du wolltest auch schon immer mal wissen, ob es welche in Deiner Umgebung gibt? Diese Webapp zeigt sie Dir alle. Wähle aus, in welchem Zeitraum das Baujahr …;;CC-BY 4.0;https://codefor.de;46.0
https://codefor.de/projekte/denkmal-magdeburg/;Denkmal Magdeburg;{'Interaktive Karte': 'Karten & Verzeichnisse', 'Denkmäler': '', 'Informationen': ''};{'Kultur': 'Kultur', 'Denkmalschutz': '', 'Stadtplanung': 'Stadtentwicklung', 'Magdeburg': ''};https://codefor.de/projekte/denkmal-magdeburg/;OK Lab Magdeburg, Code for Germany;Eingestellt;Denkmal Magdeburg zeigt dir Informationen zu Denkmälern in deiner Umgebung an. Das Projekt ist gerade nur ein Minimum Viaable Prodct (MVP) und es sind herzlichst Mistreiter*innen gesucht es zu …;;CC-BY 4.0;https://codefor.de;47.0
https://codefor.de/projekte/hh-kitakarte/;Die passende Kita in Hamburg finden;{'Visualisierung': 'Datenreporting', 'Karte': 'Karten & Verzeichnisse', 'Datenvisualisierung': 'Datenreporting'};{'Kinderbetreuung': '', 'Stadtplanung': 'Stadtentwicklung', 'Hamburg': ''};https://codefor.de/projekte/hh-kitakarte/;OK Lab Hamburg, Code for Germany;Unbekannt;Visualisierung aller Hamburger Kitas auf einer Karte mit der Möglichkeit nach einer Bestimmten zu suchen.;;CC-BY 4.0;https://codefor.de;48.0
https://codefor.de/projekte/hh-zuwendungen/;Die Zuwendungen der Hamburger Behörden.;{'Datenanalyse': 'Datenanalyse', 'Datenerhebung': 'Datenerhebung', 'Datenanwendung für Öffentlichkeit': 'Datenanwendung für Öffentlichkeit', 'Visualisierung': 'Datenreporting'};{'Transparenz': 'Inklusion & Teilhabe', 'Verwaltung': 'Organisation & Professionalisierung', 'Hamburg': ''};https://codefor.de/projekte/hh-zuwendungen/;OK Lab Hamburg, Code for Germany;Eingestellt;Die Zuwendungen der Hamburger Behörden als filterbare Tabelle. Weitere Features kommen noch dazu.;;CC-BY 4.0;https://codefor.de;49.0
https://codefor.de/projekte/hn-crimemap/;Diebstähle Region Heilbronn;{'Visualisierung': 'Datenreporting', 'Datenanalyse': 'Datenanalyse'};{'Kriminalität': '', 'Stadtplanung': 'Stadtentwicklung', 'Transparenz': 'Inklusion & Teilhabe'};https://codefor.de/projekte/hn-crimemap/;Code for Heilbronn, Code for Germany;In Betrieb;Visualisierung der Einbrüche in der Region Heilbronn, Daten aus den Polizeimeldungen seit November 2013. Entwickelt am Open Data Day 2014 in Zusammenarbeit mit der Heilbronner Stimme.;;CC-BY 4.0;https://codefor.de;50.0
https://codefor.de/projekte/fl-open-monuments-map/;Digitale Denkmalkarte für Schleswig-Holstein;{'Interaktive Karte': 'Karten & Verzeichnisse', 'Visualisierung mit Karten': 'Karten & Verzeichnisse', 'Offene Daten': 'Öffentliche Daten'};{'Kultur': 'Kultur', 'Denkmalschutz': '', 'Schleswig-Holstein': '', 'Umwelt': 'Klima & Umwelt', 'Kulturdenkmäler': ''};https://codefor.de/projekte/fl-open-monuments-map/;OK Lab Flensburg, Code for Germany;In Planung;Die digitale Denkmalkarte stellt Kulturdenkmäler in Schleswig-Holstein interaktiv dar. Sie bietet eine Übersicht über Kulturdenkmäler und deren Merkmale auf einer digitalen Karte. Durch das Anklicken …;;CC-BY 4.0;https://codefor.de;51.0
https://codefor.de/projekte/disabled-railway/;Disabled Railway;{'Karte': 'Karten & Verzeichnisse', 'Visualisierung mit Karten': 'Karten & Verzeichnisse'};{'Barrierefreiheit': 'Inklusion & Teilhabe', 'Mobilität': '', 'Stadtplanung': 'Stadtentwicklung'};https://codefor.de/projekte/disabled-railway/;OK Lab Berlin, Code for Germany;Unbekannt;Eine Karte, auf der man sehen kann, von wo auf der Welt schnell ein Bahnhof erreicht werden kann – und wie sich die Situation ändert, sobald man im Rollstuhl sitzt. Vergleicht mal Paris und Berlin!;;CC-BY 4.0;https://codefor.de;52.0
https://codefor.de/projekte/le-dresdenrallye/;Dresden Rallye;{'Gamification': '', 'Nudging': '', 'Serious Game': '', 'Mobilitätsangebote': ''};{'Mobilität': '', 'Umwelt': 'Klima & Umwelt', 'Stadtplanung': 'Stadtentwicklung'};https://codefor.de/projekte/le-dresdenrallye/;OK Lab Leipzig, Code for Germany;In Betrieb;"Über Gamification (Nudging, Serious Game) die verschiedenen Mobilitätsangebote der Stadt bekannt machen.
Die Nutzer sollen dazu gebracht werden, von ihrem gewohnten Mobilitätsverhalten abzuweichen und …";;CC-BY 4.0;https://codefor.de;53.0
https://codefor.de/projekte/datennutzung/;Einführung Datennutzung mit R und Python;{'Datenanalyse': 'Datenanalyse', 'Datenerhebung': 'Datenerhebung'};{'Bildung': 'Bildung', 'Datenanalyse': '', 'Open Data': ''};https://codefor.de/projekte/datennutzung/;Code for Bielefeld, Code for Germany;In Planung;Gemeinsam erarbeiten wir uns die Grundlagen in R und Python und werden erste einfache Datenanalysen damit durchführen. Ziel ist es, den Teilnehmer:innen eine Einführung in die Nutzung von Daten und …;;CC-BY 4.0;https://codefor.de;54.0
https://codefor.de/projekte/le-einwohner/;Einwohner-Daten Leipzig;{'Karte': 'Karten & Verzeichnisse', 'Datenanalyse': 'Datenanalyse', 'Visualisierung mit Karten': 'Karten & Verzeichnisse'};{'Stadtplanung': 'Stadtentwicklung', 'Offene Daten': '', 'Verwaltung': 'Organisation & Professionalisierung'};https://codefor.de/projekte/le-einwohner/;OK Lab Leipzig, Code for Germany;In Betrieb;"Dieses Projekt ist entstanden für ein Schritt-für-Schritt-Tutorial für das Erstellen von Karten-Anwendungen mit Leaflet.
Jede der enthaltenen HTML-Dateien lässt sich einzeln im Browser öffnen, sie …";;CC-BY 4.0;https://codefor.de;55.0
https://codefor.de/projekte/be-drl-empower-rangers/;Empower Rangers;{'Digitale Plattform': 'Digitale Plattformen', 'Vernetzungsassistent': 'Virtuelle Assistenz'};{'Integration': 'Inklusion & Teilhabe', 'Geflüchtete': 'Flucht & Migration', 'Jugendarbeit': 'Jugendhilfe'};https://codefor.de/projekte/be-drl-empower-rangers/;OK Lab Berlin, Code for Germany;In Planung;Wir wollen den Verein Refugees Emancipation dabei unterstützen, noch bekannter zu werden. Deshalb wollen wir eine neue Webseite bauen, auf der sich der Verein präsentiert und auf der sich …;;CC-BY 4.0;https://codefor.de;56.0
https://codefor.de/projekte/ms-wahlkarte/;Ergebnisse der Kommunalwahl 2014;{'Datenanwendung für Öffentlichkeit': 'Datenanwendung für Öffentlichkeit', 'Visualisierung mit Karten': 'Karten & Verzeichnisse', 'Interaktive Karte': 'Karten & Verzeichnisse'};{'Demokratie': 'Demokratie & Soziale Rechte', 'Partizipation': 'Inklusion & Teilhabe', 'Stadtplanung': 'Stadtentwicklung'};https://codefor.de/projekte/ms-wahlkarte/;Code for Münster, Code for Germany;Unbekannt;Die Ergebnisse je Wahlbezirk live gemappt währen die Stimmzettel ausgefüllt wurden. Dargestellt werden die Gewinner der Direktmandate.;;CC-BY 4.0;https://codefor.de;57.0
https://codefor.de/projekte/ernteteilen/;Ernte Teilen;{'Plattform': 'Digitale Plattformen', 'Datenanwendung für Öffentlichkeit': 'Datenanwendung für Öffentlichkeit'};{'Landwirtschaft': 'Klima & Umwelt', 'Solidarische Landwirtschaft': '', 'Nachhaltigkeit': 'Klima & Umwelt'};https://codefor.de/projekte/ernteteilen/;OK Lab Berlin, Code for Germany;Unbekannt;Ernte-teilen.org bietet eine Plattform, die Landwirte und Verbraucherinnen, die sich an Solidarischer Landwirtschaft beteiligen möchten, zusammenfinden lässt.;;CC-BY 4.0;https://codefor.de;58.0
https://codefor.de/projekte/p-hiddenkosmos/;Exploring the Hidden Kosmos;{'Digitale Plattform': 'Digitale Plattformen', 'Visualisierung': 'Datenreporting'};{'Bildung': 'Bildung', 'Geschichte': '', 'Kultur': 'Kultur'};https://codefor.de/projekte/p-hiddenkosmos/;OK Lab Potsdam, Code for Germany;In Betrieb;Entdecke Alexander von Humboldts Kosmos-Vorlesungen aus den Jahren 1827/28. Die Seite entstand 2017 auf dem Kultur-Hackathon Coding da Vinci.;;CC-BY 4.0;https://codefor.de;59.0
https://codefor.de/projekte/le-fancylvbot/;fancyLVBot;{'Telegram-Chat-Bot': '', 'Datenanalyse': 'Datenanalyse', 'Datenerhebung': 'Datenerhebung', 'Interaktive App': 'Webanwendungen'};{'Öffentliche Verkehrsmittel': '', 'Mobilität': '', 'Stadtplanung': 'Stadtentwicklung', 'Leipzig': ''};https://codefor.de/projekte/le-fancylvbot/;OK Lab Leipzig, Code for Germany;In Planung;"Telegram-Chat-Bot, den man unter dem Namen “fancyLVBot” als Kontakt hinzufügen und nach der aktuellen Abfahrtzeiten fragen kann.
Unsere Zielgruppe sind Einheimische, die Streckenverbindung …";;CC-BY 4.0;https://codefor.de;60.0
https://codefor.de/projekte/hn-farmbot/;Farmbot // Code for Buga 2019;{'Automatisierte Datenübermittlung': 'Datenmanagement', 'Datenanalyse': 'Datenanalyse', 'Datenerhebung': 'Datenerhebung', 'Digitale Plattform': 'Digitale Plattformen', 'Interaktive App': 'Webanwendungen'};{'Jugendbeteiligung': 'Jugendhilfe', 'Bildung': 'Bildung', 'Nachhaltigkeit': 'Klima & Umwelt', 'Umwelt': 'Klima & Umwelt', 'Landwirtschaft': 'Klima & Umwelt'};https://codefor.de/projekte/hn-farmbot/;Code for Heilbronn, Code for Germany;Unbekannt;Der Mensch ist seit seiner Existenz ein Selbstversorger. Durch den rasanten Fortschritt im Bereich der Software und Hardware erreichen wir einen Punkt, wo Maschinen Selbstversorger beim Anbau von Obst …;;CC-BY 4.0;https://codefor.de;61.0
https://codefor.de/projekte/stgt-dust-sensor/;Feinstaubsensoren;{'Datenanalyse': 'Datenanalyse', 'Datenerhebung': 'Datenerhebung', 'Visualisierung': 'Datenreporting'};{'Umweltschutz': 'Klima & Umwelt', 'Luftqualität': 'Klima & Umwelt'};https://codefor.de/projekte/stgt-dust-sensor/;OK Lab Stuttgart, Code for Germany;Unbekannt;Wir entwickeln und bauen bezahlbare open source DIY Feinstaub-Sensoren. Stand Anfang 2021 messen weltweit über 14.000 Sensoren in über 70 Ländern, um ein genaueres Bild der Feinstaubverteilung zu …;;CC-BY 4.0;https://codefor.de;62.0
https://codefor.de/projekte/be-tempelhof/;Feld - die Bebauung des Tempelhofer Felds in 3D;{'Interaktive Karte': 'Karten & Verzeichnisse', 'Visualisierung mit Karten': 'Karten & Verzeichnisse', 'Datenvisualisierung': 'Datenreporting'};{'Stadtplanung': 'Stadtentwicklung', 'Partizipation': 'Inklusion & Teilhabe', 'Transparenz': 'Inklusion & Teilhabe', 'Berlin': ''};https://codefor.de/projekte/be-tempelhof/;OK Lab Berlin, Code for Germany;In Betrieb;"Am 25. Mai 2014 ist Volksabstimmung zur Bebauung des Tempelhofer Felds. Was wo gebaut werden soll erklärt dieses Projekt des OK Lab Berlin.
Die Morgenpost hat das Projekt aufgegriffen und mit ein …";;CC-BY 4.0;https://codefor.de;63.0
https://codefor.de/projekte/flaechengerechtigkeit/;Flächengerechtigkeits-Tool;{'Interaktive Karte': 'Karten & Verzeichnisse', 'Datenanwendung für Öffentlichkeit': 'Datenanwendung für Öffentlichkeit'};{'Stadtplanung': 'Stadtentwicklung', 'Verkehr': 'Stadtentwicklung', 'Gerechtigkeit': ''};https://codefor.de/projekte/flaechengerechtigkeit/;OK Lab Berlin, Code for Germany;Unbekannt;Bürger können ihre Straßen vermessen und die Frage nach der Gerechtigkeit im Verkehr quadratmeter-scharf diskutieren.;;CC-BY 4.0;https://codefor.de;64.0
https://codefor.de/projekte/flaechentool/;Flächentool;{'Datenanalyse': 'Datenanalyse', 'Visualisierung mit Karten': 'Karten & Verzeichnisse', 'Interaktive Karte': 'Karten & Verzeichnisse'};{'Umweltschutz': 'Klima & Umwelt', 'Stadtplanung': 'Stadtentwicklung', 'Nachhaltigkeit': 'Klima & Umwelt'};https://codefor.de/projekte/flaechentool/;OK Lab Berlin, Code for Germany;Unbekannt;Das Tool berrechnet die Nutzung der Flächen, basierend auf OpenStreetMap (OSM) Daten. Die OSM Daten wurden von verschiedenen Nutzern zusammengetragen. Es kommt zu Ungenauigkeiten, wenn die Daten …;;CC-BY 4.0;https://codefor.de;65.0
https://codefor.de/projekte/dd-freieparkplaetze/;Freie Parkplätze Dresden;{'Datenanalyse': 'Datenanalyse', 'Datenerhebung': 'Datenerhebung', 'Datenanwendung für Öffentlichkeit': 'Datenanwendung für Öffentlichkeit', 'Digitale Plattform': 'Digitale Plattformen', 'Interaktive App': 'Webanwendungen'};{'Stadtplanung': 'Stadtentwicklung', 'Verkehr': 'Stadtentwicklung', 'Tourismus': 'Stadtentwicklung', 'Veranstaltungsplanung': ''};https://codefor.de/projekte/dd-freieparkplaetze/;Open Data Dresden, Code for Germany;Unbekannt;Die Stadt Dresden bietet auf https://www.dresden.de/freie-parkplaetze eine Übersicht der freien Parkplätze in der Stadt Dresden an. Leider nicht maschinenlesbar (barrierefrei). Darum haben wir uns …;;CC-BY 4.0;https://codefor.de;66.0
https://codefor.de/projekte/ffpb-nodes/;Freifunk Knotenliste;{'Datenanwendung für Öffentlichkeit': 'Datenanwendung für Öffentlichkeit', 'Digitale Plattform': 'Digitale Plattformen', 'Interaktive App': 'Webanwendungen', 'Visualisierung': 'Datenreporting'};{'Freifunk': '', 'Paderborn': '', 'Stadtplanung': 'Stadtentwicklung', 'Vernetzung': 'Organisation & Professionalisierung'};https://codefor.de/projekte/ffpb-nodes/;CodeforPB, Code for Germany;Unbekannt;Der Beginn einer Freifunk Companion App. Aktuell wird nur die Knotenliste dargestellt und man kann die Details der Knoten anzeigen lassen. Später soll die Darstellung der Knoten auch auf einer Karte …;;CC-BY 4.0;https://codefor.de;67.0
https://codefor.de/projekte/le-gentrifizierung/;Gebäude-Entwicklung in Leipzig;{'Datenanalyse': 'Datenanalyse', 'Datenerhebung': 'Datenerhebung', 'Visualisierung mit Karten': 'Karten & Verzeichnisse', 'Interaktive Karte': 'Karten & Verzeichnisse'};{'Stadtplanung': 'Stadtentwicklung', 'Umweltschutz': 'Klima & Umwelt', 'Transparenz': 'Inklusion & Teilhabe'};https://codefor.de/projekte/le-gentrifizierung/;OK Lab Leipzig, Code for Germany;In Betrieb;"Leipzig ist eine stark wachsende Stadt, was sich entsprechend im Haus- und Wohnungsbau niederschlägt.
Dieses Projekt möchte das zunehmende Schließen von Baulücken und Wachstum an den Rändern in …";;CC-BY 4.0;https://codefor.de;68.0
https://codefor.de/projekte/gedenktafelnberlin/;Gedenktafeln in Berlin;{'Datenanwendung für Öffentlichkeit': 'Datenanwendung für Öffentlichkeit', 'Visualisierung mit Karten': 'Karten & Verzeichnisse', 'Offene Daten': 'Öffentliche Daten'};{'Geschichte': '', 'Erinnerungskultur': '', 'Berlin': '', 'Menschenrechte': 'Demokratie & Soziale Rechte', 'Nationalsozialismus': '', 'Opferberatung': ''};https://codefor.de/projekte/gedenktafelnberlin/;OK Lab Berlin, Code for Germany;Unbekannt;Eine Webseite, die vorhandene und, auf Wunsch entfernte Tafeln zu historischen Orten in Berlin anzeigt. Viele davon sind der Erinnerung an jene Menschen gewidmet, die sich der nationalsozialistischen …;;CC-BY 4.0;https://codefor.de;69.0
https://codefor.de/projekte/geodata-time/;Geodaten mit Zeitdimension;{'Datenanwendung für Öffentlichkeit': 'Datenanwendung für Öffentlichkeit', 'Datenstandards': 'Datenmanagement', 'Datensatz und Visualisierung': 'Datenreporting', 'Interaktive Karte': 'Karten & Verzeichnisse', 'Offene Daten': 'Öffentliche Daten'};{'Datenschutz': '', 'Offene Daten': '', 'Transparenz': 'Inklusion & Teilhabe'};https://codefor.de/projekte/geodata-time/;OK Lab Berlin, Code for Germany;Unbekannt;Ich möchte eine Datenbank bauen, in der ich mehrere Versionen des gleichen Geodatensatzes ablegen kann. Ich möchte damit den zeitlichen Verlauf, also Änderungen am Datensatz festhalten. Die API soll …;;CC-BY 4.0;https://codefor.de;70.0
https://codefor.de/projekte/bn-veranstaltungskalender/;Geographischer Veranstaltungskalender;{'Veranstaltungskalender': '', 'Geographischer Veranstaltungskalender': '', 'heatmap-artiger Veranstaltungskalender': ''};{'Bonn': '', 'Deutschland': ''};https://codefor.de/projekte/bn-veranstaltungskalender/;OK Lab Bonn-Rhein-Sieg, Code for Germany;In Planung;In Anlehnung an das Projekt “Wo steppt der Bär in Wien heute?” soll es einen heatmap-artigen Veranstaltungskalender auch für Bonn geben.;;CC-BY 4.0;https://codefor.de;71.0
https://codefor.de/projekte/hn-geojson-utilities/;Geojson Utilities;{'Datenanwendung für Öffentlichkeit': 'Datenanwendung für Öffentlichkeit', 'Visualisierung mit Karten': 'Karten & Verzeichnisse', 'Offene Daten': 'Öffentliche Daten'};{'Deutschland': '', 'Journalismus': '', 'Programmierung': '', 'Visualisierung': ''};https://codefor.de/projekte/hn-geojson-utilities/;Code for Heilbronn, Code for Germany;In Betrieb;Dieses Projekt ermöglicht einen schnellen Export der Gemeindeflächen, Landkreisflächen und Bundeslandflächen in Deutschland im .geojson Format. Dies ist besonders hilfreich für Journalisten und …;;CC-BY 4.0;https://codefor.de;72.0
https://codefor.de/projekte/cologne-giesst/;GießtKölle;{'Analyse von Sensordaten und ML': 'Künstliche Intelligenz', 'Interaktive Karte': 'Karten & Verzeichnisse', 'Datensatz und Visualisierung': 'Datenreporting'};{'Nachbarschaft': '', 'Umwelt': 'Klima & Umwelt', 'Stadt': 'Stadtentwicklung'};https://codefor.de/projekte/cologne-giesst/;OK Lab Köln, Code for Germany;In Betrieb;Mit dieser Web Karte kannst Du Dich über den Wasserbedarf der Bäume in deiner Nachbarschaft informieren und Deinen Nachbar*innen mitteilen ob Du die Bäume gegossen hast.;GießtKölle;CC-BY 4.0;https://codefor.de;73.0
https://codefor.de/projekte/le-glaeserne-klaeranlage/;Gläsernes Klärwerk;{'Interaktive Visualisierungen': ''};{'Kläranlage': ''};https://codefor.de/projekte/le-glaeserne-klaeranlage/;OK Lab Leipzig, Code for Germany;In Betrieb;"Interaktive Visualisierungen über die Funktionsweise einer Kläranlage.
Beim OpenDataDay am 4. März 2017 wurde mit Hilfe der Anwesenden sowie der Unterstützung der OEWA, der Gesellschaft für Informatik …";;CC-BY 4.0;https://codefor.de;74.0
https://codefor.de/projekte/grossstadtbaum/;Großstadt-Baum;{'Analyse von Sensordaten und ML': 'Künstliche Intelligenz', 'Bericht': 'Datenreporting', 'Crowd-Sourced Daten': 'Öffentliche Daten', 'Dashboard': 'Datenreporting', 'Datenanalyse': 'Datenanalyse', 'Datenerhebung': 'Datenerhebung', 'Datenanwendung für Öffentlichkeit': 'Datenanwendung für Öffentlichkeit', 'Datenstandards': 'Datenmanagement', 'Datensatz und Visualisierung': 'Datenreporting', 'Digitale Plattform': 'Digitale Plattformen', 'Dokumentations- und Netzwerktool': 'Unterstützungstools', 'Entscheidungsassistent': 'Virtuelle Assistenz', 'Festival und Studie': 'Datenreporting', 'Generative KI': 'Künstliche Intelligenz', 'Interaktive App': 'Webanwendungen', 'Interaktive Karte': 'Karten & Verzeichnisse', 'Interaktiver Fragebogen': 'Datenerhebung', 'Interne Datenanwendung': 'Interne Datenanwendung', 'KI Anwendung': '', 'Karte': 'Karten & Verzeichnisse', 'Knowledge Graph': 'Wissensorganisation', 'Large Language Model (LLM)': 'Sprachtechnologie', 'Matching': 'Datenanalyse', 'Monitoring': 'Wirkungsmessung', 'Offene Daten': 'Öffentliche Daten', 'Output Monitoring': 'Wirkungsmessung', 'Plattform für Wahlentscheidungen': 'Digitale Plattformen', 'Prozessautomatisierung': 'Automatisierung', 'Reporting': 'Datenreporting', 'Skalierung der Wirkungsmessung': 'Wirkungsmessung', 'Sprach-Editor': 'Sprachtechnologie', 'Umfrage': 'Datenerhebung', 'Übersetzungsassistent': 'Sprachtechnologie', 'Vernetzungsassistent': 'Virtuelle Assistenz', 'Verzeichnis / Karte': 'Karten & Verzeichnisse', 'Visualisierung mit Karten': 'Karten & Verzeichnisse', 'Zugänglichkeit Offene Daten des Statistischen Bundesamts': 'Öffentliche Daten'};{'Afrika': 'Internationale Projekte', 'Antidiskriminierung': 'Anti Dismkriminierung', 'Antirassismus': 'Anti Dismkriminierung', 'Arbeit mit Kindern': 'Jugendhilfe', 'Armut': 'Arbeit & Soziales', 'Barrierefreiheit': 'Inklusion & Teilhabe', 'Beratung': 'Soziale Dienste', 'Chancengleichheit': 'Anti Dismkriminierung', 'Demokratie': 'Demokratie & Soziale Rechte', 'Demenz': 'Gesundheit', 'Datenschutz': '', 'Energie': 'Klima & Umwelt', 'Ethik': 'Demokratie & Soziale Rechte', 'Evaluation': 'Organisation & Professionalisierung', 'Frauen': 'Anti Dismkriminierung', 'Fundraising': 'Organisation & Professionalisierung', 'Geflüchtete': 'Flucht & Migration', 'Genderneutrale Sprache': '', 'Gleichberechtigung': 'Anti Dismkriminierung', 'Gleichstellung': 'Anti Dismkriminierung', 'Gesundheit': 'Gesundheit', 'Humanitäre Hilfe': 'Internationale Projekte', 'Indien': 'Internationale Projekte', 'Inklusion': 'Inklusion & Teilhabe', 'Integration': 'Inklusion & Teilhabe', 'International': 'Internationale Projekte', 'Jugendarbeit': 'Jugendhilfe', 'Jugendbeteiligung': 'Jugendhilfe', 'Jugendhilfe': 'Jugendhilfe', 'Kamerun': 'Internationale Projekte', 'Katastrophenschutz': 'Gesundheit', 'Kältehilfe': 'Soziale Dienste', 'Kinderschutz': 'Jugendhilfe', 'Kinder- und Jugendhilfe': 'Jugendhilfe', 'KI': 'Gesundheit', 'Kongo': 'Internationale Projekte', 'Kroatien': 'Internationale Projekte', 'Landwirtschaft': 'Klima & Umwelt', 'Meeresschutz': 'Klima & Umwelt', 'Mentale Gesundheit': 'Gesundheit', 'Mentoring': 'Bildung', 'Menschen mit Behinderung': 'Inklusion & Teilhabe', 'Menschenrechte': 'Demokratie & Soziale Rechte', 'Migration': 'Flucht & Migration', 'Migrationsberatung': 'Flucht & Migration', 'Nachhaltigkeit': 'Klima & Umwelt', 'Offene Daten': '', 'Partizipation': 'Inklusion & Teilhabe', 'Patenschaft': 'Organisation & Professionalisierung', 'Pflege': 'Gesundheit', 'Pflegende Angehörige': '', 'Queere Sichtbarkeit': 'Anti Dismkriminierung', 'Rettungsdienst': 'Gesundheit', 'Senioren': 'Soziale Dienste', 'Soziale Arbeit': 'Soziale Dienste', 'Sport': 'Sport', 'Stadt': 'Stadtentwicklung', 'Stadtplanung': 'Stadtentwicklung', 'Teilhabe': 'Inklusion & Teilhabe', 'Telemedizin': 'Gesundheit', 'Transparenz': 'Inklusion & Teilhabe', 'Türkei': 'Internationale Projekte', 'Umwelt': 'Klima & Umwelt', 'Umweltschutz': 'Klima & Umwelt', 'Vernetzung': 'Organisation & Professionalisierung', 'Verwaltung': 'Organisation & Professionalisierung', 'Wirkungsmessung': 'Organisation & Professionalisierung', 'Wohlfahrt': 'Soziale Dienste', 'Wohnen': 'Stadtentwicklung', 'Wohnungslosenhilfe': 'Soziale Dienste', 'Wissensmanagement': 'Organisation & Professionalisierung'};https://codefor.de/projekte/grossstadtbaum/;OK Lab Berlin, Code for Germany;In Betrieb;Berlin veröffentlicht Datensätze zu Anlagenbäumen, Straßenbäumen und Uferbäumen. In unserer Stadt stehen über 1 Million Bäume. Ich habe den typischen Berliner Baum gesucht und habe ihn gefunden.;;CC-BY 4.0;https://codefor.de;75.0
https://codefor.de/projekte/c-haltestellen/;Haltestellen in Chemnitz & Umland;{'Analyse von Sensordaten und ML': 'Künstliche Intelligenz', 'Bericht': 'Datenreporting', 'Crowd-Sourced Daten': 'Öffentliche Daten', 'Dashboard': 'Datenreporting', 'Datenanalyse': 'Datenanalyse', 'Datenerhebung': 'Datenerhebung', 'Datenanwendung für Öffentlichkeit': 'Datenanwendung für Öffentlichkeit', 'Datenstandards': 'Datenmanagement', 'Datensatz und Visualisierung': 'Datenreporting', 'Digitale Plattform': 'Digitale Plattformen', 'Dokumentations- und Netzwerktool': 'Unterstützungstools', 'Entscheidungsassistent': 'Virtuelle Assistenz', 'Festival und Studie': 'Datenreporting', 'Generative KI': 'Künstliche Intelligenz', 'Interaktive App': 'Webanwendungen', 'Interaktive Karte': 'Karten & Verzeichnisse', 'Interaktiver Fragebogen': 'Datenerhebung', 'Interne Datenanwendung': 'Interne Datenanwendung', 'KI Anwendung': '', 'Karte': 'Karten & Verzeichnisse', 'Knowledge Graph': 'Wissensorganisation', 'Large Language Model (LLM)': 'Sprachtechnologie', 'Matching': 'Datenanalyse', 'Monitoring': 'Wirkungsmessung', 'Offene Daten': 'Öffentliche Daten', 'Output Monitoring': 'Wirkungsmessung', 'Plattform für Wahlentscheidungen': 'Digitale Plattformen', 'Prozessautomatisierung': 'Automatisierung', 'Reporting': 'Datenreporting', 'Skalierung der Wirkungsmessung': 'Wirkungsmessung', 'Sprach-Editor': 'Sprachtechnologie', 'Umfrage': 'Datenerhebung', 'Übersetzungsassistent': 'Sprachtechnologie', 'Vernetzungsassistent': 'Virtuelle Assistenz', 'Verzeichnis / Karte': 'Karten & Verzeichnisse', 'Visualisierung mit Karten': 'Karten & Verzeichnisse', 'Zugänglichkeit Offene Daten des Statistischen Bundesamts': 'Öffentliche Daten'};{'Afrika': 'Internationale Projekte', 'Antidiskriminierung': 'Anti Dismkriminierung', 'Antirassismus': 'Anti Dismkriminierung', 'Arbeit mit Kindern': 'Jugendhilfe', 'Armut': 'Arbeit & Soziales', 'Barrierefreiheit': 'Inklusion & Teilhabe', 'Beratung': 'Soziale Dienste', 'Chancengleichheit': 'Anti Dismkriminierung', 'Demokratie': 'Demokratie & Soziale Rechte', 'Demenz': 'Gesundheit', 'Datenschutz': '', 'Energie': 'Klima & Umwelt', 'Ethik': 'Demokratie & Soziale Rechte', 'Evaluation': 'Organisation & Professionalisierung', 'Frauen': 'Anti Dismkriminierung', 'Fundraising': 'Organisation & Professionalisierung', 'Geflüchtete': 'Flucht & Migration', 'Genderneutrale Sprache': '', 'Gleichberechtigung': 'Anti Dismkriminierung', 'Gleichstellung': 'Anti Dismkriminierung', 'Gesundheit': 'Gesundheit', 'Humanitäre Hilfe': 'Internationale Projekte', 'Indien': 'Internationale Projekte', 'Inklusion': 'Inklusion & Teilhabe', 'Integration': 'Inklusion & Teilhabe', 'International': 'Internationale Projekte', 'Jugendarbeit': 'Jugendhilfe', 'Jugendbeteiligung': 'Jugendhilfe', 'Jugendhilfe': 'Jugendhilfe', 'Kamerun': 'Internationale Projekte', 'Katastrophenschutz': 'Gesundheit', 'Kältehilfe': 'Soziale Dienste', 'Kinderschutz': 'Jugendhilfe', 'Kinder- und Jugendhilfe': 'Jugendhilfe', 'KI': 'Gesundheit', 'Kongo': 'Internationale Projekte', 'Kroatien': 'Internationale Projekte', 'Landwirtschaft': 'Klima & Umwelt', 'Meeresschutz': 'Klima & Umwelt', 'Mentale Gesundheit': 'Gesundheit', 'Mentoring': 'Bildung', 'Menschen mit Behinderung': 'Inklusion & Teilhabe', 'Menschenrechte': 'Demokratie & Soziale Rechte', 'Migration': 'Flucht & Migration', 'Migrationsberatung': 'Flucht & Migration', 'Nachhaltigkeit': 'Klima & Umwelt', 'Offene Daten': '', 'Partizipation': 'Inklusion & Teilhabe', 'Patenschaft': 'Organisation & Professionalisierung', 'Pflege': 'Gesundheit', 'Pflegende Angehörige': '', 'Queere Sichtbarkeit': 'Anti Dismkriminierung', 'Rettungsdienst': 'Gesundheit', 'Senioren': 'Soziale Dienste', 'Soziale Arbeit': 'Soziale Dienste', 'Sport': 'Sport', 'Stadt': 'Stadtentwicklung', 'Stadtplanung': 'Stadtentwicklung', 'Teilhabe': 'Inklusion & Teilhabe', 'Telemedizin': 'Gesundheit', 'Transparenz': 'Inklusion & Teilhabe', 'Türkei': 'Internationale Projekte', 'Umwelt': 'Klima & Umwelt', 'Umweltschutz': 'Klima & Umwelt', 'Vernetzung': 'Organisation & Professionalisierung', 'Verwaltung': 'Organisation & Professionalisierung', 'Wirkungsmessung': 'Organisation & Professionalisierung', 'Wohlfahrt': 'Soziale Dienste', 'Wohnen': 'Stadtentwicklung', 'Wohnungslosenhilfe': 'Soziale Dienste', 'Wissensmanagement': 'Organisation & Professionalisierung'};https://codefor.de/projekte/c-haltestellen/;OK Lab Chemnitz, Code for Germany;In Betrieb;Die Karte Zeigt die von der CVAG zur Verfügung gestellten Haltestellendaten. Man sieht deutliche Abweichungen der Koordinaten zu den Punkten auf der OSM Karte.;;CC-BY 4.0;https://codefor.de;76.0
https://codefor.de/projekte/hh-echtzeit/;Hamburg in Zahlen;{'Datenanalyse': 'Datenanalyse', 'Datenerhebung': 'Datenerhebung', 'Datenanwendung für Öffentlichkeit': 'Datenanwendung für Öffentlichkeit', 'Datensatz und Visualisierung': 'Datenreporting', 'Digitale Plattform': 'Digitale Plattformen'};{'Demokratie': 'Demokratie & Soziale Rechte', 'Inklusion': 'Inklusion & Teilhabe', 'Integration': 'Inklusion & Teilhabe', 'Nachhaltigkeit': 'Klima & Umwelt', 'Offene Daten': '', 'Soziale Arbeit': 'Soziale Dienste', 'Stadt': 'Stadtentwicklung', 'Stadtplanung': 'Stadtentwicklung', 'Transparenz': 'Inklusion & Teilhabe', 'Wohlfahrt': 'Soziale Dienste'};https://codefor.de/projekte/hh-echtzeit/;OK Lab Hamburg, Code for Germany;Unbekannt;Was verändert sich gerade (durchschtnittlich) in Hamburg? Eine Übersicht interessanter Zahlen.;;CC-BY 4.0;https://codefor.de;77.0
https://codefor.de/projekte/p-haushalt/;Haushalt Potsdam 2018/2019;{'Datenanwendung für Öffentlichkeit': 'Datenanwendung für Öffentlichkeit', 'Visualisierung': 'Datenreporting'};{'Stadt': 'Stadtentwicklung', 'Verwaltung': 'Organisation & Professionalisierung', 'Transparenz': 'Inklusion & Teilhabe'};https://codefor.de/projekte/p-haushalt/;OK Lab Potsdam, Code for Germany;In Betrieb;Erkunde interaktiv den Doppelhaushalt von Potsdam für die Jahre 2018 und 2019.;;CC-BY 4.0;https://codefor.de;78.0
https://codefor.de/projekte/historic-berlin/;Historische Entwicklung Berlins;{'Karte': 'Karten & Verzeichnisse', 'Datenanalyse': 'Datenanalyse', 'Visualisierung mit Karten': 'Karten & Verzeichnisse'};{'Stadtplanung': 'Stadtentwicklung', 'Historische Forschung': '', 'Bildung': 'Bildung'};https://codefor.de/projekte/historic-berlin/;OK Lab Berlin, Code for Germany;Unbekannt;Historische Berlin-Karten aus dem FIS-Broker zur Benutzung in anderen Projekten.;;CC-BY 4.0;https://codefor.de;79.0
https://codefor.de/projekte/muc-ddj/;How-To Datenjournalismus;{'Datenjournalismus': '', 'How-To': ''};{'Datenjournalismus': '', 'Journalismus': ''};https://codefor.de/projekte/muc-ddj/;OK Lab München, Code for Germany;In Betrieb;;;CC-BY 4.0;https://codefor.de;80.0
https://codefor.de/projekte/vortrag_bielefeld_io/;Innovationen durch Open Data bei der Bielefeld.IO 2021;{'Vortrag': 'Fortbildung', 'Workshop': 'Fortbildung'};{'Open Data': '', 'Innovationen': ''};https://codefor.de/projekte/vortrag_bielefeld_io/;Code for Bielefeld, Code for Germany;Unbekannt;Vortrag und Workshop zu „Innovationen durch Open Data“ im Rahmen der Bielfeld.IO am Freitag, 3. September 2021. Anmeldung und weitere Infos auf eventbrite.;;CC-BY 4.0;https://codefor.de;81.0
https://codefor.de/projekte/le-intelligentes-rathaus/;Intelligentes Rathaus Leipzig;{'Datenanalyse': 'Datenanalyse', 'Datenerhebung': 'Datenerhebung', 'Digitale Plattform': 'Digitale Plattformen', 'Interaktive App': 'Webanwendungen', 'Knowledge Graph': 'Wissensorganisation', 'Large Language Model (LLM)': 'Sprachtechnologie', 'Monitoring': 'Wirkungsmessung', 'Offene Daten': 'Öffentliche Daten', 'Prozessautomatisierung': 'Automatisierung', 'Visualisierung mit Karten': 'Karten & Verzeichnisse'};{'Demokratie': 'Demokratie & Soziale Rechte', 'Digitalisierung': '', 'Inklusion': 'Inklusion & Teilhabe', 'Integration': 'Inklusion & Teilhabe', 'KI': 'Gesundheit', 'Kommunalverwaltung': '', 'Nachhaltigkeit': 'Klima & Umwelt', 'Offene Daten': '', 'Partizipation': 'Inklusion & Teilhabe', 'Stadtplanung': 'Stadtentwicklung', 'Transparenz': 'Inklusion & Teilhabe', 'Verwaltung': 'Organisation & Professionalisierung'};https://codefor.de/projekte/le-intelligentes-rathaus/;OK Lab Leipzig, Code for Germany;In Planung;"Durchsuche das Ratsinformationssystem der Stadt Leipzig und abboniere deine Suchergebnisse!
Durchsuche das Ratsinformationssystem der Stadt Leipzig per Volltextsuche oder über detailierte Filter. …";;CC-BY 4.0;https://codefor.de;82.0
https://codefor.de/projekte/fl-open-biotope-map/;Interaktive Biotopkarte mit Wertbiotopen und Nichtwertbiotopen;{'Analyse von Sensordaten und ML': 'Künstliche Intelligenz', 'Interaktive Karte': 'Karten & Verzeichnisse', 'Visualisierung mit Karten': 'Karten & Verzeichnisse'};{'Umwelt': 'Klima & Umwelt', 'Umweltschutz': 'Klima & Umwelt'};https://codefor.de/projekte/fl-open-biotope-map/;OK Lab Flensburg, Code for Germany;In Planung;Diese kleine interaktive Biotopkarte ist nach einem Spaziergang durch Salzwiesen und an der Steilküste in Holnis entstanden. Nach mehrfacher Begehung der einzigartigen Landschaft an der Ostsee …;;CC-BY 4.0;https://codefor.de;83.0
https://codefor.de/projekte/fl-open-parcel-map/;Interaktive Flurstücksauskunft für Schleswig-Holstein;{'Interaktive Karte': 'Karten & Verzeichnisse', 'Datenanwendung für Öffentlichkeit': 'Datenanwendung für Öffentlichkeit', 'Offene Daten': 'Öffentliche Daten'};{'Umwelt': 'Klima & Umwelt', 'Verwaltung': 'Organisation & Professionalisierung', 'Transparenz': 'Inklusion & Teilhabe', 'Schleswig-Holstein': ''};https://codefor.de/projekte/fl-open-parcel-map/;OK Lab Flensburg, Code for Germany;In Planung;Diese interaktive nicht amtliche Flurstücksauskunft ohne Eigentümerangaben für Schleswig-Holstein entstand nach Gesprächen mit Bürgerinitiativen durch das OK Lab Flensburg um Verwaltungs-, Kreis-, …;;CC-BY 4.0;https://codefor.de;84.0
https://codefor.de/projekte/interessante-orte/;Interessante Orte;{'Karte': 'Karten & Verzeichnisse', 'Visualisierung': 'Datenreporting'};{'Stadtplanung': 'Stadtentwicklung', 'Geschichte': '', 'Bildung': 'Bildung', 'Barrierefreiheit': 'Inklusion & Teilhabe', 'Datenschutz': ''};https://codefor.de/projekte/interessante-orte/;OK Lab Köln, Code for Germany;In Betrieb;"Schritt für Schritt wirst Du eine einfache Kartenanwendung erstellen, mit der Du interessante Orte visualisieren kannst. Programmierkenntnisse sind nicht erforderlich.
Besonderer Fokus liegt dabei …";;CC-BY 4.0;https://codefor.de;85.0
https://codefor.de/projekte/le-schulinternet/;Internetgeschwindigkeit in Sachsens Schulen;{'Karte': 'Karten & Verzeichnisse', 'Visualisierung mit Karten': 'Karten & Verzeichnisse', 'Datenanalyse': 'Datenanalyse', 'Datenerhebung': 'Datenerhebung'};{'Bildung': 'Bildung', 'Breitbandausbau': '', 'Sachsen': '', 'Schulen': '', 'Internetgeschwindigkeit': ''};https://codefor.de/projekte/le-schulinternet/;OK Lab Leipzig, Code for Germany;In Betrieb;"Stellt Internetverbindungen von Schulen in Sachsen auf einer Karte dar und soll damit den weiteren Breitbandausbau vor allem im Bildungssektor anregen.
Nutzt cheerio.js zum Scrapen der Web-Seiten, …";;CC-BY 4.0;https://codefor.de;86.0
https://codefor.de/projekte/jedeschule-2/;jedeschule.de API;{'API': 'Datenmanagement', 'CSV Dumps': '', 'Datenaktualisierung': '', 'Scraping-Pipeline': ''};{'Bildung': 'Bildung', 'Schulen': '', 'Deutschland': '', 'Open Data': ''};https://codefor.de/projekte/jedeschule-2/;OK Lab Berlin, Code for Germany;Unbekannt;jedeschule.de startete 2015 als Projekt der Open Knowledge Foundation Deutschland in Zusammenarbeit mit dem Verein BildsungsCent e.V.. Ziel war es, alle Schulen Deutschlands auf einer Platform zu …;;CC-BY 4.0;https://codefor.de;87.0
https://codefor.de/projekte/baustellen-chemnitz/;Karte Chemnitzer Baustellen;{'Karte': 'Karten & Verzeichnisse', 'Datenvisualisierung': 'Datenreporting', 'Offene Daten': 'Öffentliche Daten'};{'Stadtplanung': 'Stadtentwicklung', 'Verkehr': 'Stadtentwicklung', 'Verwaltung': 'Organisation & Professionalisierung', 'Offene Daten': ''};https://codefor.de/projekte/baustellen-chemnitz/;OK Lab Chemnitz, Code for Germany;In Betrieb;Auf einer Karte werden die Baustellen in Chemnitz übersichtlich dargestellt. Die Daten werden von der Stadt Chemnitz als Text veröffentlicht.;;CC-BY 4.0;https://codefor.de;88.0
https://codefor.de/projekte/blitzerkarte-chemnitz/;Karte Chemnitzer Blitzer;{'Karte': 'Karten & Verzeichnisse', 'Visualisierung mit Karten': 'Karten & Verzeichnisse', 'Offene Daten': 'Öffentliche Daten'};{'Stadtplanung': 'Stadtentwicklung', 'Transparenz': 'Inklusion & Teilhabe', 'Verwaltung': 'Organisation & Professionalisierung'};https://codefor.de/projekte/blitzerkarte-chemnitz/;OK Lab Chemnitz, Code for Germany;Unbekannt;Auf einer Karte werden die monatlich veröffentlichten Geschwindigkeitskontrollen in Chemnitz übersichtlich dargestellt. Die Daten werden von der Stadt Chemnitz als Text veröffentlicht.;;CC-BY 4.0;https://codefor.de;89.0
https://codefor.de/projekte/bn-opendatamap-nrw/;Karte der Open Data – Angebote in NRW;{'Karte': 'Karten & Verzeichnisse', 'Datenanalyse': 'Datenanalyse', 'Open Data': 'Öffentliche Daten'};{'Offene Daten': '', 'Verwaltung': 'Organisation & Professionalisierung', 'Umwelt': 'Klima & Umwelt', 'Stadtplanung': 'Stadtentwicklung'};https://codefor.de/projekte/bn-opendatamap-nrw/;OK Lab Bonn-Rhein-Sieg, Code for Germany;In Betrieb;Welche Kommunen in NRW besitzen ein Open Data-Portal? Welches System oder Lizenz verwenden sie? Gibt es eine Anbindung an das Open.NRW-Portal? Die Karte bildet eine Übersicht aller aktuellen …;;CC-BY 4.0;https://codefor.de;90.0
https://codefor.de/projekte/fl-open-recycling-map/;Karte der Recyclingcontainer in Flensburg;{'Karte': 'Karten & Verzeichnisse', 'Recyclingcontainer': '', 'Altkleidung': '', 'Altglas': ''};{'Umwelt': 'Klima & Umwelt', 'Recycling': 'Klima & Umwelt', 'Stadtplanung': 'Stadtentwicklung'};https://codefor.de/projekte/fl-open-recycling-map/;OK Lab Flensburg, Code for Germany;In Planung;Karte der Standorte von Recycling Containern für Altkleidung und Altglas vom Technisches Betriebszentrum Flensburg AöR. Es werden nur Standorte auf städtischen Flächen angezeigt. Unser Ziel ist es, …;;CC-BY 4.0;https://codefor.de;91.0
https://codefor.de/projekte/fl-open-cultural-map/;Karte mit Verantstaltungsorten der Kulturnacht Flensburg;{'Karte': 'Karten & Verzeichnisse', 'Visualisierung mit Karten': 'Karten & Verzeichnisse'};{'Kultur': 'Kultur', 'Stadtplanung': 'Stadtentwicklung', 'Partizipation': 'Inklusion & Teilhabe'};https://codefor.de/projekte/fl-open-cultural-map/;OK Lab Flensburg, Code for Germany;In Betrieb;Am 14. September 2024 haben die Flensburger Kulturakteure zur Kulturnacht eingeladen. Dabei haben sie sich an verschiedenen Orten der Stadt präsentiert, um diese kulturellen Orte bekannter zu machen. …;;CC-BY 4.0;https://codefor.de;92.0
https://codefor.de/projekte/wpt-kartenkarte/;KartenKarte;{'Karte': 'Karten & Verzeichnisse', 'Visualisierung mit Karten': 'Karten & Verzeichnisse', 'Offene Daten': 'Öffentliche Daten'};{'Offene Daten': '', 'Stadtplanung': 'Stadtentwicklung', 'Verwaltung': 'Organisation & Professionalisierung'};https://codefor.de/projekte/wpt-kartenkarte/;OK Lab Wuppertal, Code for Germany;In Planung;KartenKarte ließt vorhandene Daten aus OpenStreetMap aus und stellt diese auf eine andere Art und Weise dar. Viele Informationen sind in der OSM Datenbank vorhanden, werden aber nicht auf der Karte …;;CC-BY 4.0;https://codefor.de;93.0
https://codefor.de/projekte/hn-kastanienapp/;Kastanienapp;{'Interaktive App': 'Webanwendungen', 'Datenanalyse': 'Datenanalyse', 'Open Data': 'Öffentliche Daten'};{'Stadtplanung': 'Stadtentwicklung', 'Umwelt': 'Klima & Umwelt', 'Bildung': 'Bildung'};https://codefor.de/projekte/hn-kastanienapp/;Code for Heilbronn, Code for Germany;In Betrieb;Vor ein paar Monaten hat die Stadt Hamburg auf ihrem Transparenzportal das Baumkataster als Open Data veröffentlicht. Passend zur Zeit der Herbstsparziergänge drängte sich uns bei einem Code For …;;CC-BY 4.0;https://codefor.de;94.0
https://codefor.de/projekte/berlin-lichtenberg/;Kiez-Karte Berlin;{'Karte': 'Karten & Verzeichnisse', 'Interaktive Karte': 'Karten & Verzeichnisse', 'Datenvisualisierung': 'Datenreporting'};{'Berlin': '', 'Stadtplanung': 'Stadtentwicklung', 'Bürgerbeteiligung': '', 'Offene Daten': ''};https://codefor.de/projekte/berlin-lichtenberg/;OK Lab Berlin, Code for Germany;In Planung;In Berlin gibt es einen Haufen offener Daten. Wie kann man diese sinnvoll auf einer Karte anzeigen? Und kann man Bürgerbeteilungsmöglichkeiten sinnvoll einbinden (Bürgerhaushalt, Maerker, Stadtbäume, …;;CC-BY 4.0;https://codefor.de;95.0
https://codefor.de/projekte/le-kieznotiz/;KiezNotiz Leipziger Osten;{'Dashboard': 'Datenreporting', 'Karte': 'Karten & Verzeichnisse', 'Datenanalyse': 'Datenanalyse', 'Visualisierung mit Karten': 'Karten & Verzeichnisse'};{'Stadtplanung': 'Stadtentwicklung', 'Partizipation': 'Inklusion & Teilhabe', 'Umweltschutz': 'Klima & Umwelt', 'Vernetzung': 'Organisation & Professionalisierung'};https://codefor.de/projekte/le-kieznotiz/;OK Lab Leipzig, Code for Germany;In Betrieb;"Dieses Projekt ist in Zusammenarbeit mit Leipziger / FabLab Leipzig sowie Studio Johey für den Aufbau eines Wissenschaftsladens entstanden.
In einem Schaufenster sollen die Akteure im Kiez (speziell …";;CC-BY 4.0;https://codefor.de;96.0
https://codefor.de/projekte/bn-kinderbonn/;kinderbonn.de – Das Portal für Eltern, Kinder und Jugendliche aus Bonn und Umgebung;{'Datenanwendung für Öffentlichkeit': 'Datenanwendung für Öffentlichkeit', 'Verzeichnis / Karte': 'Karten & Verzeichnisse', 'Visualisierung mit Karten': 'Karten & Verzeichnisse'};{'Arbeit mit Kindern': 'Jugendhilfe', 'Kinderschutz': 'Jugendhilfe', 'Kinder- und Jugendhilfe': 'Jugendhilfe', 'Stadtplanung': 'Stadtentwicklung', 'Teilhabe': 'Inklusion & Teilhabe'};https://codefor.de/projekte/bn-kinderbonn/;OK Lab Bonn-Rhein-Sieg, Code for Germany;In Planung;Was ist KinderBonn? KinderBonn möchte sämtliche Einrichtungen, Orte und Organisationen sichtbar machen, die für Eltern, Kinder und Jugendliche wichtig sind. Dazu gehören auf Kinder und Jugendliche …;;CC-BY 4.0;https://codefor.de;97.0
https://codefor.de/projekte/fl-open-kita-map/;Kitafinder Flensburg;{'Karte': 'Karten & Verzeichnisse', 'Kitafinder': '', 'Datenvisualisierung': 'Datenreporting'};{'Kinderbetreuung': '', 'Bildung': 'Bildung', 'Stadtplanung': 'Stadtentwicklung'};https://codefor.de/projekte/fl-open-kita-map/;OK Lab Flensburg, Code for Germany;In Planung;Die Idee, einen Kitafinder für Flensburg zu entwickeln, ist aus der eigenen Suche nach einer Kita für den Kleinen entstanden. Auf der städtischen Website finden sich zwar Kontaktdetails zu den …;;CC-BY 4.0;https://codefor.de;98.0
https://codefor.de/projekte/dd-kitakarte/;Kitakarte Dresden;{'Karte': 'Karten & Verzeichnisse', 'Datenanalyse': 'Datenanalyse', 'Offene Daten': 'Öffentliche Daten'};{'Kinder- und Jugendhilfe': 'Jugendhilfe', 'Stadtplanung': 'Stadtentwicklung', 'Verwaltung': 'Organisation & Professionalisierung'};https://codefor.de/projekte/dd-kitakarte/;Open Data Dresden, Code for Germany;Unbekannt;Die Kitakarte zeigt eine Übersicht aller Kindergärten, Krippen und Horte in Dresden. Alle Einträge werden mit Daten ergänzt, die von der Stadt unter http://www.dresden.de/kindertagesstaetten/ …;;CC-BY 4.0;https://codefor.de;99.0
https://codefor.de/projekte/p-kitarechner/;Kitarechner für Potsdam;{'Datenanalyse': 'Datenanalyse', 'Datenerhebung': 'Datenerhebung', 'Datenanwendung für Öffentlichkeit': 'Datenanwendung für Öffentlichkeit', 'Interaktive App': 'Webanwendungen'};{'Jugendhilfe': 'Jugendhilfe', 'Stadtplanung': 'Stadtentwicklung', 'Verwaltung': 'Organisation & Professionalisierung', 'Teilhabe': 'Inklusion & Teilhabe'};https://codefor.de/projekte/p-kitarechner/;OK Lab Potsdam, Code for Germany;In Planung;Mit dem Kitarechner kann jeder schnell sehen, wieviel Kitagebühren er/sie monatlich pro Kind bei einer Hort-, Kita-, oder Krippenbetreuung in Potsdam zahlen muss. Die Gebührentabelle der Stadt wurde …;;CC-BY 4.0;https://codefor.de;100.0
https://codefor.de/projekte/le-kitas_und_schulen_in_leipzig/;Kitas und Schulen Verzeichnis Leipzig;{'Datenanwendung für Öffentlichkeit': 'Datenanwendung für Öffentlichkeit', 'Verzeichnis / Karte': 'Karten & Verzeichnisse', 'Interaktive Karte': 'Karten & Verzeichnisse'};{'Jugendhilfe': 'Jugendhilfe', 'Bildung': 'Bildung', 'Stadtplanung': 'Stadtentwicklung'};https://codefor.de/projekte/le-kitas_und_schulen_in_leipzig/;OK Lab Leipzig, Code for Germany;In Betrieb;"Eine kleine App zur Darstellung aller Kitas, Schulen und Spielplätzen in Leipzig. Die Nutzer sollen später die jeweiligen Orte bewerten können.
Umsetzung Daten: OpenStreetMap extrahiert / selbst …";;CC-BY 4.0;https://codefor.de;101.0
https://codefor.de/projekte/hn-klickde/;Klick Deutschland;{'Interaktive Karte': 'Karten & Verzeichnisse', 'Datenvisualisierung': 'Datenreporting'};{'Stadtplanung': 'Stadtentwicklung', 'Verwaltung': 'Organisation & Professionalisierung', 'Open Data': ''};https://codefor.de/projekte/hn-klickde/;Code for Heilbronn, Code for Germany;In Betrieb;Click that Hood für alle Gemeinden Deutschlands!;;CC-BY 4.0;https://codefor.de;102.0
https://codefor.de/projekte/le-klimabot/;Klimabot;{'KI Anwendung': '', 'Interaktive App': 'Webanwendungen', 'Datenanalyse': 'Datenanalyse'};{'Umwelt': 'Klima & Umwelt', 'Klimaschutz': 'Klima & Umwelt', 'Bildung': 'Bildung'};https://codefor.de/projekte/le-klimabot/;OK Lab Leipzig, Code for Germany;In Betrieb;"Bot, der auf natürlich-sprachige Fragen rund um den Klimawandel mit Fakten antwortet, Z.B. “Wie viel Tonnen CO2 wurden 2012 in Sachsen emittiert?” - “47,5 Tonnen CO2”
Umsetzung …";;CC-BY 4.0;https://codefor.de;103.0
https://codefor.de/projekte/le-klimadashboard/;Klimadashboard Sachsen;{'Dashboard': 'Datenreporting', 'Datenanalyse': 'Datenanalyse', 'Visualisierung': 'Datenreporting'};{'Energie': 'Klima & Umwelt', 'Verkehr': 'Stadtentwicklung', 'Landwirtschaft': 'Klima & Umwelt', 'Umwelt': 'Klima & Umwelt', 'Nachhaltigkeit': 'Klima & Umwelt'};https://codefor.de/projekte/le-klimadashboard/;OK Lab Leipzig, Code for Germany;In Planung;"Das Projekt „Klimadashboard Sachsen“ möchte den Fortschritt der Energie-, Verkehrs- und Landwirtschaftswende dokumentieren.
Dazu werden Daten aus verschiedenen Quellen und Sektoren zusammengetragen …";;CC-BY 4.0;https://codefor.de;104.0
https://codefor.de/projekte/klimawatch/;Klimawatch;{'Visualisierung': 'Datenreporting', 'Datenanalyse': 'Datenanalyse', 'Offene Daten': 'Öffentliche Daten'};{'Umweltschutz': 'Klima & Umwelt', 'Nachhaltigkeit': 'Klima & Umwelt', 'Klima': 'Klima & Umwelt'};https://codefor.de/projekte/klimawatch/;Code for Münster, Code for Germany;In Planung;Klimawatch visualisiert reale und geplante CO2-Emissionen einzelner Kommunen und erlaubt es, einfach neue Kommunen hinzuzufügen.;;CC-BY 4.0;https://codefor.de;105.0
https://codefor.de/projekte/le-klimawatch/;Klimawatch Leipzig;{'Datenanalyse': 'Datenanalyse', 'Visualisierung': 'Datenreporting', 'Klimaschutz': ''};{'Umweltschutz': 'Klima & Umwelt', 'Klimaschutz': 'Klima & Umwelt', 'Nachhaltigkeit': 'Klima & Umwelt'};https://codefor.de/projekte/le-klimawatch/;OK Lab Leipzig, Code for Germany;In Planung;"Wie sieht es aus mit dem gesetzten und den tatsächlich erreichten Klimaschutzzielen hinsichtlich CO2-Reduktion in Leipzig?
Sind bei diesem Kurven-Verlauf die Klimaschutzziele für 2030 / 2040 / 2050 zu …";;CC-BY 4.0;https://codefor.de;106.0
https://codefor.de/projekte/le-klimawatch-leipzig/;Klimawatch Leipzig 2.0;{'Datenanalyse': 'Datenanalyse', 'Visualisierung': 'Datenreporting', 'Interaktive Grafik': '', 'Linked Open Data': ''};{'Klimaschutz': 'Klima & Umwelt', 'Nachhaltigkeit': 'Klima & Umwelt', 'Umwelt': 'Klima & Umwelt', 'Stadtplanung': 'Stadtentwicklung'};https://codefor.de/projekte/le-klimawatch-leipzig/;OK Lab Leipzig, Code for Germany;In Betrieb;"Wie sieht es aus mit dem gesetzten und den tatsächlich erreichten Klimaschutzzielen in Leipzig?
Sind bei diesem Kurven-Verlauf die Klimaschutzziele für 2030 / 2040 / 2050 zu erreichen oder muss Druck …";;CC-BY 4.0;https://codefor.de;107.0
https://codefor.de/projekte/cologne-daten-in-3d/;Kölner Daten in 3D;{'Datenanalyse': 'Datenanalyse', 'Datenerhebung': 'Datenerhebung', 'Visualisierung': 'Datenreporting', '3D-Druck': ''};{'Offene Daten': '', 'Stadtplanung': 'Stadtentwicklung', 'Datenvisualisierung': ''};https://codefor.de/projekte/cologne-daten-in-3d/;OK Lab Köln, Code for Germany;In Betrieb;Wie macht man offene Daten greifbar? Indem man sie ausdruckt. Hier gibt es das Projekt zum Nachmachen. Im OK Lab Köln haben wir die Idee entwickelt, aus offenen Daten der Stadt Köln “Daten zum …;;CC-BY 4.0;https://codefor.de;108.0
https://codefor.de/projekte/le-kompreni/;Kompreni;{'Datenanalyse': 'Datenanalyse', 'KI Anwendung': ''};{'Demokratie': 'Demokratie & Soziale Rechte', 'Antirassismus': 'Anti Dismkriminierung', 'Antidiskriminierung': 'Anti Dismkriminierung'};https://codefor.de/projekte/le-kompreni/;OK Lab Leipzig, Code for Germany;In Betrieb;"Dieses kleine Tool soll eine statistische Analyse der Kommentare auf LVZ.de durchführen.
Hintergrund: Auf dem Online-Angebot der Leipziger Volkszeitung (LVZ) treten gehäuft Hasskommentare und die …";;CC-BY 4.0;https://codefor.de;109.0
https://codefor.de/projekte/ffpb-krombel/;Krombels Dash auf Android;{'Dashboard': 'Datenreporting', 'Android App': '', 'Datenanalyse': 'Datenanalyse'};{'Freifunk': '', 'Paderborn': '', 'Community': ''};https://codefor.de/projekte/ffpb-krombel/;CodeforPB, Code for Germany;Unbekannt;Die erste unter hoffentlich vielen Apps mit Daten von Freifunk Paderborn. Diese App bringt Krombels Dashboard auf Android. Diese App ist ein erster Prototyp und wurde noch nicht “hübsch” …;;CC-BY 4.0;https://codefor.de;110.0
https://codefor.de/projekte/cologne-kulturpfade/;Kulturpfade Köln;{'Datenanalyse': 'Datenanalyse', 'Datenerhebung': 'Datenerhebung', 'Visualisierung': 'Datenreporting', 'Interaktive Karte': 'Karten & Verzeichnisse'};{'Stadtplanung': 'Stadtentwicklung', 'Kultur': 'Kultur', 'Tourismus': 'Stadtentwicklung', 'Stadt': 'Stadtentwicklung'};https://codefor.de/projekte/cologne-kulturpfade/;OK Lab Köln, Code for Germany;In Planung;Das Projekt soll die Informationen zu den Kulturpfaden Köln zusammentragen und in einer nutzbaren Form darstellen. Es handelt sich dabei um eine Reihe von Rad- bzw. Wanderwegen im Kölner Stadtgebiet. …;;CC-BY 4.0;https://codefor.de;111.0
https://codefor.de/projekte/cologne-kvbrad/;KVB Fahrräder in Köln;{'Datenanalyse': 'Datenanalyse', 'Visualisierung': 'Datenreporting', 'Webapplikation': ''};{'Stadtplanung': 'Stadtentwicklung', 'Verkehr': 'Stadtentwicklung', 'Umwelt': 'Klima & Umwelt'};https://codefor.de/projekte/cologne-kvbrad/;OK Lab Köln, Code for Germany;In Planung;Die Webapplikation KVB Fahrräder stellt eine mögliche Nutzung Kölns durch Fahrräder dar. Grundlage hierfür sind die Daten, die durch KVB-Rad Köln zur Verfügung gestellt werden in Kombination des …;;CC-BY 4.0;https://codefor.de;112.0
https://codefor.de/projekte/hh-laenderfinanzausgleich/;Länderfinanzausgleich visualisieren;{'Visualisierung': 'Datenreporting', 'Datenanalyse': 'Datenanalyse'};{'Bildung': 'Bildung', 'Politik': '', 'Transparenz': 'Inklusion & Teilhabe', 'Verwaltung': 'Organisation & Professionalisierung'};https://codefor.de/projekte/hh-laenderfinanzausgleich/;OK Lab Hamburg, Code for Germany;Unbekannt;Im Länderfinanzausgleich werden jährlich riesige Summen bewegt. Daten über die Höhe der Zahlungen liegen seit 1950 durchgehend vor. In dem Projekt sollen verschiedene Visualisierungsansätze und -tools …;;CC-BY 4.0;https://codefor.de;113.0
https://codefor.de/projekte/da-leika-tool/;LeiKa-Tool;{'Interaktive App': 'Webanwendungen', 'Visualisierung': 'Datenreporting', 'Datenanwendung für Öffentlichkeit': 'Datenanwendung für Öffentlichkeit'};{'Verwaltung': 'Organisation & Professionalisierung', 'Transparenz': 'Inklusion & Teilhabe', 'Offene Daten': ''};https://codefor.de/projekte/da-leika-tool/;Code for Germany;In Planung;Der Leistungskatalog der öffentlichen Verwaltung (LeiKa) ist ein Verzeichnis aller Verwaltungsleistungen, die von Bund, Ländern und den Kommunen erbracht werden. Der LeiKa definiert für jede …;LeiKa-Tool;CC-BY 4.0;https://codefor.de;114.0
https://codefor.de/projekte/le-leipziggiesst/;Leipzig giesst;{'Datenanwendung für Öffentlichkeit': 'Datenanwendung für Öffentlichkeit', 'Datenanalyse': 'Datenanalyse', 'Digitale Plattform': 'Digitale Plattformen', 'Interaktive Karte': 'Karten & Verzeichnisse'};{'Umwelt': 'Klima & Umwelt', 'Umweltschutz': 'Klima & Umwelt', 'Stadtplanung': 'Stadtentwicklung', 'Nachhaltigkeit': 'Klima & Umwelt'};https://codefor.de/projekte/le-leipziggiesst/;OK Lab Leipzig, Code for Germany;In Planung;"Auf dieser Plattform kannst Du Dich über Bäume in deiner Nachbarschaft und ihren Wasserbedarf informieren.
Du kannst einzelne Bäume adoptieren und markieren, wenn Du sie gegossen hast.
Dieses Projekt …";;CC-BY 4.0;https://codefor.de;115.0
https://codefor.de/projekte/leipzig-maps/;Leipzig Maps;{'Karte': 'Karten & Verzeichnisse', 'Datenanalyse': 'Datenanalyse', 'Datenerhebung': 'Datenerhebung', 'Visualisierung mit Karten': 'Karten & Verzeichnisse'};{'Stadtplanung': 'Stadtentwicklung', 'Verwaltung': 'Organisation & Professionalisierung', 'Open Data': '', 'Leipzig': ''};https://codefor.de/projekte/leipzig-maps/;OK Lab Leipzig, Code for Germany;In Betrieb;"Eine Karte von Leipzig die Daten zur Stadt wiedergibt.
Die Karte gibt u.a. folgende Daten wieder:
Leipzig - Schwimmhallen (leipzig.de) Leipzig - Freibäder (leipzig.de) Leipzig - Spielplätze …";;CC-BY 4.0;https://codefor.de;116.0
https://codefor.de/projekte/le-leipzigpumpt/;Leipzig pumpt;{'Datenanalyse': 'Datenanalyse', 'Datenerhebung': 'Datenerhebung', 'Visualisierung': 'Datenreporting', 'Interaktive Karte': 'Karten & Verzeichnisse'};{'Stadtplanung': 'Stadtentwicklung', 'Umweltschutz': 'Klima & Umwelt', 'Verwaltung': 'Organisation & Professionalisierung'};https://codefor.de/projekte/le-leipzigpumpt/;OK Lab Leipzig, Code for Germany;In Betrieb;"Auf dieser Webseite kannst Du Dich über die Handschwengelpumpen (inklusive abgebaute und inaktive) in Leipzig informieren.
Das Projekt nutzt die Daten von Wikipedia als auch die Daten aus …";;CC-BY 4.0;https://codefor.de;117.0
https://codefor.de/projekte/le-rallymap/;Leipzig Rally Map;{'Interaktive Karte': 'Karten & Verzeichnisse', 'Datenvisualisierung': 'Datenreporting', 'Versammlungsdarstellung': ''};{'Demokratie': 'Demokratie & Soziale Rechte', 'Versammlungsfreiheit': '', 'Stadtplanung': 'Stadtentwicklung', 'Leipzig': '', 'Open Data': ''};https://codefor.de/projekte/le-rallymap/;OK Lab Leipzig, Code for Germany;In Betrieb;Das Projekt Rally Map (vormaliger Name war Mobmap 🙂) stellt das Versammlungsgeschehen in Leipzig auf einer interaktiven Karte dar. Dabei werden die Orte und Straßen, auf den Versammlungen stattfinden, …;;CC-BY 4.0;https://codefor.de;118.0
https://codefor.de/projekte/dus-ruhr-lernmedien-buddy/;Lernmedien-Buddy;{'Interaktive App': 'Webanwendungen', 'Datenanwendung für Öffentlichkeit': 'Datenanwendung für Öffentlichkeit'};{'Jugendhilfe': 'Jugendhilfe', 'Bildung': 'Bildung'};https://codefor.de/projekte/dus-ruhr-lernmedien-buddy/;OK Lab Ruhrgebiet, Code for Germany;In Planung;Der Lernmedien-Buddy ist eine App (iOS und Android) für Schüler*innen, mit deren hilfe spielerisch nach Lernmaterialien gesucht werden kann. Durch “social logins” bringt die App Suchende …;;CC-BY 4.0;https://codefor.de;119.0
https://codefor.de/projekte/lieblingsplatz/;Lieblingsplatz;{'Interaktive Karte': 'Karten & Verzeichnisse', 'Filterfunktion': ''};{'Kinderbetreuung': '', 'Bildung': 'Bildung', 'Berlin': ''};https://codefor.de/projekte/lieblingsplatz/;OK Lab Berlin, Code for Germany;Unbekannt;Finde einen Lieblingsplatz in einer KiTa in Berlin! Auf einer Karte siehst Du KiTas und Tagesmütter in eurer Nähe und kannst sie filtern nach Dingen, die Dir wichtig sind.;;CC-BY 4.0;https://codefor.de;120.0
https://codefor.de/projekte/jena-linkedopenhaushalt/;Linked Open Haushalt;{'Datenanalyse': 'Datenanalyse', 'Datensatz und Visualisierung': 'Datenreporting', 'Knowledge Graph': 'Wissensorganisation'};{'Verwaltung': 'Organisation & Professionalisierung', 'Transparenz': 'Inklusion & Teilhabe', 'Stadtplanung': 'Stadtentwicklung'};https://codefor.de/projekte/jena-linkedopenhaushalt/;OK Lab Jena, Code for Germany;Unbekannt;Der offene Haushalt mit seiner wohlbekannten TreeMap-Visualisierung ist natürlich der interessanteste Datensatz jeder offenen Stadt. Wir gehen einen Schritt weiter und setzen den Haushalt direkt mit …;;CC-BY 4.0;https://codefor.de;121.0
https://codefor.de/projekte/bie-linked-data/;Linked Open Statistical Data;{'Datenanalyse': 'Datenanalyse', 'Datenerhebung': 'Datenerhebung', 'Datenanwendung für Öffentlichkeit': 'Datenanwendung für Öffentlichkeit', 'Linked Data': ''};{'Statistik': '', 'Datenvisualisierung': '', 'Open Data': ''};https://codefor.de/projekte/bie-linked-data/;Code for Bielefeld, Code for Germany;In Planung;Im Projekt Linked Data haben wir uns zunächst mit Linked Open Statistical Data beschäftigt. Dafür haben wir die Daten des Bielefelder Statistikamtes in Linked Data transformiert, also statt in …;;CC-BY 4.0;https://codefor.de;122.0
https://codefor.de/projekte/hn-lorawan/;LoRaWAN Gateways in Heilbronn;{'Datenanwendung für Öffentlichkeit': 'Datenanwendung für Öffentlichkeit', 'Digitale Plattform': 'Digitale Plattformen', 'Offene Daten': 'Öffentliche Daten'};{'Energie': 'Klima & Umwelt', 'Umwelt': 'Klima & Umwelt', 'Umweltschutz': 'Klima & Umwelt', 'Nachhaltigkeit': 'Klima & Umwelt'};https://codefor.de/projekte/hn-lorawan/;Code for Heilbronn, Code for Germany;Unbekannt;Das Internet der Dinge setzt neue Anforderungen an die Datenübertragungen in Städten und auf dem Land. Neue Funktechniken setzten auf immer schnellere Übetragungsraten zulasten der Reichweite. …;;CC-BY 4.0;https://codefor.de;123.0
https://codefor.de/projekte/le-luftqualitaet_sachsen/;Luftqualität Sachsen;{'Analyse von Sensordaten und ML': 'Künstliche Intelligenz', 'Datenanalyse': 'Datenanalyse', 'Datenerhebung': 'Datenerhebung', 'Datenanwendung für Öffentlichkeit': 'Datenanwendung für Öffentlichkeit', 'Datenstandards': 'Datenmanagement', 'Datensatz und Visualisierung': 'Datenreporting', 'Digitale Plattform': 'Digitale Plattformen', 'Dokumentations- und Netzwerktool': 'Unterstützungstools', 'KI Anwendung': '', 'Monitoring': 'Wirkungsmessung', 'Offene Daten': 'Öffentliche Daten', 'Plattform für Wahlentscheidungen': 'Digitale Plattformen', 'Prozessautomatisierung': 'Automatisierung', 'Reporting': 'Datenreporting', 'Skalierung der Wirkungsmessung': 'Wirkungsmessung', 'Umweltschutz': ''};{'Afrika': 'Internationale Projekte', 'Antidiskriminierung': 'Anti Dismkriminierung', 'Antirassismus': 'Anti Dismkriminierung', 'Arbeit mit Kindern': 'Jugendhilfe', 'Armut': 'Arbeit & Soziales', 'Barrierefreiheit': 'Inklusion & Teilhabe', 'Beratung': 'Soziale Dienste', 'Chancengleichheit': 'Anti Dismkriminierung', 'Demokratie': 'Demokratie & Soziale Rechte', 'Demenz': 'Gesundheit', 'Datenschutz': '', 'Energie': 'Klima & Umwelt', 'Ethik': 'Demokratie & Soziale Rechte', 'Evaluation': 'Organisation & Professionalisierung', 'Frauen': 'Anti Dismkriminierung', 'Fundraising': 'Organisation & Professionalisierung', 'Geflüchtete': 'Flucht & Migration', 'Genderneutrale Sprache': '', 'Gleichberechtigung': 'Anti Dismkriminierung', 'Gleichstellung': 'Anti Dismkriminierung', 'Gesundheit': 'Gesundheit', 'Humanitäre Hilfe': 'Internationale Projekte', 'Indien': 'Internationale Projekte', 'Inklusion': 'Inklusion & Teilhabe', 'Integration': 'Inklusion & Teilhabe', 'International': 'Internationale Projekte', 'Jugendarbeit': 'Jugendhilfe', 'Jugendbeteiligung': 'Jugendhilfe', 'Jugendhilfe': 'Jugendhilfe', 'Kamerun': 'Internationale Projekte', 'Katastrophenschutz': 'Gesundheit', 'Kältehilfe': 'Soziale Dienste', 'Kinderschutz': 'Jugendhilfe', 'Kinder- und Jugendhilfe': 'Jugendhilfe', 'KI': 'Gesundheit', 'Kongo': 'Internationale Projekte', 'Kroatien': 'Internationale Projekte', 'Landwirtschaft': 'Klima & Umwelt', 'Meeresschutz': 'Klima & Umwelt', 'Mentale Gesundheit': 'Gesundheit', 'Mentoring': 'Bildung', 'Menschen mit Behinderung': 'Inklusion & Teilhabe', 'Menschenrechte': 'Demokratie & Soziale Rechte', 'Migration': 'Flucht & Migration', 'Migrationsberatung': 'Flucht & Migration', 'Nachhaltigkeit': 'Klima & Umwelt', 'Offene Daten': '', 'Partizipation': 'Inklusion & Teilhabe', 'Patenschaft': 'Organisation & Professionalisierung', 'Pflege': 'Gesundheit', 'Pflegende Angehörige': '', 'Queere Sichtbarkeit': 'Anti Dismkriminierung', 'Rettungsdienst': 'Gesundheit', 'Senioren': 'Soziale Dienste', 'Soziale Arbeit': 'Soziale Dienste', 'Sport': 'Sport', 'Stadt': 'Stadtentwicklung', 'Stadtplanung': 'Stadtentwicklung', 'Teilhabe': 'Inklusion & Teilhabe', 'Telemedizin': 'Gesundheit', 'Transparenz': 'Inklusion & Teilhabe', 'Türkei': 'Internationale Projekte', 'Umwelt': 'Klima & Umwelt', 'Umweltschutz': 'Klima & Umwelt', 'Vernetzung': 'Organisation & Professionalisierung', 'Verwaltung': 'Organisation & Professionalisierung', 'Wirkungsmessung': 'Organisation & Professionalisierung', 'Wohlfahrt': 'Soziale Dienste', 'Wohnen': 'Stadtentwicklung', 'Wohnungslosenhilfe': 'Soziale Dienste', 'Wissensmanagement': 'Organisation & Professionalisierung'};https://codefor.de/projekte/le-luftqualitaet_sachsen/;OK Lab Leipzig, Code for Germany;In Betrieb;"Eine übersichtliche Darstellung der Messwerte aller sächsischen Messstationen zur Luftqualität. Zu jeder Messstation werden die Daten detailliert als Tabelle und Diagramm dargestellt.
Umsetzung Daten: …";Luftqualität Sachsen;CC-BY 4.0;https://codefor.de;124.0
https://codefor.de/projekte/le-madmemory/;Mad Memory;{'Online-Memory-Spiel': ''};{'Rheinischer Mitmachwörterbuch': '', 'Sächsisches Wörterbuch': ''};https://codefor.de/projekte/le-madmemory/;OK Lab Leipzig, Code for Germany;In Betrieb;"Online-Memory-Spiel, das dazu einlädt, sich genauer mit Wörtern aus dem Rheinischen Mitmachwörterbuch und dem Sächsischen Wörterbuch zu beschäftigen.
Das Projekt als Beitrag zum Coding da Vinci West …";;CC-BY 4.0;https://codefor.de;125.0
https://codefor.de/projekte/magdeburg-magd-o-mat/;Magd-O-Mat 2019;{'Wahl-O-Mat': ''};{'Kommunalwahlen': ''};https://codefor.de/projekte/magdeburg-magd-o-mat/;OK Lab Magdeburg, Code for Germany;In Betrieb;"Der Magd-O-Mat ist ein Magdeburger Wahl-O-Mat nach dem Vorbild des von der Bundes- und Landeszentrale für politische Bildung eingesetzten Wahl-o-Maten.
Er wird für die Kommunalwahlen von Magdeburg …";Magd-O-Mat 2019;CC-BY 4.0;https://codefor.de;126.0
https://codefor.de/projekte/magdeburg-magd-o-mat-2024/;Magd-O-Mat 2024;{'Wahl-O-Mat': ''};{'Kommunalwahlen': ''};https://codefor.de/projekte/magdeburg-magd-o-mat-2024/;OK Lab Magdeburg, Code for Germany;In Planung;"Der Magd-O-Mat ist ein Magdeburger Wahl-O-Mat nach dem Vorbild des von der Bundes- und Landeszentrale für politische Bildung eingesetzten Wahl-o-Maten.
Er wird für die Kommunalwahlen von Magdeburg …";Magd-O-Mat 2024;CC-BY 4.0;https://codefor.de;127.0
https://codefor.de/projekte/magdeburg-giesst/;Magdeburg gießt;{'Datenanwendung für Öffentlichkeit': 'Datenanwendung für Öffentlichkeit', 'Interaktive Karte': 'Karten & Verzeichnisse', 'Plattform für Bürgerbeteiligung': ''};{'Umweltschutz': 'Klima & Umwelt', 'Nachhaltigkeit': 'Klima & Umwelt', 'Stadtplanung': 'Stadtentwicklung', 'Bürgerbeteiligung': ''};https://codefor.de/projekte/magdeburg-giesst/;OK Lab Magdeburg, Code for Germany;In Planung;Auf dieser Plattform kannst Du Dich über Bäume in Deiner Nachbarschaft und ihren Wasserbedarf informieren. Du kannst einzelne Bäume adoptieren und markieren, wenn Du sie gegossen hast. Wenn Du die …;;CC-BY 4.0;https://codefor.de;128.0
https://codefor.de/projekte/magdeburg-magdego/;MagdeGo;{'Web-App': 'Webanwendungen', 'Datenanalyse': 'Datenanalyse', 'Visualisierung': 'Datenreporting'};{'Öffentliche Verkehrsmittel': '', 'Mobilität': '', 'Stadtplanung': 'Stadtentwicklung'};https://codefor.de/projekte/magdeburg-magdego/;OK Lab Magdeburg, Code for Germany;Eingestellt;"UPDATE: Aufgrund Druck von Dritter (wir nennen keine Namen) musste MagdeGo offline genommen werden. Wir planen aber einen Relaunch.
Kein lästiges Warten mehr auf deine Straßenbahn, die ausgerechnet …";MagdeGo;CC-BY 4.0;https://codefor.de;129.0
https://codefor.de/projekte/maifeuer-chemnitz/;Maifeuer 2014 in Chemnitz;{'Karte': 'Karten & Verzeichnisse', 'Datenvisualisierung': 'Datenreporting'};{'Stadtplanung': 'Stadtentwicklung', 'Transparenz': 'Inklusion & Teilhabe', 'Offene Daten': ''};https://codefor.de/projekte/maifeuer-chemnitz/;OK Lab Chemnitz, Code for Germany;In Betrieb;Auf einer Karte werden die Maifeuer in Chemnitz übersichtlich dargestellt. Die Daten wurden von der Stadt Chemnitz als Text veröffentlicht.;;CC-BY 4.0;https://codefor.de;130.0
https://codefor.de/projekte/le-villamajorelle/;Majorelle Mystery;{'Online Escape-Game': '', 'Point-and-Click-Adventure': ''};{'Jugendstil-Villa': '', 'Nancy': '', 'Coding da Vinci': ''};https://codefor.de/projekte/le-villamajorelle/;OK Lab Leipzig, Code for Germany;In Betrieb;"Online Escape-Game, das in der berühmten Jugendstil-Villa Majorelle in Nancy spielt – samt deren ehemaligen Besitzer:innen und Erbauer:innen.
Umsetzung Das Spiel wurde mit der Game-Engine Godot in …";;CC-BY 4.0;https://codefor.de;131.0
https://codefor.de/projekte/meine-stadt-transparent/;Meine Stadt Transparent;{'Ratsinformationssystem': '', 'Datenanalyse': 'Datenanalyse', 'Plattform': 'Digitale Plattformen'};{'Demokratie': 'Demokratie & Soziale Rechte', 'Transparenz': 'Inklusion & Teilhabe', 'Verwaltung': 'Organisation & Professionalisierung', 'Politik': ''};https://codefor.de/projekte/meine-stadt-transparent/;OK Lab München, Code for Germany;In Planung;Meine Stadt Transparent ist ein vom Prototype Fund gefördertes Projekt. Mit dieser Förderung können wir für 6 Monate, vom September 2017 bis Februar 2018, an dem Projekt arbeiten. Wir hatten uns unter …;;CC-BY 4.0;https://codefor.de;132.0
https://codefor.de/projekte/stgt-efa-meta-api/;Meta API für Elektronische Fahrplanauskunft;{'API': 'Datenmanagement', 'Datenanalyse': 'Datenanalyse', 'Open Data': 'Öffentliche Daten'};{'Öffentlicher Verkehr': '', 'Mobilität': '', 'Stadtplanung': 'Stadtentwicklung'};https://codefor.de/projekte/stgt-efa-meta-api/;OK Lab Stuttgart, Code for Germany;In Betrieb;Im Rahmen des Open VVS Day der Stuttgarter Zeitung wurde ein JSON-API entwickelt, welches das Application Programming Interface (API) der Elektronischen Fahrplanauskunft (EFA) in eine RESTful API …;EFA Meta API;CC-BY 4.0;https://codefor.de;133.0
https://codefor.de/projekte/metacollect/;metacollect;{'Datenbank': 'Datenmanagement', 'Synchronisation von Daten': '', 'Plattform': 'Digitale Plattformen'};{'Geflüchtetenhilfe': '', 'Zivilgesellschaft': 'Demokratie & Soziale Rechte', 'Digitale Plattformen': ''};https://codefor.de/projekte/metacollect/;OK Lab Berlin, Code for Germany;In Planung;metacollect stellt eine zentrale Datenbank für zivilgesellschaftliche Projekte zur Verfügung, die sich mit anderen Plattformen synchronisiert. Derzeit liegt der Fokus im Bereich der Geflüchtetenhilfe. …;;CC-BY 4.0;https://codefor.de;134.0
https://codefor.de/projekte/muc-mietpreisspiegel/;Mietpreisspiegel;{'Datenanalyse': 'Datenanalyse', 'Datenerhebung': 'Datenerhebung', 'Visualisierung': 'Datenreporting'};{'Stadtplanung': 'Stadtentwicklung', 'Wohnen': 'Stadtentwicklung', 'Transparenz': 'Inklusion & Teilhabe'};https://codefor.de/projekte/muc-mietpreisspiegel/;OK Lab München, Code for Germany;Eingestellt;Ziel ist ein faktenbasierter Mietspiegel für München.;;CC-BY 4.0;https://codefor.de;135.0
https://codefor.de/projekte/gi-mietspiegel/;Mietspiegel Gießen;{'Interaktive Karte': 'Karten & Verzeichnisse', 'Datenvisualisierung': 'Datenreporting'};{'Stadtplanung': 'Stadtentwicklung', 'Wohnen': 'Stadtentwicklung', 'Verwaltung': 'Organisation & Professionalisierung'};https://codefor.de/projekte/gi-mietspiegel/;OK Lab Gießen, Code for Germany;In Planung;"Eine Interaktive Karte mit den aktuellen Mietpreisen pro Quadratmeter in verschiedene Bereiche aufgeteilt.
Dieses Projekt sucht aktuell dringend Leute die mitmachen wollen.";;CC-BY 4.0;https://codefor.de;136.0
https://codefor.de/projekte/gi-muellkalender/;Müllkalender App Gießen;{'Interaktive App': 'Webanwendungen', 'Datenanalyse': 'Datenanalyse'};{'Umweltschutz': 'Klima & Umwelt', 'Verwaltung': 'Organisation & Professionalisierung', 'Stadtplanung': 'Stadtentwicklung'};https://codefor.de/projekte/gi-muellkalender/;OK Lab Gießen, Code for Germany;In Planung;"Wann wird welcher Abfall in meiner Straße abgeholt? Mit dieser App sieht man alles auf einen Blick und erhält auch Push-Nachrichten für die jeweilige Straße.
Dieses Projekt sucht aktuell dringend …";;CC-BY 4.0;https://codefor.de;137.0
https://codefor.de/projekte/muenchen-transparent/;München Transparent;{'Plattform für Kommunalpolitik': '', 'Datenanalyse': 'Datenanalyse', 'Visualisierung': 'Datenreporting', 'OParl-Schnittstelle': ''};{'Kommunalpolitik': '', 'Stadtplanung': 'Stadtentwicklung', 'Transparenz': 'Inklusion & Teilhabe', 'Bürgerbeteiligung': ''};https://codefor.de/projekte/muenchen-transparent/;OK Lab München, Code for Germany;Unbekannt;München Transparent ist eine Plattform, die es Münchner BürgerInnen ermöglicht, schnell und einfach Einblicke in die Kommunalpolitik zu bekommen. Dazu werden die normalerweise nur schwer zugängliche …;;CC-BY 4.0;https://codefor.de;138.0
https://codefor.de/projekte/le-museen/;Museen Mitteldeutschlands;{'Karte': 'Karten & Verzeichnisse', 'Datenanalyse': 'Datenanalyse', 'Visualisierung mit Karten': 'Karten & Verzeichnisse'};{'Kultur': 'Kultur', 'Bildung': 'Bildung', 'Open Data': '', 'Stadtplanung': 'Stadtentwicklung'};https://codefor.de/projekte/le-museen/;OK Lab Leipzig, Code for Germany;In Betrieb;"Alle Museen Mitteldeutschlands auf einer Leaflet-Karte.
Dazu wurde aus OpenStreetMap alle Elemente, die einen Schlüssel “amenity” mit dem Wert “museum” haben, extrahiert.
Die …";;CC-BY 4.0;https://codefor.de;139.0
https://codefor.de/projekte/mvg-rad-citybikes/;MVG Rad für citybik.es;{'Datenanalyse': 'Datenanalyse', 'Datenerhebung': 'Datenerhebung', 'Datenanwendung für Öffentlichkeit': 'Datenanwendung für Öffentlichkeit'};{'Nachhaltigkeit': 'Klima & Umwelt', 'Umwelt': 'Klima & Umwelt', 'Verkehr': 'Stadtentwicklung', 'Stadtplanung': 'Stadtentwicklung'};https://codefor.de/projekte/mvg-rad-citybikes/;OK Lab München, Code for Germany;Unbekannt;Da MVG Rad - das stadteigene Mietfahrradsystem - zwar wie in vielen anderen Städten auf Nextbike basiert, in München aber tatsächlich eine White-Label-Lösung zu sein scheint, konnte man bislang mit …;;CC-BY 4.0;https://codefor.de;140.0
https://codefor.de/projekte/newcomer/;Newcomer in der Region Mittelhessen;{'Interaktive App': 'Webanwendungen', 'Paten-Programm': ''};{'Integration': 'Inklusion & Teilhabe', 'Jugendarbeit': 'Jugendhilfe', 'Sozialberatung': '', 'Stadtplanung': 'Stadtentwicklung'};https://codefor.de/projekte/newcomer/;OK Lab Gießen, Code for Germany;In Planung;Die App hilft Neuankömmlingen nach dem Umzug in die Stadt Gießen. Seien es behördliche Erledigungen, die nach einem Umzug anfallen, dem Finden von gemeinnützigen und sozialen Projekten in Gießen oder …;;CC-BY 4.0;https://codefor.de;141.0
https://codefor.de/projekte/offener-haushalt-muenster/;Offener Haushalt Münster 2009-2013;{'Datenanalyse': 'Datenanalyse', 'Datensatz und Visualisierung': 'Datenreporting', 'Digitale Plattform': 'Digitale Plattformen'};{'Stadtplanung': 'Stadtentwicklung', 'Transparenz': 'Inklusion & Teilhabe', 'Verwaltung': 'Organisation & Professionalisierung'};https://codefor.de/projekte/offener-haushalt-muenster/;Code for Münster, Code for Germany;In Betrieb;Der Haushalt der Stadt Münster von 2009-2013 in OpenSpending integriert und auf offenerhaushalt.de veröffentlicht.;;CC-BY 4.0;https://codefor.de;142.0
https://codefor.de/projekte/wpt-offenerhaushalt/;Offener Haushalt Wuppertal;{'Interaktive Visualisierung': '', 'Datenanwendung für Öffentlichkeit': 'Datenanwendung für Öffentlichkeit'};{'Haushalt': '', 'Transparenz': 'Inklusion & Teilhabe', 'Bürgerbeteiligung': ''};https://codefor.de/projekte/wpt-offenerhaushalt/;OK Lab Wuppertal, Code for Germany;In Planung;Interaktive Visualisierung des Wuppertaler Haushalts, damit sich engagierte BürgerInnen leicht einen Überblick verschaffen können.;;CC-BY 4.0;https://codefor.de;143.0
https://codefor.de/projekte/offenerrat/;Offener Rat Münster;{'Interaktive App': 'Webanwendungen', 'Visualisierung': 'Datenreporting', 'Datenanalyse': 'Datenanalyse'};{'Demokratie': 'Demokratie & Soziale Rechte', 'Stadtplanung': 'Stadtentwicklung', 'Transparenz': 'Inklusion & Teilhabe', 'Verwaltung': 'Organisation & Professionalisierung'};https://codefor.de/projekte/offenerrat/;Code for Münster, Code for Germany;Unbekannt;Ein Tool um die aktuellen Vorlagen und Sitzungen des Rates Münster zu sehen. Besser durchsuchbar und übersichtlicher als das Ratsinformationssystem der Stadt;;CC-BY 4.0;https://codefor.de;144.0
https://codefor.de/projekte/jena-offenesratsinformationssystem/;Offener Stadtrat;{'Datenanalyse': 'Datenanalyse', 'Datenerhebung': 'Datenerhebung', 'Datenanwendung für Öffentlichkeit': 'Datenanwendung für Öffentlichkeit', 'Digitale Plattform': 'Digitale Plattformen'};{'Stadtplanung': 'Stadtentwicklung', 'Transparenz': 'Inklusion & Teilhabe', 'Verwaltung': 'Organisation & Professionalisierung', 'Partizipation': 'Inklusion & Teilhabe'};https://codefor.de/projekte/jena-offenesratsinformationssystem/;OK Lab Jena, Code for Germany;Unbekannt;Das Ratsinformationssystem der Stadt Jena ist zwar ganz nett, aber wenig zu einer umfassenden und vor allem automatischen Information der Bürger geeignet. Mit diesem Projekt sollen die Inhalte besser …;;CC-BY 4.0;https://codefor.de;145.0
https://codefor.de/projekte/be-oparl/;OParl;{'Standardisierung': '', 'Open Data': 'Öffentliche Daten', 'API-Entwicklung': ''};{'Kommunale Ratsinformationssysteme': '', 'Open Data': '', 'Öffentliche Inhalte': ''};https://codefor.de/projekte/be-oparl/;OK Lab Berlin, Code for Germany;In Betrieb;"OParl ist eine Initiative zur Standardisierung des offenen Zugriffs auf parlamentarische Informationssysteme in Deutschland.
Das Ziel von OParl ist die Schaffung einer Standard-API für den Zugang zu …";OParl;CC-BY 4.0;https://codefor.de;146.0
https://codefor.de/projekte/fl-open-data-api/;Open Data API;{'API': 'Datenmanagement', 'Datenstandard': 'Datenmanagement', 'Open Data': 'Öffentliche Daten'};{'Verwaltung': 'Organisation & Professionalisierung', 'Open Data': '', 'Datenstandards': '', 'Integration': 'Inklusion & Teilhabe', 'Nachhaltigkeit': 'Klima & Umwelt'};https://codefor.de/projekte/fl-open-data-api/;OK Lab Flensburg, Code for Germany;In Planung;Die Open Data API ist eine Programmierschnittstelle, die vom OK Lab Flensburg entwickelt wird, um den einfachen Zugriff auf öffentliche Daten zu ermöglichen. Diese Daten können von Gemeinden, …;;CC-BY 4.0;https://codefor.de;147.0
https://codefor.de/projekte/od-atlas/;Open Data Atlas;{'Datenanalyse': 'Datenanalyse', 'Datensatz und Visualisierung': 'Datenreporting', 'Digitale Plattform': 'Digitale Plattformen', 'Offene Daten': 'Öffentliche Daten'};{'Deutschland': '', 'Österreich': '', 'Schweiz': '', 'Offene Daten': '', 'Transparenz': 'Inklusion & Teilhabe', 'Verwaltung': 'Organisation & Professionalisierung'};https://codefor.de/projekte/od-atlas/;OK Lab Berlin, Code for Germany;In Planung;"Übersicht über alle Open Data Angebote in Deutschland.
Alle Open Data Portal aus Deutschland, Österreich und der Schweiz. Sowohl die staatlichen Portale als auch die zivilgesellschaftlich betriebenen …";;CC-BY 4.0;https://codefor.de;148.0
https://codefor.de/projekte/open_data_rallye/;Open Data Rallye;{'Interaktive App': 'Webanwendungen', 'Quiz': ''};{'Jugendbeteiligung': 'Jugendhilfe', 'Partizipation': 'Inklusion & Teilhabe', 'Stadtplanung': 'Stadtentwicklung'};https://codefor.de/projekte/open_data_rallye/;Code for Bielefeld, Code for Germany;Unbekannt;Im Rahmen des Digitaltags 2021 haben wir für dich eine OpenData-Rallye entlang der Promenade initiiert. Du wirst auf dieser Strecke verschiedene QR-Codes und auch eine Beschreibung des Weges finden. …;;CC-BY 4.0;https://codefor.de;149.0
https://codefor.de/projekte/open-legal-data/;Open Legal Data;{'Offene Daten': 'Öffentliche Daten', 'Datenanalyse': 'Datenanalyse', 'Juristische Datenbank': ''};{'Justiz': '', 'Transparenz': 'Inklusion & Teilhabe', 'Open Data': ''};https://codefor.de/projekte/open-legal-data/;OK Lab Berlin, Code for Germany;In Planung;"Open Legal Data ist eine freie juristische Datenbank für Gesetze und Urteile.
Obwohl Urteile im Namen des Volkes ergehen, werden sie oft nur in kommerziellen Datenbanken oder gar nicht veröffentlicht. …";OLD;CC-BY 4.0;https://codefor.de;150.0
https://codefor.de/projekte/cologne-openair/;OpenAir Cologne;{'Datenanalyse': 'Datenanalyse', 'Offene Daten': 'Öffentliche Daten'};{'Umwelt': 'Klima & Umwelt', 'Nachhaltigkeit': 'Klima & Umwelt', 'Partizipation': 'Inklusion & Teilhabe'};https://codefor.de/projekte/cologne-openair/;OK Lab Köln, Code for Germany;In Planung;OpenAir Cologne ist ein gemeinsames Projekt von Teilnehmern des Oklab Cologne, der Stadt Köln und Everykey. Wir wollen gemeinsam in Köln 20 Sensoren in einem Pilotprojekt aufstellen, um zu sehen wie …;;CC-BY 4.0;https://codefor.de;151.0
https://codefor.de/projekte/wpt-openbus/;OpenBus;{'Datenerhebung': 'Datenerhebung', 'Datenanwendung für Öffentlichkeit': 'Datenanwendung für Öffentlichkeit', 'Datensatz und Visualisierung': 'Datenreporting', 'Digitale Plattform': 'Digitale Plattformen', 'Interaktive Karte': 'Karten & Verzeichnisse', 'Visualisierung mit Karten': 'Karten & Verzeichnisse'};{'Deutschland': '', 'Wuppertal': '', 'Offene Daten': '', 'Verkehr': 'Stadtentwicklung', 'Öffentlicher Nahverkehr': 'Stadtentwicklung'};https://codefor.de/projekte/wpt-openbus/;OK Lab Wuppertal, Code for Germany;In Planung;Entstanden als Techdemo für einen OpenDataDay in Wuppertal. Greift die Daten vom Abfahrtsmonitor ab und visualisiert sie auf Google Maps.;OpenBus;CC-BY 4.0;https://codefor.de;152.0
https://codefor.de/projekte/opendatawizzard/;OpenDataWizzard;{};{};https://codefor.de/projekte/opendatawizzard/;OK Lab Köln, Code for Germany;In Betrieb;"Eine kleine Hilfestellung um Daten und deren Sammlungen optimal für alle verfügbar zu machen.
Schritt für Schritt werden im Folgenden die Unterschiede zwischen Daten, Datensätzen, Datenbanken und …";;CC-BY 4.0;https://codefor.de;153.0
https://codefor.de/projekte/cologne-opennoise-map/;OpenNoise Map;{'Analyse von Sensordaten und ML': 'Künstliche Intelligenz'};{'Köln': 'Stadtentwicklung'};https://codefor.de/projekte/cologne-opennoise-map/;OK Lab Köln, Code for Germany;Unbekannt;Mit dieser Web-Karte lassen sich tägliche Überschreitungswerte des maximal gemessenen Schalldruckes aus den Daten der Sensor Community interaktiv darstellen.;;CC-BY 4.0;https://codefor.de;154.0
https://codefor.de/projekte/hn-osm-editor/;OpenStreetMap QA Editor;{};{};https://codefor.de/projekte/hn-osm-editor/;Code for Heilbronn, Code for Germany;In Betrieb;"Dieses Tool hilft bei der Verbesserung der Qualität von OpenStreetMap Daten.
Es ermöglicht die schnelle Anzeige und Bearbeitung von:
Tracks ohne tracktype Straßen ohne sidewalk oder footway Tag Tracks …";;CC-BY 4.0;https://codefor.de;155.0
https://codefor.de/projekte/bn-oepnv-tracking/;ÖPNV Tracking in Echtzeit;{};{};https://codefor.de/projekte/bn-oepnv-tracking/;OK Lab Bonn-Rhein-Sieg, Code for Germany;In Planung;Der Verkehrsverbund Rhein/Sieg hat eine Programmierschnittstelle (API), für die man sich als Entwickler (auf Nachfrage) einen API Key geben lassen kann. Im ersten Schritt gibt es darüber erst einmal …;;CC-BY 4.0;https://codefor.de;156.0
https://codefor.de/projekte/pb-kneipen/;Paderborner Kneipenplan;{'Analyse von Sensordaten und ML': 'Künstliche Intelligenz', 'Bericht': 'Datenreporting', 'Crowd-Sourced Daten': 'Öffentliche Daten', 'Dashboard': 'Datenreporting', 'Datenanalyse': 'Datenanalyse', 'Datenerhebung': 'Datenerhebung', 'Datenanwendung für Öffentlichkeit': 'Datenanwendung für Öffentlichkeit', 'Datenstandards': 'Datenmanagement', 'Datensatz und Visualisierung': 'Datenreporting', 'Digitale Plattform': 'Digitale Plattformen', 'Dokumentations- und Netzwerktool': 'Unterstützungstools', 'Entscheidungsassistent': 'Virtuelle Assistenz', 'Festival und Studie': 'Datenreporting', 'Generative KI': 'Künstliche Intelligenz', 'Interaktive App': 'Webanwendungen', 'Interaktive Karte': 'Karten & Verzeichnisse', 'Interaktiver Fragebogen': 'Datenerhebung', 'Interne Datenanwendung': 'Interne Datenanwendung', 'KI Anwendung': '', 'Karte': 'Karten & Verzeichnisse', 'Knowledge Graph': 'Wissensorganisation', 'Large Language Model (LLM)': 'Sprachtechnologie', 'Matching': 'Datenanalyse', 'Monitoring': 'Wirkungsmessung', 'Offene Daten': 'Öffentliche Daten', 'Output Monitoring': 'Wirkungsmessung', 'Plattform für Wahlentscheidungen': 'Digitale Plattformen', 'Prozessautomatisierung': 'Automatisierung', 'Reporting': 'Datenreporting', 'Skalierung der Wirkungsmessung': 'Wirkungsmessung', 'Sprach-Editor': 'Sprachtechnologie', 'Umfrage': 'Datenerhebung', 'Übersetzungsassistent': 'Sprachtechnologie', 'Vernetzungsassistent': 'Virtuelle Assistenz', 'Verzeichnis / Karte': 'Karten & Verzeichnisse', 'Visualisierung mit Karten': 'Karten & Verzeichnisse', 'Zugänglichkeit Offene Daten des Statistischen Bundesamts': 'Öffentliche Daten'};{'Afrika': 'Internationale Projekte', 'Antidiskriminierung': 'Anti Dismkriminierung', 'Antirassismus': 'Anti Dismkriminierung', 'Arbeit mit Kindern': 'Jugendhilfe', 'Armut': 'Arbeit & Soziales', 'Barrierefreiheit': 'Inklusion & Teilhabe', 'Beratung': 'Soziale Dienste', 'Chancengleichheit': 'Anti Dismkriminierung', 'Demokratie': 'Demokratie & Soziale Rechte', 'Demenz': 'Gesundheit', 'Datenschutz': '', 'Energie': 'Klima & Umwelt', 'Ethik': 'Demokratie & Soziale Rechte', 'Evaluation': 'Organisation & Professionalisierung', 'Frauen': 'Anti Dismkriminierung', 'Fundraising': 'Organisation & Professionalisierung', 'Geflüchtete': 'Flucht & Migration', 'Genderneutrale Sprache': '', 'Gleichberechtigung': 'Anti Dismkriminierung', 'Gleichstellung': 'Anti Dismkriminierung', 'Gesundheit': 'Gesundheit', 'Humanitäre Hilfe': 'Internationale Projekte', 'Indien': 'Internationale Projekte', 'Inklusion': 'Inklusion & Teilhabe', 'Integration': 'Inklusion & Teilhabe', 'International': 'Internationale Projekte', 'Jugendarbeit': 'Jugendhilfe', 'Jugendbeteiligung': 'Jugendhilfe', 'Jugendhilfe': 'Jugendhilfe', 'Kamerun': 'Internationale Projekte', 'Katastrophenschutz': 'Gesundheit', 'Kältehilfe': 'Soziale Dienste', 'Kinderschutz': 'Jugendhilfe', 'Kinder- und Jugendhilfe': 'Jugendhilfe', 'KI': 'Gesundheit', 'Kongo': 'Internationale Projekte', 'Kroatien': 'Internationale Projekte', 'Landwirtschaft': 'Klima & Umwelt', 'Meeresschutz': 'Klima & Umwelt', 'Mentale Gesundheit': 'Gesundheit', 'Mentoring': 'Bildung', 'Menschen mit Behinderung': 'Inklusion & Teilhabe', 'Menschenrechte': 'Demokratie & Soziale Rechte', 'Migration': 'Flucht & Migration', 'Migrationsberatung': 'Flucht & Migration', 'Nachhaltigkeit': 'Klima & Umwelt', 'Offene Daten': '', 'Partizipation': 'Inklusion & Teilhabe', 'Patenschaft': 'Organisation & Professionalisierung', 'Pflege': 'Gesundheit', 'Pflegende Angehörige': '', 'Queere Sichtbarkeit': 'Anti Dismkriminierung', 'Rettungsdienst': 'Gesundheit', 'Senioren': 'Soziale Dienste', 'Soziale Arbeit': 'Soziale Dienste', 'Sport': 'Sport', 'Stadt': 'Stadtentwicklung', 'Stadtplanung': 'Stadtentwicklung', 'Teilhabe': 'Inklusion & Teilhabe', 'Telemedizin': 'Gesundheit', 'Transparenz': 'Inklusion & Teilhabe', 'Türkei': 'Internationale Projekte', 'Umwelt': 'Klima & Umwelt', 'Umweltschutz': 'Klima & Umwelt', 'Vernetzung': 'Organisation & Professionalisierung', 'Verwaltung': 'Organisation & Professionalisierung', 'Wirkungsmessung': 'Organisation & Professionalisierung', 'Wohlfahrt': 'Soziale Dienste', 'Wohnen': 'Stadtentwicklung', 'Wohnungslosenhilfe': 'Soziale Dienste', 'Wissensmanagement': 'Organisation & Professionalisierung'};https://codefor.de/projekte/pb-kneipen/;CodeforPB, Code for Germany;Unbekannt;Der Kneipenplan ist ca. 1990 nach einer Vision von Kim und Tö entstanden. Ursprünglich noch auf Papier gezeichnet und fotokopiert, steht der Kneipenplan aktuell auf den Seiten der Fachschaft …;;CC-BY 4.0;https://codefor.de;157.0
https://codefor.de/projekte/pb-parking/;Parken in Paderborn;{};{};https://codefor.de/projekte/pb-parking/;CodeforPB, Code for Germany;In Betrieb;Inspiriert von Parkplätze Dresden. Stellt die Informationen des Parkleitsystems der Stadt Paderborn übersichtlich und schnell erfassbar auf einer Karte dar. Des Weiteren gibt es einen Log der …;;CC-BY 4.0;https://codefor.de;158.0
https://codefor.de/projekte/ms-parkleit-api/;Parkleitsystem API Münster;{'Analyse von Sensordaten und ML': 'Künstliche Intelligenz', 'Automatisierte Datenübermittlung': 'Datenmanagement', 'Bericht': 'Datenreporting', 'Crowd-Sourced Daten': 'Öffentliche Daten', 'Dashboard': 'Datenreporting', 'Datenanalyse': 'Datenanalyse', 'Datenerhebung': 'Datenerhebung', 'Datenanwendung für Öffentlichkeit': 'Datenanwendung für Öffentlichkeit', 'Datenstandards': 'Datenmanagement', 'Datensatz und Visualisierung': 'Datenreporting', 'Digitale Plattform': 'Digitale Plattformen', 'Dokumentations- und Netzwerktool': 'Unterstützungstools', 'Entscheidungsassistent': 'Virtuelle Assistenz', 'Festival und Studie': 'Datenreporting', 'Generative KI': 'Künstliche Intelligenz', 'Interaktive App': 'Webanwendungen', 'Interaktive Karte': 'Karten & Verzeichnisse', 'Interaktiver Fragebogen': 'Datenerhebung', 'Interne Datenanwendung': 'Interne Datenanwendung', 'KI Anwendung': '', 'Karte': 'Karten & Verzeichnisse', 'Knowledge Graph': 'Wissensorganisation', 'Large Language Model (LLM)': 'Sprachtechnologie', 'Matching': 'Datenanalyse', 'Monitoring': 'Wirkungsmessung', 'Offene Daten': 'Öffentliche Daten', 'Output Monitoring': 'Wirkungsmessung', 'Plattform für Wahlentscheidungen': 'Digitale Plattformen', 'Prozessautomatisierung': 'Automatisierung', 'Reporting': 'Datenreporting', 'Skalierung der Wirkungsmessung': 'Wirkungsmessung', 'Sprach-Editor': 'Sprachtechnologie', 'Umfrage': 'Datenerhebung', 'Übersetzungsassistent': 'Sprachtechnologie', 'Vernetzungsassistent': 'Virtuelle Assistenz', 'Verzeichnis / Karte': 'Karten & Verzeichnisse', 'Visualisierung mit Karten': 'Karten & Verzeichnisse', 'Zugänglichkeit Offene Daten des Statistischen Bundesamts': 'Öffentliche Daten'};{'Afrika': 'Internationale Projekte', 'Antidiskriminierung': 'Anti Dismkriminierung', 'Antirassismus': 'Anti Dismkriminierung', 'Arbeit mit Kindern': 'Jugendhilfe', 'Armut': 'Arbeit & Soziales', 'Barrierefreiheit': 'Inklusion & Teilhabe', 'Beratung': 'Soziale Dienste', 'Chancengleichheit': 'Anti Dismkriminierung', 'Demokratie': 'Demokratie & Soziale Rechte', 'Demenz': 'Gesundheit', 'Datenschutz': '', 'Energie': 'Klima & Umwelt', 'Ethik': 'Demokratie & Soziale Rechte', 'Evaluation': 'Organisation & Professionalisierung', 'Frauen': 'Anti Dismkriminierung', 'Fundraising': 'Organisation & Professionalisierung', 'Geflüchtete': 'Flucht & Migration', 'Genderneutrale Sprache': '', 'Gleichberechtigung': 'Anti Dismkriminierung', 'Gleichstellung': 'Anti Dismkriminierung', 'Gesundheit': 'Gesundheit', 'Humanitäre Hilfe': 'Internationale Projekte', 'Indien': 'Internationale Projekte', 'Inklusion': 'Inklusion & Teilhabe', 'Integration': 'Inklusion & Teilhabe', 'International': 'Internationale Projekte', 'Jugendarbeit': 'Jugendhilfe', 'Jugendbeteiligung': 'Jugendhilfe', 'Jugendhilfe': 'Jugendhilfe', 'Kamerun': 'Internationale Projekte', 'Katastrophenschutz': 'Gesundheit', 'Kältehilfe': 'Soziale Dienste', 'Kinderschutz': 'Jugendhilfe', 'Kinder- und Jugendhilfe': 'Jugendhilfe', 'KI': 'Gesundheit', 'Kongo': 'Internationale Projekte', 'Kroatien': 'Internationale Projekte', 'Landwirtschaft': 'Klima & Umwelt', 'Meeresschutz': 'Klima & Umwelt', 'Mentale Gesundheit': 'Gesundheit', 'Mentoring': 'Bildung', 'Menschen mit Behinderung': 'Inklusion & Teilhabe', 'Menschenrechte': 'Demokratie & Soziale Rechte', 'Migration': 'Flucht & Migration', 'Migrationsberatung': 'Flucht & Migration', 'Nachhaltigkeit': 'Klima & Umwelt', 'Offene Daten': '', 'Partizipation': 'Inklusion & Teilhabe', 'Patenschaft': 'Organisation & Professionalisierung', 'Pflege': 'Gesundheit', 'Pflegende Angehörige': '', 'Queere Sichtbarkeit': 'Anti Dismkriminierung', 'Rettungsdienst': 'Gesundheit', 'Senioren': 'Soziale Dienste', 'Soziale Arbeit': 'Soziale Dienste', 'Sport': 'Sport', 'Stadt': 'Stadtentwicklung', 'Stadtplanung': 'Stadtentwicklung', 'Teilhabe': 'Inklusion & Teilhabe', 'Telemedizin': 'Gesundheit', 'Transparenz': 'Inklusion & Teilhabe', 'Türkei': 'Internationale Projekte', 'Umwelt': 'Klima & Umwelt', 'Umweltschutz': 'Klima & Umwelt', 'Vernetzung': 'Organisation & Professionalisierung', 'Verwaltung': 'Organisation & Professionalisierung', 'Wirkungsmessung': 'Organisation & Professionalisierung', 'Wohlfahrt': 'Soziale Dienste', 'Wohnen': 'Stadtentwicklung', 'Wohnungslosenhilfe': 'Soziale Dienste', 'Wissensmanagement': 'Organisation & Professionalisierung'};https://codefor.de/projekte/ms-parkleit-api/;Code for Münster, Code for Germany;Unbekannt;Ein Wrapper für das Parkleitsystem des Tiefbauamts Münster;;CC-BY 4.0;https://codefor.de;159.0
https://codefor.de/projekte/cologne-pegelbot/;Pegelbot;{'Automatisierte Datenübermittlung': 'Datenmanagement', 'Bericht': 'Datenreporting', 'Crowd-Sourced Daten': 'Öffentliche Daten', 'Dashboard': 'Datenreporting', 'Datenanalyse': 'Datenanalyse', 'Datenerhebung': 'Datenerhebung', 'Datenanwendung für Öffentlichkeit': 'Datenanwendung für Öffentlichkeit', 'Datenstandards': 'Datenmanagement', 'Datensatz und Visualisierung': 'Datenreporting', 'Digitale Plattform': 'Digitale Plattformen', 'Dokumentations- und Netzwerktool': 'Unterstützungstools', 'Entscheidungsassistent': 'Virtuelle Assistenz', 'Festival und Studie': 'Datenreporting', 'Generative KI': 'Künstliche Intelligenz', 'Interaktive App': 'Webanwendungen', 'Interaktive Karte': 'Karten & Verzeichnisse', 'Interaktiver Fragebogen': 'Datenerhebung', 'Interne Datenanwendung': 'Interne Datenanwendung', 'KI Anwendung': '', 'Karte': 'Karten & Verzeichnisse', 'Knowledge Graph': 'Wissensorganisation', 'Large Language Model (LLM)': 'Sprachtechnologie', 'Matching': 'Datenanalyse', 'Monitoring': 'Wirkungsmessung', 'Offene Daten': 'Öffentliche Daten', 'Output Monitoring': 'Wirkungsmessung', 'Plattform für Wahlentscheidungen': 'Digitale Plattformen', 'Prozessautomatisierung': 'Automatisierung', 'Reporting': 'Datenreporting', 'Skalierung der Wirkungsmessung': 'Wirkungsmessung', 'Sprach-Editor': 'Sprachtechnologie', 'Umfrage': 'Datenerhebung', 'Übersetzungsassistent': 'Sprachtechnologie', 'Vernetzungsassistent': 'Virtuelle Assistenz', 'Verzeichnis / Karte': 'Karten & Verzeichnisse', 'Visualisierung mit Karten': 'Karten & Verzeichnisse', 'Zugänglichkeit Offene Daten des Statistischen Bundesamts': 'Öffentliche Daten'};{'Klima': 'Klima & Umwelt', 'Umwelt': 'Klima & Umwelt', 'Wasser': '', 'Stadtentwässerung': '', 'Daten': '', 'Open Data': '', 'Kölner Dialekt': ''};https://codefor.de/projekte/cologne-pegelbot/;OK Lab Köln, Code for Germany;In Betrieb;"Wasserstand mit kölschem Flair - Der Pegelbot Die Stadtentwässerungsbetriebe Köln stellen Daten zum aktuellen Pegelstand des Rheins über eine offene Schnittstelle zur Verfügung.
Der …";;CC-BY 4.0;https://codefor.de;160.0
https://codefor.de/projekte/hn-poetryslam/;Poetry Slam;{'Präsentationssoftware': '', 'Webanwendung': ''};{'Poetry Slam': '', 'Landesmeisterschaften': ''};https://codefor.de/projekte/hn-poetryslam/;Code for Heilbronn, Code for Germany;Unbekannt;Für die Landesmeisterschaften im Poetry Slam (BWSLAM 2016) hat Code for Heilbronn ehrenamtlich eine Präsentationssoftware entwickelt. Die Webanwendung ermöglicht, Teilnehmer, Wettbewerbe, Gruppen und …;;CC-BY 4.0;https://codefor.de;161.0
https://codefor.de/projekte/portable-linked-profiles/;Portable Linked Profiles;{'Dokumentation': '', 'Editor': '', 'Provider und Directory': '', 'Browser': ''};{'Open Web Standards': '', 'Common Vocabularies': '', 'Open Source technologies': '', 'Datenschutz': '', 'Transparenz': 'Inklusion & Teilhabe', 'Wissensmanagement': 'Organisation & Professionalisierung'};https://codefor.de/projekte/portable-linked-profiles/;OK Lab Berlin, Code for Germany;Unbekannt;"PLP proposes a pattern for the creation, storage, listing and representation of public profile data for people, groups, organizations, venues and a large etcetera.
Based on Open Web Standards, Common …";;CC-BY 4.0;https://codefor.de;162.0
https://codefor.de/projekte/p-trinkwasser/;Potsdamer Leitungswasser;{};{};https://codefor.de/projekte/p-trinkwasser/;OK Lab Potsdam, Code for Germany;In Planung;Leitungswasser gehört zu den am strengsten kontrollierten Lebensmitteln in Deutschland. Regelmäßig veröffentlichen die Wasserwerke ihre Messwerte. Danke an das OpendataLab in Heilbronn für die …;;CC-BY 4.0;https://codefor.de;163.0
https://codefor.de/projekte/ulm-projekte/;Projekte rund um Ulm;{};{};https://codefor.de/projekte/ulm-projekte/;OK Lab Ulm, Code for Germany;Unbekannt;Du wolltest schon immer wissen, wie weit Dich der Ulmer Nahverkehr in einer Viertelstunde bringt? Ob Dein Vorname wirklich kein zweites Mal an der Uni Ulm vorkommt? Oder suchst am Sonn- oder Feiertag …;;CC-BY 4.0;https://codefor.de;164.0
https://codefor.de/projekte/quereinsteigende/;Quereinsteigende;{};{};https://codefor.de/projekte/quereinsteigende/;OK Lab Berlin, Code for Germany;In Betrieb;"Verteilung von Lehrkräfte-Quereinsteigenden über Berliner Bezirke
Die Daten aus der Kleinen Anfrage „Lehrkräfte-Quereinsteigende in den Berliner Schulen im Schuljahr 2018/2019“ wurde auf dieser Karte …";;CC-BY 4.0;https://codefor.de;165.0
https://codefor.de/projekte/radlquartier/;Radlquartier München;{'Analyse von Sensordaten und ML': 'Künstliche Intelligenz', 'Datenanalyse': 'Datenanalyse', 'Datenerhebung': 'Datenerhebung', 'Datenanwendung für Öffentlichkeit': 'Datenanwendung für Öffentlichkeit', 'Datenstandards': 'Datenmanagement', 'Datensatz und Visualisierung': 'Datenreporting', 'Digitale Plattform': 'Digitale Plattformen', 'Dokumentations- und Netzwerktool': 'Unterstützungstools', 'KI Anwendung': '', 'Monitoring': 'Wirkungsmessung', 'Reporting': 'Datenreporting', 'Skalierung der Wirkungsmessung': 'Wirkungsmessung', 'Umweltschutz': ''};{'München': '', 'Stadtplanung': 'Stadtentwicklung', 'Nachhaltigkeit': 'Klima & Umwelt', 'Umwelt': 'Klima & Umwelt'};https://codefor.de/projekte/radlquartier/;OK Lab München, Code for Germany;In Planung;Aufbereitung und Auswertung von Bikesharing Daten. Im Moment können MVG Rad Daten ausgewertet werden, das Ziel des Projekts ist es ein einheitliches Datenformat für die Aufbereitung von …;;CC-BY 4.0;https://codefor.de;166.0
https://codefor.de/projekte/dd-ratskarte/;Ratskarte Dresden;{'Analyse von Sensordaten und ML': 'Künstliche Intelligenz', 'Bericht': 'Datenreporting', 'Crowd-Sourced Daten': 'Öffentliche Daten', 'Dashboard': 'Datenreporting', 'Datenanalyse': 'Datenanalyse', 'Datenerhebung': 'Datenerhebung', 'Datenanwendung für Öffentlichkeit': 'Datenanwendung für Öffentlichkeit', 'Datenstandards': 'Datenmanagement', 'Datensatz und Visualisierung': 'Datenreporting', 'Digitale Plattform': 'Digitale Plattformen', 'Dokumentations- und Netzwerktool': 'Unterstützungstools', 'Entscheidungsassistent': 'Virtuelle Assistenz', 'Festival und Studie': 'Datenreporting', 'Generative KI': 'Künstliche Intelligenz', 'Interaktive App': 'Webanwendungen', 'Interaktive Karte': 'Karten & Verzeichnisse', 'Interaktiver Fragebogen': 'Datenerhebung', 'Interne Datenanwendung': 'Interne Datenanwendung', 'KI Anwendung': '', 'Karte': 'Karten & Verzeichnisse', 'Knowledge Graph': 'Wissensorganisation', 'Large Language Model (LLM)': 'Sprachtechnologie', 'Matching': 'Datenanalyse', 'Monitoring': 'Wirkungsmessung', 'Offene Daten': 'Öffentliche Daten', 'Output Monitoring': 'Wirkungsmessung', 'Plattform für Wahlentscheidungen': 'Digitale Plattformen', 'Prozessautomatisierung': 'Automatisierung', 'Reporting': 'Datenreporting', 'Skalierung der Wirkungsmessung': 'Wirkungsmessung', 'Sprach-Editor': 'Sprachtechnologie', 'Umfrage': 'Datenerhebung', 'Übersetzungsassistent': 'Sprachtechnologie', 'Vernetzungsassistent': 'Virtuelle Assistenz', 'Verzeichnis / Karte': 'Karten & Verzeichnisse', 'Visualisierung mit Karten': 'Karten & Verzeichnisse', 'Zugänglichkeit Offene Daten des Statistischen Bundesamts': 'Öffentliche Daten'};{'Afrika': 'Internationale Projekte', 'Antidiskriminierung': 'Anti Dismkriminierung', 'Antirassismus': 'Anti Dismkriminierung', 'Arbeit mit Kindern': 'Jugendhilfe', 'Armut': 'Arbeit & Soziales', 'Barrierefreiheit': 'Inklusion & Teilhabe', 'Beratung': 'Soziale Dienste', 'Chancengleichheit': 'Anti Dismkriminierung', 'Demokratie': 'Demokratie & Soziale Rechte', 'Demenz': 'Gesundheit', 'Datenschutz': '', 'Energie': 'Klima & Umwelt', 'Ethik': 'Demokratie & Soziale Rechte', 'Evaluation': 'Organisation & Professionalisierung', 'Frauen': 'Anti Dismkriminierung', 'Fundraising': 'Organisation & Professionalisierung', 'Geflüchtete': 'Flucht & Migration', 'Genderneutrale Sprache': '', 'Gleichberechtigung': 'Anti Dismkriminierung', 'Gleichstellung': 'Anti Dismkriminierung', 'Gesundheit': 'Gesundheit', 'Humanitäre Hilfe': 'Internationale Projekte', 'Indien': 'Internationale Projekte', 'Inklusion': 'Inklusion & Teilhabe', 'Integration': 'Inklusion & Teilhabe', 'International': 'Internationale Projekte', 'Jugendarbeit': 'Jugendhilfe', 'Jugendbeteiligung': 'Jugendhilfe', 'Jugendhilfe': 'Jugendhilfe', 'Kamerun': 'Internationale Projekte', 'Katastrophenschutz': 'Gesundheit', 'Kältehilfe': 'Soziale Dienste', 'Kinderschutz': 'Jugendhilfe', 'Kinder- und Jugendhilfe': 'Jugendhilfe', 'KI': 'Gesundheit', 'Kongo': 'Internationale Projekte', 'Kroatien': 'Internationale Projekte', 'Landwirtschaft': 'Klima & Umwelt', 'Meeresschutz': 'Klima & Umwelt', 'Mentale Gesundheit': 'Gesundheit', 'Mentoring': 'Bildung', 'Menschen mit Behinderung': 'Inklusion & Teilhabe', 'Menschenrechte': 'Demokratie & Soziale Rechte', 'Migration': 'Flucht & Migration', 'Migrationsberatung': 'Flucht & Migration', 'Nachhaltigkeit': 'Klima & Umwelt', 'Offene Daten': '', 'Partizipation': 'Inklusion & Teilhabe', 'Patenschaft': 'Organisation & Professionalisierung', 'Pflege': 'Gesundheit', 'Pflegende Angehörige': '', 'Queere Sichtbarkeit': 'Anti Dismkriminierung', 'Rettungsdienst': 'Gesundheit', 'Senioren': 'Soziale Dienste', 'Soziale Arbeit': 'Soziale Dienste', 'Sport': 'Sport', 'Stadt': 'Stadtentwicklung', 'Stadtplanung': 'Stadtentwicklung', 'Teilhabe': 'Inklusion & Teilhabe', 'Telemedizin': 'Gesundheit', 'Transparenz': 'Inklusion & Teilhabe', 'Türkei': 'Internationale Projekte', 'Umwelt': 'Klima & Umwelt', 'Umweltschutz': 'Klima & Umwelt', 'Vernetzung': 'Organisation & Professionalisierung', 'Verwaltung': 'Organisation & Professionalisierung', 'Wirkungsmessung': 'Organisation & Professionalisierung', 'Wohlfahrt': 'Soziale Dienste', 'Wohnen': 'Stadtentwicklung', 'Wohnungslosenhilfe': 'Soziale Dienste', 'Wissensmanagement': 'Organisation & Professionalisierung'};https://codefor.de/projekte/dd-ratskarte/;Open Data Dresden, Code for Germany;Unbekannt;Finde Dokumente aus dem städtischen Ratsinfosystem welche Straßen in deiner Umgebung erwähnen.;;CC-BY 4.0;https://codefor.de;167.0
https://codefor.de/projekte/dus-raumamateur/;Raumamateur;{'App': ''};{'Stadtgestaltung': '', 'Teilhabe': 'Inklusion & Teilhabe', 'Raumexperten': '', 'Stadtverwaltung': '', 'Politik': '', 'Planende': ''};https://codefor.de/projekte/dus-raumamateur/;OK Lab Düsseldorf, Code for Germany;In Planung;Der Raumamateur ist eine App, die Dich durch einen Klick, einen Kommentar oder einen visuellen Beitrag (Foto oder Video) am Prozess der Stadtgestaltung teilhaben lässt. Die App stellt die Planungen …;;CC-BY 4.0;https://codefor.de;168.0
https://codefor.de/projekte/frankfurt-parkendd/;Real-time parking lot app for Frankfurt am Main;{'Real-time parking lot app': ''};{'Frankfurt am Main': ''};https://codefor.de/projekte/frankfurt-parkendd/;OK Lab Frankfurt, Code for Germany;In Betrieb;"Displaying parking lot information for Frankfurt in a 5 min interval.
The city of Frankfurt displays parking lot information on its website But it’s list form is hardly helpful, so we’ve …";;CC-BY 4.0;https://codefor.de;169.0
https://codefor.de/projekte/magdeburg-rechte-gewalt/;Rechte Gewalt in Deutschland;{'Karte': 'Karten & Verzeichnisse', 'Visualisierung': 'Datenreporting'};{'Rechte Gewalt': '', 'Deutschland': '', 'Menschenrechte': 'Demokratie & Soziale Rechte'};https://codefor.de/projekte/magdeburg-rechte-gewalt/;OK Lab Magdeburg, Code for Germany;Eingestellt;Berichte von Übergriffen rechter Gewalt werden kartiert, um die Allgegenwärtigkeit von rechten Straftaten aufzuzeigen. Achtung: Das Lesen der Berichte ist nichts für schwache Nerven.;;CC-BY 4.0;https://codefor.de;170.0
https://codefor.de/projekte/hn-muellabfuhrtermine/;Recyclinghof-Finder;{'Mobiloptimierte Karte': '', 'Kalender-Dateien': '', 'Scraper': '', 'Abfall-Ratgeber': '', 'Hilfsorganisationen': '', 'Maschinenlesbare Müllabfuhrtermine': '', 'Müllabfuhrpläne': ''};{'Stadt- und Landkreis Heilbronn': '', 'Abfall-Ratgeber': '', 'Hilfsorganisationen': '', 'Müllabfuhrtermine': '', 'Müllabfuhrpläne': ''};https://codefor.de/projekte/hn-muellabfuhrtermine/;Code for Heilbronn, Code for Germany;In Planung;"Mobiloptimierte Karte aller Recyclinghöfe im Stadt- und Landkreis Heilbronn + Kalender-Dateien (ICS) nach Wohnort mit den Müllabfuhrterminen zum Download in den eigenen Kalender.
Alle Recyclinghöfe …";;CC-BY 4.0;https://codefor.de;171.0
https://codefor.de/projekte/ruhrgebiet-recyclingkarte/;Recyclingkarte;{'Analyse von Sensordaten und ML': 'Künstliche Intelligenz', 'Automatisierte Datenübermittlung': 'Datenmanagement', 'Bericht': 'Datenreporting', 'Crowd-Sourced Daten': 'Öffentliche Daten', 'Dashboard': 'Datenreporting', 'Datenanalyse': 'Datenanalyse', 'Datenerhebung': 'Datenerhebung', 'Datenanwendung für Öffentlichkeit': 'Datenanwendung für Öffentlichkeit', 'Datenstandards': 'Datenmanagement', 'Datensatz und Visualisierung': 'Datenreporting', 'Digitale Plattform': 'Digitale Plattformen', 'Dokumentations- und Netzwerktool': 'Unterstützungstools', 'Entscheidungsassistent': 'Virtuelle Assistenz', 'Festival und Studie': 'Datenreporting', 'Generative KI': 'Künstliche Intelligenz', 'Interaktive App': 'Webanwendungen', 'Interaktive Karte': 'Karten & Verzeichnisse', 'Interaktiver Fragebogen': 'Datenerhebung', 'Interne Datenanwendung': 'Interne Datenanwendung', 'KI Anwendung': '', 'Karte': 'Karten & Verzeichnisse', 'Knowledge Graph': 'Wissensorganisation', 'Large Language Model (LLM)': 'Sprachtechnologie', 'Matching': 'Datenanalyse', 'Monitoring': 'Wirkungsmessung', 'Offene Daten': 'Öffentliche Daten', 'Output Monitoring': 'Wirkungsmessung', 'Plattform für Wahlentscheidungen': 'Digitale Plattformen', 'Prozessautomatisierung': 'Automatisierung', 'Reporting': 'Datenreporting', 'Skalierung der Wirkungsmessung': 'Wirkungsmessung', 'Sprach-Editor': 'Sprachtechnologie', 'Umfrage': 'Datenerhebung', 'Übersetzungsassistent': 'Sprachtechnologie', 'Vernetzungsassistent': 'Virtuelle Assistenz', 'Verzeichnis / Karte': 'Karten & Verzeichnisse', 'Visualisierung mit Karten': 'Karten & Verzeichnisse', 'Zugänglichkeit Offene Daten des Statistischen Bundesamts': 'Öffentliche Daten'};{'Afrika': 'Internationale Projekte', 'Antidiskriminierung': 'Anti Dismkriminierung', 'Antirassismus': 'Anti Dismkriminierung', 'Arbeit mit Kindern': 'Jugendhilfe', 'Armut': 'Arbeit & Soziales', 'Barrierefreiheit': 'Inklusion & Teilhabe', 'Beratung': 'Soziale Dienste', 'Chancengleichheit': 'Anti Dismkriminierung', 'Demokratie': 'Demokratie & Soziale Rechte', 'Demenz': 'Gesundheit', 'Datenschutz': '', 'Energie': 'Klima & Umwelt', 'Ethik': 'Demokratie & Soziale Rechte', 'Evaluation': 'Organisation & Professionalisierung', 'Frauen': 'Anti Dismkriminierung', 'Fundraising': 'Organisation & Professionalisierung', 'Geflüchtete': 'Flucht & Migration', 'Genderneutrale Sprache': '', 'Gleichberechtigung': 'Anti Dismkriminierung', 'Gleichstellung': 'Anti Dismkriminierung', 'Gesundheit': 'Gesundheit', 'Humanitäre Hilfe': 'Internationale Projekte', 'Indien': 'Internationale Projekte', 'Inklusion': 'Inklusion & Teilhabe', 'Integration': 'Inklusion & Teilhabe', 'International': 'Internationale Projekte', 'Jugendarbeit': 'Jugendhilfe', 'Jugendbeteiligung': 'Jugendhilfe', 'Jugendhilfe': 'Jugendhilfe', 'Kamerun': 'Internationale Projekte', 'Katastrophenschutz': 'Gesundheit', 'Kältehilfe': 'Soziale Dienste', 'Kinderschutz': 'Jugendhilfe', 'Kinder- und Jugendhilfe': 'Jugendhilfe', 'KI': 'Gesundheit', 'Kongo': 'Internationale Projekte', 'Kroatien': 'Internationale Projekte', 'Landwirtschaft': 'Klima & Umwelt', 'Meeresschutz': 'Klima & Umwelt', 'Mentale Gesundheit': 'Gesundheit', 'Mentoring': 'Bildung', 'Menschen mit Behinderung': 'Inklusion & Teilhabe', 'Menschenrechte': 'Demokratie & Soziale Rechte', 'Migration': 'Flucht & Migration', 'Migrationsberatung': 'Flucht & Migration', 'Nachhaltigkeit': 'Klima & Umwelt', 'Offene Daten': '', 'Partizipation': 'Inklusion & Teilhabe', 'Patenschaft': 'Organisation & Professionalisierung', 'Pflege': 'Gesundheit', 'Pflegende Angehörige': '', 'Queere Sichtbarkeit': 'Anti Dismkriminierung', 'Rettungsdienst': 'Gesundheit', 'Senioren': 'Soziale Dienste', 'Soziale Arbeit': 'Soziale Dienste', 'Sport': 'Sport', 'Stadt': 'Stadtentwicklung', 'Stadtplanung': 'Stadtentwicklung', 'Teilhabe': 'Inklusion & Teilhabe', 'Telemedizin': 'Gesundheit', 'Transparenz': 'Inklusion & Teilhabe', 'Türkei': 'Internationale Projekte', 'Umwelt': 'Klima & Umwelt', 'Umweltschutz': 'Klima & Umwelt', 'Vernetzung': 'Organisation & Professionalisierung', 'Verwaltung': 'Organisation & Professionalisierung', 'Wirkungsmessung': 'Organisation & Professionalisierung', 'Wohlfahrt': 'Soziale Dienste', 'Wohnen': 'Stadtentwicklung', 'Wohnungslosenhilfe': 'Soziale Dienste', 'Wissensmanagement': 'Organisation & Professionalisierung'};https://codefor.de/projekte/ruhrgebiet-recyclingkarte/;OK Lab Ruhrgebiet, Code for Germany;In Planung;Die Recyclingkarte zeigt alle Altkleider-, Altpapier- und Altglas-Container in Essen.;;CC-BY 4.0;https://codefor.de;172.0
https://codefor.de/projekte/refugeeapp/;Refugees Gießen;{'Interaktive App': 'Webanwendungen', 'Offene Daten': 'Öffentliche Daten'};{'Flüchtlinge': '', 'Integration': 'Inklusion & Teilhabe', 'Partizipation': 'Inklusion & Teilhabe'};https://codefor.de/projekte/refugeeapp/;OK Lab Gießen, Code for Germany;Unbekannt;Das Thema Flüchtlinge interessiert uns alle und das OK Lab Gießen hat sich entschlossen eine sogenannte RefugeeApp zu entwickeln. Mit Hilfe dieser App sollen die ersten Monate für neu angekommene …;RefugeeApp;CC-BY 4.0;https://codefor.de;173.0
https://codefor.de/projekte/be-drl-refugeeworks/;RefugeesWork;{};{};https://codefor.de/projekte/be-drl-refugeeworks/;OK Lab Berlin, Code for Germany;In Planung;RefugeesWork ist das Projekt eines interationalen Teams, das einen schnellen Einstieg ins Berufsleben für Newcomer ermöglichen will. Aus eigener Erfahrung konzentrieren sie sich dabei auf Angebote für …;;CC-BY 4.0;https://codefor.de;174.0
https://codefor.de/projekte/cologne-sagsunskoeln/;Sag's uns App Köln;{};{};https://codefor.de/projekte/cologne-sagsunskoeln/;OK Lab Köln, Code for Germany;In Planung;Den Service Sag’s uns der Stadt Köln nutzen Bürger, um ihre Probleme mit dem Kölner Stadtbild zu melden. Dazu gehören z.B. wilder Müll, Schrotträder, kaputte Straßenlaternen und mehr. Das klappt …;;CC-BY 4.0;https://codefor.de;175.0
https://codefor.de/projekte/jena-save-o-meter/;Save-O-Meter;{};{};https://codefor.de/projekte/jena-save-o-meter/;OK Lab Jena, Code for Germany;Unbekannt;"Messe, visualisiere und beeinflusse Deinen Strom- und Wasserbedarf und die Menge deines Mülls!
Die Idee für dieses Projekt entstammt dem ‘In/Visible Cities: Prototyping Lab’, welches als …";;CC-BY 4.0;https://codefor.de;176.0
https://codefor.de/projekte/cologne-schulen-in-koeln/;Schulen in Köln;{'Analyse von Sensordaten und ML': 'Künstliche Intelligenz', 'Bericht': 'Datenreporting', 'Crowd-Sourced Daten': 'Öffentliche Daten', 'Dashboard': 'Datenreporting', 'Datenanalyse': 'Datenanalyse', 'Datenerhebung': 'Datenerhebung', 'Datenanwendung für Öffentlichkeit': 'Datenanwendung für Öffentlichkeit', 'Datenstandards': 'Datenmanagement', 'Datensatz und Visualisierung': 'Datenreporting', 'Digitale Plattform': 'Digitale Plattformen', 'Dokumentations- und Netzwerktool': 'Unterstützungstools', 'Entscheidungsassistent': 'Virtuelle Assistenz', 'Festival und Studie': 'Datenreporting', 'Generative KI': 'Künstliche Intelligenz', 'Interaktive App': 'Webanwendungen', 'Interaktive Karte': 'Karten & Verzeichnisse', 'Interaktiver Fragebogen': 'Datenerhebung', 'Interne Datenanwendung': 'Interne Datenanwendung', 'KI Anwendung': '', 'Karte': 'Karten & Verzeichnisse', 'Knowledge Graph': 'Wissensorganisation', 'Large Language Model (LLM)': 'Sprachtechnologie', 'Matching': 'Datenanalyse', 'Monitoring': 'Wirkungsmessung', 'Offene Daten': 'Öffentliche Daten', 'Output Monitoring': 'Wirkungsmessung', 'Plattform für Wahlentscheidungen': 'Digitale Plattformen', 'Prozessautomatisierung': 'Automatisierung', 'Reporting': 'Datenreporting', 'Skalierung der Wirkungsmessung': 'Wirkungsmessung', 'Sprach-Editor': 'Sprachtechnologie', 'Umfrage': 'Datenerhebung', 'Übersetzungsassistent': 'Sprachtechnologie', 'Vernetzungsassistent': 'Virtuelle Assistenz', 'Verzeichnis / Karte': 'Karten & Verzeichnisse', 'Visualisierung mit Karten': 'Karten & Verzeichnisse', 'Zugänglichkeit Offene Daten des Statistischen Bundesamts': 'Öffentliche Daten'};{'Afrika': 'Internationale Projekte', 'Antidiskriminierung': 'Anti Dismkriminierung', 'Antirassismus': 'Anti Dismkriminierung', 'Arbeit mit Kindern': 'Jugendhilfe', 'Armut': 'Arbeit & Soziales', 'Barrierefreiheit': 'Inklusion & Teilhabe', 'Beratung': 'Soziale Dienste', 'Chancengleichheit': 'Anti Dismkriminierung', 'Demokratie': 'Demokratie & Soziale Rechte', 'Demenz': 'Gesundheit', 'Datenschutz': '', 'Energie': 'Klima & Umwelt', 'Ethik': 'Demokratie & Soziale Rechte', 'Evaluation': 'Organisation & Professionalisierung', 'Frauen': 'Anti Dismkriminierung', 'Fundraising': 'Organisation & Professionalisierung', 'Geflüchtete': 'Flucht & Migration', 'Genderneutrale Sprache': '', 'Gleichberechtigung': 'Anti Dismkriminierung', 'Gleichstellung': 'Anti Dismkriminierung', 'Gesundheit': 'Gesundheit', 'Humanitäre Hilfe': 'Internationale Projekte', 'Indien': 'Internationale Projekte', 'Inklusion': 'Inklusion & Teilhabe', 'Integration': 'Inklusion & Teilhabe', 'International': 'Internationale Projekte', 'Jugendarbeit': 'Jugendhilfe', 'Jugendbeteiligung': 'Jugendhilfe', 'Jugendhilfe': 'Jugendhilfe', 'Kamerun': 'Internationale Projekte', 'Katastrophenschutz': 'Gesundheit', 'Kältehilfe': 'Soziale Dienste', 'Kinderschutz': 'Jugendhilfe', 'Kinder- und Jugendhilfe': 'Jugendhilfe', 'KI': 'Gesundheit', 'Kongo': 'Internationale Projekte', 'Kroatien': 'Internationale Projekte', 'Landwirtschaft': 'Klima & Umwelt', 'Meeresschutz': 'Klima & Umwelt', 'Mentale Gesundheit': 'Gesundheit', 'Mentoring': 'Bildung', 'Menschen mit Behinderung': 'Inklusion & Teilhabe', 'Menschenrechte': 'Demokratie & Soziale Rechte', 'Migration': 'Flucht & Migration', 'Migrationsberatung': 'Flucht & Migration', 'Nachhaltigkeit': 'Klima & Umwelt', 'Offene Daten': '', 'Partizipation': 'Inklusion & Teilhabe', 'Patenschaft': 'Organisation & Professionalisierung', 'Pflege': 'Gesundheit', 'Pflegende Angehörige': '', 'Queere Sichtbarkeit': 'Anti Dismkriminierung', 'Rettungsdienst': 'Gesundheit', 'Senioren': 'Soziale Dienste', 'Soziale Arbeit': 'Soziale Dienste', 'Sport': 'Sport', 'Stadt': 'Stadtentwicklung', 'Stadtplanung': 'Stadtentwicklung', 'Teilhabe': 'Inklusion & Teilhabe', 'Telemedizin': 'Gesundheit', 'Transparenz': 'Inklusion & Teilhabe', 'Türkei': 'Internationale Projekte', 'Umwelt': 'Klima & Umwelt', 'Umweltschutz': 'Klima & Umwelt', 'Vernetzung': 'Organisation & Professionalisierung', 'Verwaltung': 'Organisation & Professionalisierung', 'Wirkungsmessung': 'Organisation & Professionalisierung', 'Wohlfahrt': 'Soziale Dienste', 'Wohnen': 'Stadtentwicklung', 'Wohnungslosenhilfe': 'Soziale Dienste', 'Wissensmanagement': 'Organisation & Professionalisierung'};https://codefor.de/projekte/cologne-schulen-in-koeln/;OK Lab Köln, Code for Germany;In Planung;Ziel dieses Projektes ist es Schulen und Schüler bezogen auf Stadtteile in Köln anzuzeigen. Beim Überfahren der farblich durch die Anzahl der Schüler unterschiedenen Stadtteile, wird die Anzahl der …;;CC-BY 4.0;https://codefor.de;177.0
https://codefor.de/projekte/schulen-in-nrw/;Schulen in NRW;{'Karte': 'Karten & Verzeichnisse', 'Datenanalyse': 'Datenanalyse', 'Datensatz und Visualisierung': 'Datenreporting'};{'Schulen': '', 'NRW': ''};https://codefor.de/projekte/schulen-in-nrw/;OK Lab Ruhrgebiet, Code for Germany;In Planung;Eine Karte mit allen Schulen in ganz NRW. Dieses Projekt ist beim Open Data Day 2016 entstanden.;;CC-BY 4.0;https://codefor.de;178.0
https://codefor.de/projekte/schulradar-ruhrgebiet/;Schulradar Ruhrgebiet;{'Webseite': 'Webanwendungen', 'Statistische Berechnungen': '', 'Karten': 'Karten & Verzeichnisse'};{'Schulen': '', 'Städte': '', 'Ruhrgebiet': ''};https://codefor.de/projekte/schulradar-ruhrgebiet/;OK Lab Ruhrgebiet, Code for Germany;In Planung;Dieses Projekt ist eine Webseite, auf der die Schulen im Ruhrgebiet zu finden sind. Es gibt statistische Berechnungen zu den Städten, Karten für einzelne Städte und eine Karte für das gesamte …;;CC-BY 4.0;https://codefor.de;179.0
https://codefor.de/projekte/cologne-s5p-no2-map/;Sentinel-5P NO2 Map;{'Interaktive Karte': 'Karten & Verzeichnisse', 'Datenerhebung': 'Datenerhebung', 'Datenanwendung für Öffentlichkeit': 'Datenanwendung für Öffentlichkeit', 'Visualisierung mit Karten': 'Karten & Verzeichnisse'};{'Umweltschutz': 'Klima & Umwelt', 'KI': 'Gesundheit', 'Nachhaltigkeit': 'Klima & Umwelt'};https://codefor.de/projekte/cologne-s5p-no2-map/;OK Lab Köln, Code for Germany;In Betrieb;Seit Januar 2024 gibt es den Copernicus Browser. Damit lassen sich Sentinel Daten global in einer Karte visualisieren. Dies umfasst auch die NO2 Daten. Sämtliche Daten der Sentinel-5P Mission können …;;CC-BY 4.0;https://codefor.de;180.0
https://codefor.de/projekte/bodenfeuchtigkeit/;Sichtbarmachung von Bodenfeuchtigkeit im Teutoburger Wald;{'Analyse von Sensordaten und ML': 'Künstliche Intelligenz', 'Datenerhebung': 'Datenerhebung', 'Datenanwendung für Öffentlichkeit': 'Datenanwendung für Öffentlichkeit', 'Datenstandards': 'Datenmanagement', 'Datensatz und Visualisierung': 'Datenreporting', 'Digitale Plattform': 'Digitale Plattformen', 'Dokumentations- und Netzwerktool': 'Unterstützungstools', 'Interaktive Karte': 'Karten & Verzeichnisse', 'KI Anwendung': '', 'Karte': 'Karten & Verzeichnisse', 'Knowledge Graph': 'Wissensorganisation', 'Monitoring': 'Wirkungsmessung', 'Offene Daten': 'Öffentliche Daten', 'Plattform für Wahlentscheidungen': 'Digitale Plattformen', 'Prozessautomatisierung': 'Automatisierung', 'Reporting': 'Datenreporting', 'Skalierung der Wirkungsmessung': 'Wirkungsmessung', 'Visualisierung mit Karten': 'Karten & Verzeichnisse'};{'Klimawandel': 'Klima & Umwelt', 'Wald': '', 'Citizen Science': '', 'Umwelt': 'Klima & Umwelt', 'Öffentlichkeit': '', 'Forschung': '', 'Entwicklung': '', 'Bildung': 'Bildung'};https://codefor.de/projekte/bodenfeuchtigkeit/;Code for Bielefeld, Code for Germany;In Planung;"Was wir machen:
Wir messen die Bodenfeuchte an verschiedenen Stellen in und um Bielefeld. Dafür nutzen wir Open-Source-Hardware zum selbst zusammenbauen, und die Funktechnologie LoRaWAN. Diese …";;CC-BY 4.0;https://codefor.de;181.0
https://codefor.de/projekte/be-feinstaub-sos/;SOS für Feinstaub-Daten;{'Analyse von Sensordaten und ML': 'Künstliche Intelligenz', 'Datenanalyse': 'Datenanalyse', 'Datenerhebung': 'Datenerhebung', 'Datenanwendung für Öffentlichkeit': 'Datenanwendung für Öffentlichkeit', 'Datenstandards': 'Datenmanagement', 'Datensatz und Visualisierung': 'Datenreporting', 'Digitale Plattform': 'Digitale Plattformen', 'Dokumentations- und Netzwerktool': 'Unterstützungstools', 'KI Anwendung': '', 'Monitoring': 'Wirkungsmessung', 'Offene Daten': 'Öffentliche Daten', 'Prozessautomatisierung': 'Automatisierung', 'Reporting': 'Datenreporting', 'Skalierung der Wirkungsmessung': 'Wirkungsmessung', 'Umweltschutz': ''};{'Umwelt': 'Klima & Umwelt', 'Nachhaltigkeit': 'Klima & Umwelt', 'Offene Daten': '', 'Partizipation': 'Inklusion & Teilhabe', 'Umweltschutz': 'Klima & Umwelt'};https://codefor.de/projekte/be-feinstaub-sos/;OK Lab Berlin, Code for Germany;In Planung;"Feinstaub-Daten über den SOS-Standard als API zur Verfügung stellen - als Karte und Diagramme darstellen.
Der Sensor Observation Service (SOS) ist ein vom OGC spezifizierter Standard zur Speicherung …";;CC-BY 4.0;https://codefor.de;182.0
https://codefor.de/projekte/fl-open-social-map/;Sozialatlas der Stadt Flensburg;{'Analyse von Sensordaten und ML': 'Künstliche Intelligenz', 'Bericht': 'Datenreporting', 'Crowd-Sourced Daten': 'Öffentliche Daten', 'Dashboard': 'Datenreporting', 'Datenanalyse': 'Datenanalyse', 'Datenerhebung': 'Datenerhebung', 'Datenanwendung für Öffentlichkeit': 'Datenanwendung für Öffentlichkeit', 'Datenstandards': 'Datenmanagement', 'Datensatz und Visualisierung': 'Datenreporting', 'Digitale Plattform': 'Digitale Plattformen', 'Dokumentations- und Netzwerktool': 'Unterstützungstools', 'Entscheidungsassistent': 'Virtuelle Assistenz', 'Festival und Studie': 'Datenreporting', 'Generative KI': 'Künstliche Intelligenz', 'Interaktive App': 'Webanwendungen', 'Interaktive Karte': 'Karten & Verzeichnisse', 'Interaktiver Fragebogen': 'Datenerhebung', 'Interne Datenanwendung': 'Interne Datenanwendung', 'KI Anwendung': '', 'Karte': 'Karten & Verzeichnisse', 'Knowledge Graph': 'Wissensorganisation', 'Large Language Model (LLM)': 'Sprachtechnologie', 'Matching': 'Datenanalyse', 'Monitoring': 'Wirkungsmessung', 'Offene Daten': 'Öffentliche Daten', 'Output Monitoring': 'Wirkungsmessung', 'Plattform für Wahlentscheidungen': 'Digitale Plattformen', 'Prozessautomatisierung': 'Automatisierung', 'Reporting': 'Datenreporting', 'Skalierung der Wirkungsmessung': 'Wirkungsmessung', 'Sprach-Editor': 'Sprachtechnologie', 'Umfrage': 'Datenerhebung', 'Übersetzungsassistent': 'Sprachtechnologie', 'Vernetzungsassistent': 'Virtuelle Assistenz', 'Verzeichnis / Karte': 'Karten & Verzeichnisse', 'Visualisierung mit Karten': 'Karten & Verzeichnisse', 'Zugänglichkeit Offene Daten des Statistischen Bundesamts': 'Öffentliche Daten'};{'Afrika': 'Internationale Projekte', 'Antidiskriminierung': 'Anti Dismkriminierung', 'Antirassismus': 'Anti Dismkriminierung', 'Arbeit mit Kindern': 'Jugendhilfe', 'Armut': 'Arbeit & Soziales', 'Barrierefreiheit': 'Inklusion & Teilhabe', 'Beratung': 'Soziale Dienste', 'Chancengleichheit': 'Anti Dismkriminierung', 'Demokratie': 'Demokratie & Soziale Rechte', 'Demenz': 'Gesundheit', 'Datenschutz': '', 'Energie': 'Klima & Umwelt', 'Ethik': 'Demokratie & Soziale Rechte', 'Evaluation': 'Organisation & Professionalisierung', 'Frauen': 'Anti Dismkriminierung', 'Fundraising': 'Organisation & Professionalisierung', 'Geflüchtete': 'Flucht & Migration', 'Genderneutrale Sprache': '', 'Gleichberechtigung': 'Anti Dismkriminierung', 'Gleichstellung': 'Anti Dismkriminierung', 'Gesundheit': 'Gesundheit', 'Humanitäre Hilfe': 'Internationale Projekte', 'Indien': 'Internationale Projekte', 'Inklusion': 'Inklusion & Teilhabe', 'Integration': 'Inklusion & Teilhabe', 'International': 'Internationale Projekte', 'Jugendarbeit': 'Jugendhilfe', 'Jugendbeteiligung': 'Jugendhilfe', 'Jugendhilfe': 'Jugendhilfe', 'Kamerun': 'Internationale Projekte', 'Katastrophenschutz': 'Gesundheit', 'Kältehilfe': 'Soziale Dienste', 'Kinderschutz': 'Jugendhilfe', 'Kinder- und Jugendhilfe': 'Jugendhilfe', 'KI': 'Gesundheit', 'Kongo': 'Internationale Projekte', 'Kroatien': 'Internationale Projekte', 'Landwirtschaft': 'Klima & Umwelt', 'Meeresschutz': 'Klima & Umwelt', 'Mentale Gesundheit': 'Gesundheit', 'Mentoring': 'Bildung', 'Menschen mit Behinderung': 'Inklusion & Teilhabe', 'Menschenrechte': 'Demokratie & Soziale Rechte', 'Migration': 'Flucht & Migration', 'Migrationsberatung': 'Flucht & Migration', 'Nachhaltigkeit': 'Klima & Umwelt', 'Offene Daten': '', 'Partizipation': 'Inklusion & Teilhabe', 'Patenschaft': 'Organisation & Professionalisierung', 'Pflege': 'Gesundheit', 'Pflegende Angehörige': '', 'Queere Sichtbarkeit': 'Anti Dismkriminierung', 'Rettungsdienst': 'Gesundheit', 'Senioren': 'Soziale Dienste', 'Soziale Arbeit': 'Soziale Dienste', 'Sport': 'Sport', 'Stadt': 'Stadtentwicklung', 'Stadtplanung': 'Stadtentwicklung', 'Teilhabe': 'Inklusion & Teilhabe', 'Telemedizin': 'Gesundheit', 'Transparenz': 'Inklusion & Teilhabe', 'Türkei': 'Internationale Projekte', 'Umwelt': 'Klima & Umwelt', 'Umweltschutz': 'Klima & Umwelt', 'Vernetzung': 'Organisation & Professionalisierung', 'Verwaltung': 'Organisation & Professionalisierung', 'Wirkungsmessung': 'Organisation & Professionalisierung', 'Wohlfahrt': 'Soziale Dienste', 'Wohnen': 'Stadtentwicklung', 'Wohnungslosenhilfe': 'Soziale Dienste', 'Wissensmanagement': 'Organisation & Professionalisierung'};https://codefor.de/projekte/fl-open-social-map/;OK Lab Flensburg, Code for Germany;In Planung;Der digitale Sozialatlas soll eine Grundlage für verschiedene Planungsaktivitäten der Stadt Flensburg und deren Büger:innen anbieten. Ziel ist die differenzierte Beobachtung von relevanten …;;CC-BY 4.0;https://codefor.de;183.0
https://codefor.de/projekte/cologne-spielplaetze/;Spielplätze in Köln;{'Analyse von Sensordaten und ML': 'Künstliche Intelligenz', 'Bericht': 'Datenreporting', 'Crowd-Sourced Daten': 'Öffentliche Daten', 'Dashboard': 'Datenreporting', 'Datenanalyse': 'Datenanalyse', 'Datenerhebung': 'Datenerhebung', 'Datenanwendung für Öffentlichkeit': 'Datenanwendung für Öffentlichkeit', 'Datenstandards': 'Datenmanagement', 'Datensatz und Visualisierung': 'Datenreporting', 'Digitale Plattform': 'Digitale Plattformen', 'Dokumentations- und Netzwerktool': 'Unterstützungstools', 'Entscheidungsassistent': 'Virtuelle Assistenz', 'Festival und Studie': 'Datenreporting', 'Generative KI': 'Künstliche Intelligenz', 'Interaktive App': 'Webanwendungen', 'Interaktive Karte': 'Karten & Verzeichnisse', 'Interaktiver Fragebogen': 'Datenerhebung', 'Interne Datenanwendung': 'Interne Datenanwendung', 'KI Anwendung': '', 'Karte': 'Karten & Verzeichnisse', 'Knowledge Graph': 'Wissensorganisation', 'Large Language Model (LLM)': 'Sprachtechnologie', 'Matching': 'Datenanalyse', 'Monitoring': 'Wirkungsmessung', 'Offene Daten': 'Öffentliche Daten', 'Output Monitoring': 'Wirkungsmessung', 'Plattform für Wahlentscheidungen': 'Digitale Plattformen', 'Prozessautomatisierung': 'Automatisierung', 'Reporting': 'Datenreporting', 'Skalierung der Wirkungsmessung': 'Wirkungsmessung', 'Sprach-Editor': 'Sprachtechnologie', 'Umfrage': 'Datenerhebung', 'Übersetzungsassistent': 'Sprachtechnologie', 'Vernetzungsassistent': 'Virtuelle Assistenz', 'Verzeichnis / Karte': 'Karten & Verzeichnisse', 'Visualisierung mit Karten': 'Karten & Verzeichnisse', 'Zugänglichkeit Offene Daten des Statistischen Bundesamts': 'Öffentliche Daten'};{'Afrika': 'Internationale Projekte', 'Antidiskriminierung': 'Anti Dismkriminierung', 'Antirassismus': 'Anti Dismkriminierung', 'Arbeit mit Kindern': 'Jugendhilfe', 'Armut': 'Arbeit & Soziales', 'Barrierefreiheit': 'Inklusion & Teilhabe', 'Beratung': 'Soziale Dienste', 'Chancengleichheit': 'Anti Dismkriminierung', 'Demokratie': 'Demokratie & Soziale Rechte', 'Demenz': 'Gesundheit', 'Datenschutz': '', 'Energie': 'Klima & Umwelt', 'Ethik': 'Demokratie & Soziale Rechte', 'Evaluation': 'Organisation & Professionalisierung', 'Frauen': 'Anti Dismkriminierung', 'Fundraising': 'Organisation & Professionalisierung', 'Geflüchtete': 'Flucht & Migration', 'Genderneutrale Sprache': '', 'Gleichberechtigung': 'Anti Dismkriminierung', 'Gleichstellung': 'Anti Dismkriminierung', 'Gesundheit': 'Gesundheit', 'Humanitäre Hilfe': 'Internationale Projekte', 'Indien': 'Internationale Projekte', 'Inklusion': 'Inklusion & Teilhabe', 'Integration': 'Inklusion & Teilhabe', 'International': 'Internationale Projekte', 'Jugendarbeit': 'Jugendhilfe', 'Jugendbeteiligung': 'Jugendhilfe', 'Jugendhilfe': 'Jugendhilfe', 'Kamerun': 'Internationale Projekte', 'Katastrophenschutz': 'Gesundheit', 'Kältehilfe': 'Soziale Dienste', 'Kinderschutz': 'Jugendhilfe', 'Kinder- und Jugendhilfe': 'Jugendhilfe', 'KI': 'Gesundheit', 'Kongo': 'Internationale Projekte', 'Kroatien': 'Internationale Projekte', 'Landwirtschaft': 'Klima & Umwelt', 'Meeresschutz': 'Klima & Umwelt', 'Mentale Gesundheit': 'Gesundheit', 'Mentoring': 'Bildung', 'Menschen mit Behinderung': 'Inklusion & Teilhabe', 'Menschenrechte': 'Demokratie & Soziale Rechte', 'Migration': 'Flucht & Migration', 'Migrationsberatung': 'Flucht & Migration', 'Nachhaltigkeit': 'Klima & Umwelt', 'Offene Daten': '', 'Partizipation': 'Inklusion & Teilhabe', 'Patenschaft': 'Organisation & Professionalisierung', 'Pflege': 'Gesundheit', 'Pflegende Angehörige': '', 'Queere Sichtbarkeit': 'Anti Dismkriminierung', 'Rettungsdienst': 'Gesundheit', 'Senioren': 'Soziale Dienste', 'Soziale Arbeit': 'Soziale Dienste', 'Sport': 'Sport', 'Stadt': 'Stadtentwicklung', 'Stadtplanung': 'Stadtentwicklung', 'Teilhabe': 'Inklusion & Teilhabe', 'Telemedizin': 'Gesundheit', 'Transparenz': 'Inklusion & Teilhabe', 'Türkei': 'Internationale Projekte', 'Umwelt': 'Klima & Umwelt', 'Umweltschutz': 'Klima & Umwelt', 'Vernetzung': 'Organisation & Professionalisierung', 'Verwaltung': 'Organisation & Professionalisierung', 'Wirkungsmessung': 'Organisation & Professionalisierung', 'Wohlfahrt': 'Soziale Dienste', 'Wohnen': 'Stadtentwicklung', 'Wohnungslosenhilfe': 'Soziale Dienste', 'Wissensmanagement': 'Organisation & Professionalisierung'};https://codefor.de/projekte/cologne-spielplaetze/;OK Lab Köln, Code for Germany;In Planung;Eine Auflistung von Spiel- und Sportplätzen in Köln auf einer Openstreetmap. Die Liste kann nach Stadtbezirken und Stadtteilen gefiltert werden. Diese Seite wurde nur mit html und javascript …;;CC-BY 4.0;https://codefor.de;184.0
https://codefor.de/projekte/fl-open-playgrounds-map/;Spielplatzkarte der Stadt Flensburg;{'Analyse von Sensordaten und ML': 'Künstliche Intelligenz', 'Bericht': 'Datenreporting', 'Crowd-Sourced Daten': 'Öffentliche Daten', 'Dashboard': 'Datenreporting', 'Datenanalyse': 'Datenanalyse', 'Datenerhebung': 'Datenerhebung', 'Datenanwendung für Öffentlichkeit': 'Datenanwendung für Öffentlichkeit', 'Datenstandards': 'Datenmanagement', 'Datensatz und Visualisierung': 'Datenreporting', 'Digitale Plattform': 'Digitale Plattformen', 'Dokumentations- und Netzwerktool': 'Unterstützungstools', 'Entscheidungsassistent': 'Virtuelle Assistenz', 'Festival und Studie': 'Datenreporting', 'Generative KI': 'Künstliche Intelligenz', 'Interaktive App': 'Webanwendungen', 'Interaktive Karte': 'Karten & Verzeichnisse', 'Interaktiver Fragebogen': 'Datenerhebung', 'Interne Datenanwendung': 'Interne Datenanwendung', 'KI Anwendung': '', 'Karte': 'Karten & Verzeichnisse', 'Knowledge Graph': 'Wissensorganisation', 'Large Language Model (LLM)': 'Sprachtechnologie', 'Matching': 'Datenanalyse', 'Monitoring': 'Wirkungsmessung', 'Offene Daten': 'Öffentliche Daten', 'Output Monitoring': 'Wirkungsmessung', 'Plattform für Wahlentscheidungen': 'Digitale Plattformen', 'Prozessautomatisierung': 'Automatisierung', 'Reporting': 'Datenreporting', 'Skalierung der Wirkungsmessung': 'Wirkungsmessung', 'Sprach-Editor': 'Sprachtechnologie', 'Umfrage': 'Datenerhebung', 'Übersetzungsassistent': 'Sprachtechnologie', 'Vernetzungsassistent': 'Virtuelle Assistenz', 'Verzeichnis / Karte': 'Karten & Verzeichnisse', 'Visualisierung mit Karten': 'Karten & Verzeichnisse', 'Zugänglichkeit Offene Daten des Statistischen Bundesamts': 'Öffentliche Daten'};{'Afrika': 'Internationale Projekte', 'Antidiskriminierung': 'Anti Dismkriminierung', 'Antirassismus': 'Anti Dismkriminierung', 'Arbeit mit Kindern': 'Jugendhilfe', 'Armut': 'Arbeit & Soziales', 'Barrierefreiheit': 'Inklusion & Teilhabe', 'Beratung': 'Soziale Dienste', 'Chancengleichheit': 'Anti Dismkriminierung', 'Demokratie': 'Demokratie & Soziale Rechte', 'Demenz': 'Gesundheit', 'Datenschutz': '', 'Energie': 'Klima & Umwelt', 'Ethik': 'Demokratie & Soziale Rechte', 'Evaluation': 'Organisation & Professionalisierung', 'Frauen': 'Anti Dismkriminierung', 'Fundraising': 'Organisation & Professionalisierung', 'Geflüchtete': 'Flucht & Migration', 'Genderneutrale Sprache': '', 'Gleichberechtigung': 'Anti Dismkriminierung', 'Gleichstellung': 'Anti Dismkriminierung', 'Gesundheit': 'Gesundheit', 'Humanitäre Hilfe': 'Internationale Projekte', 'Indien': 'Internationale Projekte', 'Inklusion': 'Inklusion & Teilhabe', 'Integration': 'Inklusion & Teilhabe', 'International': 'Internationale Projekte', 'Jugendarbeit': 'Jugendhilfe', 'Jugendbeteiligung': 'Jugendhilfe', 'Jugendhilfe': 'Jugendhilfe', 'Kamerun': 'Internationale Projekte', 'Katastrophenschutz': 'Gesundheit', 'Kältehilfe': 'Soziale Dienste', 'Kinderschutz': 'Jugendhilfe', 'Kinder- und Jugendhilfe': 'Jugendhilfe', 'KI': 'Gesundheit', 'Kongo': 'Internationale Projekte', 'Kroatien': 'Internationale Projekte', 'Landwirtschaft': 'Klima & Umwelt', 'Meeresschutz': 'Klima & Umwelt', 'Mentale Gesundheit': 'Gesundheit', 'Mentoring': 'Bildung', 'Menschen mit Behinderung': 'Inklusion & Teilhabe', 'Menschenrechte': 'Demokratie & Soziale Rechte', 'Migration': 'Flucht & Migration', 'Migrationsberatung': 'Flucht & Migration', 'Nachhaltigkeit': 'Klima & Umwelt', 'Offene Daten': '', 'Partizipation': 'Inklusion & Teilhabe', 'Patenschaft': 'Organisation & Professionalisierung', 'Pflege': 'Gesundheit', 'Pflegende Angehörige': '', 'Queere Sichtbarkeit': 'Anti Dismkriminierung', 'Rettungsdienst': 'Gesundheit', 'Senioren': 'Soziale Dienste', 'Soziale Arbeit': 'Soziale Dienste', 'Sport': 'Sport', 'Stadt': 'Stadtentwicklung', 'Stadtplanung': 'Stadtentwicklung', 'Teilhabe': 'Inklusion & Teilhabe', 'Telemedizin': 'Gesundheit', 'Transparenz': 'Inklusion & Teilhabe', 'Türkei': 'Internationale Projekte', 'Umwelt': 'Klima & Umwelt', 'Umweltschutz': 'Klima & Umwelt', 'Vernetzung': 'Organisation & Professionalisierung', 'Verwaltung': 'Organisation & Professionalisierung', 'Wirkungsmessung': 'Organisation & Professionalisierung', 'Wohlfahrt': 'Soziale Dienste', 'Wohnen': 'Stadtentwicklung', 'Wohnungslosenhilfe': 'Soziale Dienste', 'Wissensmanagement': 'Organisation & Professionalisierung'};https://codefor.de/projekte/fl-open-playgrounds-map/;OK Lab Flensburg, Code for Germany;In Planung;Diese webbasierte Karte ist auf Basis der Daten des TBZ Flensburg entstanden. Diese Institution führt zwar selbst eine Karte der “Spielflächen”, wie sie im Amtsdeutsch bezeichnet werden, …;;CC-BY 4.0;https://codefor.de;185.0
https://codefor.de/projekte/hh-spielplatzwuesten/;Spielplatzwüsten kartieren;{'Karte': 'Karten & Verzeichnisse', 'Datenanalyse': 'Datenanalyse', 'Visualisierung mit Karten': 'Karten & Verzeichnisse'};{'Kinder': '', 'Stadtplanung': 'Stadtentwicklung', 'Jugendhilfe': 'Jugendhilfe'};https://codefor.de/projekte/hh-spielplatzwuesten/;OK Lab Hamburg, Code for Germany;Unbekannt;Wie gerecht sind eigentlich die Spielplätze in Hamburg räumlich verteilt? In dem Projekt sollen verschiedene Auswertungen durchgeführt werden, die mit Spielplätzen ggf. unterversorgte Bereiche in …;;CC-BY 4.0;https://codefor.de;186.0
https://codefor.de/projekte/fl-open-transport-map/;Stadtplan mit dem Nahverkehr in Flensburg;{};{};https://codefor.de/projekte/fl-open-transport-map/;OK Lab Flensburg, Code for Germany;In Planung;Der Nahverkehr spielt eine entscheidende Rolle in unserem täglichen Leben. Er ermöglicht es uns, zur Arbeit zu gelangen, Freunde und Familie zu besuchen und unsere Stadt zu erkunden. Ein effizienter …;;CC-BY 4.0;https://codefor.de;187.0
https://codefor.de/projekte/ms-stadtradeln-vis/;Stadtradeln Heatmap;{'Visualisierung mit Karten': 'Karten & Verzeichnisse'};{'Verkehr': 'Stadtentwicklung', 'Umwelt': 'Klima & Umwelt', 'Nachhaltigkeit': 'Klima & Umwelt'};https://codefor.de/projekte/ms-stadtradeln-vis/;Code for Münster, Code for Germany;In Betrieb;Das Projekt “Stadtradeln-Vis” zeigt eine so genannte Heatmap-Visualisierung der Fahrten, die während der der Stadtradeln-Aktion in den Jahren 2018, 2019 und 2020 in Münster gemacht worden …;ms-stadtradeln-vis;CC-BY 4.0;https://codefor.de;188.0
https://codefor.de/projekte/le-ratskarte_leipzig/;Stadtratmonitor Leipzig;{'Analyse von Sensordaten und ML': 'Künstliche Intelligenz', 'Automatisierte Datenübermittlung': 'Datenmanagement', 'Bericht': 'Datenreporting', 'Crowd-Sourced Daten': 'Öffentliche Daten', 'Dashboard': 'Datenreporting', 'Datenanalyse': 'Datenanalyse', 'Datenerhebung': 'Datenerhebung', 'Datenanwendung für Öffentlichkeit': 'Datenanwendung für Öffentlichkeit', 'Datenstandards': 'Datenmanagement', 'Datensatz und Visualisierung': 'Datenreporting', 'Digitale Plattform': 'Digitale Plattformen', 'Dokumentations- und Netzwerktool': 'Unterstützungstools', 'Entscheidungsassistent': 'Virtuelle Assistenz', 'Festival und Studie': 'Datenreporting', 'Generative KI': 'Künstliche Intelligenz', 'Interaktive App': 'Webanwendungen', 'Interaktive Karte': 'Karten & Verzeichnisse', 'Interaktiver Fragebogen': 'Datenerhebung', 'Interne Datenanwendung': 'Interne Datenanwendung', 'KI Anwendung': '', 'Karte': 'Karten & Verzeichnisse', 'Knowledge Graph': 'Wissensorganisation', 'Large Language Model (LLM)': 'Sprachtechnologie', 'Matching': 'Datenanalyse', 'Monitoring': 'Wirkungsmessung', 'Offene Daten': 'Öffentliche Daten', 'Output Monitoring': 'Wirkungsmessung', 'Plattform für Wahlentscheidungen': 'Digitale Plattformen', 'Prozessautomatisierung': 'Automatisierung', 'Reporting': 'Datenreporting', 'Skalierung der Wirkungsmessung': 'Wirkungsmessung', 'Sprach-Editor': 'Sprachtechnologie', 'Umfrage': 'Datenerhebung', 'Übersetzungsassistent': 'Sprachtechnologie', 'Vernetzungsassistent': 'Virtuelle Assistenz', 'Verzeichnis / Karte': 'Karten & Verzeichnisse', 'Visualisierung mit Karten': 'Karten & Verzeichnisse', 'Zugänglichkeit Offene Daten des Statistischen Bundesamts': 'Öffentliche Daten'};{'Afrika': 'Internationale Projekte', 'Antidiskriminierung': 'Anti Dismkriminierung', 'Antirassismus': 'Anti Dismkriminierung', 'Arbeit mit Kindern': 'Jugendhilfe', 'Armut': 'Arbeit & Soziales', 'Barrierefreiheit': 'Inklusion & Teilhabe', 'Beratung': 'Soziale Dienste', 'Chancengleichheit': 'Anti Dismkriminierung', 'Demokratie': 'Demokratie & Soziale Rechte', 'Demenz': 'Gesundheit', 'Datenschutz': '', 'Energie': 'Klima & Umwelt', 'Ethik': 'Demokratie & Soziale Rechte', 'Evaluation': 'Organisation & Professionalisierung', 'Frauen': 'Anti Dismkriminierung', 'Fundraising': 'Organisation & Professionalisierung', 'Geflüchtete': 'Flucht & Migration', 'Genderneutrale Sprache': '', 'Gleichberechtigung': 'Anti Dismkriminierung', 'Gleichstellung': 'Anti Dismkriminierung', 'Gesundheit': 'Gesundheit', 'Humanitäre Hilfe': 'Internationale Projekte', 'Indien': 'Internationale Projekte', 'Inklusion': 'Inklusion & Teilhabe', 'Integration': 'Inklusion & Teilhabe', 'International': 'Internationale Projekte', 'Jugendarbeit': 'Jugendhilfe', 'Jugendbeteiligung': 'Jugendhilfe', 'Jugendhilfe': 'Jugendhilfe', 'Kamerun': 'Internationale Projekte', 'Katastrophenschutz': 'Gesundheit', 'Kältehilfe': 'Soziale Dienste', 'Kinderschutz': 'Jugendhilfe', 'Kinder- und Jugendhilfe': 'Jugendhilfe', 'KI': 'Gesundheit', 'Kongo': 'Internationale Projekte', 'Kroatien': 'Internationale Projekte', 'Landwirtschaft': 'Klima & Umwelt', 'Meeresschutz': 'Klima & Umwelt', 'Mentale Gesundheit': 'Gesundheit', 'Mentoring': 'Bildung', 'Menschen mit Behinderung': 'Inklusion & Teilhabe', 'Menschenrechte': 'Demokratie & Soziale Rechte', 'Migration': 'Flucht & Migration', 'Migrationsberatung': 'Flucht & Migration', 'Nachhaltigkeit': 'Klima & Umwelt', 'Offene Daten': '', 'Partizipation': 'Inklusion & Teilhabe', 'Patenschaft': 'Organisation & Professionalisierung', 'Pflege': 'Gesundheit', 'Pflegende Angehörige': '', 'Queere Sichtbarkeit': 'Anti Dismkriminierung', 'Rettungsdienst': 'Gesundheit', 'Senioren': 'Soziale Dienste', 'Soziale Arbeit': 'Soziale Dienste', 'Sport': 'Sport', 'Stadt': 'Stadtentwicklung', 'Stadtplanung': 'Stadtentwicklung', 'Teilhabe': 'Inklusion & Teilhabe', 'Telemedizin': 'Gesundheit', 'Transparenz': 'Inklusion & Teilhabe', 'Türkei': 'Internationale Projekte', 'Umwelt': 'Klima & Umwelt', 'Umweltschutz': 'Klima & Umwelt', 'Vernetzung': 'Organisation & Professionalisierung', 'Verwaltung': 'Organisation & Professionalisierung', 'Wirkungsmessung': 'Organisation & Professionalisierung', 'Wohlfahrt': 'Soziale Dienste', 'Wohnen': 'Stadtentwicklung', 'Wohnungslosenhilfe': 'Soziale Dienste', 'Wissensmanagement': 'Organisation & Professionalisierung'};https://codefor.de/projekte/le-ratskarte_leipzig/;OK Lab Leipzig, Code for Germany;In Betrieb;"Durchsuche das Ratsinformationssystem der Stadt Leipzig und abboniere deine Suchergebnisse!
Durchsuche das Ratsinformationssystem der Stadt Leipzig per Volltextsuche oder über detailierte Filter. …";;CC-BY 4.0;https://codefor.de;189.0
https://codefor.de/projekte/stolpersteine-app/;Stolpersteine App;{'Analyse von Sensordaten und ML': 'Künstliche Intelligenz', 'Bericht': 'Datenreporting', 'Crowd-Sourced Daten': 'Öffentliche Daten', 'Dashboard': 'Datenreporting', 'Datenanalyse': 'Datenanalyse', 'Datenerhebung': 'Datenerhebung', 'Datenanwendung für Öffentlichkeit': 'Datenanwendung für Öffentlichkeit', 'Datenstandards': 'Datenmanagement', 'Datensatz und Visualisierung': 'Datenreporting', 'Digitale Plattform': 'Digitale Plattformen', 'Dokumentations- und Netzwerktool': 'Unterstützungstools', 'Entscheidungsassistent': 'Virtuelle Assistenz', 'Festival und Studie': 'Datenreporting', 'Generative KI': 'Künstliche Intelligenz', 'Interaktive App': 'Webanwendungen', 'Interaktive Karte': 'Karten & Verzeichnisse', 'Interaktiver Fragebogen': 'Datenerhebung', 'Interne Datenanwendung': 'Interne Datenanwendung', 'KI Anwendung': '', 'Karte': 'Karten & Verzeichnisse', 'Knowledge Graph': 'Wissensorganisation', 'Large Language Model (LLM)': 'Sprachtechnologie', 'Matching': 'Datenanalyse', 'Monitoring': 'Wirkungsmessung', 'Offene Daten': 'Öffentliche Daten', 'Output Monitoring': 'Wirkungsmessung', 'Plattform für Wahlentscheidungen': 'Digitale Plattformen', 'Prozessautomatisierung': 'Automatisierung', 'Reporting': 'Datenreporting', 'Skalierung der Wirkungsmessung': 'Wirkungsmessung', 'Sprach-Editor': 'Sprachtechnologie', 'Umfrage': 'Datenerhebung', 'Übersetzungsassistent': 'Sprachtechnologie', 'Vernetzungsassistent': 'Virtuelle Assistenz', 'Verzeichnis / Karte': 'Karten & Verzeichnisse', 'Visualisierung mit Karten': 'Karten & Verzeichnisse', 'Zugänglichkeit Offene Daten des Statistischen Bundesamts': 'Öffentliche Daten'};{'Afrika': 'Internationale Projekte', 'Antidiskriminierung': 'Anti Dismkriminierung', 'Antirassismus': 'Anti Dismkriminierung', 'Arbeit mit Kindern': 'Jugendhilfe', 'Armut': 'Arbeit & Soziales', 'Barrierefreiheit': 'Inklusion & Teilhabe', 'Beratung': 'Soziale Dienste', 'Chancengleichheit': 'Anti Dismkriminierung', 'Demokratie': 'Demokratie & Soziale Rechte', 'Demenz': 'Gesundheit', 'Datenschutz': '', 'Energie': 'Klima & Umwelt', 'Ethik': 'Demokratie & Soziale Rechte', 'Evaluation': 'Organisation & Professionalisierung', 'Frauen': 'Anti Dismkriminierung', 'Fundraising': 'Organisation & Professionalisierung', 'Geflüchtete': 'Flucht & Migration', 'Genderneutrale Sprache': '', 'Gleichberechtigung': 'Anti Dismkriminierung', 'Gleichstellung': 'Anti Dismkriminierung', 'Gesundheit': 'Gesundheit', 'Humanitäre Hilfe': 'Internationale Projekte', 'Indien': 'Internationale Projekte', 'Inklusion': 'Inklusion & Teilhabe', 'Integration': 'Inklusion & Teilhabe', 'International': 'Internationale Projekte', 'Jugendarbeit': 'Jugendhilfe', 'Jugendbeteiligung': 'Jugendhilfe', 'Jugendhilfe': 'Jugendhilfe', 'Kamerun': 'Internationale Projekte', 'Katastrophenschutz': 'Gesundheit', 'Kältehilfe': 'Soziale Dienste', 'Kinderschutz': 'Jugendhilfe', 'Kinder- und Jugendhilfe': 'Jugendhilfe', 'KI': 'Gesundheit', 'Kongo': 'Internationale Projekte', 'Kroatien': 'Internationale Projekte', 'Landwirtschaft': 'Klima & Umwelt', 'Meeresschutz': 'Klima & Umwelt', 'Mentale Gesundheit': 'Gesundheit', 'Mentoring': 'Bildung', 'Menschen mit Behinderung': 'Inklusion & Teilhabe', 'Menschenrechte': 'Demokratie & Soziale Rechte', 'Migration': 'Flucht & Migration', 'Migrationsberatung': 'Flucht & Migration', 'Nachhaltigkeit': 'Klima & Umwelt', 'Offene Daten': '', 'Partizipation': 'Inklusion & Teilhabe', 'Patenschaft': 'Organisation & Professionalisierung', 'Pflege': 'Gesundheit', 'Pflegende Angehörige': '', 'Queere Sichtbarkeit': 'Anti Dismkriminierung', 'Rettungsdienst': 'Gesundheit', 'Senioren': 'Soziale Dienste', 'Soziale Arbeit': 'Soziale Dienste', 'Sport': 'Sport', 'Stadt': 'Stadtentwicklung', 'Stadtplanung': 'Stadtentwicklung', 'Teilhabe': 'Inklusion & Teilhabe', 'Telemedizin': 'Gesundheit', 'Transparenz': 'Inklusion & Teilhabe', 'Türkei': 'Internationale Projekte', 'Umwelt': 'Klima & Umwelt', 'Umweltschutz': 'Klima & Umwelt', 'Vernetzung': 'Organisation & Professionalisierung', 'Verwaltung': 'Organisation & Professionalisierung', 'Wirkungsmessung': 'Organisation & Professionalisierung', 'Wohlfahrt': 'Soziale Dienste', 'Wohnen': 'Stadtentwicklung', 'Wohnungslosenhilfe': 'Soziale Dienste', 'Wissensmanagement': 'Organisation & Professionalisierung'};https://codefor.de/projekte/stolpersteine-app/;OK Lab Berlin, Code for Germany;Unbekannt;Stolpersteine sind kleine Gedenktafeln im Straßenpflaster zur Erinnerung an die Opfer des Nationalsozialismus. Mehr als 40.000 davon hat der Künstler Gunter Demnig mittlerweile in ganz Europa verlegt. …;;CC-BY 4.0;https://codefor.de;190.0
https://codefor.de/projekte/hn-stolpersteine/;Stolpersteine in Heilbronn;{'Analyse von Sensordaten und ML': 'Künstliche Intelligenz', 'Bericht': 'Datenreporting', 'Crowd-Sourced Daten': 'Öffentliche Daten', 'Dashboard': 'Datenreporting', 'Datenanalyse': 'Datenanalyse', 'Datenerhebung': 'Datenerhebung', 'Datenanwendung für Öffentlichkeit': 'Datenanwendung für Öffentlichkeit', 'Datenstandards': 'Datenmanagement', 'Datensatz und Visualisierung': 'Datenreporting', 'Digitale Plattform': 'Digitale Plattformen', 'Dokumentations- und Netzwerktool': 'Unterstützungstools', 'Entscheidungsassistent': 'Virtuelle Assistenz', 'Festival und Studie': 'Datenreporting', 'Generative KI': 'Künstliche Intelligenz', 'Interaktive App': 'Webanwendungen', 'Interaktive Karte': 'Karten & Verzeichnisse', 'Interaktiver Fragebogen': 'Datenerhebung', 'Interne Datenanwendung': 'Interne Datenanwendung', 'KI Anwendung': '', 'Karte': 'Karten & Verzeichnisse', 'Knowledge Graph': 'Wissensorganisation', 'Large Language Model (LLM)': 'Sprachtechnologie', 'Matching': 'Datenanalyse', 'Monitoring': 'Wirkungsmessung', 'Offene Daten': 'Öffentliche Daten', 'Output Monitoring': 'Wirkungsmessung', 'Plattform für Wahlentscheidungen': 'Digitale Plattformen', 'Prozessautomatisierung': 'Automatisierung', 'Reporting': 'Datenreporting', 'Skalierung der Wirkungsmessung': 'Wirkungsmessung', 'Sprach-Editor': 'Sprachtechnologie', 'Umfrage': 'Datenerhebung', 'Übersetzungsassistent': 'Sprachtechnologie', 'Vernetzungsassistent': 'Virtuelle Assistenz', 'Verzeichnis / Karte': 'Karten & Verzeichnisse', 'Visualisierung mit Karten': 'Karten & Verzeichnisse', 'Zugänglichkeit Offene Daten des Statistischen Bundesamts': 'Öffentliche Daten'};{'Afrika': 'Internationale Projekte', 'Antidiskriminierung': 'Anti Dismkriminierung', 'Antirassismus': 'Anti Dismkriminierung', 'Arbeit mit Kindern': 'Jugendhilfe', 'Armut': 'Arbeit & Soziales', 'Barrierefreiheit': 'Inklusion & Teilhabe', 'Beratung': 'Soziale Dienste', 'Chancengleichheit': 'Anti Dismkriminierung', 'Demokratie': 'Demokratie & Soziale Rechte', 'Demenz': 'Gesundheit', 'Datenschutz': '', 'Energie': 'Klima & Umwelt', 'Ethik': 'Demokratie & Soziale Rechte', 'Evaluation': 'Organisation & Professionalisierung', 'Frauen': 'Anti Dismkriminierung', 'Fundraising': 'Organisation & Professionalisierung', 'Geflüchtete': 'Flucht & Migration', 'Genderneutrale Sprache': '', 'Gleichberechtigung': 'Anti Dismkriminierung', 'Gleichstellung': 'Anti Dismkriminierung', 'Gesundheit': 'Gesundheit', 'Humanitäre Hilfe': 'Internationale Projekte', 'Indien': 'Internationale Projekte', 'Inklusion': 'Inklusion & Teilhabe', 'Integration': 'Inklusion & Teilhabe', 'International': 'Internationale Projekte', 'Jugendarbeit': 'Jugendhilfe', 'Jugendbeteiligung': 'Jugendhilfe', 'Jugendhilfe': 'Jugendhilfe', 'Kamerun': 'Internationale Projekte', 'Katastrophenschutz': 'Gesundheit', 'Kältehilfe': 'Soziale Dienste', 'Kinderschutz': 'Jugendhilfe', 'Kinder- und Jugendhilfe': 'Jugendhilfe', 'KI': 'Gesundheit', 'Kongo': 'Internationale Projekte', 'Kroatien': 'Internationale Projekte', 'Landwirtschaft': 'Klima & Umwelt', 'Meeresschutz': 'Klima & Umwelt', 'Mentale Gesundheit': 'Gesundheit', 'Mentoring': 'Bildung', 'Menschen mit Behinderung': 'Inklusion & Teilhabe', 'Menschenrechte': 'Demokratie & Soziale Rechte', 'Migration': 'Flucht & Migration', 'Migrationsberatung': 'Flucht & Migration', 'Nachhaltigkeit': 'Klima & Umwelt', 'Offene Daten': '', 'Partizipation': 'Inklusion & Teilhabe', 'Patenschaft': 'Organisation & Professionalisierung', 'Pflege': 'Gesundheit', 'Pflegende Angehörige': '', 'Queere Sichtbarkeit': 'Anti Dismkriminierung', 'Rettungsdienst': 'Gesundheit', 'Senioren': 'Soziale Dienste', 'Soziale Arbeit': 'Soziale Dienste', 'Sport': 'Sport', 'Stadt': 'Stadtentwicklung', 'Stadtplanung': 'Stadtentwicklung', 'Teilhabe': 'Inklusion & Teilhabe', 'Telemedizin': 'Gesundheit', 'Transparenz': 'Inklusion & Teilhabe', 'Türkei': 'Internationale Projekte', 'Umwelt': 'Klima & Umwelt', 'Umweltschutz': 'Klima & Umwelt', 'Vernetzung': 'Organisation & Professionalisierung', 'Verwaltung': 'Organisation & Professionalisierung', 'Wirkungsmessung': 'Organisation & Professionalisierung', 'Wohlfahrt': 'Soziale Dienste', 'Wohnen': 'Stadtentwicklung', 'Wohnungslosenhilfe': 'Soziale Dienste', 'Wissensmanagement': 'Organisation & Professionalisierung'};https://codefor.de/projekte/hn-stolpersteine/;Code for Heilbronn, Code for Germany;In Betrieb;"In den letzten Monaten ist im Rahmen des OKLabs und in Zusammenarbeit mit dem Stadtarchiv in Heilbronn eine Website für die Stolperstein-Aktion in Heilbronn entstanden.
Stolpersteine sind Denkmäler …";;CC-BY 4.0;https://codefor.de;191.0
https://codefor.de/projekte/fl-open-trees-map/;Straßenbäume der Stadt Flensburg;{};{};https://codefor.de/projekte/fl-open-trees-map/;OK Lab Flensburg, Code for Germany;In Planung;Im ersten Schritt haben wir einen vorhandenen Datensatz der Straßenbäume der Stadt Flensburg genutzt, um eine einfache Darstellung auf der Karte als transparente Anlaufstelle für Interessierte zu …;;CC-BY 4.0;https://codefor.de;192.0
https://codefor.de/projekte/md-strassennamen/;Straßennamen Magdeburg;{'Web-App': 'Webanwendungen'};{'Magdeburg': ''};https://codefor.de/projekte/md-strassennamen/;OK Lab Magdeburg, Code for Germany;In Betrieb;Stellt die nach Personen benannten Magdeburger Straßen aufgeschlüsselt nach deren jeweiligem Geschlecht dar.;;CC-BY 4.0;https://codefor.de;193.0
https://codefor.de/projekte/be-street-trees-api/;Street Trees API;{'API': 'Datenmanagement', 'Datenanalyse': 'Datenanalyse', 'Geoinformation': ''};{'Umwelt': 'Klima & Umwelt', 'Stadtplanung': 'Stadtentwicklung'};https://codefor.de/projekte/be-street-trees-api/;OK Lab Berlin, Code for Germany;In Planung;"The street trees project aims at providing an API for street tree data. We build a RESTful API on top of geospatially referenced tree data.
The API acts as the foundation for various client …";;CC-BY 4.0;https://codefor.de;194.0
https://codefor.de/projekte/wpt-talso/;Tal, so?;{'Suchmaschine': ''};{'Wuppertal': ''};https://codefor.de/projekte/wpt-talso/;OK Lab Wuppertal, Code for Germany;In Betrieb;Suchmaschine, von und für Wuppertal!;;CC-BY 4.0;https://codefor.de;195.0
https://codefor.de/projekte/wpt-talomat/;Talomat;{'Wahl-O-Mat': '', 'Wahl-O-Mat nach dem Vorbild des von der Bundes- und Landeszentrale für politische Bildung eingesetzten Wahl-o-Maten': ''};{'Kommunalwahlen': '', 'Wahl des Oberbürgermeisters': ''};https://codefor.de/projekte/wpt-talomat/;OK Lab Wuppertal, Code for Germany;In Planung;"Der Talomat ist ein Wuppertaler Wahl-O-Mat nach dem Vorbild des von der Bundes- und Landeszentrale für politische Bildung eingesetzten Wahl-o-Maten.
Er wurde für die Kommunalwahlen 2014 eingesetzt. …";;CC-BY 4.0;https://codefor.de;196.0
https://codefor.de/projekte/wpt-talradparken/;Talradparken;{'Digitale Plattform': 'Digitale Plattformen', 'Datenerhebung': 'Datenerhebung', 'Datenanwendung für Öffentlichkeit': 'Datenanwendung für Öffentlichkeit'};{'Deutschland': '', 'Wuppertal': '', 'Fahrrad': '', 'Verkehr': 'Stadtentwicklung', 'Stadtplanung': 'Stadtentwicklung'};https://codefor.de/projekte/wpt-talradparken/;OK Lab Wuppertal, Code for Germany;In Betrieb;Talradparken zeigt, wo man sicher sein Fahrrad in Wuppertal anschließen kann.;;CC-BY 4.0;https://codefor.de;197.0
https://codefor.de/projekte/hh-thingsonbikelanes/;Things On Bikelanes;{};{};https://codefor.de/projekte/hh-thingsonbikelanes/;OK Lab Hamburg, Code for Germany;Unbekannt;Hamburg ist nicht gerade die fahrradfreundlichste Stadt Deutschlands. Das monothematische Blog Things On Bikelanes sammelt Beispiele für Behinderungen auf Hamburgs Radwegen. CodeforHH hat aus den …;;CC-BY 4.0;https://codefor.de;198.0
https://codefor.de/projekte/ffm-toiletsforthedisabled/;Toilets for the Disabled;{'Analyse von Sensordaten und ML': 'Künstliche Intelligenz', 'Bericht': 'Datenreporting', 'Crowd-Sourced Daten': 'Öffentliche Daten', 'Dashboard': 'Datenreporting', 'Datenanalyse': 'Datenanalyse', 'Datenerhebung': 'Datenerhebung', 'Datenanwendung für Öffentlichkeit': 'Datenanwendung für Öffentlichkeit', 'Datenstandards': 'Datenmanagement', 'Datensatz und Visualisierung': 'Datenreporting', 'Digitale Plattform': 'Digitale Plattformen', 'Dokumentations- und Netzwerktool': 'Unterstützungstools', 'Entscheidungsassistent': 'Virtuelle Assistenz', 'Festival und Studie': 'Datenreporting', 'Generative KI': 'Künstliche Intelligenz', 'Interaktive App': 'Webanwendungen', 'Interaktive Karte': 'Karten & Verzeichnisse', 'Interaktiver Fragebogen': 'Datenerhebung', 'Interne Datenanwendung': 'Interne Datenanwendung', 'KI Anwendung': '', 'Karte': 'Karten & Verzeichnisse', 'Knowledge Graph': 'Wissensorganisation', 'Large Language Model (LLM)': 'Sprachtechnologie', 'Matching': 'Datenanalyse', 'Monitoring': 'Wirkungsmessung', 'Offene Daten': 'Öffentliche Daten', 'Output Monitoring': 'Wirkungsmessung', 'Plattform für Wahlentscheidungen': 'Digitale Plattformen', 'Prozessautomatisierung': 'Automatisierung', 'Reporting': 'Datenreporting', 'Skalierung der Wirkungsmessung': 'Wirkungsmessung', 'Sprach-Editor': 'Sprachtechnologie', 'Umfrage': 'Datenerhebung', 'Übersetzungsassistent': 'Sprachtechnologie', 'Vernetzungsassistent': 'Virtuelle Assistenz', 'Verzeichnis / Karte': 'Karten & Verzeichnisse', 'Visualisierung mit Karten': 'Karten & Verzeichnisse', 'Zugänglichkeit Offene Daten des Statistischen Bundesamts': 'Öffentliche Daten'};{'Afrika': 'Internationale Projekte', 'Antidiskriminierung': 'Anti Dismkriminierung', 'Antirassismus': 'Anti Dismkriminierung', 'Arbeit mit Kindern': 'Jugendhilfe', 'Armut': 'Arbeit & Soziales', 'Barrierefreiheit': 'Inklusion & Teilhabe', 'Beratung': 'Soziale Dienste', 'Chancengleichheit': 'Anti Dismkriminierung', 'Demokratie': 'Demokratie & Soziale Rechte', 'Demenz': 'Gesundheit', 'Datenschutz': '', 'Energie': 'Klima & Umwelt', 'Ethik': 'Demokratie & Soziale Rechte', 'Evaluation': 'Organisation & Professionalisierung', 'Frauen': 'Anti Dismkriminierung', 'Fundraising': 'Organisation & Professionalisierung', 'Geflüchtete': 'Flucht & Migration', 'Genderneutrale Sprache': '', 'Gleichberechtigung': 'Anti Dismkriminierung', 'Gleichstellung': 'Anti Dismkriminierung', 'Gesundheit': 'Gesundheit', 'Humanitäre Hilfe': 'Internationale Projekte', 'Indien': 'Internationale Projekte', 'Inklusion': 'Inklusion & Teilhabe', 'Integration': 'Inklusion & Teilhabe', 'International': 'Internationale Projekte', 'Jugendarbeit': 'Jugendhilfe', 'Jugendbeteiligung': 'Jugendhilfe', 'Jugendhilfe': 'Jugendhilfe', 'Kamerun': 'Internationale Projekte', 'Katastrophenschutz': 'Gesundheit', 'Kältehilfe': 'Soziale Dienste', 'Kinderschutz': 'Jugendhilfe', 'Kinder- und Jugendhilfe': 'Jugendhilfe', 'KI': 'Gesundheit', 'Kongo': 'Internationale Projekte', 'Kroatien': 'Internationale Projekte', 'Landwirtschaft': 'Klima & Umwelt', 'Meeresschutz': 'Klima & Umwelt', 'Mentale Gesundheit': 'Gesundheit', 'Mentoring': 'Bildung', 'Menschen mit Behinderung': 'Inklusion & Teilhabe', 'Menschenrechte': 'Demokratie & Soziale Rechte', 'Migration': 'Flucht & Migration', 'Migrationsberatung': 'Flucht & Migration', 'Nachhaltigkeit': 'Klima & Umwelt', 'Offene Daten': '', 'Partizipation': 'Inklusion & Teilhabe', 'Patenschaft': 'Organisation & Professionalisierung', 'Pflege': 'Gesundheit', 'Pflegende Angehörige': '', 'Queere Sichtbarkeit': 'Anti Dismkriminierung', 'Rettungsdienst': 'Gesundheit', 'Senioren': 'Soziale Dienste', 'Soziale Arbeit': 'Soziale Dienste', 'Sport': 'Sport', 'Stadt': 'Stadtentwicklung', 'Stadtplanung': 'Stadtentwicklung', 'Teilhabe': 'Inklusion & Teilhabe', 'Telemedizin': 'Gesundheit', 'Transparenz': 'Inklusion & Teilhabe', 'Türkei': 'Internationale Projekte', 'Umwelt': 'Klima & Umwelt', 'Umweltschutz': 'Klima & Umwelt', 'Vernetzung': 'Organisation & Professionalisierung', 'Verwaltung': 'Organisation & Professionalisierung', 'Wirkungsmessung': 'Organisation & Professionalisierung', 'Wohlfahrt': 'Soziale Dienste', 'Wohnen': 'Stadtentwicklung', 'Wohnungslosenhilfe': 'Soziale Dienste', 'Wissensmanagement': 'Organisation & Professionalisierung'};https://codefor.de/projekte/ffm-toiletsforthedisabled/;OK Lab Frankfurt, Code for Germany;In Planung;Toilets for the Disabled zeigt ca. 1800 behindertengerechte Toiletten auf der Karte von Frankfurt. Die einzelnen Punkte sind mit sehr ausführlichen Informationen versehen. Etwa der Türbreite und der …;;CC-BY 4.0;https://codefor.de;199.0
https://codefor.de/projekte/be-trinkwasser/;Trinkwasser Berlin;{'Analyse von Sensordaten und ML': 'Künstliche Intelligenz', 'Datenanalyse': 'Datenanalyse', 'Datenerhebung': 'Datenerhebung', 'Datenanwendung für Öffentlichkeit': 'Datenanwendung für Öffentlichkeit', 'Datenstandards': 'Datenmanagement', 'Datensatz und Visualisierung': 'Datenreporting', 'KI Anwendung': ''};{'Berlin': '', 'Trinkwasser': '', 'Umwelt': 'Klima & Umwelt', 'Umweltschutz': 'Klima & Umwelt'};https://codefor.de/projekte/be-trinkwasser/;OK Lab Berlin, Code for Germany;Unbekannt;Trinkwasser gilt als das am besten kontrollierte Lebensmittel in Deutschland. Und trotzdem wissen wir sehr wenig über das Wasser, das bei uns aus dem Hahn kommt. Selbst wenn die Zahlen auf den …;Trinkwasser Berlin;CC-BY 4.0;https://codefor.de;200.0
https://codefor.de/projekte/trinkwasser/;Trinkwasser in Köln;{'Analyse von Sensordaten und ML': 'Künstliche Intelligenz', 'Automatisierte Datenübermittlung': 'Datenmanagement', 'Bericht': 'Datenreporting', 'Crowd-Sourced Daten': 'Öffentliche Daten', 'Dashboard': 'Datenreporting', 'Datenanalyse': 'Datenanalyse', 'Datenerhebung': 'Datenerhebung', 'Datenanwendung für Öffentlichkeit': 'Datenanwendung für Öffentlichkeit', 'Datenstandards': 'Datenmanagement', 'Datensatz und Visualisierung': 'Datenreporting', 'Digitale Plattform': 'Digitale Plattformen', 'Dokumentations- und Netzwerktool': 'Unterstützungstools', 'Entscheidungsassistent': 'Virtuelle Assistenz', 'Festival und Studie': 'Datenreporting', 'Generative KI': 'Künstliche Intelligenz', 'Interaktive App': 'Webanwendungen', 'Interaktive Karte': 'Karten & Verzeichnisse', 'Interaktiver Fragebogen': 'Datenerhebung', 'Interne Datenanwendung': 'Interne Datenanwendung', 'KI Anwendung': '', 'Karte': 'Karten & Verzeichnisse', 'Knowledge Graph': 'Wissensorganisation', 'Large Language Model (LLM)': 'Sprachtechnologie', 'Matching': 'Datenanalyse', 'Monitoring': 'Wirkungsmessung', 'Offene Daten': 'Öffentliche Daten', 'Output Monitoring': 'Wirkungsmessung', 'Plattform für Wahlentscheidungen': 'Digitale Plattformen', 'Prozessautomatisierung': 'Automatisierung', 'Reporting': 'Datenreporting', 'Skalierung der Wirkungsmessung': 'Wirkungsmessung', 'Sprach-Editor': 'Sprachtechnologie', 'Umfrage': 'Datenerhebung', 'Übersetzungsassistent': 'Sprachtechnologie', 'Vernetzungsassistent': 'Virtuelle Assistenz', 'Verzeichnis / Karte': 'Karten & Verzeichnisse', 'Visualisierung mit Karten': 'Karten & Verzeichnisse', 'Zugänglichkeit Offene Daten des Statistischen Bundesamts': 'Öffentliche Daten'};{'Afrika': 'Internationale Projekte', 'Antidiskriminierung': 'Anti Dismkriminierung', 'Antirassismus': 'Anti Dismkriminierung', 'Arbeit mit Kindern': 'Jugendhilfe', 'Armut': 'Arbeit & Soziales', 'Barrierefreiheit': 'Inklusion & Teilhabe', 'Beratung': 'Soziale Dienste', 'Chancengleichheit': 'Anti Dismkriminierung', 'Demokratie': 'Demokratie & Soziale Rechte', 'Demenz': 'Gesundheit', 'Datenschutz': '', 'Energie': 'Klima & Umwelt', 'Ethik': 'Demokratie & Soziale Rechte', 'Evaluation': 'Organisation & Professionalisierung', 'Frauen': 'Anti Dismkriminierung', 'Fundraising': 'Organisation & Professionalisierung', 'Geflüchtete': 'Flucht & Migration', 'Genderneutrale Sprache': '', 'Gleichberechtigung': 'Anti Dismkriminierung', 'Gleichstellung': 'Anti Dismkriminierung', 'Gesundheit': 'Gesundheit', 'Humanitäre Hilfe': 'Internationale Projekte', 'Indien': 'Internationale Projekte', 'Inklusion': 'Inklusion & Teilhabe', 'Integration': 'Inklusion & Teilhabe', 'International': 'Internationale Projekte', 'Jugendarbeit': 'Jugendhilfe', 'Jugendbeteiligung': 'Jugendhilfe', 'Jugendhilfe': 'Jugendhilfe', 'Kamerun': 'Internationale Projekte', 'Katastrophenschutz': 'Gesundheit', 'Kältehilfe': 'Soziale Dienste', 'Kinderschutz': 'Jugendhilfe', 'Kinder- und Jugendhilfe': 'Jugendhilfe', 'KI': 'Gesundheit', 'Kongo': 'Internationale Projekte', 'Kroatien': 'Internationale Projekte', 'Landwirtschaft': 'Klima & Umwelt', 'Meeresschutz': 'Klima & Umwelt', 'Mentale Gesundheit': 'Gesundheit', 'Mentoring': 'Bildung', 'Menschen mit Behinderung': 'Inklusion & Teilhabe', 'Menschenrechte': 'Demokratie & Soziale Rechte', 'Migration': 'Flucht & Migration', 'Migrationsberatung': 'Flucht & Migration', 'Nachhaltigkeit': 'Klima & Umwelt', 'Offene Daten': '', 'Partizipation': 'Inklusion & Teilhabe', 'Patenschaft': 'Organisation & Professionalisierung', 'Pflege': 'Gesundheit', 'Pflegende Angehörige': '', 'Queere Sichtbarkeit': 'Anti Dismkriminierung', 'Rettungsdienst': 'Gesundheit', 'Senioren': 'Soziale Dienste', 'Soziale Arbeit': 'Soziale Dienste', 'Sport': 'Sport', 'Stadt': 'Stadtentwicklung', 'Stadtplanung': 'Stadtentwicklung', 'Teilhabe': 'Inklusion & Teilhabe', 'Telemedizin': 'Gesundheit', 'Transparenz': 'Inklusion & Teilhabe', 'Türkei': 'Internationale Projekte', 'Umwelt': 'Klima & Umwelt', 'Umweltschutz': 'Klima & Umwelt', 'Vernetzung': 'Organisation & Professionalisierung', 'Verwaltung': 'Organisation & Professionalisierung', 'Wirkungsmessung': 'Organisation & Professionalisierung', 'Wohlfahrt': 'Soziale Dienste', 'Wohnen': 'Stadtentwicklung', 'Wohnungslosenhilfe': 'Soziale Dienste', 'Wissensmanagement': 'Organisation & Professionalisierung'};https://codefor.de/projekte/trinkwasser/;OK Lab Köln, Code for Germany;Unbekannt;Trinkwasser, wir alle nutzen es täglich. Es liegt daher nahe, sich über das Trinkwasser Gedanken zu machen und sich zu fragen: “Woraus setzt sich mein Trinkwasser zusammen und wie schneidet es …;;CC-BY 4.0;https://codefor.de;201.0
https://codefor.de/projekte/twitterdashboard/;Twitter Dashboard;{'Analyse von Sensordaten und ML': 'Künstliche Intelligenz', 'Dashboard': 'Datenreporting', 'Datenanalyse': 'Datenanalyse', 'Datenerhebung': 'Datenerhebung', 'Datenanwendung für Öffentlichkeit': 'Datenanwendung für Öffentlichkeit', 'Datenstandards': 'Datenmanagement', 'Datensatz und Visualisierung': 'Datenreporting', 'Digitale Plattform': 'Digitale Plattformen', 'Dokumentations- und Netzwerktool': 'Unterstützungstools', 'Entscheidungsassistent': 'Virtuelle Assistenz', 'Interaktive App': 'Webanwendungen', 'Interaktive Karte': 'Karten & Verzeichnisse', 'Interaktiver Fragebogen': 'Datenerhebung', 'KI Anwendung': '', 'Karte': 'Karten & Verzeichnisse', 'Knowledge Graph': 'Wissensorganisation', 'Large Language Model (LLM)': 'Sprachtechnologie', 'Monitoring': 'Wirkungsmessung', 'Plattform für Wahlentscheidungen': 'Digitale Plattformen', 'Prozessautomatisierung': 'Automatisierung', 'Reporting': 'Datenreporting', 'Skalierung der Wirkungsmessung': 'Wirkungsmessung', 'Visualisierung mit Karten': 'Karten & Verzeichnisse'};{'Bundestagswahl': '', 'Wahlentscheidungen': '', 'Politik': '', 'Wahlkampf': ''};https://codefor.de/projekte/twitterdashboard/;OK Lab Bonn-Rhein-Sieg, Code for Germany;In Planung;Ein Dashboard mit analogen Zeigern signalisiert die Frequenz von Tweets, die über die einzelnen Parteien abgesetzt werden.;;CC-BY 4.0;https://codefor.de;202.0
https://codefor.de/projekte/umweltzone/;Umweltzone Android app;{'Android App': '', 'Datenanwendung für Öffentlichkeit': 'Datenanwendung für Öffentlichkeit'};{'Umweltschutz': 'Klima & Umwelt', 'Verkehr': 'Stadtentwicklung', 'Stadtplanung': 'Stadtentwicklung'};https://codefor.de/projekte/umweltzone/;OK Lab Berlin, Code for Germany;Unbekannt;The Umweltzone app enables citizens to look up the areas of cities which are restricted for being used by cars limited by their specific emission profile. The app shows the outline of the low emission …;;CC-BY 4.0;https://codefor.de;203.0
https://codefor.de/projekte/fl-open-accident-map/;Unfallkarte der Stadt Flensburg;{'Interaktive Karte': 'Karten & Verzeichnisse', 'Datenanalyse': 'Datenanalyse', 'Datenerhebung': 'Datenerhebung', 'Open Data': 'Öffentliche Daten'};{'Verkehr': 'Stadtentwicklung', 'Unfallprävention': '', 'Kommune': '', 'Verwaltung': 'Organisation & Professionalisierung'};https://codefor.de/projekte/fl-open-accident-map/;OK Lab Flensburg, Code for Germany;In Planung;Während einer kleinen Brainstorming Session ist diese interaktive webbasierte Karte mit den Daten des Bundesamtes für Kartographie und Geodäsie entstanden. Nach einigen Stunden der maschinellen …;;CC-BY 4.0;https://codefor.de;204.0
https://codefor.de/projekte/vbb-api/;VBB-API-Schnittstelle;{};{};https://codefor.de/projekte/vbb-api/;OK Lab Berlin, Code for Germany;In Planung;Im Rahmen dieses Projekts sind eine entwicklerfreundliche HTTP-API für Echtzeitdaten und mehrere Module für statische Daten entstanden. Außerdem habe ich einen Telegram-Bot geschrieben und möchte eine …;;CC-BY 4.0;https://codefor.de;205.0
https://codefor.de/projekte/cologne-veranstaltungen/;Veranstaltungen in Köln;{};{};https://codefor.de/projekte/cologne-veranstaltungen/;OK Lab Köln, Code for Germany;In Planung;Mithilfe dieser doppelten Visualisierung auf Karte und Kalender kann man Veranstaltungen der Stadt Köln sowohl nach dem Kriterium Ort wie auch Datum suchen. Zu jeder Veranstaltung werden Infos und …;;CC-BY 4.0;https://codefor.de;206.0
https://codefor.de/projekte/cologne-verkehr/;Verkehrsmeldungen Köln;{'Analyse von Sensordaten und ML': 'Künstliche Intelligenz', 'Automatisierte Datenübermittlung': 'Datenmanagement', 'Bericht': 'Datenreporting', 'Crowd-Sourced Daten': 'Öffentliche Daten', 'Dashboard': 'Datenreporting', 'Datenanalyse': 'Datenanalyse', 'Datenerhebung': 'Datenerhebung', 'Datenanwendung für Öffentlichkeit': 'Datenanwendung für Öffentlichkeit', 'Datenstandards': 'Datenmanagement', 'Datensatz und Visualisierung': 'Datenreporting', 'Digitale Plattform': 'Digitale Plattformen', 'Dokumentations- und Netzwerktool': 'Unterstützungstools', 'Entscheidungsassistent': 'Virtuelle Assistenz', 'Festival und Studie': 'Datenreporting', 'Generative KI': 'Künstliche Intelligenz', 'Interaktive App': 'Webanwendungen', 'Interaktiver Fragebogen': 'Datenerhebung', 'Interne Datenanwendung': 'Interne Datenanwendung', 'KI Anwendung': '', 'Karte': 'Karten & Verzeichnisse', 'Knowledge Graph': 'Wissensorganisation', 'Large Language Model (LLM)': 'Sprachtechnologie', 'Matching': 'Datenanalyse', 'Monitoring': 'Wirkungsmessung', 'Offene Daten': 'Öffentliche Daten', 'Output Monitoring': 'Wirkungsmessung', 'Plattform für Wahlentscheidungen': 'Digitale Plattformen', 'Prozessautomatisierung': 'Automatisierung', 'Reporting': 'Datenreporting', 'Skalierung der Wirkungsmessung': 'Wirkungsmessung', 'Sprach-Editor': 'Sprachtechnologie', 'Umfrage': 'Datenerhebung', 'Übersetzungsassistent': 'Sprachtechnologie', 'Vernetzungsassistent': 'Virtuelle Assistenz', 'Verzeichnis / Karte': 'Karten & Verzeichnisse', 'Visualisierung mit Karten': 'Karten & Verzeichnisse', 'Zugänglichkeit Offene Daten des Statistischen Bundesamts': 'Öffentliche Daten'};{'Afrika': 'Internationale Projekte', 'Antidiskriminierung': 'Anti Dismkriminierung', 'Antirassismus': 'Anti Dismkriminierung', 'Arbeit mit Kindern': 'Jugendhilfe', 'Armut': 'Arbeit & Soziales', 'Barrierefreiheit': 'Inklusion & Teilhabe', 'Beratung': 'Soziale Dienste', 'Chancengleichheit': 'Anti Dismkriminierung', 'Demokratie': 'Demokratie & Soziale Rechte', 'Demenz': 'Gesundheit', 'Datenschutz': '', 'Energie': 'Klima & Umwelt', 'Ethik': 'Demokratie & Soziale Rechte', 'Evaluation': 'Organisation & Professionalisierung', 'Frauen': 'Anti Dismkriminierung', 'Fundraising': 'Organisation & Professionalisierung', 'Geflüchtete': 'Flucht & Migration', 'Genderneutrale Sprache': '', 'Gleichberechtigung': 'Anti Dismkriminierung', 'Gleichstellung': 'Anti Dismkriminierung', 'Gesundheit': 'Gesundheit', 'Humanitäre Hilfe': 'Internationale Projekte', 'Indien': 'Internationale Projekte', 'Inklusion': 'Inklusion & Teilhabe', 'Integration': 'Inklusion & Teilhabe', 'International': 'Internationale Projekte', 'Jugendarbeit': 'Jugendhilfe', 'Jugendbeteiligung': 'Jugendhilfe', 'Jugendhilfe': 'Jugendhilfe', 'Kamerun': 'Internationale Projekte', 'Katastrophenschutz': 'Gesundheit', 'Kältehilfe': 'Soziale Dienste', 'Kinderschutz': 'Jugendhilfe', 'Kinder- und Jugendhilfe': 'Jugendhilfe', 'KI': 'Gesundheit', 'Kongo': 'Internationale Projekte', 'Kroatien': 'Internationale Projekte', 'Landwirtschaft': 'Klima & Umwelt', 'Meeresschutz': 'Klima & Umwelt', 'Mentale Gesundheit': 'Gesundheit', 'Mentoring': 'Bildung', 'Menschen mit Behinderung': 'Inklusion & Teilhabe', 'Menschenrechte': 'Demokratie & Soziale Rechte', 'Migration': 'Flucht & Migration', 'Migrationsberatung': 'Flucht & Migration', 'Nachhaltigkeit': 'Klima & Umwelt', 'Offene Daten': '', 'Partizipation': 'Inklusion & Teilhabe', 'Patenschaft': 'Organisation & Professionalisierung', 'Pflege': 'Gesundheit', 'Pflegende Angehörige': '', 'Queere Sichtbarkeit': 'Anti Dismkriminierung', 'Rettungsdienst': 'Gesundheit', 'Senioren': 'Soziale Dienste', 'Soziale Arbeit': 'Soziale Dienste', 'Sport': 'Sport', 'Stadt': 'Stadtentwicklung', 'Stadtplanung': 'Stadtentwicklung', 'Teilhabe': 'Inklusion & Teilhabe', 'Telemedizin': 'Gesundheit', 'Transparenz': 'Inklusion & Teilhabe', 'Türkei': 'Internationale Projekte', 'Umwelt': 'Klima & Umwelt', 'Umweltschutz': 'Klima & Umwelt', 'Vernetzung': 'Organisation & Professionalisierung', 'Verwaltung': 'Organisation & Professionalisierung', 'Wirkungsmessung': 'Organisation & Professionalisierung', 'Wohlfahrt': 'Soziale Dienste', 'Wohnen': 'Stadtentwicklung', 'Wohnungslosenhilfe': 'Soziale Dienste', 'Wissensmanagement': 'Organisation & Professionalisierung'};https://codefor.de/projekte/cologne-verkehr/;OK Lab Köln, Code for Germany;In Planung;Wer in Köln wissen will, wann in der Umgebung seines Auto-Parkplatzes eine verkehsbezogene Meldung ist - um z.B. zu verhindern, dass das Auto abgeschlept wird - hat in der App die Möglichkeit seine …;;CC-BY 4.0;https://codefor.de;207.0
https://codefor.de/projekte/cologne-verteilte-daten-vernetzen/;Verteilte Daten vernetzen mit JSON-LD;{};{};https://codefor.de/projekte/cologne-verteilte-daten-vernetzen/;OK Lab Köln, Code for Germany;In Betrieb;Die Idee zu diesem Prototyp ist es, Daten dezentral auf Servern zu speichern und diese via JSON-LD zu vernetzen. WebCrawler können die Daten dann indexieren und für spezielle Anwendungen aufbereiten. …;;CC-BY 4.0;https://codefor.de;208.0
https://codefor.de/projekte/jena-virtuellesjena/;Virtuelles Jena;{};{};https://codefor.de/projekte/jena-virtuellesjena/;OK Lab Jena, Code for Germany;Unbekannt;Stellenweise ist Jena in der Open-Street-Map noch unentdecktes Land. Vor allem Gebäudeumrisse und Hausnummern, aber auch viele gastronomische, touristische Point-of-Interests fehlen um ein brauchbares …;;CC-BY 4.0;https://codefor.de;209.0
https://codefor.de/projekte/bn-stolpersteine/;Visualisierung der Bonner Stolpersteine;{'Visualisierung': 'Datenreporting'};{'Bonn': ''};https://codefor.de/projekte/bn-stolpersteine/;OK Lab Bonn-Rhein-Sieg, Code for Germany;In Betrieb;Die bekannten Stolpersteine jetzt auch für Bonn.;;CC-BY 4.0;https://codefor.de;210.0
https://codefor.de/projekte/le-lvz_polizeiticker_visualisierung/;Visualisierung der Polizeiticker Meldungen der Leipziger Volkszeitung;{};{};https://codefor.de/projekte/le-lvz_polizeiticker_visualisierung/;OK Lab Leipzig, Code for Germany;In Betrieb;"Eine Weboberfläche zur Visualisierung von Tickermeldungen aus der Leipziger Volkszeitung samt Crawler, Named Entity Recognition, Elastic Search und LeafletJS.
Umsetzung die Server-seitige Anwendung …";;CC-BY 4.0;https://codefor.de;211.0
https://codefor.de/projekte/be-drl-volunteer-planner/;Volunteer-Planner;{'Schichtplanungsplattform': ''};{'Geflüchteteunterkünfte': ''};https://codefor.de/projekte/be-drl-volunteer-planner/;OK Lab Berlin, Code for Germany;In Planung;Der Volunteer-Planner ist eine Schichtplanungsplattform von Ehrenamtlichen fuer Ehrenamtliche. Mit ihm koennen organisationsuebergreifend bisher ungebundene Ehrenamtliche sich einfach und kurzfristig …;;CC-BY 4.0;https://codefor.de;212.0
https://codefor.de/projekte/vornamen/;Vornamen App;{'Analyse von Sensordaten und ML': 'Künstliche Intelligenz', 'Bericht': 'Datenreporting', 'Crowd-Sourced Daten': 'Öffentliche Daten', 'Dashboard': 'Datenreporting', 'Datenanalyse': 'Datenanalyse', 'Datenerhebung': 'Datenerhebung', 'Datenanwendung für Öffentlichkeit': 'Datenanwendung für Öffentlichkeit', 'Datenstandards': 'Datenmanagement', 'Datensatz und Visualisierung': 'Datenreporting', 'Digitale Plattform': 'Digitale Plattformen', 'Dokumentations- und Netzwerktool': 'Unterstützungstools', 'Entscheidungsassistent': 'Virtuelle Assistenz', 'Festival und Studie': 'Datenreporting', 'Generative KI': 'Künstliche Intelligenz', 'Interaktive App': 'Webanwendungen', 'Interaktiver Fragebogen': 'Datenerhebung', 'Interne Datenanwendung': 'Interne Datenanwendung', 'KI Anwendung': '', 'Karte': 'Karten & Verzeichnisse', 'Knowledge Graph': 'Wissensorganisation', 'Large Language Model (LLM)': 'Sprachtechnologie', 'Matching': 'Datenanalyse', 'Monitoring': 'Wirkungsmessung', 'Offene Daten': 'Öffentliche Daten', 'Output Monitoring': 'Wirkungsmessung', 'Plattform für Wahlentscheidungen': 'Digitale Plattformen', 'Prozessautomatisierung': 'Automatisierung', 'Reporting': 'Datenreporting', 'Skalierung der Wirkungsmessung': 'Wirkungsmessung', 'Sprach-Editor': 'Sprachtechnologie', 'Umfrage': 'Datenerhebung', 'Übersetzungsassistent': 'Sprachtechnologie', 'Vernetzungsassistent': 'Virtuelle Assistenz', 'Verzeichnis / Karte': 'Karten & Verzeichnisse', 'Visualisierung mit Karten': 'Karten & Verzeichnisse', 'Zugänglichkeit Offene Daten des Statistischen Bundesamts': 'Öffentliche Daten'};{'Afrika': 'Internationale Projekte', 'Antidiskriminierung': 'Anti Dismkriminierung', 'Antirassismus': 'Anti Dismkriminierung', 'Arbeit mit Kindern': 'Jugendhilfe', 'Armut': 'Arbeit & Soziales', 'Barrierefreiheit': 'Inklusion & Teilhabe', 'Beratung': 'Soziale Dienste', 'Chancengleichheit': 'Anti Dismkriminierung', 'Demokratie': 'Demokratie & Soziale Rechte', 'Demenz': 'Gesundheit', 'Datenschutz': '', 'Energie': 'Klima & Umwelt', 'Ethik': 'Demokratie & Soziale Rechte', 'Evaluation': 'Organisation & Professionalisierung', 'Frauen': 'Anti Dismkriminierung', 'Fundraising': 'Organisation & Professionalisierung', 'Geflüchtete': 'Flucht & Migration', 'Genderneutrale Sprache': '', 'Gleichberechtigung': 'Anti Dismkriminierung', 'Gleichstellung': 'Anti Dismkriminierung', 'Gesundheit': 'Gesundheit', 'Humanitäre Hilfe': 'Internationale Projekte', 'Indien': 'Internationale Projekte', 'Inklusion': 'Inklusion & Teilhabe', 'Integration': 'Inklusion & Teilhabe', 'International': 'Internationale Projekte', 'Jugendarbeit': 'Jugendhilfe', 'Jugendbeteiligung': 'Jugendhilfe', 'Jugendhilfe': 'Jugendhilfe', 'Kamerun': 'Internationale Projekte', 'Katastrophenschutz': 'Gesundheit', 'Kältehilfe': 'Soziale Dienste', 'Kinderschutz': 'Jugendhilfe', 'Kinder- und Jugendhilfe': 'Jugendhilfe', 'KI': 'Gesundheit', 'Kongo': 'Internationale Projekte', 'Kroatien': 'Internationale Projekte', 'Landwirtschaft': 'Klima & Umwelt', 'Meeresschutz': 'Klima & Umwelt', 'Mentale Gesundheit': 'Gesundheit', 'Mentoring': 'Bildung', 'Menschen mit Behinderung': 'Inklusion & Teilhabe', 'Menschenrechte': 'Demokratie & Soziale Rechte', 'Migration': 'Flucht & Migration', 'Migrationsberatung': 'Flucht & Migration', 'Nachhaltigkeit': 'Klima & Umwelt', 'Offene Daten': '', 'Partizipation': 'Inklusion & Teilhabe', 'Patenschaft': 'Organisation & Professionalisierung', 'Pflege': 'Gesundheit', 'Pflegende Angehörige': '', 'Queere Sichtbarkeit': 'Anti Dismkriminierung', 'Rettungsdienst': 'Gesundheit', 'Senioren': 'Soziale Dienste', 'Soziale Arbeit': 'Soziale Dienste', 'Sport': 'Sport', 'Stadt': 'Stadtentwicklung', 'Stadtplanung': 'Stadtentwicklung', 'Teilhabe': 'Inklusion & Teilhabe', 'Telemedizin': 'Gesundheit', 'Transparenz': 'Inklusion & Teilhabe', 'Türkei': 'Internationale Projekte', 'Umwelt': 'Klima & Umwelt', 'Umweltschutz': 'Klima & Umwelt', 'Vernetzung': 'Organisation & Professionalisierung', 'Verwaltung': 'Organisation & Professionalisierung', 'Wirkungsmessung': 'Organisation & Professionalisierung', 'Wohlfahrt': 'Soziale Dienste', 'Wohnen': 'Stadtentwicklung', 'Wohnungslosenhilfe': 'Soziale Dienste', 'Wissensmanagement': 'Organisation & Professionalisierung'};https://codefor.de/projekte/vornamen/;OK Lab Berlin, Code for Germany;In Betrieb;"Ein Namenslexikon für werdende Eltern mit offenen Daten aus ganz Deutschland.
Für die Smartphone-App habe ich alle Open Data Portale abgegrast und nachgefragt nach Vornamen-Statistiken. Mittlerweile …";;CC-BY 4.0;https://codefor.de;213.0
https://codefor.de/projekte/wahlometer/;Wahl-O-Meter;{};{};https://codefor.de/projekte/wahlometer/;OK Lab Ruhrgebiet, Code for Germany;In Planung;Im Rahmen der Wahlsalons soll im Datenschatz der Wahl-O-Maten der Bundeszentrale für politische Bildung geschürft werden: Die Daten werden aufbereitet und zueinander in Beziehung gesetzt, ein offenes …;;CC-BY 4.0;https://codefor.de;214.0
https://codefor.de/projekte/wahlbeteiligung/;Wahlbeteiligung;{};{};https://codefor.de/projekte/wahlbeteiligung/;OK Lab Köln, Code for Germany;In Planung;Das Projekt wahlbeteiligung soll die Wahlbeteiligung auf einer Karte veranschaulichen. Es soll darüber hinaus Eigenschaften der Umgebung dazu in Bezug setzen.;;CC-BY 4.0;https://codefor.de;215.0
https://codefor.de/projekte/wahldatentransparenzranking/;Wahldatentransparenzranking;{};{};https://codefor.de/projekte/wahldatentransparenzranking/;OK Lab Berlin, Code for Germany;In Planung;With the Wahldatentransparenzranking, we will examine the information offerings by the Statistische Landesämter in the case of election data. A focus will be on the (missing) openness of election data …;;CC-BY 4.0;https://codefor.de;216.0
https://codefor.de/projekte/wahlkompass-digitales/;Wahlkompass Digitales;{'Analyse von Sensordaten und ML': 'Künstliche Intelligenz', 'Automatisierte Datenübermittlung': 'Datenmanagement', 'Bericht': 'Datenreporting', 'Crowd-Sourced Daten': 'Öffentliche Daten', 'Dashboard': 'Datenreporting', 'Datenanalyse': 'Datenanalyse', 'Datenerhebung': 'Datenerhebung', 'Datenanwendung für Öffentlichkeit': 'Datenanwendung für Öffentlichkeit', 'Datenstandards': 'Datenmanagement', 'Datensatz und Visualisierung': 'Datenreporting', 'Digitale Plattform': 'Digitale Plattformen', 'Dokumentations- und Netzwerktool': 'Unterstützungstools', 'Entscheidungsassistent': 'Virtuelle Assistenz', 'Festival und Studie': 'Datenreporting', 'Generative KI': 'Künstliche Intelligenz', 'Interaktive App': 'Webanwendungen', 'Interaktive Karte': 'Karten & Verzeichnisse', 'Interaktiver Fragebogen': 'Datenerhebung', 'Interne Datenanwendung': 'Interne Datenanwendung', 'KI Anwendung': '', 'Karte': 'Karten & Verzeichnisse', 'Knowledge Graph': 'Wissensorganisation', 'Large Language Model (LLM)': 'Sprachtechnologie', 'Matching': 'Datenanalyse', 'Monitoring': 'Wirkungsmessung', 'Offene Daten': 'Öffentliche Daten', 'Output Monitoring': 'Wirkungsmessung', 'Plattform für Wahlentscheidungen': 'Digitale Plattformen', 'Prozessautomatisierung': 'Automatisierung', 'Reporting': 'Datenreporting', 'Skalierung der Wirkungsmessung': 'Wirkungsmessung', 'Sprach-Editor': 'Sprachtechnologie', 'Umfrage': 'Datenerhebung', 'Übersetzungsassistent': 'Sprachtechnologie', 'Vernetzungsassistent': 'Virtuelle Assistenz', 'Verzeichnis / Karte': 'Karten & Verzeichnisse', 'Visualisierung mit Karten': 'Karten & Verzeichnisse', 'Zugänglichkeit Offene Daten des Statistischen Bundesamts': 'Öffentliche Daten'};{'Afrika': 'Internationale Projekte', 'Antidiskriminierung': 'Anti Dismkriminierung', 'Antirassismus': 'Anti Dismkriminierung', 'Arbeit mit Kindern': 'Jugendhilfe', 'Armut': 'Arbeit & Soziales', 'Barrierefreiheit': 'Inklusion & Teilhabe', 'Beratung': 'Soziale Dienste', 'Chancengleichheit': 'Anti Dismkriminierung', 'Demokratie': 'Demokratie & Soziale Rechte', 'Demenz': 'Gesundheit', 'Datenschutz': '', 'Energie': 'Klima & Umwelt', 'Ethik': 'Demokratie & Soziale Rechte', 'Evaluation': 'Organisation & Professionalisierung', 'Frauen': 'Anti Dismkriminierung', 'Fundraising': 'Organisation & Professionalisierung', 'Geflüchtete': 'Flucht & Migration', 'Genderneutrale Sprache': '', 'Gleichberechtigung': 'Anti Dismkriminierung', 'Gleichstellung': 'Anti Dismkriminierung', 'Gesundheit': 'Gesundheit', 'Humanitäre Hilfe': 'Internationale Projekte', 'Indien': 'Internationale Projekte', 'Inklusion': 'Inklusion & Teilhabe', 'Integration': 'Inklusion & Teilhabe', 'International': 'Internationale Projekte', 'Jugendarbeit': 'Jugendhilfe', 'Jugendbeteiligung': 'Jugendhilfe', 'Jugendhilfe': 'Jugendhilfe', 'Kamerun': 'Internationale Projekte', 'Katastrophenschutz': 'Gesundheit', 'Kältehilfe': 'Soziale Dienste', 'Kinderschutz': 'Jugendhilfe', 'Kinder- und Jugendhilfe': 'Jugendhilfe', 'KI': 'Gesundheit', 'Kongo': 'Internationale Projekte', 'Kroatien': 'Internationale Projekte', 'Landwirtschaft': 'Klima & Umwelt', 'Meeresschutz': 'Klima & Umwelt', 'Mentale Gesundheit': 'Gesundheit', 'Mentoring': 'Bildung', 'Menschen mit Behinderung': 'Inklusion & Teilhabe', 'Menschenrechte': 'Demokratie & Soziale Rechte', 'Migration': 'Flucht & Migration', 'Migrationsberatung': 'Flucht & Migration', 'Nachhaltigkeit': 'Klima & Umwelt', 'Offene Daten': '', 'Partizipation': 'Inklusion & Teilhabe', 'Patenschaft': 'Organisation & Professionalisierung', 'Pflege': 'Gesundheit', 'Pflegende Angehörige': '', 'Queere Sichtbarkeit': 'Anti Dismkriminierung', 'Rettungsdienst': 'Gesundheit', 'Senioren': 'Soziale Dienste', 'Soziale Arbeit': 'Soziale Dienste', 'Sport': 'Sport', 'Stadt': 'Stadtentwicklung', 'Stadtplanung': 'Stadtentwicklung', 'Teilhabe': 'Inklusion & Teilhabe', 'Telemedizin': 'Gesundheit', 'Transparenz': 'Inklusion & Teilhabe', 'Türkei': 'Internationale Projekte', 'Umwelt': 'Klima & Umwelt', 'Umweltschutz': 'Klima & Umwelt', 'Vernetzung': 'Organisation & Professionalisierung', 'Verwaltung': 'Organisation & Professionalisierung', 'Wirkungsmessung': 'Organisation & Professionalisierung', 'Wohlfahrt': 'Soziale Dienste', 'Wohnen': 'Stadtentwicklung', 'Wohnungslosenhilfe': 'Soziale Dienste', 'Wissensmanagement': 'Organisation & Professionalisierung'};https://codefor.de/projekte/wahlkompass-digitales/;OK Lab Berlin, Code for Germany;In Planung;Der Wahlkompass Digitales schafft Transparenz im Wahlkampf und zeigt, welche Antworten die deutschen Parteien auf digitalpolitische Fragen haben. Das Tool ermöglicht, Wahlprogramme zu Digitalthemen in …;;CC-BY 4.0;https://codefor.de;217.0
https://codefor.de/projekte/le-wahldaten/;Wahlkreise in Sachsen;{};{};https://codefor.de/projekte/le-wahldaten/;OK Lab Leipzig, Code for Germany;In Betrieb;"Das Projekt hat sich zum Ziel gesetzt, die Wahlkreise in Sachsen zur Landtagswahl maschinenlesbar bereitstellen.
Da keine Shapefile mit den sächsischen Wahlkreisen gefunden werden konnte, sondern nur …";;CC-BY 4.0;https://codefor.de;218.0
https://codefor.de/projekte/p-wahllokalfinder/;Wahllokale Potsdam;{'Datenanwendung für Öffentlichkeit': 'Datenanwendung für Öffentlichkeit', 'Interaktive Karte': 'Karten & Verzeichnisse'};{'Demokratie': 'Demokratie & Soziale Rechte', 'Partizipation': 'Inklusion & Teilhabe'};https://codefor.de/projekte/p-wahllokalfinder/;OK Lab Potsdam, Code for Germany;In Betrieb;Wo sind die Potsdamer Wahllokale zur Bundestagswahl 2017?;;CC-BY 4.0;https://codefor.de;219.0
https://codefor.de/projekte/wahllokalfinder/;Wahllokalfinder;{'Interaktive Karte': 'Karten & Verzeichnisse', 'Visualisierung mit Karten': 'Karten & Verzeichnisse'};{'Wahlen': 'Demokratie & Soziale Rechte', 'Partizipation': 'Inklusion & Teilhabe', 'Demokratie': 'Demokratie & Soziale Rechte'};https://codefor.de/projekte/wahllokalfinder/;OK Lab Köln, Code for Germany;In Planung;Am Sonntag, den 14. Mai, wählte NRW einen neuen Landtag. Der von der Stadt Köln, Railslove und „Kölner Stadt-Anzeiger“ präsentierte Wahllokalfinder #Köln zeigt alle 240 Wahllokale an, und lotste die …;Wahllokalfinder;CC-BY 4.0;https://codefor.de;220.0
https://codefor.de/projekte/wahlprogramm-matrix/;Wahlprogramm-Matrix Kommunalwahl Münster 2014;{};{};https://codefor.de/projekte/wahlprogramm-matrix/;Code for Münster, Code for Germany;Unbekannt;Ein Tool zum Vergleich von Abschnitten in Wahlprogrammen. Per Klick werden ähnliche Abschnitte zum Ausgewählten farblich hervorgehoben. Die Auswertung geschieht automatisiert mit NLP.;;CC-BY 4.0;https://codefor.de;221.0
https://codefor.de/projekte/wahlprogrammat/;Wahlprogrammquiz;{'Analyse von Sensordaten und ML': 'Künstliche Intelligenz', 'Bericht': 'Datenreporting', 'Crowd-Sourced Daten': 'Öffentliche Daten', 'Dashboard': 'Datenreporting', 'Datenanalyse': 'Datenanalyse', 'Datenerhebung': 'Datenerhebung', 'Datenanwendung für Öffentlichkeit': 'Datenanwendung für Öffentlichkeit', 'Datenstandards': 'Datenmanagement', 'Datensatz und Visualisierung': 'Datenreporting', 'Digitale Plattform': 'Digitale Plattformen', 'Dokumentations- und Netzwerktool': 'Unterstützungstools', 'Entscheidungsassistent': 'Virtuelle Assistenz', 'Festival und Studie': 'Datenreporting', 'Generative KI': 'Künstliche Intelligenz', 'Interaktive App': 'Webanwendungen', 'Interaktive Karte': 'Karten & Verzeichnisse', 'Interaktiver Fragebogen': 'Datenerhebung', 'Interne Datenanwendung': 'Interne Datenanwendung', 'KI Anwendung': '', 'Karte': 'Karten & Verzeichnisse', 'Knowledge Graph': 'Wissensorganisation', 'Large Language Model (LLM)': 'Sprachtechnologie', 'Matching': 'Datenanalyse', 'Monitoring': 'Wirkungsmessung', 'Offene Daten': 'Öffentliche Daten', 'Output Monitoring': 'Wirkungsmessung', 'Plattform für Wahlentscheidungen': 'Digitale Plattformen', 'Prozessautomatisierung': 'Automatisierung', 'Reporting': 'Datenreporting', 'Skalierung der Wirkungsmessung': 'Wirkungsmessung', 'Sprach-Editor': 'Sprachtechnologie', 'Umfrage': 'Datenerhebung', 'Übersetzungsassistent': 'Sprachtechnologie', 'Vernetzungsassistent': 'Virtuelle Assistenz', 'Verzeichnis / Karte': 'Karten & Verzeichnisse', 'Visualisierung mit Karten': 'Karten & Verzeichnisse', 'Zugänglichkeit Offene Daten des Statistischen Bundesamts': 'Öffentliche Daten'};{'Afrika': 'Internationale Projekte', 'Antidiskriminierung': 'Anti Dismkriminierung', 'Antirassismus': 'Anti Dismkriminierung', 'Arbeit mit Kindern': 'Jugendhilfe', 'Armut': 'Arbeit & Soziales', 'Barrierefreiheit': 'Inklusion & Teilhabe', 'Beratung': 'Soziale Dienste', 'Chancengleichheit': 'Anti Dismkriminierung', 'Demokratie': 'Demokratie & Soziale Rechte', 'Demenz': 'Gesundheit', 'Datenschutz': '', 'Energie': 'Klima & Umwelt', 'Ethik': 'Demokratie & Soziale Rechte', 'Evaluation': 'Organisation & Professionalisierung', 'Frauen': 'Anti Dismkriminierung', 'Fundraising': 'Organisation & Professionalisierung', 'Geflüchtete': 'Flucht & Migration', 'Genderneutrale Sprache': '', 'Gleichberechtigung': 'Anti Dismkriminierung', 'Gleichstellung': 'Anti Dismkriminierung', 'Gesundheit': 'Gesundheit', 'Humanitäre Hilfe': 'Internationale Projekte', 'Indien': 'Internationale Projekte', 'Inklusion': 'Inklusion & Teilhabe', 'Integration': 'Inklusion & Teilhabe', 'International': 'Internationale Projekte', 'Jugendarbeit': 'Jugendhilfe', 'Jugendbeteiligung': 'Jugendhilfe', 'Jugendhilfe': 'Jugendhilfe', 'Kamerun': 'Internationale Projekte', 'Katastrophenschutz': 'Gesundheit', 'Kältehilfe': 'Soziale Dienste', 'Kinderschutz': 'Jugendhilfe', 'Kinder- und Jugendhilfe': 'Jugendhilfe', 'KI': 'Gesundheit', 'Kongo': 'Internationale Projekte', 'Kroatien': 'Internationale Projekte', 'Landwirtschaft': 'Klima & Umwelt', 'Meeresschutz': 'Klima & Umwelt', 'Mentale Gesundheit': 'Gesundheit', 'Mentoring': 'Bildung', 'Menschen mit Behinderung': 'Inklusion & Teilhabe', 'Menschenrechte': 'Demokratie & Soziale Rechte', 'Migration': 'Flucht & Migration', 'Migrationsberatung': 'Flucht & Migration', 'Nachhaltigkeit': 'Klima & Umwelt', 'Offene Daten': '', 'Partizipation': 'Inklusion & Teilhabe', 'Patenschaft': 'Organisation & Professionalisierung', 'Pflege': 'Gesundheit', 'Pflegende Angehörige': '', 'Queere Sichtbarkeit': 'Anti Dismkriminierung', 'Rettungsdienst': 'Gesundheit', 'Senioren': 'Soziale Dienste', 'Soziale Arbeit': 'Soziale Dienste', 'Sport': 'Sport', 'Stadt': 'Stadtentwicklung', 'Stadtplanung': 'Stadtentwicklung', 'Teilhabe': 'Inklusion & Teilhabe', 'Telemedizin': 'Gesundheit', 'Transparenz': 'Inklusion & Teilhabe', 'Türkei': 'Internationale Projekte', 'Umwelt': 'Klima & Umwelt', 'Umweltschutz': 'Klima & Umwelt', 'Vernetzung': 'Organisation & Professionalisierung', 'Verwaltung': 'Organisation & Professionalisierung', 'Wirkungsmessung': 'Organisation & Professionalisierung', 'Wohlfahrt': 'Soziale Dienste', 'Wohnen': 'Stadtentwicklung', 'Wohnungslosenhilfe': 'Soziale Dienste', 'Wissensmanagement': 'Organisation & Professionalisierung'};https://codefor.de/projekte/wahlprogrammat/;OK Lab Berlin, Code for Germany;In Planung;Ein Quiz zu den Inhalten der Wahlprogramme der sechs Parteien.;;CC-BY 4.0;https://codefor.de;222.0
https://codefor.de/projekte/be-wahlversprechen/;Wahlversprechen2013;{'Analyse von Sensordaten und ML': 'Künstliche Intelligenz', 'Bericht': 'Datenreporting', 'Crowd-Sourced Daten': 'Öffentliche Daten', 'Dashboard': 'Datenreporting', 'Datenanalyse': 'Datenanalyse', 'Datenerhebung': 'Datenerhebung', 'Datenanwendung für Öffentlichkeit': 'Datenanwendung für Öffentlichkeit', 'Datenstandards': 'Datenmanagement', 'Datensatz und Visualisierung': 'Datenreporting', 'Digitale Plattform': 'Digitale Plattformen', 'Dokumentations- und Netzwerktool': 'Unterstützungstools', 'Entscheidungsassistent': 'Virtuelle Assistenz', 'Festival und Studie': 'Datenreporting', 'Generative KI': 'Künstliche Intelligenz', 'Interaktive App': 'Webanwendungen', 'Interaktive Karte': 'Karten & Verzeichnisse', 'Interaktiver Fragebogen': 'Datenerhebung', 'Interne Datenanwendung': 'Interne Datenanwendung', 'KI Anwendung': '', 'Karte': 'Karten & Verzeichnisse', 'Knowledge Graph': 'Wissensorganisation', 'Large Language Model (LLM)': 'Sprachtechnologie', 'Matching': 'Datenanalyse', 'Monitoring': 'Wirkungsmessung', 'Offene Daten': 'Öffentliche Daten', 'Output Monitoring': 'Wirkungsmessung', 'Plattform für Wahlentscheidungen': 'Digitale Plattformen', 'Prozessautomatisierung': 'Automatisierung', 'Reporting': 'Datenreporting', 'Skalierung der Wirkungsmessung': 'Wirkungsmessung', 'Sprach-Editor': 'Sprachtechnologie', 'Umfrage': 'Datenerhebung', 'Übersetzungsassistent': 'Sprachtechnologie', 'Vernetzungsassistent': 'Virtuelle Assistenz', 'Verzeichnis / Karte': 'Karten & Verzeichnisse', 'Visualisierung mit Karten': 'Karten & Verzeichnisse', 'Zugänglichkeit Offene Daten des Statistischen Bundesamts': 'Öffentliche Daten'};{'Afrika': 'Internationale Projekte', 'Antidiskriminierung': 'Anti Dismkriminierung', 'Antirassismus': 'Anti Dismkriminierung', 'Arbeit mit Kindern': 'Jugendhilfe', 'Armut': 'Arbeit & Soziales', 'Barrierefreiheit': 'Inklusion & Teilhabe', 'Beratung': 'Soziale Dienste', 'Chancengleichheit': 'Anti Dismkriminierung', 'Demokratie': 'Demokratie & Soziale Rechte', 'Demenz': 'Gesundheit', 'Datenschutz': '', 'Energie': 'Klima & Umwelt', 'Ethik': 'Demokratie & Soziale Rechte', 'Evaluation': 'Organisation & Professionalisierung', 'Frauen': 'Anti Dismkriminierung', 'Fundraising': 'Organisation & Professionalisierung', 'Geflüchtete': 'Flucht & Migration', 'Genderneutrale Sprache': '', 'Gleichberechtigung': 'Anti Dismkriminierung', 'Gleichstellung': 'Anti Dismkriminierung', 'Gesundheit': 'Gesundheit', 'Humanitäre Hilfe': 'Internationale Projekte', 'Indien': 'Internationale Projekte', 'Inklusion': 'Inklusion & Teilhabe', 'Integration': 'Inklusion & Teilhabe', 'International': 'Internationale Projekte', 'Jugendarbeit': 'Jugendhilfe', 'Jugendbeteiligung': 'Jugendhilfe', 'Jugendhilfe': 'Jugendhilfe', 'Kamerun': 'Internationale Projekte', 'Katastrophenschutz': 'Gesundheit', 'Kältehilfe': 'Soziale Dienste', 'Kinderschutz': 'Jugendhilfe', 'Kinder- und Jugendhilfe': 'Jugendhilfe', 'KI': 'Gesundheit', 'Kongo': 'Internationale Projekte', 'Kroatien': 'Internationale Projekte', 'Landwirtschaft': 'Klima & Umwelt', 'Meeresschutz': 'Klima & Umwelt', 'Mentale Gesundheit': 'Gesundheit', 'Mentoring': 'Bildung', 'Menschen mit Behinderung': 'Inklusion & Teilhabe', 'Menschenrechte': 'Demokratie & Soziale Rechte', 'Migration': 'Flucht & Migration', 'Migrationsberatung': 'Flucht & Migration', 'Nachhaltigkeit': 'Klima & Umwelt', 'Offene Daten': '', 'Partizipation': 'Inklusion & Teilhabe', 'Patenschaft': 'Organisation & Professionalisierung', 'Pflege': 'Gesundheit', 'Pflegende Angehörige': '', 'Queere Sichtbarkeit': 'Anti Dismkriminierung', 'Rettungsdienst': 'Gesundheit', 'Senioren': 'Soziale Dienste', 'Soziale Arbeit': 'Soziale Dienste', 'Sport': 'Sport', 'Stadt': 'Stadtentwicklung', 'Stadtplanung': 'Stadtentwicklung', 'Teilhabe': 'Inklusion & Teilhabe', 'Telemedizin': 'Gesundheit', 'Transparenz': 'Inklusion & Teilhabe', 'Türkei': 'Internationale Projekte', 'Umwelt': 'Klima & Umwelt', 'Umweltschutz': 'Klima & Umwelt', 'Vernetzung': 'Organisation & Professionalisierung', 'Verwaltung': 'Organisation & Professionalisierung', 'Wirkungsmessung': 'Organisation & Professionalisierung', 'Wohlfahrt': 'Soziale Dienste', 'Wohnen': 'Stadtentwicklung', 'Wohnungslosenhilfe': 'Soziale Dienste', 'Wissensmanagement': 'Organisation & Professionalisierung'};https://codefor.de/projekte/be-wahlversprechen/;OK Lab Berlin, Code for Germany;Unbekannt;wahlversprechen2013.de dokumentiert alle Wahlversprechen der Bundesregierung, d.h. die Inhalte des Koalitionsvertrags und die Inhalte der Wahlprogramme von SPD und CDU. Wir möchten im Verlauf der …;;CC-BY 4.0;https://codefor.de;223.0
https://codefor.de/projekte/be-wartezeit-moers/;Wartezeit Moers;{'Analyse von Sensordaten und ML': 'Künstliche Intelligenz', 'Bericht': 'Datenreporting', 'Datenerhebung': 'Datenerhebung', 'Datenanwendung für Öffentlichkeit': 'Datenanwendung für Öffentlichkeit', 'Datenstandards': 'Datenmanagement', 'Datensatz und Visualisierung': 'Datenreporting', 'Digitale Plattform': 'Digitale Plattformen', 'Dokumentations- und Netzwerktool': 'Unterstützungstools', 'Monitoring': 'Wirkungsmessung', 'Reporting': 'Datenreporting', 'Skalierung der Wirkungsmessung': 'Wirkungsmessung'};{'Bürgerservice': '', 'Moers': '', 'Stadtplanung': 'Stadtentwicklung', 'Wartezeit': ''};https://codefor.de/projekte/be-wartezeit-moers/;OK Lab Berlin, Code for Germany;In Betrieb;Zeigt die durchschnittlichen Wartezeiten für den Bürgerservice in Moers nach Stunden und Tagen. Größere Kreise bedeuten längere, kleinere Kreise kürzere Wartezeiten. Mittwoch bis Samstag Vormittag …;;CC-BY 4.0;https://codefor.de;224.0
https://codefor.de/projekte/hn-lk-wartezeiten/;Wartezeiten KFZ-Zulassungsstelle Heilbronn;{'Analyse von Sensordaten und ML': 'Künstliche Intelligenz', 'Bericht': 'Datenreporting', 'Crowd-Sourced Daten': 'Öffentliche Daten', 'Dashboard': 'Datenreporting', 'Datenanalyse': 'Datenanalyse', 'Datenerhebung': 'Datenerhebung', 'Datenanwendung für Öffentlichkeit': 'Datenanwendung für Öffentlichkeit', 'Datenstandards': 'Datenmanagement', 'Datensatz und Visualisierung': 'Datenreporting', 'Digitale Plattform': 'Digitale Plattformen', 'Dokumentations- und Netzwerktool': 'Unterstützungstools', 'Entscheidungsassistent': 'Virtuelle Assistenz', 'Festival und Studie': 'Datenreporting', 'Generative KI': 'Künstliche Intelligenz', 'Interaktive App': 'Webanwendungen', 'Interaktive Karte': 'Karten & Verzeichnisse', 'Interaktiver Fragebogen': 'Datenerhebung', 'Interne Datenanwendung': 'Interne Datenanwendung', 'KI Anwendung': '', 'Karte': 'Karten & Verzeichnisse', 'Knowledge Graph': 'Wissensorganisation', 'Large Language Model (LLM)': 'Sprachtechnologie', 'Matching': 'Datenanalyse', 'Monitoring': 'Wirkungsmessung', 'Offene Daten': 'Öffentliche Daten', 'Output Monitoring': 'Wirkungsmessung', 'Plattform für Wahlentscheidungen': 'Digitale Plattformen', 'Prozessautomatisierung': 'Automatisierung', 'Reporting': 'Datenreporting', 'Skalierung der Wirkungsmessung': 'Wirkungsmessung', 'Sprach-Editor': 'Sprachtechnologie', 'Umfrage': 'Datenerhebung', 'Übersetzungsassistent': 'Sprachtechnologie', 'Vernetzungsassistent': 'Virtuelle Assistenz', 'Verzeichnis / Karte': 'Karten & Verzeichnisse', 'Visualisierung mit Karten': 'Karten & Verzeichnisse', 'Zugänglichkeit Offene Daten des Statistischen Bundesamts': 'Öffentliche Daten'};{'Afrika': 'Internationale Projekte', 'Antidiskriminierung': 'Anti Dismkriminierung', 'Antirassismus': 'Anti Dismkriminierung', 'Arbeit mit Kindern': 'Jugendhilfe', 'Armut': 'Arbeit & Soziales', 'Barrierefreiheit': 'Inklusion & Teilhabe', 'Beratung': 'Soziale Dienste', 'Chancengleichheit': 'Anti Dismkriminierung', 'Demokratie': 'Demokratie & Soziale Rechte', 'Demenz': 'Gesundheit', 'Datenschutz': '', 'Energie': 'Klima & Umwelt', 'Ethik': 'Demokratie & Soziale Rechte', 'Evaluation': 'Organisation & Professionalisierung', 'Frauen': 'Anti Dismkriminierung', 'Fundraising': 'Organisation & Professionalisierung', 'Geflüchtete': 'Flucht & Migration', 'Genderneutrale Sprache': '', 'Gleichberechtigung': 'Anti Dismkriminierung', 'Gleichstellung': 'Anti Dismkriminierung', 'Gesundheit': 'Gesundheit', 'Humanitäre Hilfe': 'Internationale Projekte', 'Indien': 'Internationale Projekte', 'Inklusion': 'Inklusion & Teilhabe', 'Integration': 'Inklusion & Teilhabe', 'International': 'Internationale Projekte', 'Jugendarbeit': 'Jugendhilfe', 'Jugendbeteiligung': 'Jugendhilfe', 'Jugendhilfe': 'Jugendhilfe', 'Kamerun': 'Internationale Projekte', 'Katastrophenschutz': 'Gesundheit', 'Kältehilfe': 'Soziale Dienste', 'Kinderschutz': 'Jugendhilfe', 'Kinder- und Jugendhilfe': 'Jugendhilfe', 'KI': 'Gesundheit', 'Kongo': 'Internationale Projekte', 'Kroatien': 'Internationale Projekte', 'Landwirtschaft': 'Klima & Umwelt', 'Meeresschutz': 'Klima & Umwelt', 'Mentale Gesundheit': 'Gesundheit', 'Mentoring': 'Bildung', 'Menschen mit Behinderung': 'Inklusion & Teilhabe', 'Menschenrechte': 'Demokratie & Soziale Rechte', 'Migration': 'Flucht & Migration', 'Migrationsberatung': 'Flucht & Migration', 'Nachhaltigkeit': 'Klima & Umwelt', 'Offene Daten': '', 'Partizipation': 'Inklusion & Teilhabe', 'Patenschaft': 'Organisation & Professionalisierung', 'Pflege': 'Gesundheit', 'Pflegende Angehörige': '', 'Queere Sichtbarkeit': 'Anti Dismkriminierung', 'Rettungsdienst': 'Gesundheit', 'Senioren': 'Soziale Dienste', 'Soziale Arbeit': 'Soziale Dienste', 'Sport': 'Sport', 'Stadt': 'Stadtentwicklung', 'Stadtplanung': 'Stadtentwicklung', 'Teilhabe': 'Inklusion & Teilhabe', 'Telemedizin': 'Gesundheit', 'Transparenz': 'Inklusion & Teilhabe', 'Türkei': 'Internationale Projekte', 'Umwelt': 'Klima & Umwelt', 'Umweltschutz': 'Klima & Umwelt', 'Vernetzung': 'Organisation & Professionalisierung', 'Verwaltung': 'Organisation & Professionalisierung', 'Wirkungsmessung': 'Organisation & Professionalisierung', 'Wohlfahrt': 'Soziale Dienste', 'Wohnen': 'Stadtentwicklung', 'Wohnungslosenhilfe': 'Soziale Dienste', 'Wissensmanagement': 'Organisation & Professionalisierung'};https://codefor.de/projekte/hn-lk-wartezeiten/;Code for Heilbronn, Code for Germany;In Betrieb;"Zeigt die durchschnittlichen Wartezeiten für die KFZ-Zulassungsstelle in Heilbronn nach Stunden und Tagen.
Bei diesem Projekt handelt es sich um ein Redeployment der Wartezeiten-Anwendung für das …";;CC-BY 4.0;https://codefor.de;225.0
https://codefor.de/projekte/frankfurt-was-bekomme-ich-fuer-meine-miete/;Was bekomme ich in Frankfurt für meine Miete?;{'Visualisierung': 'Datenreporting'};{'Miete': '', 'Frankfurt': ''};https://codefor.de/projekte/frankfurt-was-bekomme-ich-fuer-meine-miete/;OK Lab Frankfurt, Code for Germany;In Betrieb;Visualisierung, die die Abhängigkeiten von verschiedenen Parametern wie Baumdichte, Ärztedichte und Kitplätzen zum Mietpreis anzeigt.;;CC-BY 4.0;https://codefor.de;226.0
https://codefor.de/projekte/hn-landtag/;Was macht mein Landtagsabgeordneter?;{'Analyse von Sensordaten und ML': 'Künstliche Intelligenz', 'Frontend-Entwicklung': '', 'Gesucht: Frontend-Entwickler': ''};{'Baden-Württemberg': '', 'Landtag': '', 'Wahlkreis': ''};https://codefor.de/projekte/hn-landtag/;Code for Heilbronn, Code for Germany;In Planung;Die Abgeordneten im Landtag von Baden-Württemberg starten jeden Monat viele Initiativen und Anfragen zu ganz unterschiedlichen Themen. Wir wollen diese Daten besser zugängig machen und aufbereiten. …;;CC-BY 4.0;https://codefor.de;227.0
https://codefor.de/projekte/le-trinkwasser/;Was steckt in meinem Leitungswasser?;{};{};https://codefor.de/projekte/le-trinkwasser/;OK Lab Leipzig, Code for Germany;In Betrieb;"Qualitätswerte des Trinkwassers aus dem Versorgungsgebiet der MIDEWA schematisch und als Karte.
Trinkwasser gilt als das am besten kontrollierte Lebensmittel in Deutschland. Und trotzdem wissen wir …";;CC-BY 4.0;https://codefor.de;228.0
https://codefor.de/projekte/hn-trinkwasser/;Was steckt in meinem Leitungswasser?;{'Analyse von Sensordaten und ML': 'Künstliche Intelligenz', 'Bericht': 'Datenreporting', 'Crowd-Sourced Daten': 'Öffentliche Daten', 'Dashboard': 'Datenreporting', 'Datenanalyse': 'Datenanalyse', 'Datenerhebung': 'Datenerhebung', 'Datenanwendung für Öffentlichkeit': 'Datenanwendung für Öffentlichkeit', 'Datenstandards': 'Datenmanagement', 'Datensatz und Visualisierung': 'Datenreporting', 'Digitale Plattform': 'Digitale Plattformen', 'Dokumentations- und Netzwerktool': 'Unterstützungstools', 'Entscheidungsassistent': 'Virtuelle Assistenz', 'Festival und Studie': 'Datenreporting', 'Generative KI': 'Künstliche Intelligenz', 'Interaktive App': 'Webanwendungen', 'Interaktive Karte': 'Karten & Verzeichnisse', 'Interaktiver Fragebogen': 'Datenerhebung', 'Interne Datenanwendung': 'Interne Datenanwendung', 'KI Anwendung': '', 'Karte': 'Karten & Verzeichnisse', 'Knowledge Graph': 'Wissensorganisation', 'Large Language Model (LLM)': 'Sprachtechnologie', 'Matching': 'Datenanalyse', 'Monitoring': 'Wirkungsmessung', 'Offene Daten': 'Öffentliche Daten', 'Output Monitoring': 'Wirkungsmessung', 'Plattform für Wahlentscheidungen': 'Digitale Plattformen', 'Prozessautomatisierung': 'Automatisierung', 'Reporting': 'Datenreporting', 'Skalierung der Wirkungsmessung': 'Wirkungsmessung', 'Sprach-Editor': 'Sprachtechnologie', 'Umfrage': 'Datenerhebung', 'Übersetzungsassistent': 'Sprachtechnologie', 'Vernetzungsassistent': 'Virtuelle Assistenz', 'Verzeichnis / Karte': 'Karten & Verzeichnisse', 'Visualisierung mit Karten': 'Karten & Verzeichnisse', 'Zugänglichkeit Offene Daten des Statistischen Bundesamts': 'Öffentliche Daten'};{'Afrika': 'Internationale Projekte', 'Antidiskriminierung': 'Anti Dismkriminierung', 'Antirassismus': 'Anti Dismkriminierung', 'Arbeit mit Kindern': 'Jugendhilfe', 'Armut': 'Arbeit & Soziales', 'Barrierefreiheit': 'Inklusion & Teilhabe', 'Beratung': 'Soziale Dienste', 'Chancengleichheit': 'Anti Dismkriminierung', 'Demokratie': 'Demokratie & Soziale Rechte', 'Demenz': 'Gesundheit', 'Datenschutz': '', 'Energie': 'Klima & Umwelt', 'Ethik': 'Demokratie & Soziale Rechte', 'Evaluation': 'Organisation & Professionalisierung', 'Frauen': 'Anti Dismkriminierung', 'Fundraising': 'Organisation & Professionalisierung', 'Geflüchtete': 'Flucht & Migration', 'Genderneutrale Sprache': '', 'Gleichberechtigung': 'Anti Dismkriminierung', 'Gleichstellung': 'Anti Dismkriminierung', 'Gesundheit': 'Gesundheit', 'Humanitäre Hilfe': 'Internationale Projekte', 'Indien': 'Internationale Projekte', 'Inklusion': 'Inklusion & Teilhabe', 'Integration': 'Inklusion & Teilhabe', 'International': 'Internationale Projekte', 'Jugendarbeit': 'Jugendhilfe', 'Jugendbeteiligung': 'Jugendhilfe', 'Jugendhilfe': 'Jugendhilfe', 'Kamerun': 'Internationale Projekte', 'Katastrophenschutz': 'Gesundheit', 'Kältehilfe': 'Soziale Dienste', 'Kinderschutz': 'Jugendhilfe', 'Kinder- und Jugendhilfe': 'Jugendhilfe', 'KI': 'Gesundheit', 'Kongo': 'Internationale Projekte', 'Kroatien': 'Internationale Projekte', 'Landwirtschaft': 'Klima & Umwelt', 'Meeresschutz': 'Klima & Umwelt', 'Mentale Gesundheit': 'Gesundheit', 'Mentoring': 'Bildung', 'Menschen mit Behinderung': 'Inklusion & Teilhabe', 'Menschenrechte': 'Demokratie & Soziale Rechte', 'Migration': 'Flucht & Migration', 'Migrationsberatung': 'Flucht & Migration', 'Nachhaltigkeit': 'Klima & Umwelt', 'Offene Daten': '', 'Partizipation': 'Inklusion & Teilhabe', 'Patenschaft': 'Organisation & Professionalisierung', 'Pflege': 'Gesundheit', 'Pflegende Angehörige': '', 'Queere Sichtbarkeit': 'Anti Dismkriminierung', 'Rettungsdienst': 'Gesundheit', 'Senioren': 'Soziale Dienste', 'Soziale Arbeit': 'Soziale Dienste', 'Sport': 'Sport', 'Stadt': 'Stadtentwicklung', 'Stadtplanung': 'Stadtentwicklung', 'Teilhabe': 'Inklusion & Teilhabe', 'Telemedizin': 'Gesundheit', 'Transparenz': 'Inklusion & Teilhabe', 'Türkei': 'Internationale Projekte', 'Umwelt': 'Klima & Umwelt', 'Umweltschutz': 'Klima & Umwelt', 'Vernetzung': 'Organisation & Professionalisierung', 'Verwaltung': 'Organisation & Professionalisierung', 'Wirkungsmessung': 'Organisation & Professionalisierung', 'Wohlfahrt': 'Soziale Dienste', 'Wohnen': 'Stadtentwicklung', 'Wohnungslosenhilfe': 'Soziale Dienste', 'Wissensmanagement': 'Organisation & Professionalisierung'};https://codefor.de/projekte/hn-trinkwasser/;Code for Heilbronn, Code for Germany;In Planung;"Trinkwasser gilt als das am besten kontrollierte Lebensmittel in Deutschland. Und trotzdem wissen wir sehr wenig über das Wasser, das bei uns aus dem Hahn kommt.
Selbst wenn die Zahlen auf den …";;CC-BY 4.0;https://codefor.de;229.0
https://codefor.de/projekte/bundestagswahl/;was wäre wenn;{};{};https://codefor.de/projekte/bundestagswahl/;OK Lab Köln, Code for Germany;In Betrieb;Die Forderung nach einem Gesetz, daß die Wahl ab 16 Jahren erlaubt, ist schon seit langem ein Programmpunkt bei vielen Parteien. Wie würden sich aber die Ergebnisse verändern, wenn auch die junge …;;CC-BY 4.0;https://codefor.de;230.0
https://codefor.de/projekte/muc-finder/;Web-App zum Finden von bestimmten Orten (u.a. Defibrilatoren) in der Umgebung;{'Analyse von Sensordaten und ML': 'Künstliche Intelligenz', 'Automatisierte Datenübermittlung': 'Datenmanagement', 'Bericht': 'Datenreporting', 'Crowd-Sourced Daten': 'Öffentliche Daten', 'Dashboard': 'Datenreporting', 'Datenanalyse': 'Datenanalyse', 'Datenerhebung': 'Datenerhebung', 'Datenanwendung für Öffentlichkeit': 'Datenanwendung für Öffentlichkeit', 'Datenstandards': 'Datenmanagement', 'Datensatz und Visualisierung': 'Datenreporting', 'Digitale Plattform': 'Digitale Plattformen', 'Dokumentations- und Netzwerktool': 'Unterstützungstools', 'Entscheidungsassistent': 'Virtuelle Assistenz', 'Festival und Studie': 'Datenreporting', 'Generative KI': 'Künstliche Intelligenz', 'Interaktive App': 'Webanwendungen', 'Interaktive Karte': 'Karten & Verzeichnisse', 'Interaktiver Fragebogen': 'Datenerhebung', 'Interne Datenanwendung': 'Interne Datenanwendung', 'KI Anwendung': '', 'Karte': 'Karten & Verzeichnisse', 'Knowledge Graph': 'Wissensorganisation', 'Large Language Model (LLM)': 'Sprachtechnologie', 'Matching': 'Datenanalyse', 'Monitoring': 'Wirkungsmessung', 'Offene Daten': 'Öffentliche Daten', 'Output Monitoring': 'Wirkungsmessung', 'Plattform für Wahlentscheidungen': 'Digitale Plattformen', 'Prozessautomatisierung': 'Automatisierung', 'Reporting': 'Datenreporting', 'Skalierung der Wirkungsmessung': 'Wirkungsmessung', 'Sprach-Editor': 'Sprachtechnologie', 'Umfrage': 'Datenerhebung', 'Übersetzungsassistent': 'Sprachtechnologie', 'Vernetzungsassistent': 'Virtuelle Assistenz', 'Verzeichnis / Karte': 'Karten & Verzeichnisse', 'Visualisierung mit Karten': 'Karten & Verzeichnisse', 'Zugänglichkeit Offene Daten des Statistischen Bundesamts': 'Öffentliche Daten'};{'Afrika': 'Internationale Projekte', 'Antidiskriminierung': 'Anti Dismkriminierung', 'Antirassismus': 'Anti Dismkriminierung', 'Arbeit mit Kindern': 'Jugendhilfe', 'Armut': 'Arbeit & Soziales', 'Barrierefreiheit': 'Inklusion & Teilhabe', 'Beratung': 'Soziale Dienste', 'Chancengleichheit': 'Anti Dismkriminierung', 'Demokratie': 'Demokratie & Soziale Rechte', 'Demenz': 'Gesundheit', 'Datenschutz': '', 'Energie': 'Klima & Umwelt', 'Ethik': 'Demokratie & Soziale Rechte', 'Evaluation': 'Organisation & Professionalisierung', 'Frauen': 'Anti Dismkriminierung', 'Fundraising': 'Organisation & Professionalisierung', 'Geflüchtete': 'Flucht & Migration', 'Genderneutrale Sprache': '', 'Gleichberechtigung': 'Anti Dismkriminierung', 'Gleichstellung': 'Anti Dismkriminierung', 'Gesundheit': 'Gesundheit', 'Humanitäre Hilfe': 'Internationale Projekte', 'Indien': 'Internationale Projekte', 'Inklusion': 'Inklusion & Teilhabe', 'Integration': 'Inklusion & Teilhabe', 'International': 'Internationale Projekte', 'Jugendarbeit': 'Jugendhilfe', 'Jugendbeteiligung': 'Jugendhilfe', 'Jugendhilfe': 'Jugendhilfe', 'Kamerun': 'Internationale Projekte', 'Katastrophenschutz': 'Gesundheit', 'Kältehilfe': 'Soziale Dienste', 'Kinderschutz': 'Jugendhilfe', 'Kinder- und Jugendhilfe': 'Jugendhilfe', 'KI': 'Gesundheit', 'Kongo': 'Internationale Projekte', 'Kroatien': 'Internationale Projekte', 'Landwirtschaft': 'Klima & Umwelt', 'Meeresschutz': 'Klima & Umwelt', 'Mentale Gesundheit': 'Gesundheit', 'Mentoring': 'Bildung', 'Menschen mit Behinderung': 'Inklusion & Teilhabe', 'Menschenrechte': 'Demokratie & Soziale Rechte', 'Migration': 'Flucht & Migration', 'Migrationsberatung': 'Flucht & Migration', 'Nachhaltigkeit': 'Klima & Umwelt', 'Offene Daten': '', 'Partizipation': 'Inklusion & Teilhabe', 'Patenschaft': 'Organisation & Professionalisierung', 'Pflege': 'Gesundheit', 'Pflegende Angehörige': '', 'Queere Sichtbarkeit': 'Anti Dismkriminierung', 'Rettungsdienst': 'Gesundheit', 'Senioren': 'Soziale Dienste', 'Soziale Arbeit': 'Soziale Dienste', 'Sport': 'Sport', 'Stadt': 'Stadtentwicklung', 'Stadtplanung': 'Stadtentwicklung', 'Teilhabe': 'Inklusion & Teilhabe', 'Telemedizin': 'Gesundheit', 'Transparenz': 'Inklusion & Teilhabe', 'Türkei': 'Internationale Projekte', 'Umwelt': 'Klima & Umwelt', 'Umweltschutz': 'Klima & Umwelt', 'Vernetzung': 'Organisation & Professionalisierung', 'Verwaltung': 'Organisation & Professionalisierung', 'Wirkungsmessung': 'Organisation & Professionalisierung', 'Wohlfahrt': 'Soziale Dienste', 'Wohnen': 'Stadtentwicklung', 'Wohnungslosenhilfe': 'Soziale Dienste', 'Wissensmanagement': 'Organisation & Professionalisierung'};https://codefor.de/projekte/muc-finder/;OK Lab München, Code for Germany;In Planung;Ziel des Projekts ist eine Web-App, die aus Open-Street-Map-Daten Orte einer bestimmten Kategorie, z.B. öffentliche Toiletten, Spielplätze oder Defibrilatoren in der Umgebung findet und dazu …;;CC-BY 4.0;https://codefor.de;231.0
https://codefor.de/projekte/ms-weihnachtsmarkt/;Weihnachtsmarkt-App Münster 2014;{};{};https://codefor.de/projekte/ms-weihnachtsmarkt/;Code for Münster, Code for Germany;Unbekannt;Weihnachtsmarkt-App Münster 2014 mit Warenangebotssuche auf einer Karte!;;CC-BY 4.0;https://codefor.de;232.0
https://codefor.de/projekte/be-xmas/;Weihnachtsmärkte;{};{};https://codefor.de/projekte/be-xmas/;OK Lab Berlin, Code for Germany;In Betrieb;Alle Weihnachtsmärkte aus Berlin in einer App. Man nehme die Open Data-Liste aus Berlin, ein paar Pressetext und -bilder und baue eine App zusammen. Die App ist soweit fertig, muss aber jedes Jahr mit …;;CC-BY 4.0;https://codefor.de;233.0
https://codefor.de/projekte/wepublic/;Wepublic;{};{};https://codefor.de/projekte/wepublic/;OK Lab Berlin, Code for Germany;In Planung;"Mit dem Projekt Wepublic möchten wir die digitale Kommunikation zwischen Bürgern und Politikern grundsätzlich verändern - hin zu mehr Dialog, mehr Verständnis und mehr konstruktive Kritik.
Starten …";;CC-BY 4.0;https://codefor.de;234.0
https://codefor.de/projekte/hh-baualterskarte/;Wie alt sind die Hamburger Gebäude?;{'Analyse von Sensordaten und ML': 'Künstliche Intelligenz', 'Datenanalyse': 'Datenanalyse', 'Datenerhebung': 'Datenerhebung', 'Datenanwendung für Öffentlichkeit': 'Datenanwendung für Öffentlichkeit', 'Datenstandards': 'Datenmanagement', 'Datensatz und Visualisierung': 'Datenreporting', 'Digitale Plattform': 'Digitale Plattformen', 'Dokumentations- und Netzwerktool': 'Unterstützungstools', 'KI Anwendung': '', 'Karte': 'Karten & Verzeichnisse', 'Knowledge Graph': 'Wissensorganisation', 'Large Language Model (LLM)': 'Sprachtechnologie', 'Monitoring': 'Wirkungsmessung', 'Plattform für Wahlentscheidungen': 'Digitale Plattformen', 'Prozessautomatisierung': 'Automatisierung', 'Reporting': 'Datenreporting', 'Skalierung der Wirkungsmessung': 'Wirkungsmessung', 'Visualisierung mit Karten': 'Karten & Verzeichnisse'};{'Hamburg': '', 'Stadtplanung': 'Stadtentwicklung', 'Umwelt': 'Klima & Umwelt', 'Umweltschutz': 'Klima & Umwelt', 'Nachhaltigkeit': 'Klima & Umwelt', 'Offene Daten': '', 'Partizipation': 'Inklusion & Teilhabe', 'Wirkungsmessung': 'Organisation & Professionalisierung', 'Wohlfahrt': 'Soziale Dienste', 'Wohnen': 'Stadtentwicklung', 'Wohnungslosenhilfe': 'Soziale Dienste'};https://codefor.de/projekte/hh-baualterskarte/;OK Lab Hamburg, Code for Germany;In Betrieb;In den öffentlichen Geodaten der Stadt stecken einige interessante Datensätze: Auf dieser Karte sind beispielsweise die Baualtersklassen der Hamburger Gebäude (soweit bekannt) dargestellt.;;CC-BY 4.0;https://codefor.de;235.0
https://codefor.de/projekte/hh-bruecken/;Wie viele Brücken hat Hamburg?;{'Datenanalyse': 'Datenanalyse', 'Datenerhebung': 'Datenerhebung', 'Visualisierung': 'Datenreporting'};{'Stadtplanung': 'Stadtentwicklung', 'Verwaltung': 'Organisation & Professionalisierung', 'Transparenz': 'Inklusion & Teilhabe'};https://codefor.de/projekte/hh-bruecken/;OK Lab Hamburg, Code for Germany;In Betrieb;Wie viele Brücken hat Hamburg? Rund 2500 soll es laut Behörde sein. Das wären mehr als Venedig, Amsterdam und Stockholm zusammen. Damit steht Hamburg als brückenreichste Stadt Europas im Guinness Buch …;;CC-BY 4.0;https://codefor.de;236.0
https://codefor.de/projekte/wecount/;Wir zählen;{'Datenvisualisierung': 'Datenreporting', 'Dashboard': 'Datenreporting', 'Verkehrszählung': ''};{'Verkehr': 'Stadtentwicklung', 'Mobilität': '', 'Bürgerwissenschaft': ''};https://codefor.de/projekte/wecount/;OK Lab Berlin, Code for Germany;In Planung;“Wir zählen” möchte Verkehrszählungen aus dem Datenschatz des Projektes “Berlin zählt Mobilität” und darüber hinaus sichtbar machen. Das Ziel ist die Entwicklung eines …;wecount;CC-BY 4.0;https://codefor.de;237.0
https://codefor.de/projekte/le-woistmarkt/;Wo ist Markt?;{'Web-Anwendung': '', 'Karte': 'Karten & Verzeichnisse', 'JSON-Datei': '', 'Scraper': ''};{'Leipzig': '', 'Wochenmarkt': '', 'Karte': '', 'Filtern': '', 'Anzeigen': ''};https://codefor.de/projekte/le-woistmarkt/;OK Lab Leipzig, Code for Germany;In Betrieb;"Wo ist gerade Wochenmarkt in Leipzig auf einer Karte dargestellt. Man kann für den aktuellen Tag filtern oder alle anzeigen. Die gerade stattfindenden Märkte werden grün gekennzeichnet.
Umsetzung …";Wo ist Markt?;CC-BY 4.0;https://codefor.de;238.0
https://codefor.de/projekte/be-woistmarkt/;Wo ist Markt?;{};{};https://codefor.de/projekte/be-woistmarkt/;OK Lab Berlin, Code for Germany;In Betrieb;Dieses Projekt visualisiert auf einer Karte wo gerade Wochenmarkt, Flohmarkt oder Gemüsemarkt ist. Über die Detailinformationen erfährst du, wann Markt ist. Über das Menü kannst du auswählen, ob alle …;;CC-BY 4.0;https://codefor.de;239.0
https://codefor.de/projekte/wo-ist-testzentrum/;Wo ist Testzentrum?;{'Analyse von Sensordaten und ML': 'Künstliche Intelligenz', 'Interaktive Karte': 'Karten & Verzeichnisse', 'Datenanalyse': 'Datenanalyse', 'Datenerhebung': 'Datenerhebung', 'Datenanwendung für Öffentlichkeit': 'Datenanwendung für Öffentlichkeit', 'Datenstandards': 'Datenmanagement', 'Datensatz und Visualisierung': 'Datenreporting', 'Digitale Plattform': 'Digitale Plattformen', 'Dokumentations- und Netzwerktool': 'Unterstützungstools', 'Entscheidungsassistent': 'Virtuelle Assistenz', 'Festival und Studie': 'Datenreporting', 'Generative KI': 'Künstliche Intelligenz', 'Interaktive App': 'Webanwendungen', 'KI Anwendung': '', 'Karte': 'Karten & Verzeichnisse', 'Knowledge Graph': 'Wissensorganisation', 'Large Language Model (LLM)': 'Sprachtechnologie', 'Monitoring': 'Wirkungsmessung', 'Plattform für Wahlentscheidungen': 'Digitale Plattformen', 'Prozessautomatisierung': 'Automatisierung', 'Reporting': 'Datenreporting', 'Skalierung der Wirkungsmessung': 'Wirkungsmessung', 'Sprach-Editor': 'Sprachtechnologie', 'Umfrage': 'Datenerhebung', 'Übersetzungsassistent': 'Sprachtechnologie', 'Vernetzungsassistent': 'Virtuelle Assistenz', 'Verzeichnis / Karte': 'Karten & Verzeichnisse', 'Visualisierung mit Karten': 'Karten & Verzeichnisse', 'Zugänglichkeit Offene Daten des Statistischen Bundesamts': 'Öffentliche Daten'};{'Afrika': 'Internationale Projekte', 'Antidiskriminierung': 'Anti Dismkriminierung', 'Antirassismus': 'Anti Dismkriminierung', 'Arbeit mit Kindern': 'Jugendhilfe', 'Armut': 'Arbeit & Soziales', 'Barrierefreiheit': 'Inklusion & Teilhabe', 'Beratung': 'Soziale Dienste', 'Chancengleichheit': 'Anti Dismkriminierung', 'Demokratie': 'Demokratie & Soziale Rechte', 'Demenz': 'Gesundheit', 'Datenschutz': '', 'Energie': 'Klima & Umwelt', 'Ethik': 'Demokratie & Soziale Rechte', 'Evaluation': 'Organisation & Professionalisierung', 'Frauen': 'Anti Dismkriminierung', 'Fundraising': 'Organisation & Professionalisierung', 'Geflüchtete': 'Flucht & Migration', 'Genderneutrale Sprache': '', 'Gleichberechtigung': 'Anti Dismkriminierung', 'Gleichstellung': 'Anti Dismkriminierung', 'Gesundheit': 'Gesundheit', 'Humanitäre Hilfe': 'Internationale Projekte', 'Indien': 'Internationale Projekte', 'Inklusion': 'Inklusion & Teilhabe', 'Integration': 'Inklusion & Teilhabe', 'International': 'Internationale Projekte', 'Jugendarbeit': 'Jugendhilfe', 'Jugendbeteiligung': 'Jugendhilfe', 'Jugendhilfe': 'Jugendhilfe', 'Kamerun': 'Internationale Projekte', 'Katastrophenschutz': 'Gesundheit', 'Kältehilfe': 'Soziale Dienste', 'Kinderschutz': 'Jugendhilfe', 'Kinder- und Jugendhilfe': 'Jugendhilfe', 'KI': 'Gesundheit', 'Kongo': 'Internationale Projekte', 'Kroatien': 'Internationale Projekte', 'Landwirtschaft': 'Klima & Umwelt', 'Meeresschutz': 'Klima & Umwelt', 'Mentale Gesundheit': 'Gesundheit', 'Mentoring': 'Bildung', 'Menschen mit Behinderung': 'Inklusion & Teilhabe', 'Menschenrechte': 'Demokratie & Soziale Rechte', 'Migration': 'Flucht & Migration', 'Migrationsberatung': 'Flucht & Migration', 'Nachhaltigkeit': 'Klima & Umwelt', 'Offene Daten': '', 'Partizipation': 'Inklusion & Teilhabe', 'Patenschaft': 'Organisation & Professionalisierung', 'Pflege': 'Gesundheit', 'Pflegende Angehörige': '', 'Queere Sichtbarkeit': 'Anti Dismkriminierung', 'Rettungsdienst': 'Gesundheit', 'Senioren': 'Soziale Dienste', 'Soziale Arbeit': 'Soziale Dienste', 'Sport': 'Sport', 'Stadt': 'Stadtentwicklung', 'Stadtplanung': 'Stadtentwicklung', 'Teilhabe': 'Inklusion & Teilhabe', 'Telemedizin': 'Gesundheit', 'Transparenz': 'Inklusion & Teilhabe', 'Türkei': 'Internationale Projekte', 'Umwelt': 'Klima & Umwelt', 'Umweltschutz': 'Klima & Umwelt', 'Vernetzung': 'Organisation & Professionalisierung', 'Verwaltung': 'Organisation & Professionalisierung', 'Wirkungsmessung': 'Organisation & Professionalisierung', 'Wohlfahrt': 'Soziale Dienste', 'Wohnen': 'Stadtentwicklung', 'Wohnungslosenhilfe': 'Soziale Dienste', 'Wissensmanagement': 'Organisation & Professionalisierung'};https://codefor.de/projekte/wo-ist-testzentrum/;OK Lab Leipzig, Code for Germany;In Betrieb;Auf einer Karte werden die Standorte von Corona-Test-Zentren in verschiedenen deutschen Städten und Gemeinden angezeigt. Durch einen Klick auf einen Kartenpin erfährst du, wann ein Test-Zentrum …;;CC-BY 4.0;https://codefor.de;240.0
https://codefor.de/projekte/le-weihnachtsmarktkarte/;Wo ist Weihnachtsmarkt?;{};{};https://codefor.de/projekte/le-weihnachtsmarktkarte/;OK Lab Leipzig, Code for Germany;In Betrieb;"Auf dieser Webseite kannst Du Dich über die Weihnachtsmärkte in Leipzig und näherere Umgebung informieren (Stand November bis Dezember 2022).
Dieses Projekt ist eine Adpation des Berliner …";;CC-BY 4.0;https://codefor.de;241.0
https://codefor.de/projekte/be-schulsanierung/;Wo unsere Kinder lernen;{};{};https://codefor.de/projekte/be-schulsanierung/;OK Lab Berlin, Code for Germany;In Betrieb;"Viele Schulen in Berlin sind marode. Wie teuer die Sanierung wirklich wird, können Sie auf der Karte erkunden.
Die Toiletten stinken, Wasser tropft von der Decke, der Putz bröckelt von der Wand. …";;CC-BY 4.0;https://codefor.de;242.0
https://codefor.de/projekte/zug-direktverbindungen/;Zug-Direktverbindungen;{'Karte': 'Karten & Verzeichnisse', 'Datenanalyse': 'Datenanalyse', 'Datenerhebung': 'Datenerhebung', 'Datenanwendung für Öffentlichkeit': 'Datenanwendung für Öffentlichkeit', 'Datenstandards': 'Datenmanagement', 'Datensatz und Visualisierung': 'Datenreporting', 'Digitale Plattform': 'Digitale Plattformen', 'Dokumentations- und Netzwerktool': 'Unterstützungstools', 'Interaktive Karte': 'Karten & Verzeichnisse', 'Visualisierung mit Karten': 'Karten & Verzeichnisse'};{'Stadt': 'Stadtentwicklung', 'Stadtplanung': 'Stadtentwicklung', 'Teilhabe': 'Inklusion & Teilhabe', 'Wohlfahrt': 'Soziale Dienste', 'Wohnen': 'Stadtentwicklung', 'Wohnungslosenhilfe': 'Soziale Dienste'};https://codefor.de/projekte/zug-direktverbindungen/;OK Lab Berlin, Code for Germany;In Betrieb;Eine Karte mit allen Zug-Direktverbindungen aus deiner Stadt.;;CC-BY 4.0;https://codefor.de;243.0
https://codefor.de/projekte/zuwendungen/;Zuwendungsdatenbank;{};{};https://codefor.de/projekte/zuwendungen/;Code for Germany;In Betrieb;Die Zuwendungsdatenbank sammelt länderübergreifend frei zugängliche Daten über Zuwendungen, überführt sie in ein einheitliches Format und macht sie durchsuchbar.;;CC-BY 4.0;https://codefor.de;244.0
https://www.civic-coding.de/community-information/projekte/vorschauseite-projekt/test-del/1308;test del;{'Analyse von Sensordaten und ML': 'Künstliche Intelligenz', 'Automatisierte Datenübermittlung': 'Datenmanagement', 'Bericht': 'Datenreporting', 'Crowd-Sourced Daten': 'Öffentliche Daten', 'Dashboard': 'Datenreporting', 'Datenanalyse': 'Datenanalyse', 'Datenerhebung': 'Datenerhebung', 'Datenanwendung für Öffentlichkeit': 'Datenanwendung für Öffentlichkeit', 'Datenstandards': 'Datenmanagement', 'Datensatz und Visualisierung': 'Datenreporting', 'Digitale Plattform': 'Digitale Plattformen', 'Dokumentations- und Netzwerktool': 'Unterstützungstools', 'Entscheidungsassistent': 'Virtuelle Assistenz', 'Festival und Studie': 'Datenreporting', 'Generative KI': 'Künstliche Intelligenz', 'Interaktive App': 'Webanwendungen', 'Interaktive Karte': 'Karten & Verzeichnisse', 'Interaktiver Fragebogen': 'Datenerhebung', 'Interne Datenanwendung': 'Interne Datenanwendung', 'KI Anwendung': '', 'Karte': 'Karten & Verzeichnisse', 'Knowledge Graph': 'Wissensorganisation', 'Large Language Model (LLM)': 'Sprachtechnologie', 'Matching': 'Datenanalyse', 'Monitoring': 'Wirkungsmessung', 'Offene Daten': 'Öffentliche Daten', 'Output Monitoring': 'Wirkungsmessung', 'Plattform für Wahlentscheidungen': 'Digitale Plattformen', 'Prozessautomatisierung': 'Automatisierung', 'Reporting': 'Datenreporting', 'Skalierung der Wirkungsmessung': 'Wirkungsmessung', 'Sprach-Editor': 'Sprachtechnologie', 'Umfrage': 'Datenerhebung', 'Übersetzungsassistent': 'Sprachtechnologie', 'Vernetzungsassistent': 'Virtuelle Assistenz', 'Verzeichnis / Karte': 'Karten & Verzeichnisse', 'Visualisierung mit Karten': 'Karten & Verzeichnisse', 'Zugänglichkeit Offene Daten des Statistischen Bundesamts': 'Öffentliche Daten'};{'Afrika': 'Internationale Projekte', 'Antidiskriminierung': 'Anti Dismkriminierung', 'Antirassismus': 'Anti Dismkriminierung', 'Arbeit mit Kindern': 'Jugendhilfe', 'Armut': 'Arbeit & Soziales', 'Barrierefreiheit': 'Inklusion & Teilhabe', 'Beratung': 'Soziale Dienste', 'Chancengleichheit': 'Anti Dismkriminierung', 'Demokratie': 'Demokratie & Soziale Rechte', 'Demenz': 'Gesundheit', 'Datenschutz': '', 'Energie': 'Klima & Umwelt', 'Ethik': 'Demokratie & Soziale Rechte', 'Evaluation': 'Organisation & Professionalisierung', 'Frauen': 'Anti Dismkriminierung', 'Fundraising': 'Organisation & Professionalisierung', 'Geflüchtete': 'Flucht & Migration', 'Genderneutrale Sprache': '', 'Gleichberechtigung': 'Anti Dismkriminierung', 'Gleichstellung': 'Anti Dismkriminierung', 'Gesundheit': 'Gesundheit', 'Humanitäre Hilfe': 'Internationale Projekte', 'Indien': 'Internationale Projekte', 'Inklusion': 'Inklusion & Teilhabe', 'Integration': 'Inklusion & Teilhabe', 'International': 'Internationale Projekte', 'Jugendarbeit': 'Jugendhilfe', 'Jugendbeteiligung': 'Jugendhilfe', 'Jugendhilfe': 'Jugendhilfe', 'Kamerun': 'Internationale Projekte', 'Katastrophenschutz': 'Gesundheit', 'Kältehilfe': 'Soziale Dienste', 'Kinderschutz': 'Jugendhilfe', 'Kinder- und Jugendhilfe': 'Jugendhilfe', 'KI': 'Gesundheit', 'Kongo': 'Internationale Projekte', 'Kroatien': 'Internationale Projekte', 'Landwirtschaft': 'Klima & Umwelt', 'Meeresschutz': 'Klima & Umwelt', 'Mentale Gesundheit': 'Gesundheit', 'Mentoring': 'Bildung', 'Menschen mit Behinderung': 'Inklusion & Teilhabe', 'Menschenrechte': 'Demokratie & Soziale Rechte', 'Migration': 'Flucht & Migration', 'Migrationsberatung': 'Flucht & Migration', 'Nachhaltigkeit': 'Klima & Umwelt', 'Offene Daten': '', 'Partizipation': 'Inklusion & Teilhabe', 'Patenschaft': 'Organisation & Professionalisierung', 'Pflege': 'Gesundheit', 'Pflegende Angehörige': '', 'Queere Sichtbarkeit': 'Anti Dismkriminierung', 'Rettungsdienst': 'Gesundheit', 'Senioren': 'Soziale Dienste', 'Soziale Arbeit': 'Soziale Dienste', 'Sport': 'Sport', 'Stadt': 'Stadtentwicklung', 'Stadtplanung': 'Stadtentwicklung', 'Teilhabe': 'Inklusion & Teilhabe', 'Telemedizin': 'Gesundheit', 'Transparenz': 'Inklusion & Teilhabe', 'Türkei': 'Internationale Projekte', 'Umwelt': 'Klima & Umwelt', 'Umweltschutz': 'Klima & Umwelt', 'Vernetzung': 'Organisation & Professionalisierung', 'Verwaltung': 'Organisation & Professionalisierung', 'Wirkungsmessung': 'Organisation & Professionalisierung', 'Wohlfahrt': 'Soziale Dienste', 'Wohnen': 'Stadtentwicklung', 'Wohnungslosenhilfe': 'Soziale Dienste', 'Wissensmanagement': 'Organisation & Professionalisierung'};https://www.civic-coding.de/community-information/projekte/vorschauseite-projekt/test-del/1308;Civic Coding;Unbekannt;cdadsvdasv;;CC-BY-NC-ND 4.0;https://www.civic-coding.de;0.0
https://www.civic-coding.de/community-information/projekte/vorschauseite-projekt/wasser-fur-den-hohen-flaeming-ki-basierte-entscheidungshilfe-fur-massnahmen-zu-wasserruckhalt-auf-landschaftsebene/1018;Wasser für den hohen Fläming - KI-basierte Entscheidungshilfe für Maßnahmen zu Wasserrückhalt auf Landschaftsebene;{'KI-basierte Entscheidungshilfe': ''};{'Wasserrückhalt': '', 'Waldbrände': ''};https://www.civic-coding.de/community-information/projekte/vorschauseite-projekt/wasser-fur-den-hohen-flaeming-ki-basierte-entscheidungshilfe-fur-massnahmen-zu-wasserruckhalt-auf-landschaftsebene/1018;Civic Coding;Unbekannt;Der hohe Fläming ist eine der trockensten Orte Deutschlands und wir planen eine regionale, KI-basierte Entscheidungshilfe, die es ermöglicht sinnvolle landschaftliche Maßnahmen zum Wasserrückhalt und zur Vermeidung von Waldbränden in ihren Wirkungen und Kosten einzuschätzen.;;CC-BY-NC-ND 4.0;https://www.civic-coding.de;1.0
https://www.civic-coding.de/community-information/projekte/vorschauseite-projekt/entrynavigator-der-wegbegleiter-fur-internationale-fachkraefte-nach-deutschland/1015;EntryNavigator - Der Wegbegleiter für internationale Fachkräfte nach Deutschland.;{'Unbekannt': ''};{'Unbekannt': ''};https://www.civic-coding.de/community-information/projekte/vorschauseite-projekt/entrynavigator-der-wegbegleiter-fur-internationale-fachkraefte-nach-deutschland/1015;Civic Coding;Unbekannt;Ein KI-gestützter Chatbot, der internationale Fachkräfte bei der Einreise und Arbeitssuche in Deutschland unterstützt, indem er bei Visumsanträgen und behördlichen Prozessen hilft, um Integration und Berufseinstieg zu erleichtern.;;CC-BY-NC-ND 4.0;https://www.civic-coding.de;2.0
https://www.civic-coding.de/community-information/projekte/vorschauseite-projekt/ki/1014;KI²;{'KI': ''};{};https://www.civic-coding.de/community-information/projekte/vorschauseite-projekt/ki/1014;Civic Coding;Unbekannt;Das Vorhaben zielt darauf ab, künstliche Intelligenz (KI) in der sozialen Arbeit einzusetzen, um Barrieren für Menschen mit Behinderungen und Menschen mit Migrationsgeschichte abzubauen und einen barrierefreien Zugang zur sozialen Gesellschaft zu fördern. Die Idee besteht darin,;;CC-BY-NC-ND 4.0;https://www.civic-coding.de;3.0
https://www.civic-coding.de/community-information/projekte/vorschauseite-projekt/equal-work-hub/1012;Human Work Hub;{'KI-Job-Matching-Plattform': ''};{'Immigrant:innen und Geflüchtete mit Unternehmen': ''};https://www.civic-coding.de/community-information/projekte/vorschauseite-projekt/equal-work-hub/1012;Civic Coding;Unbekannt;KI-Job-Matching-Plattform für Immigrant:innen und Geflüchtete mit Unternehmen. Anonymisiert Herkunft,, Religion etc., um Bias zu vermeiden. Zusätzlich Fort-und Weiterbildungen besonders in umweltrelevanten Berufen. Startpunkt in der Solarbranche.;;CC-BY-NC-ND 4.0;https://www.civic-coding.de;4.0
https://www.civic-coding.de/community-information/projekte/vorschauseite-projekt/ainsight/1011;AInsight;{'Browser-Plugin': '', 'KI-Anwendung': 'Künstliche Intelligenz', 'Umwelt': ''};{'Umweltschutz': 'Klima & Umwelt', 'Klimaschutz': 'Klima & Umwelt', 'Digitalisierung': ''};https://www.civic-coding.de/community-information/projekte/vorschauseite-projekt/ainsight/1011;Civic Coding;Unbekannt;Viele Nutzende haben kein Verständnis für die Klimaauswirkungen von digitalen Anwendungen. Wir wollen ein Browser-Plugin für ChatGPT implementieren, das die nutzende Person über dessen CO2-Emissionen aufklärt und somit ein Bewusstsein für Ressourcenverbräuche von KI schafft.;;CC-BY-NC-ND 4.0;https://www.civic-coding.de;5.0
https://www.civic-coding.de/community-information/projekte/vorschauseite-projekt/helpmeai/1010;helpme.ai;{'Analyse von Sensordaten und ML': 'Künstliche Intelligenz', 'Automatisierte Datenübermittlung': 'Datenmanagement', 'Bericht': 'Datenreporting', 'Crowd-Sourced Daten': 'Öffentliche Daten', 'Dashboard': 'Datenreporting', 'Datenanalyse': 'Datenanalyse', 'Datenerhebung': 'Datenerhebung', 'Datenanwendung für Öffentlichkeit': 'Datenanwendung für Öffentlichkeit', 'Datenstandards': 'Datenmanagement', 'Datensatz und Visualisierung': 'Datenreporting', 'Digitale Plattform': 'Digitale Plattformen', 'Dokumentations- und Netzwerktool': 'Unterstützungstools', 'Entscheidungsassistent': 'Virtuelle Assistenz', 'Festival und Studie': 'Datenreporting', 'Generative KI': 'Künstliche Intelligenz', 'Interaktive App': 'Webanwendungen', 'Interaktive Karte': 'Karten & Verzeichnisse', 'Interaktiver Fragebogen': 'Datenerhebung', 'Interne Datenanwendung': 'Interne Datenanwendung', 'KI Anwendung': '', 'Karte': 'Karten & Verzeichnisse', 'Knowledge Graph': 'Wissensorganisation', 'Large Language Model (LLM)': 'Sprachtechnologie', 'Matching': 'Datenanalyse', 'Monitoring': 'Wirkungsmessung', 'Offene Daten': 'Öffentliche Daten', 'Output Monitoring': 'Wirkungsmessung', 'Plattform für Wahlentscheidungen': 'Digitale Plattformen', 'Prozessautomatisierung': 'Automatisierung', 'Reporting': 'Datenreporting', 'Skalierung der Wirkungsmessung': 'Wirkungsmessung', 'Sprach-Editor': 'Sprachtechnologie', 'Umfrage': 'Datenerhebung', 'Übersetzungsassistent': 'Sprachtechnologie', 'Vernetzungsassistent': 'Virtuelle Assistenz', 'Verzeichnis / Karte': 'Karten & Verzeichnisse', 'Visualisierung mit Karten': 'Karten & Verzeichnisse', 'Zugänglichkeit Offene Daten des Statistischen Bundesamts': 'Öffentliche Daten'};{'Afrika': 'Internationale Projekte', 'Antidiskriminierung': 'Anti Dismkriminierung', 'Antirassismus': 'Anti Dismkriminierung', 'Arbeit mit Kindern': 'Jugendhilfe', 'Armut': 'Arbeit & Soziales', 'Barrierefreiheit': 'Inklusion & Teilhabe', 'Beratung': 'Soziale Dienste', 'Chancengleichheit': 'Anti Dismkriminierung', 'Demokratie': 'Demokratie & Soziale Rechte', 'Demenz': 'Gesundheit', 'Datenschutz': '', 'Energie': 'Klima & Umwelt', 'Ethik': 'Demokratie & Soziale Rechte', 'Evaluation': 'Organisation & Professionalisierung', 'Frauen': 'Anti Dismkriminierung', 'Fundraising': 'Organisation & Professionalisierung', 'Geflüchtete': 'Flucht & Migration', 'Genderneutrale Sprache': '', 'Gleichberechtigung': 'Anti Dismkriminierung', 'Gleichstellung': 'Anti Dismkriminierung', 'Gesundheit': 'Gesundheit', 'Humanitäre Hilfe': 'Internationale Projekte', 'Indien': 'Internationale Projekte', 'Inklusion': 'Inklusion & Teilhabe', 'Integration': 'Inklusion & Teilhabe', 'International': 'Internationale Projekte', 'Jugendarbeit': 'Jugendhilfe', 'Jugendbeteiligung': 'Jugendhilfe', 'Jugendhilfe': 'Jugendhilfe', 'Kamerun': 'Internationale Projekte', 'Katastrophenschutz': 'Gesundheit', 'Kältehilfe': 'Soziale Dienste', 'Kinderschutz': 'Jugendhilfe', 'Kinder- und Jugendhilfe': 'Jugendhilfe', 'KI': 'Gesundheit', 'Kongo': 'Internationale Projekte', 'Kroatien': 'Internationale Projekte', 'Landwirtschaft': 'Klima & Umwelt', 'Meeresschutz': 'Klima & Umwelt', 'Mentale Gesundheit': 'Gesundheit', 'Mentoring': 'Bildung', 'Menschen mit Behinderung': 'Inklusion & Teilhabe', 'Menschenrechte': 'Demokratie & Soziale Rechte', 'Migration': 'Flucht & Migration', 'Migrationsberatung': 'Flucht & Migration', 'Nachhaltigkeit': 'Klima & Umwelt', 'Offene Daten': '', 'Partizipation': 'Inklusion & Teilhabe', 'Patenschaft': 'Organisation & Professionalisierung', 'Pflege': 'Gesundheit', 'Pflegende Angehörige': '', 'Queere Sichtbarkeit': 'Anti Dismkriminierung', 'Rettungsdienst': 'Gesundheit', 'Senioren': 'Soziale Dienste', 'Soziale Arbeit': 'Soziale Dienste', 'Sport': 'Sport', 'Stadt': 'Stadtentwicklung', 'Stadtplanung': 'Stadtentwicklung', 'Teilhabe': 'Inklusion & Teilhabe', 'Telemedizin': 'Gesundheit', 'Transparenz': 'Inklusion & Teilhabe', 'Türkei': 'Internationale Projekte', 'Umwelt': 'Klima & Umwelt', 'Umweltschutz': 'Klima & Umwelt', 'Vernetzung': 'Organisation & Professionalisierung', 'Verwaltung': 'Organisation & Professionalisierung', 'Wirkungsmessung': 'Organisation & Professionalisierung', 'Wohlfahrt': 'Soziale Dienste', 'Wohnen': 'Stadtentwicklung', 'Wohnungslosenhilfe': 'Soziale Dienste', 'Wissensmanagement': 'Organisation & Professionalisierung'};https://www.civic-coding.de/community-information/projekte/vorschauseite-projekt/helpmeai/1010;Civic Coding;Unbekannt;helpme.ai is an AI-powered chatbot, accessible through an app, designed to bridge the gap in healthcare access for socially disadvantaged communities. It simplifies the complexity of healthcare systems, providing immediate, personalized assistance.;;CC-BY-NC-ND 4.0;https://www.civic-coding.de;6.0
https://www.civic-coding.de/community-information/projekte/vorschauseite-projekt/prisma3d-explain/1009;Prisma3D Explain;{'Analyse von Sensordaten und ML': 'Künstliche Intelligenz', 'Automatisierte Datenübermittlung': 'Datenmanagement', 'Bericht': 'Datenreporting', 'Crowd-Sourced Daten': 'Öffentliche Daten', 'Dashboard': 'Datenreporting', 'Datenanalyse': 'Datenanalyse', 'Datenerhebung': 'Datenerhebung', 'Datenanwendung für Öffentlichkeit': 'Datenanwendung für Öffentlichkeit', 'Datenstandards': 'Datenmanagement', 'Datensatz und Visualisierung': 'Datenreporting', 'Digitale Plattform': 'Digitale Plattformen', 'Dokumentations- und Netzwerktool': 'Unterstützungstools', 'Entscheidungsassistent': 'Virtuelle Assistenz', 'Festival und Studie': 'Datenreporting', 'Generative KI': 'Künstliche Intelligenz', 'Interaktive App': 'Webanwendungen', 'Interaktive Karte': 'Karten & Verzeichnisse', 'Interaktiver Fragebogen': 'Datenerhebung', 'Interne Datenanwendung': 'Interne Datenanwendung', 'KI Anwendung': '', 'Karte': 'Karten & Verzeichnisse', 'Knowledge Graph': 'Wissensorganisation', 'Large Language Model (LLM)': 'Sprachtechnologie', 'Matching': 'Datenanalyse', 'Monitoring': 'Wirkungsmessung', 'Offene Daten': 'Öffentliche Daten', 'Output Monitoring': 'Wirkungsmessung', 'Plattform für Wahlentscheidungen': 'Digitale Plattformen', 'Prozessautomatisierung': 'Automatisierung', 'Reporting': 'Datenreporting', 'Skalierung der Wirkungsmessung': 'Wirkungsmessung', 'Sprach-Editor': 'Sprachtechnologie', 'Umfrage': 'Datenerhebung', 'Übersetzungsassistent': 'Sprachtechnologie', 'Vernetzungsassistent': 'Virtuelle Assistenz', 'Verzeichnis / Karte': 'Karten & Verzeichnisse', 'Visualisierung mit Karten': 'Karten & Verzeichnisse', 'Zugänglichkeit Offene Daten des Statistischen Bundesamts': 'Öffentliche Daten'};{'Afrika': 'Internationale Projekte', 'Antidiskriminierung': 'Anti Dismkriminierung', 'Antirassismus': 'Anti Dismkriminierung', 'Arbeit mit Kindern': 'Jugendhilfe', 'Armut': 'Arbeit & Soziales', 'Barrierefreiheit': 'Inklusion & Teilhabe', 'Beratung': 'Soziale Dienste', 'Chancengleichheit': 'Anti Dismkriminierung', 'Demokratie': 'Demokratie & Soziale Rechte', 'Demenz': 'Gesundheit', 'Datenschutz': '', 'Energie': 'Klima & Umwelt', 'Ethik': 'Demokratie & Soziale Rechte', 'Evaluation': 'Organisation & Professionalisierung', 'Frauen': 'Anti Dismkriminierung', 'Fundraising': 'Organisation & Professionalisierung', 'Geflüchtete': 'Flucht & Migration', 'Genderneutrale Sprache': '', 'Gleichberechtigung': 'Anti Dismkriminierung', 'Gleichstellung': 'Anti Dismkriminierung', 'Gesundheit': 'Gesundheit', 'Humanitäre Hilfe': 'Internationale Projekte', 'Indien': 'Internationale Projekte', 'Inklusion': 'Inklusion & Teilhabe', 'Integration': 'Inklusion & Teilhabe', 'International': 'Internationale Projekte', 'Jugendarbeit': 'Jugendhilfe', 'Jugendbeteiligung': 'Jugendhilfe', 'Jugendhilfe': 'Jugendhilfe', 'Kamerun': 'Internationale Projekte', 'Katastrophenschutz': 'Gesundheit', 'Kältehilfe': 'Soziale Dienste', 'Kinderschutz': 'Jugendhilfe', 'Kinder- und Jugendhilfe': 'Jugendhilfe', 'KI': 'Gesundheit', 'Kongo': 'Internationale Projekte', 'Kroatien': 'Internationale Projekte', 'Landwirtschaft': 'Klima & Umwelt', 'Meeresschutz': 'Klima & Umwelt', 'Mentale Gesundheit': 'Gesundheit', 'Mentoring': 'Bildung', 'Menschen mit Behinderung': 'Inklusion & Teilhabe', 'Menschenrechte': 'Demokratie & Soziale Rechte', 'Migration': 'Flucht & Migration', 'Migrationsberatung': 'Flucht & Migration', 'Nachhaltigkeit': 'Klima & Umwelt', 'Offene Daten': '', 'Partizipation': 'Inklusion & Teilhabe', 'Patenschaft': 'Organisation & Professionalisierung', 'Pflege': 'Gesundheit', 'Pflegende Angehörige': '', 'Queere Sichtbarkeit': 'Anti Dismkriminierung', 'Rettungsdienst': 'Gesundheit', 'Senioren': 'Soziale Dienste', 'Soziale Arbeit': 'Soziale Dienste', 'Sport': 'Sport', 'Stadt': 'Stadtentwicklung', 'Stadtplanung': 'Stadtentwicklung', 'Teilhabe': 'Inklusion & Teilhabe', 'Telemedizin': 'Gesundheit', 'Transparenz': 'Inklusion & Teilhabe', 'Türkei': 'Internationale Projekte', 'Umwelt': 'Klima & Umwelt', 'Umweltschutz': 'Klima & Umwelt', 'Vernetzung': 'Organisation & Professionalisierung', 'Verwaltung': 'Organisation & Professionalisierung', 'Wirkungsmessung': 'Organisation & Professionalisierung', 'Wohlfahrt': 'Soziale Dienste', 'Wohnen': 'Stadtentwicklung', 'Wohnungslosenhilfe': 'Soziale Dienste', 'Wissensmanagement': 'Organisation & Professionalisierung'};https://www.civic-coding.de/community-information/projekte/vorschauseite-projekt/prisma3d-explain/1009;Civic Coding;Unbekannt;"Mit ""Prisma3D Explain"" erstellen Schüler*innen 3D-animierte Erklärvideos dank KI-gestütztem Motion Capture in nur 5 Minuten. Durch die App entwickeln Schüler*innen 3D-gestalterische Kompetenzen für umweltrelevante Berufe in den Bereichen Medien, Architektur und Ingenieurswesen.";;CC-BY-NC-ND 4.0;https://www.civic-coding.de;7.0
https://www.civic-coding.de/community-information/projekte/vorschauseite-projekt/scan-your-trash/1008;Scan Your Trash;{};{};https://www.civic-coding.de/community-information/projekte/vorschauseite-projekt/scan-your-trash/1008;Civic Coding;Unbekannt;Scan Your Trash denkt Recycling, Machine Learning und Aufklärung zusammen. Es wird eine Citizen-Science-App entwickelt, die es den Anwender*innen ermöglicht, ihren LVP-Abfall zu fotografieren und mit diesen Bildern menschliches und maschinelles Lernen zu verbinden.;;CC-BY-NC-ND 4.0;https://www.civic-coding.de;8.0
https://www.civic-coding.de/community-information/projekte/vorschauseite-projekt/der-into-the-job-power-coach-itjo-poc/1007;Der Into-the-job-Power-Coach (Itjo-Poc);{'Unbekannt': ''};{'Unbekannt': ''};https://www.civic-coding.de/community-information/projekte/vorschauseite-projekt/der-into-the-job-power-coach-itjo-poc/1007;Civic Coding;Unbekannt;Itjo-Poc ist ein digitaler Trainer, der fit für Bewerbungsgespräche und den Beruf macht. Er beinhaltet verschiedene Jobprofile und Schwierigkeitsgrade („zugewandter“ bis offen ablehnender, sozialen und beruflichen Hintergrund des Bewerbenden angreifender Gesprächsführender.);;CC-BY-NC-ND 4.0;https://www.civic-coding.de;9.0
https://www.civic-coding.de/community-information/projekte/vorschauseite-projekt/seagrasswatch-kusten-ki-fur-den-schutz-von-seegraswiesen/1005;SeagrassWatch: Küsten-KI für den Schutz von Seegraswiesen;{'Unbekannt': ''};{'Unbekannt': ''};https://www.civic-coding.de/community-information/projekte/vorschauseite-projekt/seagrasswatch-kusten-ki-fur-den-schutz-von-seegraswiesen/1005;Civic Coding;Unbekannt;Mittels Dropdown-Kameras und Tiefensonar dem Seegras in der Ostsee auf die Spur kommen. Wo sind bestehende Seegrasbestände und Potenzialflächen zur Wiederansiedlung in der Ostsee? Meeresnaturschutz trifft KI.;;CC-BY-NC-ND 4.0;https://www.civic-coding.de;10.0
https://www.civic-coding.de/community-information/projekte/vorschauseite-projekt/staatklar-dein-digitaler-assistent-fur-die-beantragung-von-staatlicher-unterstutzung/1004;StaatKlar: dein digitaler Assistent für die Beantragung von staatlicher Unterstützung;{'Unbekannt': ''};{'Unbekannt': ''};https://www.civic-coding.de/community-information/projekte/vorschauseite-projekt/staatklar-dein-digitaler-assistent-fur-die-beantragung-von-staatlicher-unterstutzung/1004;Civic Coding;Unbekannt;Entwicklung eines digitalen Assistenten, der mithilfe von Sprachmodellen komplexe Behördeninformationen vereinfacht. Ziel ist das Überbrücken von Wissenslücken und der Abbau bürokratischer Hürden bei der Beantragung staatlicher Ansprüche durch Bürger:innen.;;CC-BY-NC-ND 4.0;https://www.civic-coding.de;11.0
https://www.civic-coding.de/community-information/projekte/vorschauseite-projekt/ki-geisternetze-open-source/1003;KI Geisternetze Open Source;{'KI': '', 'Geisternetze': '', 'Open-Source': 'Open-Source-Software'};{'Unbekannt': ''};https://www.civic-coding.de/community-information/projekte/vorschauseite-projekt/ki-geisternetze-open-source/1003;Civic Coding;Unbekannt;Das KI-Geisternetz-Interface ermöglicht es privatwirtschaftlichen Firmen und staatlichen Institutionen, ihre hydrografischen Daten ausschließlich hinsichtlich potenzieller Netzverdachtsstellen zu teilen, ohne Nutzungsrechte abtreten oder die Daten übertragen zu müssen.;;CC-BY-NC-ND 4.0;https://www.civic-coding.de;12.0
https://www.civic-coding.de/community-information/projekte/vorschauseite-projekt/visueller-nachhaltigkeitsassistent-fur-kommunale-entscheidungen-ki-basierte-folgenabschaetzung-nach-der-cdmw-methode/1002;"""DANKE"" - Digitaler Assistent für Nachhaltige Kommunale Entwicklung";{'KI-basierte Folgenabschätzung nach der CDMW-Methode': ''};{'Kommunale Entscheidungen': ''};https://www.civic-coding.de/community-information/projekte/vorschauseite-projekt/visueller-nachhaltigkeitsassistent-fur-kommunale-entscheidungen-ki-basierte-folgenabschaetzung-nach-der-cdmw-methode/1002;Civic Coding;Unbekannt;Das Cornwall Decision Making Wheel ist eine in Cornwall (UK) entwickelte und praktizierte Methode, um Nachhaltigkeitsfolgen kommunaler Entscheidungen systematisch abzuschätzen und zu visualisieren. Mittels KI kann diese Methode automatisch auf Planungsdokumente angewendet werden.;;CC-BY-NC-ND 4.0;https://www.civic-coding.de;13.0
https://www.civic-coding.de/community-information/projekte/vorschauseite-projekt/claim/1001;Claim;{};{};https://www.civic-coding.de/community-information/projekte/vorschauseite-projekt/claim/1001;Civic Coding;Unbekannt;Mit Claim findest du anonymisiert heraus, auf welche staatlichen Förderungen du Anspruch hast und wir helfen dir auch bei der Beantragung dieser. Hierzu füllst du einfach ein Formular in deiner bevorzugten Sprache aus und Claim berechnet KI-unterstützt deine Ansprüche.;;CC-BY-NC-ND 4.0;https://www.civic-coding.de;14.0
https://www.civic-coding.de/community-information/projekte/vorschauseite-projekt/deine-ide/1000;Deine-I.de;{};{};https://www.civic-coding.de/community-information/projekte/vorschauseite-projekt/deine-ide/1000;Civic Coding;Unbekannt;Eine für Kommunen/Politik einfach nutzbare Plattform, um Ideen aus Bürgerbeteiligungsprojekten zu visualisieren, die übersichtlich, und hübsch folgende Fragen beantwortet: Was für Ideen hat es gegeben? Was ist aus ihnen geworden? Wo bleibe ich auf dem Laufenden zu „meiner“ Idee?;;CC-BY-NC-ND 4.0;https://www.civic-coding.de;15.0
https://www.civic-coding.de/community-information/projekte/vorschauseite-projekt/lokaler-ki-assistent-fur-die-zivilbevoelkerung-loki/999;Lokaler KI-Assistent für die Zivilbevölkerung (LoKI);{'Digitale Kommunikationssystem': '', 'KI-Anwendung': 'Künstliche Intelligenz'};{'Behördenprozesse': '', 'Zivilgesellschaft': 'Demokratie & Soziale Rechte'};https://www.civic-coding.de/community-information/projekte/vorschauseite-projekt/lokaler-ki-assistent-fur-die-zivilbevoelkerung-loki/999;Civic Coding;Unbekannt;Der Lokale KI-Assistent für die Zivilbevölkerung (LoKI) wird ein digitales Kommunikationssystem, welches Bürgerinnen und Bürger auf einfache und schnelle Weise bei Fragen in Bezug auf Behördenprozesse oder andere für die Zivilgesellschaft relevante Themen unterstützt.;LoKI;CC-BY-NC-ND 4.0;https://www.civic-coding.de;16.0
https://www.civic-coding.de/community-information/projekte/vorschauseite-projekt/ecoadvisor-der-digitale-energieberater-fur-nachhaltiges-wohnen/998;EcoAdvisor: Der Digitale Energieberater für nachhaltiges Wohnen;{'KI-gesteuerte App': ''};{'Nachhaltiges Wohnen': ''};https://www.civic-coding.de/community-information/projekte/vorschauseite-projekt/ecoadvisor-der-digitale-energieberater-fur-nachhaltiges-wohnen/998;Civic Coding;Unbekannt;EcoAdvisor ist eine KI-gesteuerte App, die Privathaushalten hilft, Energie effizient zu nutzen, Kosten zu sparen und ökologisch bewusster zu leben, indem sie personalisierte Einsparungstipps und Produktvorschläge bietet.;;CC-BY-NC-ND 4.0;https://www.civic-coding.de;17.0
https://www.civic-coding.de/community-information/projekte/vorschauseite-projekt/aufbau-gpt-als-hilfestellung-bei-der-planung-von-inklusiven-spielplaetzen/997;Aufbau GPT als Hilfestellung bei der Planung von inklusiven Spielplätzen;{'KI-basierte Ratgeber': '', 'barrierefreies Spielplatzdesign': ''};{'Inklusion': 'Inklusion & Teilhabe', 'barrierefreie Spielplätze': ''};https://www.civic-coding.de/community-information/projekte/vorschauseite-projekt/aufbau-gpt-als-hilfestellung-bei-der-planung-von-inklusiven-spielplaetzen/997;Civic Coding;Unbekannt;Unser Projekt zielt darauf ab, einen KI-basierten Ratgeber für die Planung barrierefreier Spielplätze zu entwickeln, damit Inklusion möglich ist. Dieser Ratgeber wird Expertenwissen mit KI-Analysen kombinieren, um Empfehlungen für barrierefreies Spielplatzdesign bereitzustellen.;;CC-BY-NC-ND 4.0;https://www.civic-coding.de;18.0
https://www.civic-coding.de/community-information/projekte/vorschauseite-projekt/ki-co-pilot-kicop/996;KI-Co-Pilot (KICoP);{'KI Anwendung': ''};{'Wirkungsmessung': 'Organisation & Professionalisierung'};https://www.civic-coding.de/community-information/projekte/vorschauseite-projekt/ki-co-pilot-kicop/996;Civic Coding;Unbekannt;Der KI-Co-Pilot (KICoP) ist eine Anbindung von generativen KI-Lösungen wie ChatGPT an eine Block-basierte No-Code-Plattform. So können mittels generativer KI neue Blöcke erzeugt werden, was die Fähigkeiten des No-Code Konzepts multipliziert.;;CC-BY-NC-ND 4.0;https://www.civic-coding.de;19.0
https://www.civic-coding.de/community-information/projekte/vorschauseite-projekt/futero-jobs-zum-anpacken/995;Futero - Jobs zum Anpacken;{'Unbekannt': ''};{'Unbekannt': ''};https://www.civic-coding.de/community-information/projekte/vorschauseite-projekt/futero-jobs-zum-anpacken/995;Civic Coding;Unbekannt;Mit Futero haben wir es uns zum Ziel gemacht, das Recruiting im Handwerk und der mittelständischen Industrie zu revolutionieren. Hierfür ergänzen wir unsere Jobplattform mit vielen nützlichen KI-Features, so schaffen wir ein modernes & transparentes Recruitment.;;CC-BY-NC-ND 4.0;https://www.civic-coding.de;20.0
https://www.civic-coding.de/community-information/projekte/vorschauseite-projekt/ecoskills-navigator/994;EcoSkills Navigator;{'Unbekannt': ''};{'Unbekannt': ''};https://www.civic-coding.de/community-information/projekte/vorschauseite-projekt/ecoskills-navigator/994;Civic Coding;Unbekannt;Der 'EcoSkills Navigator' ist eine KI-gestützte Lernplattform, die individuelle Lernpfade für Nachhaltigkeitswissen in Unternehmen schafft, um den Übergang zu umweltrelevanten Zukunftsberufen zu fördern.;;CC-BY-NC-ND 4.0;https://www.civic-coding.de;21.0
https://www.civic-coding.de/community-information/projekte/vorschauseite-projekt/femailab/992;FemAILab;{};{};https://www.civic-coding.de/community-information/projekte/vorschauseite-projekt/femailab/992;Civic Coding;Unbekannt;Mit dem FemAILab ermutigen wir Frauen, mit Hilfe von KI ihre Potenziale zu entdecken. Die Frauen erfahren, wie sie mit dem richtigen Prompting ihre persönliche Berufs-Lern-Begleitung bzw. Tutoring generieren können. Diese begleitet die Frauen in ihrer beruflichen Entwicklung.;;CC-BY-NC-ND 4.0;https://www.civic-coding.de;22.0
https://www.civic-coding.de/community-information/projekte/vorschauseite-projekt/ai-academy/991;AI-Academy;{'Analyse von Sensordaten und ML': 'Künstliche Intelligenz', 'Automatisierte Datenübermittlung': 'Datenmanagement', 'Bericht': 'Datenreporting', 'Crowd-Sourced Daten': 'Öffentliche Daten', 'Dashboard': 'Datenreporting', 'Datenanalyse': 'Datenanalyse', 'Datenerhebung': 'Datenerhebung', 'Datenanwendung für Öffentlichkeit': 'Datenanwendung für Öffentlichkeit', 'Datenstandards': 'Datenmanagement', 'Datensatz und Visualisierung': 'Datenreporting', 'Digitale Plattform': 'Digitale Plattformen', 'Dokumentations- und Netzwerktool': 'Unterstützungstools', 'Entscheidungsassistent': 'Virtuelle Assistenz', 'Festival und Studie': 'Datenreporting', 'Generative KI': 'Künstliche Intelligenz', 'Interaktive App': 'Webanwendungen', 'Interaktive Karte': 'Karten & Verzeichnisse', 'Interaktiver Fragebogen': 'Datenerhebung', 'Interne Datenanwendung': 'Interne Datenanwendung', 'KI Anwendung': '', 'Karte': 'Karten & Verzeichnisse', 'Knowledge Graph': 'Wissensorganisation', 'Large Language Model (LLM)': 'Sprachtechnologie', 'Matching': 'Datenanalyse', 'Monitoring': 'Wirkungsmessung', 'Offene Daten': 'Öffentliche Daten', 'Output Monitoring': 'Wirkungsmessung', 'Plattform für Wahlentscheidungen': 'Digitale Plattformen', 'Prozessautomatisierung': 'Automatisierung', 'Reporting': 'Datenreporting', 'Skalierung der Wirkungsmessung': 'Wirkungsmessung', 'Sprach-Editor': 'Sprachtechnologie', 'Umfrage': 'Datenerhebung', 'Übersetzungsassistent': 'Sprachtechnologie', 'Vernetzungsassistent': 'Virtuelle Assistenz', 'Verzeichnis / Karte': 'Karten & Verzeichnisse', 'Visualisierung mit Karten': 'Karten & Verzeichnisse', 'Zugänglichkeit Offene Daten des Statistischen Bundesamts': 'Öffentliche Daten'};{'Afrika': 'Internationale Projekte', 'Antidiskriminierung': 'Anti Dismkriminierung', 'Antirassismus': 'Anti Dismkriminierung', 'Arbeit mit Kindern': 'Jugendhilfe', 'Armut': 'Arbeit & Soziales', 'Barrierefreiheit': 'Inklusion & Teilhabe', 'Beratung': 'Soziale Dienste', 'Chancengleichheit': 'Anti Dismkriminierung', 'Demokratie': 'Demokratie & Soziale Rechte', 'Demenz': 'Gesundheit', 'Datenschutz': '', 'Energie': 'Klima & Umwelt', 'Ethik': 'Demokratie & Soziale Rechte', 'Evaluation': 'Organisation & Professionalisierung', 'Frauen': 'Anti Dismkriminierung', 'Fundraising': 'Organisation & Professionalisierung', 'Geflüchtete': 'Flucht & Migration', 'Genderneutrale Sprache': '', 'Gleichberechtigung': 'Anti Dismkriminierung', 'Gleichstellung': 'Anti Dismkriminierung', 'Gesundheit': 'Gesundheit', 'Humanitäre Hilfe': 'Internationale Projekte', 'Indien': 'Internationale Projekte', 'Inklusion': 'Inklusion & Teilhabe', 'Integration': 'Inklusion & Teilhabe', 'International': 'Internationale Projekte', 'Jugendarbeit': 'Jugendhilfe', 'Jugendbeteiligung': 'Jugendhilfe', 'Jugendhilfe': 'Jugendhilfe', 'Kamerun': 'Internationale Projekte', 'Katastrophenschutz': 'Gesundheit', 'Kältehilfe': 'Soziale Dienste', 'Kinderschutz': 'Jugendhilfe', 'Kinder- und Jugendhilfe': 'Jugendhilfe', 'KI': 'Gesundheit', 'Kongo': 'Internationale Projekte', 'Kroatien': 'Internationale Projekte', 'Landwirtschaft': 'Klima & Umwelt', 'Meeresschutz': 'Klima & Umwelt', 'Mentale Gesundheit': 'Gesundheit', 'Mentoring': 'Bildung', 'Menschen mit Behinderung': 'Inklusion & Teilhabe', 'Menschenrechte': 'Demokratie & Soziale Rechte', 'Migration': 'Flucht & Migration', 'Migrationsberatung': 'Flucht & Migration', 'Nachhaltigkeit': 'Klima & Umwelt', 'Offene Daten': '', 'Partizipation': 'Inklusion & Teilhabe', 'Patenschaft': 'Organisation & Professionalisierung', 'Pflege': 'Gesundheit', 'Pflegende Angehörige': '', 'Queere Sichtbarkeit': 'Anti Dismkriminierung', 'Rettungsdienst': 'Gesundheit', 'Senioren': 'Soziale Dienste', 'Soziale Arbeit': 'Soziale Dienste', 'Sport': 'Sport', 'Stadt': 'Stadtentwicklung', 'Stadtplanung': 'Stadtentwicklung', 'Teilhabe': 'Inklusion & Teilhabe', 'Telemedizin': 'Gesundheit', 'Transparenz': 'Inklusion & Teilhabe', 'Türkei': 'Internationale Projekte', 'Umwelt': 'Klima & Umwelt', 'Umweltschutz': 'Klima & Umwelt', 'Vernetzung': 'Organisation & Professionalisierung', 'Verwaltung': 'Organisation & Professionalisierung', 'Wirkungsmessung': 'Organisation & Professionalisierung', 'Wohlfahrt': 'Soziale Dienste', 'Wohnen': 'Stadtentwicklung', 'Wohnungslosenhilfe': 'Soziale Dienste', 'Wissensmanagement': 'Organisation & Professionalisierung'};https://www.civic-coding.de/community-information/projekte/vorschauseite-projekt/ai-academy/991;Civic Coding;Unbekannt;Die AI Akademie stellt eine interaktive Webseite dar, die einen Self-Service-Bereich für unterschiedliche Zielgruppen bietet. Dieser Guide ist darauf ausgerichtet, Nutzern zu assistieren, KI-Lösungen zu identifizieren, die den Anforderungen der EU AI-Act entsprechen.;;CC-BY-NC-ND 4.0;https://www.civic-coding.de;23.0
https://www.civic-coding.de/community-information/projekte/vorschauseite-projekt/flavourflip-der-greatery-gmbh/990;FlavourFlip der Greatery GmbH;{'Analyse von Sensordaten und ML': 'Künstliche Intelligenz', 'Automatisierte Datenübermittlung': 'Datenmanagement', 'Bericht': 'Datenreporting', 'Crowd-Sourced Daten': 'Öffentliche Daten', 'Dashboard': 'Datenreporting', 'Datenanalyse': 'Datenanalyse', 'Datenerhebung': 'Datenerhebung', 'Datenanwendung für Öffentlichkeit': 'Datenanwendung für Öffentlichkeit', 'Datenstandards': 'Datenmanagement', 'Datensatz und Visualisierung': 'Datenreporting', 'Digitale Plattform': 'Digitale Plattformen', 'Dokumentations- und Netzwerktool': 'Unterstützungstools', 'Entscheidungsassistent': 'Virtuelle Assistenz', 'Festival und Studie': 'Datenreporting', 'Generative KI': 'Künstliche Intelligenz', 'Interaktive App': 'Webanwendungen', 'Interaktive Karte': 'Karten & Verzeichnisse', 'Interaktiver Fragebogen': 'Datenerhebung', 'Interne Datenanwendung': 'Interne Datenanwendung', 'KI Anwendung': '', 'Karte': 'Karten & Verzeichnisse', 'Knowledge Graph': 'Wissensorganisation', 'Large Language Model (LLM)': 'Sprachtechnologie', 'Matching': 'Datenanalyse', 'Monitoring': 'Wirkungsmessung', 'Offene Daten': 'Öffentliche Daten', 'Output Monitoring': 'Wirkungsmessung', 'Plattform für Wahlentscheidungen': 'Digitale Plattformen', 'Prozessautomatisierung': 'Automatisierung', 'Reporting': 'Datenreporting', 'Skalierung der Wirkungsmessung': 'Wirkungsmessung', 'Sprach-Editor': 'Sprachtechnologie', 'Umfrage': 'Datenerhebung', 'Übersetzungsassistent': 'Sprachtechnologie', 'Vernetzungsassistent': 'Virtuelle Assistenz', 'Verzeichnis / Karte': 'Karten & Verzeichnisse', 'Visualisierung mit Karten': 'Karten & Verzeichnisse', 'Zugänglichkeit Offene Daten des Statistischen Bundesamts': 'Öffentliche Daten'};{'Afrika': 'Internationale Projekte', 'Antidiskriminierung': 'Anti Dismkriminierung', 'Antirassismus': 'Anti Dismkriminierung', 'Arbeit mit Kindern': 'Jugendhilfe', 'Armut': 'Arbeit & Soziales', 'Barrierefreiheit': 'Inklusion & Teilhabe', 'Beratung': 'Soziale Dienste', 'Chancengleichheit': 'Anti Dismkriminierung', 'Demokratie': 'Demokratie & Soziale Rechte', 'Demenz': 'Gesundheit', 'Datenschutz': '', 'Energie': 'Klima & Umwelt', 'Ethik': 'Demokratie & Soziale Rechte', 'Evaluation': 'Organisation & Professionalisierung', 'Frauen': 'Anti Dismkriminierung', 'Fundraising': 'Organisation & Professionalisierung', 'Geflüchtete': 'Flucht & Migration', 'Genderneutrale Sprache': '', 'Gleichberechtigung': 'Anti Dismkriminierung', 'Gleichstellung': 'Anti Dismkriminierung', 'Gesundheit': 'Gesundheit', 'Humanitäre Hilfe': 'Internationale Projekte', 'Indien': 'Internationale Projekte', 'Inklusion': 'Inklusion & Teilhabe', 'Integration': 'Inklusion & Teilhabe', 'International': 'Internationale Projekte', 'Jugendarbeit': 'Jugendhilfe', 'Jugendbeteiligung': 'Jugendhilfe', 'Jugendhilfe': 'Jugendhilfe', 'Kamerun': 'Internationale Projekte', 'Katastrophenschutz': 'Gesundheit', 'Kältehilfe': 'Soziale Dienste', 'Kinderschutz': 'Jugendhilfe', 'Kinder- und Jugendhilfe': 'Jugendhilfe', 'KI': 'Gesundheit', 'Kongo': 'Internationale Projekte', 'Kroatien': 'Internationale Projekte', 'Landwirtschaft': 'Klima & Umwelt', 'Meeresschutz': 'Klima & Umwelt', 'Mentale Gesundheit': 'Gesundheit', 'Mentoring': 'Bildung', 'Menschen mit Behinderung': 'Inklusion & Teilhabe', 'Menschenrechte': 'Demokratie & Soziale Rechte', 'Migration': 'Flucht & Migration', 'Migrationsberatung': 'Flucht & Migration', 'Nachhaltigkeit': 'Klima & Umwelt', 'Offene Daten': '', 'Partizipation': 'Inklusion & Teilhabe', 'Patenschaft': 'Organisation & Professionalisierung', 'Pflege': 'Gesundheit', 'Pflegende Angehörige': '', 'Queere Sichtbarkeit': 'Anti Dismkriminierung', 'Rettungsdienst': 'Gesundheit', 'Senioren': 'Soziale Dienste', 'Soziale Arbeit': 'Soziale Dienste', 'Sport': 'Sport', 'Stadt': 'Stadtentwicklung', 'Stadtplanung': 'Stadtentwicklung', 'Teilhabe': 'Inklusion & Teilhabe', 'Telemedizin': 'Gesundheit', 'Transparenz': 'Inklusion & Teilhabe', 'Türkei': 'Internationale Projekte', 'Umwelt': 'Klima & Umwelt', 'Umweltschutz': 'Klima & Umwelt', 'Vernetzung': 'Organisation & Professionalisierung', 'Verwaltung': 'Organisation & Professionalisierung', 'Wirkungsmessung': 'Organisation & Professionalisierung', 'Wohlfahrt': 'Soziale Dienste', 'Wohnen': 'Stadtentwicklung', 'Wohnungslosenhilfe': 'Soziale Dienste', 'Wissensmanagement': 'Organisation & Professionalisierung'};https://www.civic-coding.de/community-information/projekte/vorschauseite-projekt/flavourflip-der-greatery-gmbh/990;Civic Coding;Unbekannt;FlavourFlip - die moderne Art daheim zu kochen! Durch eine KI werden vorrätige, regional frische Lebensmittel ermittelt & daraus Rezeptvorschläge erarbeitet. Fehlende Zutaten für den besonderen Twist werden CO2-neutral per Post geschickt, besonders vorteilhaft im ländlichen Raum!;;CC-BY-NC-ND 4.0;https://www.civic-coding.de;24.0
https://www.civic-coding.de/community-information/projekte/vorschauseite-projekt/reimagine-spaces/989;Reimagine Spaces;{'Unbekannt': ''};{'Unbekannt': ''};https://www.civic-coding.de/community-information/projekte/vorschauseite-projekt/reimagine-spaces/989;Civic Coding;Unbekannt;Wir finden durch Geodatenanalyse gelungene Beispiele für barrierefreie und nachhaltige Orte. Dann trainieren wir eine KI, diese Lösungen mit dem aktuellen Zustand des zu gestaltenden städtischen Raums zu vergleichen und die besten Optionen aufzuzeigen.;;CC-BY-NC-ND 4.0;https://www.civic-coding.de;25.0
https://www.civic-coding.de/community-information/projekte/vorschauseite-projekt/citizencontract/988;CitizenContract;{'Unbekannt': ''};{'Unbekannt': ''};https://www.civic-coding.de/community-information/projekte/vorschauseite-projekt/citizencontract/988;Civic Coding;Unbekannt;CitizenContract wird eine Plattform für die Generierung und Verwaltung von digitalen Verträgen in natürlicher Sprache. Diese benutzerfreundliche App dient als Schnittstelle für Nutzer, um Verträge zu definieren, zu bearbeiten und über ein digitales Vertragssystem zu verifizieren;;CC-BY-NC-ND 4.0;https://www.civic-coding.de;26.0
https://www.civic-coding.de/community-information/projekte/vorschauseite-projekt/laizee-language-made-easy-einfach-leichte-sprache-fur-jeden-text-website-oder-dokumente/986;"laizee - language made easy: Einfach ""Leichte Sprache"" für jeden Text, Website oder Dokumente";{'Unbekannt': ''};{'Unbekannt': ''};https://www.civic-coding.de/community-information/projekte/vorschauseite-projekt/laizee-language-made-easy-einfach-leichte-sprache-fur-jeden-text-website-oder-dokumente/986;Civic Coding;Unbekannt;Mehr als 10 Millionen Menschen profitieren von Texten in Leichter Sprache. Das hat verschiedene Gründe und Ursachen. laizee bietet den Menschen eine LLM-gestützte App, Browser-Plugin und Unterstützung bei der Übersetzung und Formatierung normaler Sprache in Leichte Sprache.;;CC-BY-NC-ND 4.0;https://www.civic-coding.de;27.0
https://www.civic-coding.de/community-information/projekte/vorschauseite-projekt/neow-the-new-now/985;NEOW - The New Now;{};{};https://www.civic-coding.de/community-information/projekte/vorschauseite-projekt/neow-the-new-now/985;Civic Coding;Unbekannt;NEOW ist der neue, nachhaltige und sozial gerechte Weg für Express Logistik. Dem Versendenden wird durch eine KI der günstigste und klimafreundlichste Weg für die Logistikbedürfnisse vorgeschlagen und danach über eine Plattform direkt für faire Raten an Durchführende vermittelt.;;CC-BY-NC-ND 4.0;https://www.civic-coding.de;28.0
https://www.civic-coding.de/community-information/projekte/vorschauseite-projekt/travelsync-dynamischer-mitfahr-routenplaner-mit-oeffi-anbindung/984;TravelSync - dynamischer Mitfahr-Routenplaner mit Öffi-Anbindung,;{'Mitfahr-App/Website': '', 'KI-Anwendung': 'Künstliche Intelligenz'};{'Soziale Durchmischung': '', 'Umweltschutz': 'Klima & Umwelt'};https://www.civic-coding.de/community-information/projekte/vorschauseite-projekt/travelsync-dynamischer-mitfahr-routenplaner-mit-oeffi-anbindung/984;Civic Coding;Unbekannt;Eine Mitfahr-App/Website, die die Suche nach passenden Fahrten übernimmt. Dabei lernt die KI mit der Zeit beliebige Bedürfnisse (keine Hunde, habe viel Gepäck dabei, Fahrstil). Um soziale Durchmischung zu fördern, versucht die KI unterschiedliche Menschen zusammen zu bringen.;;CC-BY-NC-ND 4.0;https://www.civic-coding.de;29.0
https://www.civic-coding.de/community-information/projekte/vorschauseite-projekt/chatbot-gegen-rechte-hetze/983;Chatbot gegen rechte Hetze;{'Unbekannt': ''};{'Unbekannt': ''};https://www.civic-coding.de/community-information/projekte/vorschauseite-projekt/chatbot-gegen-rechte-hetze/983;Civic Coding;Unbekannt;Wir bauen einen Chatbot, der rechter Hetze auf Social Media etwas entgegensetzt. Mit Argumenten, Fakten und Humor setzt der Bot in Kommentaren auf Social Media rechter Hetze eine klare Haltung entgegen. Mit diesem Angebot entlasten wir Community-Manager und Einzelpersonen.;;CC-BY-NC-ND 4.0;https://www.civic-coding.de;30.0
https://www.civic-coding.de/community-information/projekte/vorschauseite-projekt/climate-argumentation-assistant/982;Climate Argumentation Assistant;{'Analyse von Sensordaten und ML': 'Künstliche Intelligenz'};{'Umwelt': 'Klima & Umwelt', 'Umweltschutz': 'Klima & Umwelt'};https://www.civic-coding.de/community-information/projekte/vorschauseite-projekt/climate-argumentation-assistant/982;Civic Coding;Unbekannt;Klima-Missinformation konstruktiv, gemeinschaftlich und wissenschaftsfundiert begegnen, für eine bessere Klima-Debatte im wachsenden digitalen Raum und öffentliche Akzeptanz. Ungerechter (Meinungs)Macht durch verteiltes Wissen begegnen.;;CC-BY-NC-ND 4.0;https://www.civic-coding.de;31.0
https://www.civic-coding.de/community-information/projekte/vorschauseite-projekt/deliberaide-the-ai-co-pilot-for-democratic-participation/978;deliberAIde - The AI Co-Pilot for Democratic Participation;{'Unbekannt': ''};{'Unbekannt': ''};https://www.civic-coding.de/community-information/projekte/vorschauseite-projekt/deliberaide-the-ai-co-pilot-for-democratic-participation/978;Civic Coding;Unbekannt;An innovative AI assistant for more inclusive, effective and sustainable communal participation. Adaptable across various formats and use cases, the Co-Pilot can aid with diverse tasks like live translation, summarization, and considering long-term and environmental impacts.;;CC-BY-NC-ND 4.0;https://www.civic-coding.de;32.0
https://www.civic-coding.de/community-information/projekte/vorschauseite-projekt/kipp-ki-sprachassistent-zur-ermittlung-der-persoenlichkeitsprofile-fur-eine-gemeinsame-nutzung-von-wohnraum/975;KIPP: KI-Sprachassistent zur Ermittlung der Persönlichkeitsprofile für eine gemeinsame Nutzung von Wohnraum;{'Sprach-Editor': 'Sprachtechnologie'};{'Wohnen': 'Stadtentwicklung'};https://www.civic-coding.de/community-information/projekte/vorschauseite-projekt/kipp-ki-sprachassistent-zur-ermittlung-der-persoenlichkeitsprofile-fur-eine-gemeinsame-nutzung-von-wohnraum/975;Civic Coding;Unbekannt;Die gemeinsame Nutzung von Wohnraum erfordert eine bestmögliche zwischenmenschliche Passung. Diese wird mittels eines KI-Sprachassistenten ermöglicht, der die Persönlichkeitsprofile mit Präferenzen von anbietenden und suchenden Personen im Dialog erfasst und berücksichtigt.;;CC-BY-NC-ND 4.0;https://www.civic-coding.de;33.0
https://www.civic-coding.de/community-information/projekte/vorschauseite-projekt/aican-ai-citizen-science-aqua-network/969;AI.CAN - AI. Citizen Science Aqua Network;{'Unbekannt': ''};{'Unbekannt': ''};https://www.civic-coding.de/community-information/projekte/vorschauseite-projekt/aican-ai-citizen-science-aqua-network/969;Civic Coding;Unbekannt;Bürger-Wasser-KI: wir wollen mit Sensor-Boxen Wasserqualitätsdaten sammeln und auswerten. Dafür vernetzen wir uns mit Organisationen und Institutionen entlang der gesamten Oder. Problemstellung: Es existiert kein grenzübergreifendes System zur Verbesserung der Gewässerökologie!;;CC-BY-NC-ND 4.0;https://www.civic-coding.de;34.0
https://www.civic-coding.de/community-information/projekte/vorschauseite-projekt/rentennavi/968;RentenNavi;{'Unbekannt': ''};{'Unbekannt': ''};https://www.civic-coding.de/community-information/projekte/vorschauseite-projekt/rentennavi/968;Civic Coding;Unbekannt;Immer mehr Menschen erreichen das Renteneintrittsalter. Diejenigen mit Sprachproblemen haben es besonders schwer einen Überblick über das Thema zu gewinnen und die erforderlichen Unterlagen korrekt auszufüllen. Ein KI-Assistent in einfacher Sprache kann hier unterstützend wirken.;;CC-BY-NC-ND 4.0;https://www.civic-coding.de;35.0
https://www.civic-coding.de/community-information/projekte/vorschauseite-projekt/ai-assist-vision/955;AI Assist Vision;{'Analyse von Sensordaten und ML': 'Künstliche Intelligenz'};{'Barrierefreiheit': 'Inklusion & Teilhabe'};https://www.civic-coding.de/community-information/projekte/vorschauseite-projekt/ai-assist-vision/955;Civic Coding;Unbekannt;Wir planen eine innovative App, die mittels KI blinden und sehbehinderten Menschen im Alltag helfen soll. Mit Hilfe von Bilderkennung und Sprachsteuerung unterstützt sie alltägliche Aufgaben und ermöglicht so Betroffenen mehr Selbstständigkeit und Teilhabe im täglichen Leben.;;CC-BY-NC-ND 4.0;https://www.civic-coding.de;36.0
https://www.civic-coding.de/community-information/projekte/vorschauseite-projekt/newsbuddies-wir-entwickeln-unsere-eigene-ki-news-app/942;Newsbuddies - Wir entwickeln unsere eigene KI-News-App!;{'Unbekannt': ''};{'Unbekannt': ''};https://www.civic-coding.de/community-information/projekte/vorschauseite-projekt/newsbuddies-wir-entwickeln-unsere-eigene-ki-news-app/942;Civic Coding;Unbekannt;Entwicklung einer LLM-basierten App mit für Jugendliche aufbereiteten Nachrichten. Die Jugendliche werden in Bildungsveranstaltungen (2 Wochenenden) in die Themen KI, Nachrichtenkompetenz und App-Design eingeführt, arbeiten am Design der App mit und testen sie.;;CC-BY-NC-ND 4.0;https://www.civic-coding.de;37.0
https://www.civic-coding.de/community-information/projekte/vorschauseite-projekt/citizen-knowledge-graph/913;Citizen Knowledge Graph;{'Unbekannt': ''};{'Unbekannt': ''};https://www.civic-coding.de/community-information/projekte/vorschauseite-projekt/citizen-knowledge-graph/913;Civic Coding;Unbekannt;"Ein Tool für Bürger um ""Bürokratie-relevante"" Daten (Steuernummer, etc.) zu speichern. Dies erleichtert das Ausfüllen von Formularen und ermöglicht das Durchführen von Queries auf den eigenen Daten, um kontinuierlich neue Berechtigungen und Möglichkeiten zu entdecken.";;CC-BY-NC-ND 4.0;https://www.civic-coding.de;38.0
https://www.civic-coding.de/community-information/projekte/vorschauseite-projekt/fairsync-ai/864;FairSync AI;{'Unbekannt': ''};{'Unbekannt': ''};https://www.civic-coding.de/community-information/projekte/vorschauseite-projekt/fairsync-ai/864;Civic Coding;Unbekannt;Einmal hin, alles drin: Derzeit werden auf hunderten Karten und Plattformen sinnvolle Veranstaltungen, Unternehmen für nachhaltigen Konsum oder Initiativen für soziales und ökologisches Engagement gesammelt und vernetzt. Das wollen wir intelligent zusammenführen und verbinden.;;CC-BY-NC-ND 4.0;https://www.civic-coding.de;39.0
https://www.civic-coding.de/community-information/projekte/vorschauseite-projekt/mutter-erde-ki-wir-geben-mutter-erde-eine-stimme/860;Mutter Erde KI: Wir geben Mutter Erde eine Stimme!;{'KI Anwendung': ''};{'Umwelt': 'Klima & Umwelt', 'Nachhaltigkeit': 'Klima & Umwelt'};https://www.civic-coding.de/community-information/projekte/vorschauseite-projekt/mutter-erde-ki-wir-geben-mutter-erde-eine-stimme/860;Civic Coding;Unbekannt;"Wir arbeiten an einem Mutter Erde Telefon-Prototypen der im öffentlichen Raum eingesetzt werden kann. Durch die Interaktion mit ""Mutter Erde"" ermöglichen wir einen Perspektivenwechsel, der helfen kann die Erde als Ökosystem zu verstehen und gleichzeitig KI ""anfassbar"" zu machen.";;CC-BY-NC-ND 4.0;https://www.civic-coding.de;40.0
https://www.civic-coding.de/community-information/projekte/vorschauseite-projekt/nect-ident-online-identifizieren-mit-ki/856;Nect Ident - Online identifizieren mit KI;{'Unbekannt': ''};{'Unbekannt': ''};https://www.civic-coding.de/community-information/projekte/vorschauseite-projekt/nect-ident-online-identifizieren-mit-ki/856;Civic Coding;Unbekannt;Die Hauptfrage bei hoheitlichen, digitalen Prozessen ist: Wie greife ich darauf zu - als Bürger:in und als Unternehmen? Die vollautomatisierten, sicheren und nutzerfreundlichen Identifizierungsverfahren des Nect Ident-Portfolios können dabei helfen: Per KI-Video, eID & Reisepass.;;CC-BY-NC-ND 4.0;https://www.civic-coding.de;41.0
https://www.civic-coding.de/community-information/projekte/vorschauseite-projekt/synergie-contract-ki-gestutzt-gemeinschaftlich-strom-erzeugen-verteilen-und-nutzen/855;Synergie Contract – KI gestützt gemeinschaftlich Strom erzeugen, verteilen und nutzen;{'Unbekannt': ''};{'Unbekannt': ''};https://www.civic-coding.de/community-information/projekte/vorschauseite-projekt/synergie-contract-ki-gestutzt-gemeinschaftlich-strom-erzeugen-verteilen-und-nutzen/855;Civic Coding;Unbekannt;KI - gesteuerte Gemeinschafts-Energie-Erzeugung (PV), Verteilung (Energie als Währung) & Nutzung (KI-gemanagte Hi-Tec) finanzieren, betreiben und ortsunabhängig verfügbar machen.;;CC-BY-NC-ND 4.0;https://www.civic-coding.de;42.0
https://www.civic-coding.de/community-information/projekte/vorschauseite-projekt/skyla-die-digitale-assistenz-fur-die-zusammenarbeit-der-zukunft-in-klassenraum-und-kollegium/850;Skyla - Die digitale Assistenz für die Zusammenarbeit der Zukunft in Klassenraum und Kollegium;{'Unbekannt': ''};{'Unbekannt': ''};https://www.civic-coding.de/community-information/projekte/vorschauseite-projekt/skyla-die-digitale-assistenz-fur-die-zusammenarbeit-der-zukunft-in-klassenraum-und-kollegium/850;Civic Coding;Unbekannt;Mit Skyla haben Lehrende und Lernende immer alles für ihren Schulalltag an einem Ort! Skyla verbindet die wichtigsten Bedürfnisse im Alltag in einer DSGVO-konformen, browserbasierten und integrierbaren Software-Lösung, klug und automatisch orientiert an dem Rhythmus ihres Tages.;;CC-BY-NC-ND 4.0;https://www.civic-coding.de;43.0
https://www.civic-coding.de/community-information/projekte/vorschauseite-projekt/sprechende-bilder-reanimierte-vergangenheit/847;Sprechende Bilder – reanimierte Vergangenheit;{'Unbekannt': ''};{'Unbekannt': ''};https://www.civic-coding.de/community-information/projekte/vorschauseite-projekt/sprechende-bilder-reanimierte-vergangenheit/847;Civic Coding;Unbekannt;Was wäre, wenn Personen auf historischen Porträtfotos mit uns sprechen könnten? Mit unserem Vorhaben geben wir den Protagonisten der Vergangenheit wieder eine Stimme und lassen sie im musealen oder schulischen Kontext selbst von ihren Erlebnissen und Erfahrungen berichten.;;CC-BY-NC-ND 4.0;https://www.civic-coding.de;44.0
https://www.civic-coding.de/community-information/projekte/vorschauseite-projekt/durch-intelligenten-ad-hoc-verlegung-von-rettungswaegen-leben-retten/845;Durch intelligenten ad-hoc Verlegung von Rettungswägen Leben retten;{'Unbekannt': ''};{'Unbekannt': ''};https://www.civic-coding.de/community-information/projekte/vorschauseite-projekt/durch-intelligenten-ad-hoc-verlegung-von-rettungswaegen-leben-retten/845;Civic Coding;Unbekannt;Die Anzahl verfügbarer Rettungswägen ist begrenzt. Bei hohem Einsatzaufkommen kann es zu Versorgungslücken kommen. Gleichzeitig gibt es eine Vielzahl an Daten, aus denen wir mit KI lernen können, um diese Lücken rechtzeitig zu erkennen und zu schließen und so Leben zu retten.;;CC-BY-NC-ND 4.0;https://www.civic-coding.de;45.0
https://www.civic-coding.de/community-information/projekte/vorschauseite-projekt/die-stille-reserve-fur-die-kinderbetreuung-mobilisieren/844;Die stille Reserve für die Kinderbetreuung mobilisieren;{'Analyse von Sensordaten und ML': 'Künstliche Intelligenz', 'Automatisierte Datenübermittlung': 'Datenmanagement', 'Bericht': 'Datenreporting', 'Crowd-Sourced Daten': 'Öffentliche Daten', 'Dashboard': 'Datenreporting', 'Datenanalyse': 'Datenanalyse', 'Datenerhebung': 'Datenerhebung', 'Datenanwendung für Öffentlichkeit': 'Datenanwendung für Öffentlichkeit', 'Datenstandards': 'Datenmanagement', 'Datensatz und Visualisierung': 'Datenreporting', 'Digitale Plattform': 'Digitale Plattformen', 'Dokumentations- und Netzwerktool': 'Unterstützungstools', 'Entscheidungsassistent': 'Virtuelle Assistenz', 'Festival und Studie': 'Datenreporting', 'Generative KI': 'Künstliche Intelligenz', 'Interaktive App': 'Webanwendungen', 'Interaktive Karte': 'Karten & Verzeichnisse', 'Interaktiver Fragebogen': 'Datenerhebung', 'Interne Datenanwendung': 'Interne Datenanwendung', 'KI Anwendung': '', 'Karte': 'Karten & Verzeichnisse', 'Knowledge Graph': 'Wissensorganisation', 'Large Language Model (LLM)': 'Sprachtechnologie', 'Matching': 'Datenanalyse', 'Monitoring': 'Wirkungsmessung', 'Offene Daten': 'Öffentliche Daten', 'Output Monitoring': 'Wirkungsmessung', 'Plattform für Wahlentscheidungen': 'Digitale Plattformen', 'Prozessautomatisierung': 'Automatisierung', 'Reporting': 'Datenreporting', 'Skalierung der Wirkungsmessung': 'Wirkungsmessung', 'Sprach-Editor': 'Sprachtechnologie', 'Umfrage': 'Datenerhebung', 'Übersetzungsassistent': 'Sprachtechnologie', 'Vernetzungsassistent': 'Virtuelle Assistenz', 'Verzeichnis / Karte': 'Karten & Verzeichnisse', 'Visualisierung mit Karten': 'Karten & Verzeichnisse', 'Zugänglichkeit Offene Daten des Statistischen Bundesamts': 'Öffentliche Daten'};{'Afrika': 'Internationale Projekte', 'Antidiskriminierung': 'Anti Dismkriminierung', 'Antirassismus': 'Anti Dismkriminierung', 'Arbeit mit Kindern': 'Jugendhilfe', 'Armut': 'Arbeit & Soziales', 'Barrierefreiheit': 'Inklusion & Teilhabe', 'Beratung': 'Soziale Dienste', 'Chancengleichheit': 'Anti Dismkriminierung', 'Demokratie': 'Demokratie & Soziale Rechte', 'Demenz': 'Gesundheit', 'Datenschutz': '', 'Energie': 'Klima & Umwelt', 'Ethik': 'Demokratie & Soziale Rechte', 'Evaluation': 'Organisation & Professionalisierung', 'Frauen': 'Anti Dismkriminierung', 'Fundraising': 'Organisation & Professionalisierung', 'Geflüchtete': 'Flucht & Migration', 'Genderneutrale Sprache': '', 'Gleichberechtigung': 'Anti Dismkriminierung', 'Gleichstellung': 'Anti Dismkriminierung', 'Gesundheit': 'Gesundheit', 'Humanitäre Hilfe': 'Internationale Projekte', 'Indien': 'Internationale Projekte', 'Inklusion': 'Inklusion & Teilhabe', 'Integration': 'Inklusion & Teilhabe', 'International': 'Internationale Projekte', 'Jugendarbeit': 'Jugendhilfe', 'Jugendbeteiligung': 'Jugendhilfe', 'Jugendhilfe': 'Jugendhilfe', 'Kamerun': 'Internationale Projekte', 'Katastrophenschutz': 'Gesundheit', 'Kältehilfe': 'Soziale Dienste', 'Kinderschutz': 'Jugendhilfe', 'Kinder- und Jugendhilfe': 'Jugendhilfe', 'KI': 'Gesundheit', 'Kongo': 'Internationale Projekte', 'Kroatien': 'Internationale Projekte', 'Landwirtschaft': 'Klima & Umwelt', 'Meeresschutz': 'Klima & Umwelt', 'Mentale Gesundheit': 'Gesundheit', 'Mentoring': 'Bildung', 'Menschen mit Behinderung': 'Inklusion & Teilhabe', 'Menschenrechte': 'Demokratie & Soziale Rechte', 'Migration': 'Flucht & Migration', 'Migrationsberatung': 'Flucht & Migration', 'Nachhaltigkeit': 'Klima & Umwelt', 'Offene Daten': '', 'Partizipation': 'Inklusion & Teilhabe', 'Patenschaft': 'Organisation & Professionalisierung', 'Pflege': 'Gesundheit', 'Pflegende Angehörige': '', 'Queere Sichtbarkeit': 'Anti Dismkriminierung', 'Rettungsdienst': 'Gesundheit', 'Senioren': 'Soziale Dienste', 'Soziale Arbeit': 'Soziale Dienste', 'Sport': 'Sport', 'Stadt': 'Stadtentwicklung', 'Stadtplanung': 'Stadtentwicklung', 'Teilhabe': 'Inklusion & Teilhabe', 'Telemedizin': 'Gesundheit', 'Transparenz': 'Inklusion & Teilhabe', 'Türkei': 'Internationale Projekte', 'Umwelt': 'Klima & Umwelt', 'Umweltschutz': 'Klima & Umwelt', 'Vernetzung': 'Organisation & Professionalisierung', 'Verwaltung': 'Organisation & Professionalisierung', 'Wirkungsmessung': 'Organisation & Professionalisierung', 'Wohlfahrt': 'Soziale Dienste', 'Wohnen': 'Stadtentwicklung', 'Wohnungslosenhilfe': 'Soziale Dienste', 'Wissensmanagement': 'Organisation & Professionalisierung'};https://www.civic-coding.de/community-information/projekte/vorschauseite-projekt/die-stille-reserve-fur-die-kinderbetreuung-mobilisieren/844;Civic Coding;Unbekannt;"Der Fachkräftemangel in der Kinderbetreuung wird durch Menschen der ""stillen Reserve"" gelindert. KiTas brauchen kurzfristig Unterstützung, wenn Mitarbeiter z.B. krankheitsbedingt ausfallen. Menschen in der stillen Reserve suchen flexible Arbeitsmöglichkeiten in geringen Umfang.";;CC-BY-NC-ND 4.0;https://www.civic-coding.de;46.0
https://www.civic-coding.de/community-information/projekte/vorschauseite-projekt/1-bild-sagt-mehr-als-1000-worte/843;1 Bild sagt mehr als 1000 Worte;{'KI-Lösung': '', 'Bild': '', 'Text': '', 'Sprachschwierigkeiten': '', 'Verständnis': '', 'visuelle Darstellungen': ''};{'Sprachbarrieren': '', 'Menschen mit Sprachschwierigkeiten': '', 'Verständnis komplexer Ideen': ''};https://www.civic-coding.de/community-information/projekte/vorschauseite-projekt/1-bild-sagt-mehr-als-1000-worte/843;Civic Coding;Unbekannt;Eine KI-Lösung erstellt Bilder für Texte erstellt und hilft Menschen mit Sprachschwierigkeiten geschriebene Materialien zu verstehen. Sprachbarrieren werden reduziert, indem das Verständnis selbst komplexer Ideen automatisiert durch visuelle Darstellungen unterstützt wird.;;CC-BY-NC-ND 4.0;https://www.civic-coding.de;47.0
https://www.civic-coding.de/community-information/projekte/vorschauseite-projekt/ai2destination-ki-basiertes-system-fur-stationaeres-bettenmanagement-und-krankenhausverlegungen/842;AI2destination - KI-basiertes System für stationäres Bettenmanagement und Krankenhausverlegungen;{'KI-basiertes System für stationäres Bettenmanagement und Krankenhausverlegungen': ''};{'Rettungsdienst': 'Gesundheit', 'Krankenhaus': ''};https://www.civic-coding.de/community-information/projekte/vorschauseite-projekt/ai2destination-ki-basiertes-system-fur-stationaeres-bettenmanagement-und-krankenhausverlegungen/842;Civic Coding;Unbekannt;Es soll ein intelligentes Be- und Verlegungsmanagementsystem an der Schnittstelle zwischen Rettungsdienst und Krankenhaus entwickelt werden, das bei Sekundäreinsätzen und Großschadenslagen durch Vorschläge geeigneter Transportmittel und Zielkliniken unterstützt.;;CC-BY-NC-ND 4.0;https://www.civic-coding.de;48.0
https://www.civic-coding.de/community-information/projekte/vorschauseite-projekt/anymate-live/841;Anymate Live;{'KI-basierte Videoproduktionsplattform': ''};{'Automatisierte Videoerstellung': '', 'Multilinguale Videos': '', 'Gebärdensprache': ''};https://www.civic-coding.de/community-information/projekte/vorschauseite-projekt/anymate-live/841;Civic Coding;Unbekannt;“Anymate Live” ist eine KI-basierte Videoproduktionsplattform zur automatisierten Erstellung von multilingualen (Gebärdensprach)Videos IN ECHTZEIT. Die Videoerstellung erfolgt durch Texteingabe, mithilfe fotorealistischer KI-Avatare.;;CC-BY-NC-ND 4.0;https://www.civic-coding.de;49.0
https://www.civic-coding.de/community-information/projekte/vorschauseite-projekt/foerderbot/840;FörderBot;{};{};https://www.civic-coding.de/community-information/projekte/vorschauseite-projekt/foerderbot/840;Civic Coding;Unbekannt;Unterstütze Vereine bei Förderanträgen durch personalisierte Empfehlungen. Mit KI-Technologie können Vereinsbedürfnisse erfasst werden, um die richtigen Fördermöglichkeiten zu finden. Zeit- und Ressourcenersparnis, höhere Erfolgschance bei Förderanträgen.;;CC-BY-NC-ND 4.0;https://www.civic-coding.de;50.0
https://www.civic-coding.de/community-information/projekte/vorschauseite-projekt/edtech-for-diversity-in-ai-kompetenzen-fur-die-diversitaetssensible-einfuhrung-menschenzentrierter-ki-in-unternehmen/839;EdTech for Diversity in AI - Kompetenzen für die diversitätssensible Einführung menschenzentrierter KI in Unternehmen;{'Analyse von Sensordaten und ML': 'Künstliche Intelligenz', 'Automatisierte Datenübermittlung': 'Datenmanagement', 'Bericht': 'Datenreporting', 'Crowd-Sourced Daten': 'Öffentliche Daten', 'Dashboard': 'Datenreporting', 'Datenanalyse': 'Datenanalyse', 'Datenerhebung': 'Datenerhebung', 'Datenanwendung für Öffentlichkeit': 'Datenanwendung für Öffentlichkeit', 'Datenstandards': 'Datenmanagement', 'Datensatz und Visualisierung': 'Datenreporting', 'Digitale Plattform': 'Digitale Plattformen', 'Dokumentations- und Netzwerktool': 'Unterstützungstools', 'Entscheidungsassistent': 'Virtuelle Assistenz', 'Festival und Studie': 'Datenreporting', 'Generative KI': 'Künstliche Intelligenz', 'Interaktive App': 'Webanwendungen', 'Interaktive Karte': 'Karten & Verzeichnisse', 'Interaktiver Fragebogen': 'Datenerhebung', 'Interne Datenanwendung': 'Interne Datenanwendung', 'KI Anwendung': '', 'Karte': 'Karten & Verzeichnisse', 'Knowledge Graph': 'Wissensorganisation', 'Large Language Model (LLM)': 'Sprachtechnologie', 'Matching': 'Datenanalyse', 'Monitoring': 'Wirkungsmessung', 'Offene Daten': 'Öffentliche Daten', 'Output Monitoring': 'Wirkungsmessung', 'Plattform für Wahlentscheidungen': 'Digitale Plattformen', 'Prozessautomatisierung': 'Automatisierung', 'Reporting': 'Datenreporting', 'Skalierung der Wirkungsmessung': 'Wirkungsmessung', 'Sprach-Editor': 'Sprachtechnologie', 'Umfrage': 'Datenerhebung', 'Übersetzungsassistent': 'Sprachtechnologie', 'Vernetzungsassistent': 'Virtuelle Assistenz', 'Verzeichnis / Karte': 'Karten & Verzeichnisse', 'Visualisierung mit Karten': 'Karten & Verzeichnisse', 'Zugänglichkeit Offene Daten des Statistischen Bundesamts': 'Öffentliche Daten'};{'Afrika': 'Internationale Projekte', 'Antidiskriminierung': 'Anti Dismkriminierung', 'Antirassismus': 'Anti Dismkriminierung', 'Arbeit mit Kindern': 'Jugendhilfe', 'Armut': 'Arbeit & Soziales', 'Barrierefreiheit': 'Inklusion & Teilhabe', 'Beratung': 'Soziale Dienste', 'Chancengleichheit': 'Anti Dismkriminierung', 'Demokratie': 'Demokratie & Soziale Rechte', 'Demenz': 'Gesundheit', 'Datenschutz': '', 'Energie': 'Klima & Umwelt', 'Ethik': 'Demokratie & Soziale Rechte', 'Evaluation': 'Organisation & Professionalisierung', 'Frauen': 'Anti Dismkriminierung', 'Fundraising': 'Organisation & Professionalisierung', 'Geflüchtete': 'Flucht & Migration', 'Genderneutrale Sprache': '', 'Gleichberechtigung': 'Anti Dismkriminierung', 'Gleichstellung': 'Anti Dismkriminierung', 'Gesundheit': 'Gesundheit', 'Humanitäre Hilfe': 'Internationale Projekte', 'Indien': 'Internationale Projekte', 'Inklusion': 'Inklusion & Teilhabe', 'Integration': 'Inklusion & Teilhabe', 'International': 'Internationale Projekte', 'Jugendarbeit': 'Jugendhilfe', 'Jugendbeteiligung': 'Jugendhilfe', 'Jugendhilfe': 'Jugendhilfe', 'Kamerun': 'Internationale Projekte', 'Katastrophenschutz': 'Gesundheit', 'Kältehilfe': 'Soziale Dienste', 'Kinderschutz': 'Jugendhilfe', 'Kinder- und Jugendhilfe': 'Jugendhilfe', 'KI': 'Gesundheit', 'Kongo': 'Internationale Projekte', 'Kroatien': 'Internationale Projekte', 'Landwirtschaft': 'Klima & Umwelt', 'Meeresschutz': 'Klima & Umwelt', 'Mentale Gesundheit': 'Gesundheit', 'Mentoring': 'Bildung', 'Menschen mit Behinderung': 'Inklusion & Teilhabe', 'Menschenrechte': 'Demokratie & Soziale Rechte', 'Migration': 'Flucht & Migration', 'Migrationsberatung': 'Flucht & Migration', 'Nachhaltigkeit': 'Klima & Umwelt', 'Offene Daten': '', 'Partizipation': 'Inklusion & Teilhabe', 'Patenschaft': 'Organisation & Professionalisierung', 'Pflege': 'Gesundheit', 'Pflegende Angehörige': '', 'Queere Sichtbarkeit': 'Anti Dismkriminierung', 'Rettungsdienst': 'Gesundheit', 'Senioren': 'Soziale Dienste', 'Soziale Arbeit': 'Soziale Dienste', 'Sport': 'Sport', 'Stadt': 'Stadtentwicklung', 'Stadtplanung': 'Stadtentwicklung', 'Teilhabe': 'Inklusion & Teilhabe', 'Telemedizin': 'Gesundheit', 'Transparenz': 'Inklusion & Teilhabe', 'Türkei': 'Internationale Projekte', 'Umwelt': 'Klima & Umwelt', 'Umweltschutz': 'Klima & Umwelt', 'Vernetzung': 'Organisation & Professionalisierung', 'Verwaltung': 'Organisation & Professionalisierung', 'Wirkungsmessung': 'Organisation & Professionalisierung', 'Wohlfahrt': 'Soziale Dienste', 'Wohnen': 'Stadtentwicklung', 'Wohnungslosenhilfe': 'Soziale Dienste', 'Wissensmanagement': 'Organisation & Professionalisierung'};https://www.civic-coding.de/community-information/projekte/vorschauseite-projekt/edtech-for-diversity-in-ai-kompetenzen-fur-die-diversitaetssensible-einfuhrung-menschenzentrierter-ki-in-unternehmen/839;Civic Coding;Unbekannt;Menschenzentrierte digitale Anwendungen, z.B. für Recruiting, kommen in Unternehmen verstärkt zum Einsatz. Um damit verbundene Diskriminierungsrisiken zu vermeiden, sollen Unternehmen über eine KI-gestützte Lernplattform zu einer diversitätssensiblen Einführung befähigt werden.;;CC-BY-NC-ND 4.0;https://www.civic-coding.de;51.0
https://www.civic-coding.de/community-information/projekte/vorschauseite-projekt/gomi-recycle-upcycle-reduce/838;GOMI: Recycle - Upcycle - Reduce;{'Unbekannt': ''};{'Unbekannt': ''};https://www.civic-coding.de/community-information/projekte/vorschauseite-projekt/gomi-recycle-upcycle-reduce/838;Civic Coding;Unbekannt;GOMI hilft bei der schnellen und korrekten Recycling-Entscheidung von Gegenständen und schlägt Upcycling-Ideen, Verkaufsmöglichkeiten oder umweltfreundliche Alternativen vor. Durch GOMI kann das Müllaufkommen und der CO₂-Ausstoß reduziert werden.;;CC-BY-NC-ND 4.0;https://www.civic-coding.de;52.0
https://www.civic-coding.de/community-information/projekte/vorschauseite-projekt/ki-foerderagent-foerdermittel-automatisch-finden-damit-mehr-zeit-furs-wesentliche-bleibt-hat/837;KI Förderagent - Fördermittel automatisch finden, damit mehr Zeit fürs Wesentliche bleibt hat.;{'KI-Anwendung': 'Künstliche Intelligenz', 'Automatisierte Datenübermittlung': 'Datenmanagement', 'Bericht': 'Datenreporting', 'Crowd-Sourced Daten': 'Öffentliche Daten', 'Dashboard': 'Datenreporting', 'Datenanalyse': 'Datenanalyse', 'Datenerhebung': 'Datenerhebung', 'Datenanwendung für Öffentlichkeit': 'Datenanwendung für Öffentlichkeit', 'Datenstandards': 'Datenmanagement', 'Datensatz und Visualisierung': 'Datenreporting', 'Digitale Plattform': 'Digitale Plattformen', 'Dokumentations- und Netzwerktool': 'Unterstützungstools', 'Entscheidungsassistent': 'Virtuelle Assistenz', 'Festival und Studie': 'Datenreporting', 'Generative KI': 'Künstliche Intelligenz', 'Interaktive App': 'Webanwendungen', 'Interaktive Karte': 'Karten & Verzeichnisse', 'Interaktiver Fragebogen': 'Datenerhebung', 'Interne Datenanwendung': 'Interne Datenanwendung', 'KI Anwendung': '', 'Karte': 'Karten & Verzeichnisse', 'Knowledge Graph': 'Wissensorganisation', 'Large Language Model (LLM)': 'Sprachtechnologie', 'Matching': 'Datenanalyse', 'Monitoring': 'Wirkungsmessung', 'Offene Daten': 'Öffentliche Daten', 'Output Monitoring': 'Wirkungsmessung', 'Plattform für Wahlentscheidungen': 'Digitale Plattformen', 'Prozessautomatisierung': 'Automatisierung', 'Reporting': 'Datenreporting', 'Skalierung der Wirkungsmessung': 'Wirkungsmessung', 'Sprach-Editor': 'Sprachtechnologie', 'Umfrage': 'Datenerhebung', 'Übersetzungsassistent': 'Sprachtechnologie', 'Vernetzungsassistent': 'Virtuelle Assistenz', 'Verzeichnis / Karte': 'Karten & Verzeichnisse', 'Visualisierung mit Karten': 'Karten & Verzeichnisse', 'Zugänglichkeit Offene Daten des Statistischen Bundesamts': 'Öffentliche Daten'};{'Gesellschaftlich tätige Organisationen': '', 'Fördermittel': '', 'Akquirieren und Managen von Fördermitteln': '', 'Chancen nutzen': '', 'Zeit für die eigentliche Arbeit': ''};https://www.civic-coding.de/community-information/projekte/vorschauseite-projekt/ki-foerderagent-foerdermittel-automatisch-finden-damit-mehr-zeit-furs-wesentliche-bleibt-hat/837;Civic Coding;Unbekannt;Gesellschaftlich tätige Organisationen benötigen oft viel Zeit für das Akquirieren und Managen von Fördermitteln. NPL kann die Recherche von Fördermöglichkeiten beschleunigen und verbessern. So werden Chancen besser genutzt und es bleibt mehr Zeit für die eigentliche Arbeit.;;CC-BY-NC-ND 4.0;https://www.civic-coding.de;53.0
https://www.civic-coding.de/community-information/projekte/vorschauseite-projekt/intelligent-invoice-manager/836;Intelligent Invoice Manager;{'Analyse von Sensordaten und ML': 'Künstliche Intelligenz', 'Automatisierte Datenübermittlung': 'Datenmanagement', 'Bericht': 'Datenreporting', 'Crowd-Sourced Daten': 'Öffentliche Daten', 'Dashboard': 'Datenreporting', 'Datenanalyse': 'Datenanalyse', 'Datenerhebung': 'Datenerhebung', 'Datenanwendung für Öffentlichkeit': 'Datenanwendung für Öffentlichkeit', 'Datenstandards': 'Datenmanagement', 'Datensatz und Visualisierung': 'Datenreporting', 'Digitale Plattform': 'Digitale Plattformen', 'Dokumentations- und Netzwerktool': 'Unterstützungstools', 'Entscheidungsassistent': 'Virtuelle Assistenz', 'Festival und Studie': 'Datenreporting', 'Generative KI': 'Künstliche Intelligenz', 'Interaktive App': 'Webanwendungen', 'Interaktive Karte': 'Karten & Verzeichnisse', 'Interaktiver Fragebogen': 'Datenerhebung', 'Interne Datenanwendung': 'Interne Datenanwendung', 'KI Anwendung': '', 'Karte': 'Karten & Verzeichnisse', 'Knowledge Graph': 'Wissensorganisation', 'Large Language Model (LLM)': 'Sprachtechnologie', 'Matching': 'Datenanalyse', 'Monitoring': 'Wirkungsmessung', 'Offene Daten': 'Öffentliche Daten', 'Output Monitoring': 'Wirkungsmessung', 'Plattform für Wahlentscheidungen': 'Digitale Plattformen', 'Prozessautomatisierung': 'Automatisierung', 'Reporting': 'Datenreporting', 'Skalierung der Wirkungsmessung': 'Wirkungsmessung', 'Sprach-Editor': 'Sprachtechnologie', 'Umfrage': 'Datenerhebung', 'Übersetzungsassistent': 'Sprachtechnologie', 'Vernetzungsassistent': 'Virtuelle Assistenz', 'Verzeichnis / Karte': 'Karten & Verzeichnisse', 'Visualisierung mit Karten': 'Karten & Verzeichnisse', 'Zugänglichkeit Offene Daten des Statistischen Bundesamts': 'Öffentliche Daten'};{'KMU und Start-up': '', 'Öffentliche Einrichtung': '', 'Privatperson': '', 'Verband/Verein/gGmbH': '', 'Bildungs- und Forschungseinrichtung': ''};https://www.civic-coding.de/community-information/projekte/vorschauseite-projekt/intelligent-invoice-manager/836;Civic Coding;Unbekannt;Intelligent Invoice Manager is a software tool that helps businesses and self-employed. Such as detect duplicates, and detect payments. Moreover, it simplify communicating to tax consultant for sharing expenses and incomes;;CC-BY-NC-ND 4.0;https://www.civic-coding.de;54.0
https://www.civic-coding.de/community-information/projekte/vorschauseite-projekt/motioncomposer-lite/835;MotionComposer Lite;{'Unbekannt': ''};{'Unbekannt': ''};https://www.civic-coding.de/community-information/projekte/vorschauseite-projekt/motioncomposer-lite/835;Civic Coding;Unbekannt;MotionComposer is a device for persons with disabilities that turns movement into music. It is being used in Institutions around Germany and Europe. With the help of FusionSystems, and AI, we propose to develop a much lower-cost, app-based, version of this remarkable device.;;CC-BY-NC-ND 4.0;https://www.civic-coding.de;55.0
https://www.civic-coding.de/community-information/projekte/vorschauseite-projekt/kimup-ki-gestutztes-monitoring-zur-unterstutzung-in-der-haeuslichen-pflege/827;KIMUP: KI-gestütztes Monitoring zur Unterstützung in der häuslichen Pflege;{'KI Anwendung': '', 'Monitoring': 'Wirkungsmessung', 'Umwelt': '', 'Umweltschutz': '', 'Wohlfahrt': '', 'Wohnen': ''};{'Hausliche Pflege': '', 'Unterstützung': ''};https://www.civic-coding.de/community-information/projekte/vorschauseite-projekt/kimup-ki-gestutztes-monitoring-zur-unterstutzung-in-der-haeuslichen-pflege/827;Civic Coding;Unbekannt;4 von 5 Pflegebedürftigen werden in Deutschland zu Hause versorgt – häufig mit Unterstützung pflegender Angehöriger. Ziel des Projektes ist die Umsetzung eines App-basierten Systems zur Bewertung der Aktivität von gepflegten Angehörigen in ihrer häuslichen Umgebung.;;CC-BY-NC-ND 4.0;https://www.civic-coding.de;56.0
https://www.civic-coding.de/community-information/projekte/vorschauseite-projekt/der-intelligente-genderstern/826;Der intelligente Genderstern;{'Analyse von Sensordaten und ML': 'Künstliche Intelligenz', 'Interaktive App': 'Webanwendungen', 'KI Anwendung': '', 'Visualisierung mit Karten': 'Karten & Verzeichnisse'};{'Barrierefreiheit': 'Inklusion & Teilhabe', 'Demokratie': 'Demokratie & Soziale Rechte', 'Gleichberechtigung': 'Anti Dismkriminierung', 'Gleichstellung': 'Anti Dismkriminierung', 'Gesundheit': 'Gesundheit', 'Menschenrechte': 'Demokratie & Soziale Rechte', 'Migration': 'Flucht & Migration', 'Nachhaltigkeit': 'Klima & Umwelt', 'Partizipation': 'Inklusion & Teilhabe', 'Soziale Arbeit': 'Soziale Dienste', 'Umwelt': 'Klima & Umwelt', 'Umweltschutz': 'Klima & Umwelt', 'Wohlfahrt': 'Soziale Dienste'};https://www.civic-coding.de/community-information/projekte/vorschauseite-projekt/der-intelligente-genderstern/826;Civic Coding;Unbekannt;Anstelle eines statischen Gendersterns soll sich in digitalen Lernmedien ein interaktiver Genderstern einbetten lassen, über den man detailliertere Informationen aufrufen kann. Die Informationen werden mittels KI generiert (auf Basis individuell angelegter Keywords).;;CC-BY-NC-ND 4.0;https://www.civic-coding.de;57.0
https://www.civic-coding.de/community-information/projekte/vorschauseite-projekt/individuelles-lernen-der-deutschen-sprache-fur-zugewanderte-ermoeglichen/825;Individuelles Lernen der deutschen Sprache für Zugewanderte ermöglichen;{'KI Anwendung': '', 'Adaptive Lernsysteme': ''};{'Bildung': 'Bildung', 'Integration': 'Inklusion & Teilhabe', 'Migration': 'Flucht & Migration'};https://www.civic-coding.de/community-information/projekte/vorschauseite-projekt/individuelles-lernen-der-deutschen-sprache-fur-zugewanderte-ermoeglichen/825;Civic Coding;Unbekannt;Inzwischen stellen wir fest, dass die hohe Diversität der Teilnehmer*innen in Herkunft, kulturellen Hintergründe oder Alter den Lernfortschritt an Hand von Lehrbüchern und Arbeitsblättern erschweren. Wir möchten das Konzept des adaptiven Lernens anwenden.;;CC-BY-NC-ND 4.0;https://www.civic-coding.de;58.0
https://www.civic-coding.de/community-information/projekte/vorschauseite-projekt/entscheidung-der-hr-verbessern-diskriminierungen-und-vorbehalte-mindern-und-effektiv-entscheidungen-treffen/824;Entscheidung der HR verbessern. Diskriminierungen und Vorbehalte mindern und effektiv Entscheidungen treffen.;{};{};https://www.civic-coding.de/community-information/projekte/vorschauseite-projekt/entscheidung-der-hr-verbessern-diskriminierungen-und-vorbehalte-mindern-und-effektiv-entscheidungen-treffen/824;Civic Coding;Unbekannt;Die Anwendung künstlicher Intelligenz (KI) zur Förderung von Vielfalt und Inklusion am Arbeitsplatz ist seit vielen Jahren ein heißes Thema. KI kann verwendet werden, um den Zugang zu Chancen zu verbessern, Vorurteile zu reduzieren, Prozesse zu automatisieren.;;CC-BY-NC-ND 4.0;https://www.civic-coding.de;59.0
https://www.civic-coding.de/community-information/projekte/vorschauseite-projekt/ki-gestutzte-moderation-von-online-diskussionen-diskriminierungsarm-gestalten-ki-modi/821;KI-gestützte Moderation von Online-Diskussionen diskriminierungsarm gestalten (KI-MoDi);{};{};https://www.civic-coding.de/community-information/projekte/vorschauseite-projekt/ki-gestutzte-moderation-von-online-diskussionen-diskriminierungsarm-gestalten-ki-modi/821;Civic Coding;Unbekannt;Mit KI-MoDi möchten wir modellhaft zeigen, wie man Diskriminierungsrisiken von KI-Systemen analysieren und ihnen entgegenwirken kann. Am Beispiel des bestehenden Systems KOSMO erarbeiten wir ein Modell zur Analyse und Reduktion von Diskriminierung in KI-Sprachmodellen.;;CC-BY-NC-ND 4.0;https://www.civic-coding.de;60.0
https://www.civic-coding.de/community-information/projekte/vorschauseite-projekt/org-ai-nisation-smartes-dienstplanungstool-fur-faire-arbeitsbedingungen-im-gesundheitswesen/819;Org-AI-nisation: Smartes Dienstplanungstool für faire Arbeitsbedingungen im Gesundheitswesen;{'KI-gestütztes Dienstplanungstool': '', 'Faire Arbeitsbedingungen': '', 'Gesundheitswesen': ''};{'Gesundheitswesen': '', 'Faire Arbeitsbedingungen': '', 'KI-gestützte Dienstplanung': ''};https://www.civic-coding.de/community-information/projekte/vorschauseite-projekt/org-ai-nisation-smartes-dienstplanungstool-fur-faire-arbeitsbedingungen-im-gesundheitswesen/819;Civic Coding;Unbekannt;Die Dienstplanung in Kliniken ist komplex und daher sind die Bedürfnisse des Personals oft zweitrangig. Unser KI-gestütztes Tool soll eine dynamische, faire und transparente Planung ermöglichen, indem individuelle Präferenzen und Rückmeldungen des Personals berücksichtigt werden.;;CC-BY-NC-ND 4.0;https://www.civic-coding.de;61.0
https://www.civic-coding.de/community-information/projekte/vorschauseite-projekt/tinder-fur-arbeitsplaetze-fur-mehr-matches-auf-dem-arbeitsmarkt/815;"Tinder für Arbeitsplätze - Für mehr ""Matches"" auf dem Arbeitsmarkt";{'KI-gestützter Algorithmus': '', 'Matching': 'Datenanalyse', 'Tinder-Swipen': ''};{'Arbeitsmarkt': '', 'Arbeitsplatzsuche': '', 'Berufsorientierung': ''};https://www.civic-coding.de/community-information/projekte/vorschauseite-projekt/tinder-fur-arbeitsplaetze-fur-mehr-matches-auf-dem-arbeitsmarkt/815;Civic Coding;Unbekannt;Viele Menschen haben Probleme bei der Suche nach einer Arbeitsstelle. Wir wollen diesem Problem mit einem KI-gestützten Algorithmus, das sich am „Tinder-Swipen“ orientiert, entgegentreten und für mehr „Matches“ auf dem Arbeitsmarkt sorgen.;;CC-BY-NC-ND 4.0;https://www.civic-coding.de;62.0
https://www.civic-coding.de/community-information/projekte/vorschauseite-projekt/stereoff-automatisierte-identifikation-und-analyse-von-geschlechterstereotypen/814;StereOFF - Automatisierte Identifikation und Analyse von Geschlechterstereotypen;{};{};https://www.civic-coding.de/community-information/projekte/vorschauseite-projekt/stereoff-automatisierte-identifikation-und-analyse-von-geschlechterstereotypen/814;Civic Coding;Unbekannt;Um Geschlechterungleichheiten in der Gesellschaft entgegenzuwirken, entwickeln wir das Tool StereoOff, das Geschlechterstereotype in Lernmaterialien des Aus- und Weiterbildungsbereichs automatisiert identifiziert und langfristig auf vielfältige Domänen übertragen werden kann.;;CC-BY-NC-ND 4.0;https://www.civic-coding.de;63.0
https://www.civic-coding.de/community-information/projekte/vorschauseite-projekt/112-ki-rettet-leben/813;112 - KI rettet Leben.;{};{};https://www.civic-coding.de/community-information/projekte/vorschauseite-projekt/112-ki-rettet-leben/813;Civic Coding;Unbekannt;Jede Sekunde zählt beim Notruf. 30% der Anrufe senden keine GPS Daten, weshalb durch Abfragen der Standort bestimmt werden muss. Dies kann akustisch extrem schwierig sein. Unser KI-System unterstützt die Anrufzentrale um die Person zu lokalisieren – und Hilfe zu schicken.;;CC-BY-NC-ND 4.0;https://www.civic-coding.de;64.0
https://www.civic-coding.de/community-information/projekte/vorschauseite-projekt/kiring-new-employees-effiziente-social-media-praesenz-durch-innovative-technologie/811;„KI“ring new employees: Effiziente Social Media-Präsenz durch innovative Technologie;{'Analyse von Sensordaten und ML': 'Künstliche Intelligenz', 'Automatisierte Datenübermittlung': 'Datenmanagement', 'Bericht': 'Datenreporting', 'Crowd-Sourced Daten': 'Öffentliche Daten', 'Dashboard': 'Datenreporting', 'Datenanalyse': 'Datenanalyse', 'Datenerhebung': 'Datenerhebung', 'Datenanwendung für Öffentlichkeit': 'Datenanwendung für Öffentlichkeit', 'Datenstandards': 'Datenmanagement', 'Datensatz und Visualisierung': 'Datenreporting', 'Digitale Plattform': 'Digitale Plattformen', 'Dokumentations- und Netzwerktool': 'Unterstützungstools', 'Entscheidungsassistent': 'Virtuelle Assistenz', 'Festival und Studie': 'Datenreporting', 'Generative KI': 'Künstliche Intelligenz', 'Interaktive App': 'Webanwendungen', 'Interaktive Karte': 'Karten & Verzeichnisse', 'Interaktiver Fragebogen': 'Datenerhebung', 'Interne Datenanwendung': 'Interne Datenanwendung', 'KI Anwendung': '', 'Karte': 'Karten & Verzeichnisse', 'Knowledge Graph': 'Wissensorganisation', 'Large Language Model (LLM)': 'Sprachtechnologie', 'Matching': 'Datenanalyse', 'Monitoring': 'Wirkungsmessung', 'Offene Daten': 'Öffentliche Daten', 'Output Monitoring': 'Wirkungsmessung', 'Plattform für Wahlentscheidungen': 'Digitale Plattformen', 'Prozessautomatisierung': 'Automatisierung', 'Reporting': 'Datenreporting', 'Skalierung der Wirkungsmessung': 'Wirkungsmessung', 'Sprach-Editor': 'Sprachtechnologie', 'Umfrage': 'Datenerhebung', 'Übersetzungsassistent': 'Sprachtechnologie', 'Vernetzungsassistent': 'Virtuelle Assistenz', 'Verzeichnis / Karte': 'Karten & Verzeichnisse', 'Visualisierung mit Karten': 'Karten & Verzeichnisse', 'Zugänglichkeit Offene Daten des Statistischen Bundesamts': 'Öffentliche Daten'};{'Afrika': 'Internationale Projekte', 'Antidiskriminierung': 'Anti Dismkriminierung', 'Antirassismus': 'Anti Dismkriminierung', 'Arbeit mit Kindern': 'Jugendhilfe', 'Armut': 'Arbeit & Soziales', 'Barrierefreiheit': 'Inklusion & Teilhabe', 'Beratung': 'Soziale Dienste', 'Chancengleichheit': 'Anti Dismkriminierung', 'Demokratie': 'Demokratie & Soziale Rechte', 'Demenz': 'Gesundheit', 'Datenschutz': '', 'Energie': 'Klima & Umwelt', 'Ethik': 'Demokratie & Soziale Rechte', 'Evaluation': 'Organisation & Professionalisierung', 'Frauen': 'Anti Dismkriminierung', 'Fundraising': 'Organisation & Professionalisierung', 'Geflüchtete': 'Flucht & Migration', 'Genderneutrale Sprache': '', 'Gleichberechtigung': 'Anti Dismkriminierung', 'Gleichstellung': 'Anti Dismkriminierung', 'Gesundheit': 'Gesundheit', 'Humanitäre Hilfe': 'Internationale Projekte', 'Indien': 'Internationale Projekte', 'Inklusion': 'Inklusion & Teilhabe', 'Integration': 'Inklusion & Teilhabe', 'International': 'Internationale Projekte', 'Jugendarbeit': 'Jugendhilfe', 'Jugendbeteiligung': 'Jugendhilfe', 'Jugendhilfe': 'Jugendhilfe', 'Kamerun': 'Internationale Projekte', 'Katastrophenschutz': 'Gesundheit', 'Kältehilfe': 'Soziale Dienste', 'Kinderschutz': 'Jugendhilfe', 'Kinder- und Jugendhilfe': 'Jugendhilfe', 'KI': 'Gesundheit', 'Kongo': 'Internationale Projekte', 'Kroatien': 'Internationale Projekte', 'Landwirtschaft': 'Klima & Umwelt', 'Meeresschutz': 'Klima & Umwelt', 'Mentale Gesundheit': 'Gesundheit', 'Mentoring': 'Bildung', 'Menschen mit Behinderung': 'Inklusion & Teilhabe', 'Menschenrechte': 'Demokratie & Soziale Rechte', 'Migration': 'Flucht & Migration', 'Migrationsberatung': 'Flucht & Migration', 'Nachhaltigkeit': 'Klima & Umwelt', 'Offene Daten': '', 'Partizipation': 'Inklusion & Teilhabe', 'Patenschaft': 'Organisation & Professionalisierung', 'Pflege': 'Gesundheit', 'Pflegende Angehörige': '', 'Queere Sichtbarkeit': 'Anti Dismkriminierung', 'Rettungsdienst': 'Gesundheit', 'Senioren': 'Soziale Dienste', 'Soziale Arbeit': 'Soziale Dienste', 'Sport': 'Sport', 'Stadt': 'Stadtentwicklung', 'Stadtplanung': 'Stadtentwicklung', 'Teilhabe': 'Inklusion & Teilhabe', 'Telemedizin': 'Gesundheit', 'Transparenz': 'Inklusion & Teilhabe', 'Türkei': 'Internationale Projekte', 'Umwelt': 'Klima & Umwelt', 'Umweltschutz': 'Klima & Umwelt', 'Vernetzung': 'Organisation & Professionalisierung', 'Verwaltung': 'Organisation & Professionalisierung', 'Wirkungsmessung': 'Organisation & Professionalisierung', 'Wohlfahrt': 'Soziale Dienste', 'Wohnen': 'Stadtentwicklung', 'Wohnungslosenhilfe': 'Soziale Dienste', 'Wissensmanagement': 'Organisation & Professionalisierung'};https://www.civic-coding.de/community-information/projekte/vorschauseite-projekt/kiring-new-employees-effiziente-social-media-praesenz-durch-innovative-technologie/811;Civic Coding;Unbekannt;Diese Projektidee setzt auf KI in Human Ressources, um die Social Media Präsenz von Kleinbetrieben, Kommunen sowie Handwerksbetrieben zu stärken und dem Fachkräftemangel entgegenzuwirken. KI erstellt individuelle Inhalte, um die Reichweite und Personalbeschaffung zu verbessern.;;CC-BY-NC-ND 4.0;https://www.civic-coding.de;65.0
https://www.civic-coding.de/community-information/projekte/vorschauseite-projekt/senior-residenz-soziale-aktivitaeten-vorschlagende-und-organisatorin/810;Senior Residenz Soziale Aktivitäten Vorschlagende und Organisatorin;{'Unbekannt': ''};{'Unbekannt': ''};https://www.civic-coding.de/community-information/projekte/vorschauseite-projekt/senior-residenz-soziale-aktivitaeten-vorschlagende-und-organisatorin/810;Civic Coding;Unbekannt;Eine App schlägt vor, fördert, organisiert und unterstützt soziale Aktivitäten, die auf die individuellen Profile der Bewohner eines Seniorenheims zugeschnitten sind, und zwar im Kontext der Einrichtungen und der lokalen Umgebung.;;CC-BY-NC-ND 4.0;https://www.civic-coding.de;66.0
https://www.civic-coding.de/community-information/projekte/vorschauseite-projekt/fr-ai-willig-ki-asisstent-fur-vereine/809;Fr-AI-willig: KI Asisstent für Vereine;{};{};https://www.civic-coding.de/community-information/projekte/vorschauseite-projekt/fr-ai-willig-ki-asisstent-fur-vereine/809;Civic Coding;Unbekannt;KI-unterstützter Chatbot für Vereine: Effiziente Verwaltung von Kommunikation, Terminen, Projekten, Finanzen und administrativen Aufgaben. Entlastet ehrenamtliche Führung und sorgt für reibungslose Prozesse. Intuitiv zu nutzen, zeitsparend, kosteneffektiv und zuverlässig.;;CC-BY-NC-ND 4.0;https://www.civic-coding.de;67.0
https://www.civic-coding.de/community-information/projekte/vorschauseite-projekt/speaksense-ai-diagnostics-a-voice-based-ai-solution-for-detecting-and-diagnosing-depression/807;SpeakSense AI Diagnostics: A voice-based AI solution for detecting and diagnosing depression.;{'KI Anwendung': '', 'Gesundheit': '', 'Mentale Gesundheit': ''};{'Gesundheit': 'Gesundheit', 'Mentale Gesundheit': 'Gesundheit'};https://www.civic-coding.de/community-information/projekte/vorschauseite-projekt/speaksense-ai-diagnostics-a-voice-based-ai-solution-for-detecting-and-diagnosing-depression/807;Civic Coding;Unbekannt;SpeakSense AI Diagnostics - Revolutionizing medical diagnosis with AI. Our voice-based application accurately detects and diagnoses depression and suicidal persons based on speech patterns and voice characteristics. Making healthcare more accessible and efficient. #AIDiagnostics.;;CC-BY-NC-ND 4.0;https://www.civic-coding.de;68.0
https://www.civic-coding.de/community-information/projekte/vorschauseite-projekt/karriere-ki-ckstart/805;Karriere-KI-ckstart;{};{};https://www.civic-coding.de/community-information/projekte/vorschauseite-projekt/karriere-ki-ckstart/805;Civic Coding;Unbekannt;KI-basierter Chatbot hilft bei Karriere durch personalisierte Jobempfehlungen, beschleunigte Bewerbungsprozesse und 24/7 Verfügbarkeit. Stärken werden verbessert, Fähigkeiten identifiziert. Ressourcen und Datenanalyse unterstützen Fortschritt in Bewerbung und Karriereentwicklung.;;CC-BY-NC-ND 4.0;https://www.civic-coding.de;69.0
https://www.civic-coding.de/community-information/projekte/vorschauseite-projekt/ideationai-neue-ideen-und-loesungen-durch-ki-gestutzte-ideation/803;IdeationAI: Neue Ideen und Lösungen durch KI-gestützte Ideation;{};{};https://www.civic-coding.de/community-information/projekte/vorschauseite-projekt/ideationai-neue-ideen-und-loesungen-durch-ki-gestutzte-ideation/803;Civic Coding;Unbekannt;IdeationAI hilft dabei Probleme zu identifizieren und innovative Lösungen zu generieren. Mit Hilfe von künstlicher Intelligenz wird eine breite Palette an Lösungsoptionen erstellt und anschließend bewertet, was die Chancen auf erfolgreiche Innovationen erhöht.;;CC-BY-NC-ND 4.0;https://www.civic-coding.de;70.0
https://www.civic-coding.de/community-information/projekte/vorschauseite-projekt/ki-unterstutztes-sensemaking-als-mittel-zur-depolarisierung-der-gesellschaft/802;KI-unterstütztes Sensemaking als Mittel zur Depolarisierung der Gesellschaft;{'KI-Anwendung': 'Künstliche Intelligenz', 'Depolarisierung': '', 'Sensemaking': ''};{'Demokratie': 'Demokratie & Soziale Rechte', 'Gesellschaft': '', 'Soziale Spannungen': ''};https://www.civic-coding.de/community-information/projekte/vorschauseite-projekt/ki-unterstutztes-sensemaking-als-mittel-zur-depolarisierung-der-gesellschaft/802;Civic Coding;Unbekannt;Unsere Gesellschaft ist durch eine starke Tendenz der Polarisierung geprägt, die zu sozialen Spannungen innerhalb der Gesellschaft führt. Mithilfe eines KI-unterstüztes Sensemaking soll die Fähigkeit von Personen gestärkt werden, die Perspektive anderer Personen zu verstehen.;;CC-BY-NC-ND 4.0;https://www.civic-coding.de;71.0
https://www.civic-coding.de/community-information/projekte/vorschauseite-projekt/omos-online-migrationsberatung-ohne-sprachbarrieren/801;OMoS - Online-Migrationsberatung ohne Sprachbarrieren;{};{};https://www.civic-coding.de/community-information/projekte/vorschauseite-projekt/omos-online-migrationsberatung-ohne-sprachbarrieren/801;Civic Coding;Unbekannt;Migrationsberatung ist ressourcenintensiv. Mit Hilfe des NLP-Frameworks Haystack wollen wir existente Datenbanken nutzen, um grundlegende Fragen zu beantworten und mit KI-basierten Machine Translations eine Echtzeit-Beratung mit Simultanübersetzungen den Aufwand minimieren.;;CC-BY-NC-ND 4.0;https://www.civic-coding.de;72.0
https://www.civic-coding.de/community-information/projekte/vorschauseite-projekt/ki-basierte-assistenz-fur-ein-aktiveres-und-eigenstaendigeres-leben-mit-diabetes/800;KI-basierte Assistenz für ein aktiveres und eigenständigeres Leben mit Diabetes.;{};{};https://www.civic-coding.de/community-information/projekte/vorschauseite-projekt/ki-basierte-assistenz-fur-ein-aktiveres-und-eigenstaendigeres-leben-mit-diabetes/800;Civic Coding;Unbekannt;Eine App die Menschen mit insulinpflichtigem Diabetes beim Sport unterstützt. Durch die Kombination von medizinischen Leitlinien und Gesundheitssensoren, werden Tipps und Empfehlungen zum Sport erstellt. Mittels KI-basierten Datenanalysen werden die Inhalte dann personalisiert.;;CC-BY-NC-ND 4.0;https://www.civic-coding.de;73.0
https://www.civic-coding.de/community-information/projekte/vorschauseite-projekt/leed-ai-legal-education-ai/799;LeEd-AI (Legal Education AI);{};{};https://www.civic-coding.de/community-information/projekte/vorschauseite-projekt/leed-ai-legal-education-ai/799;Civic Coding;Unbekannt;Grundgedanke ist es, einen hochschuldidaktischen Interventionsdesigner (=Lehre) zu entwickeln. Anhand von Kontextinformationen und Zielen soll ein Grobkonzept auf mittlerer Abstraktion didaktischen Handelns, ausgegeben werden. Dieses soll als Rahmen für die Detailplanung dienen.;;CC-BY-NC-ND 4.0;https://www.civic-coding.de;74.0
https://www.civic-coding.de/community-information/projekte/vorschauseite-projekt/ki-lehrplattform/790;KI Lehrplattform;{};{};https://www.civic-coding.de/community-information/projekte/vorschauseite-projekt/ki-lehrplattform/790;Civic Coding;Unbekannt;Unsere Lehrplattform für KI-Bildung soll Lehrkräften leicht Zugang zu Materialien bieten, um KI-Wissen im Unterricht inhaltlich hochwertig zu vermitteln. Wir möchten Lehrkräfte unterstützen, guten Unterricht zu geben und Schüler:innen gute KI-Bildung ermöglichen.;;CC-BY-NC-ND 4.0;https://www.civic-coding.de;75.0
https://www.civic-coding.de/community-information/projekte/vorschauseite-projekt/mi4people-machine-intelligence-fur-das-gemeinwohl/786;MI4People - Machine Intelligence für das Gemeinwohl;{};{};https://www.civic-coding.de/community-information/projekte/vorschauseite-projekt/mi4people-machine-intelligence-fur-das-gemeinwohl/786;Civic Coding;Unbekannt;MI4People ist ein Netzwerk von hoch-qualifizierten Volontären, die KI- und Data-Science-Anwendungen erstellen, die dabei helfen humanitäre und ökologische Probleme unserer Welt zu lösen. Es soll als R&D Department für das Gemeinwohlsektor agieren.;;CC-BY-NC-ND 4.0;https://www.civic-coding.de;76.0
https://www.civic-coding.de/community-information/projekte/vorschauseite-projekt/feminist-ai-and-digital-policy-roundtable-eine-feministische-zukunftsvision/783;Feminist AI and Digital Policy Roundtable - eine feministische Zukunftsvision;{};{};https://www.civic-coding.de/community-information/projekte/vorschauseite-projekt/feminist-ai-and-digital-policy-roundtable-eine-feministische-zukunftsvision/783;Civic Coding;Unbekannt;"Die Vision einer feministischen Zukunft durch den Einsatz von KI und entsprechenden digitalpolitischen Leitlinien haben wir in den letzten sechs Monaten mit einer Reihe von relevanten Stakekolder:innen in unserem ""Feminist AI and Digital Policy Roundtable"" gestartet.";;CC-BY-NC-ND 4.0;https://www.civic-coding.de;77.0
https://www.civic-coding.de/community-information/projekte/vorschauseite-projekt/ki-basierte-burgerkommunikation-fur-soziales-und-oekologisches-loswerden-von-dingen/782;"KI-basierte Bürgerkommunikation für soziales und ökologisches ""Loswerden von Dingen""";{};{};https://www.civic-coding.de/community-information/projekte/vorschauseite-projekt/ki-basierte-burgerkommunikation-fur-soziales-und-oekologisches-loswerden-von-dingen/782;Civic Coding;Unbekannt;Es wird ein Bot konzipiert, der Nutzerinnen und Nutzer Entscheidungsoptionen aufzeigt, wie er/sie Dinge nachhaltig loswerden kann. Die Person gibt Informationen zum Objekt, Zustand und Ort und erhält auf Basis von KI sehr schnell sachlich formulierte Vorschläge.;;CC-BY-NC-ND 4.0;https://www.civic-coding.de;78.0
https://www.civic-coding.de/community-information/projekte/vorschauseite-projekt/blowi/781;BLOWI;{};{};https://www.civic-coding.de/community-information/projekte/vorschauseite-projekt/blowi/781;Civic Coding;Unbekannt;Blog im Open-Access-Format als Möglichkeit der Wissenschaftskommunikation. Anschlussfähige Themen aus Gesellschaft und Wirtschaft mittels KI finden.;;CC-BY-NC-ND 4.0;https://www.civic-coding.de;79.0
https://www.civic-coding.de/community-information/projekte/vorschauseite-projekt/ki-luftanalyse-von-schimmelsporen-pollen-und-anderen-gesundheitsschaedlichen-partikeln-einsetzbar-von-und-fur-jeden/778;KI - Luftanalyse von Schimmelsporen, Pollen und anderen gesundheitsschädlichen Partikeln, einsetzbar von und für Jeden.;{};{};https://www.civic-coding.de/community-information/projekte/vorschauseite-projekt/ki-luftanalyse-von-schimmelsporen-pollen-und-anderen-gesundheitsschaedlichen-partikeln-einsetzbar-von-und-fur-jeden/778;Civic Coding;Unbekannt;Onsite.ai entwickelt eine automatisierte und KI-basierte Luftanalyse von Schimmelsporen, Pollen, Ruß und anderen potenziell gesundheitsschädlichen Partikeln. Dazu bauen wir tragbare Analysegeräte, die es jeder Person ermöglichen quantitative Luftanalysen selbst durchzuführen.;;CC-BY-NC-ND 4.0;https://www.civic-coding.de;80.0
https://www.civic-coding.de/community-information/projekte/vorschauseite-projekt/selbstmanagement-to-go-wie-ki-gestutzte-apps-menschen-mit-behinderung-am-uebergang-ausbildung-beruf-begleiten-koennen/776;"Selbstmanagement to go - wie KI-gestützte Apps Menschen mit Behinderung am Übergang ""Ausbildung-Beruf"" begleiten können";{};{};https://www.civic-coding.de/community-information/projekte/vorschauseite-projekt/selbstmanagement-to-go-wie-ki-gestutzte-apps-menschen-mit-behinderung-am-uebergang-ausbildung-beruf-begleiten-koennen/776;Civic Coding;Unbekannt;Eine bestehende App hat das Ziel Azubis mit Behinderung am Übergang „Ausbildung-Beruf” zu begleiten. Es wird ein Dialog mit der Zielgruppe aufgebaut, um ethische Aspekte von KI-Features für einen verantwortungsvollen Einsatz in der beruflichen Rehabilitation zu validieren.;;CC-BY-NC-ND 4.0;https://www.civic-coding.de;81.0
https://www.civic-coding.de/community-information/projekte/vorschauseite-projekt/aiapply-bewerbungsschreiben-leicht-gemacht/775;AiApply: Bewerbungsschreiben leicht gemacht;{'Unbekannt': ''};{'Unbekannt': ''};https://www.civic-coding.de/community-information/projekte/vorschauseite-projekt/aiapply-bewerbungsschreiben-leicht-gemacht/775;Civic Coding;Unbekannt;"Ein Bewerbungsprozess ist zeitaufwändig, voller Stolpersteine und in Zeiten von ""Robo-Recruitern"" schwieriger denn je. AiApply unterstützt den Bürger dabei, in Rekordzeit eine erfolgreiche Bewerbung zu erstellen - maßgeschneidert auf eine vorhandene Stellenausschreibung.";;CC-BY-NC-ND 4.0;https://www.civic-coding.de;82.0
https://www.civic-coding.de/community-information/projekte/vorschauseite-projekt/coach2life/773;Coach2Life;{};{};https://www.civic-coding.de/community-information/projekte/vorschauseite-projekt/coach2life/773;Civic Coding;Unbekannt;Coach2Life ist ein KI-gestütztes Werkzeug zur quantitativen und qualitativen Verbesserung medizinischer und beruflicher Rehabilitationsprozesse sowie zur Kostenreduktion insbesondere im Sozialsystem.;;CC-BY-NC-ND 4.0;https://www.civic-coding.de;83.0
https://www.civic-coding.de/community-information/projekte/vorschauseite-projekt/ki-gestutzte-hybride-lehre/772;KI-gestützte Hybride Lehre;{};{};https://www.civic-coding.de/community-information/projekte/vorschauseite-projekt/ki-gestutzte-hybride-lehre/772;Civic Coding;Unbekannt;Die Pandemie hat digitalen Lehre vorangebracht. Zurück in Vorlesungssälen gilt es nun beide Welten in einem hybriden Konzept zu vereinigen. KI kann helfen: Sprachgesteuerte Videokonferenzen, kontextbasierte Tools, automatische Protokollierung, … Möglich mit heutiger Technologie;;CC-BY-NC-ND 4.0;https://www.civic-coding.de;84.0
https://www.civic-coding.de/community-information/projekte/vorschauseite-projekt/ki-gerechte-lehre-und-evaluation/771;KI-Gerechte Lehre und Evaluation;{};{};https://www.civic-coding.de/community-information/projekte/vorschauseite-projekt/ki-gerechte-lehre-und-evaluation/771;Civic Coding;Unbekannt;"Hausarbeiten erledigen heute generative KIs wie ChatGPT; erste Unis verbieten den Gebrauch. Ist das der richtige Weg? Was wir brauchen sind Lernkonzepte, die den verantwortungsvollen Umgang mit diesen modernen Tools vermitteln, ohne den Lernerfolg von Lernenden zu opfern.";;CC-BY-NC-ND 4.0;https://www.civic-coding.de;85.0
https://www.civic-coding.de/community-information/projekte/vorschauseite-projekt/oer-lehrvideo-assistent/770;OER-Lehrvideo-Assistent;{};{};https://www.civic-coding.de/community-information/projekte/vorschauseite-projekt/oer-lehrvideo-assistent/770;Civic Coding;Unbekannt;Eine KI kann dabei unterstützen aus fertigen Materialien (u.a. Präsentationen) Lehrvideos zu erstellen. GPT erstellt aus Notizen einen Sprechertext. Aus diesem und den Folien wird ein Storyboard erstellt, das Nutzenden in der QA editiert. Text-To-Speech-KIs erstellen die Tonspur.;;CC-BY-NC-ND 4.0;https://www.civic-coding.de;86.0
https://www.civic-coding.de/community-information/projekte/vorschauseite-projekt/konstruktiver-zugang-zu-ki-im-bildungswesen/767;Konstruktiver Zugang zu KI im Bildungswesen;{};{};https://www.civic-coding.de/community-information/projekte/vorschauseite-projekt/konstruktiver-zugang-zu-ki-im-bildungswesen/767;Civic Coding;Unbekannt;Bei dem kooperativen Vorhaben soll der konstruktive Zugang zu und ein reflektierter Umgang mit aktuellen KI-Tools wie GPT-3 und-4 für das Bildungswesen ermöglicht werden. Vor allem SchülerInnen und LehrerInnen sollen eine geschützte Umgebung bereitgestellt bekommen.;;CC-BY-NC-ND 4.0;https://www.civic-coding.de;87.0
https://www.civic-coding.de/community-information/projekte/vorschauseite-projekt/diskriminierung-in-ki-erkennen-und-vermeiden/766;Diskriminierung in KI erkennen und vermeiden;{};{};https://www.civic-coding.de/community-information/projekte/vorschauseite-projekt/diskriminierung-in-ki-erkennen-und-vermeiden/766;Civic Coding;Unbekannt;Wir begleiten die Einführung von KI mit dem Ziel einer möglichst diskriminierungsfreien Gestaltung. Gesucht: Partnerorganisation, die KI/ADM bereits einsetzt oder entwickelt. Wir bieten die sozio-technische Expertise für Diskriminierungserkennung und -vermeidung.;;CC-BY-NC-ND 4.0;https://www.civic-coding.de;88.0
https://www.civic-coding.de/community-information/projekte/vorschauseite-projekt/abracadabra/765;Abracadabra;{};{};https://www.civic-coding.de/community-information/projekte/vorschauseite-projekt/abracadabra/765;Civic Coding;Unbekannt;Abracadabra ist ein interaktives Tool zum Erstellen von Angeboten, Kostenvoranschlägen und Verträgen bis zur Fertigstellung einer Rechnung. KI-basierte Starthilfe für Freiberufler. Optimiert für alle digitalen Berufe wie z.B. Designer, Entwickler, Übersetzer und Content Manager;;CC-BY-NC-ND 4.0;https://www.civic-coding.de;89.0
https://www.civic-coding.de/community-information/projekte/vorschauseite-projekt/mit-sensoren-und-ki-einfache-prototypen-entwickeln-ganz-ohne-it-faehigkeiten/764;Mit Sensoren und KI einfache Prototypen entwickeln, ganz ohne IT Fähigkeiten;{};{};https://www.civic-coding.de/community-information/projekte/vorschauseite-projekt/mit-sensoren-und-ki-einfache-prototypen-entwickeln-ganz-ohne-it-faehigkeiten/764;Civic Coding;Unbekannt;Die Entwicklung nachhaltiger (low-Carb)-Geschäftsmodelle ist für KMU eine große Herausforderung. Die Kombination von Internet of Things (IoT), Umwelt-Sensorik (Air-Quality) und Künstliche Intelligenz (KI) ist dabei die elementare Basis für einen nachhaltigen und digitalen Wandel.;;CC-BY-NC-ND 4.0;https://www.civic-coding.de;90.0
https://www.civic-coding.de/community-information/projekte/vorschauseite-projekt/barrierefreie-informationen-end-to-end-auf-knopfdruck-inhalte-in-leichter-sprache-inklusive-bebilderung-erstellen/763;"Barrierefreie Informationen ""end to end"": Auf Knopfdruck Inhalte in Leichter Sprache inklusive Bebilderung erstellen";{'Analyse von Sensordaten und ML': 'Künstliche Intelligenz', 'Automatisierte Datenübermittlung': 'Datenmanagement', 'Bericht': 'Datenreporting', 'Crowd-Sourced Daten': 'Öffentliche Daten', 'Dashboard': 'Datenreporting', 'Datenanalyse': 'Datenanalyse', 'Datenerhebung': 'Datenerhebung', 'Datenanwendung für Öffentlichkeit': 'Datenanwendung für Öffentlichkeit', 'Datenstandards': 'Datenmanagement', 'Datensatz und Visualisierung': 'Datenreporting', 'Digitale Plattform': 'Digitale Plattformen', 'Dokumentations- und Netzwerktool': 'Unterstützungstools', 'Entscheidungsassistent': 'Virtuelle Assistenz', 'Festival und Studie': 'Datenreporting', 'Generative KI': 'Künstliche Intelligenz', 'Interaktive App': 'Webanwendungen', 'Interaktive Karte': 'Karten & Verzeichnisse', 'Interaktiver Fragebogen': 'Datenerhebung', 'Interne Datenanwendung': 'Interne Datenanwendung', 'KI Anwendung': '', 'Karte': 'Karten & Verzeichnisse', 'Knowledge Graph': 'Wissensorganisation', 'Large Language Model (LLM)': 'Sprachtechnologie', 'Matching': 'Datenanalyse', 'Monitoring': 'Wirkungsmessung', 'Offene Daten': 'Öffentliche Daten', 'Output Monitoring': 'Wirkungsmessung', 'Plattform für Wahlentscheidungen': 'Digitale Plattformen', 'Prozessautomatisierung': 'Automatisierung', 'Reporting': 'Datenreporting', 'Skalierung der Wirkungsmessung': 'Wirkungsmessung', 'Sprach-Editor': 'Sprachtechnologie', 'Umfrage': 'Datenerhebung', 'Übersetzungsassistent': 'Sprachtechnologie', 'Vernetzungsassistent': 'Virtuelle Assistenz', 'Verzeichnis / Karte': 'Karten & Verzeichnisse', 'Visualisierung mit Karten': 'Karten & Verzeichnisse', 'Zugänglichkeit Offene Daten des Statistischen Bundesamts': 'Öffentliche Daten'};{'Afrika': 'Internationale Projekte', 'Antidiskriminierung': 'Anti Dismkriminierung', 'Antirassismus': 'Anti Dismkriminierung', 'Arbeit mit Kindern': 'Jugendhilfe', 'Armut': 'Arbeit & Soziales', 'Barrierefreiheit': 'Inklusion & Teilhabe', 'Beratung': 'Soziale Dienste', 'Chancengleichheit': 'Anti Dismkriminierung', 'Demokratie': 'Demokratie & Soziale Rechte', 'Demenz': 'Gesundheit', 'Datenschutz': '', 'Energie': 'Klima & Umwelt', 'Ethik': 'Demokratie & Soziale Rechte', 'Evaluation': 'Organisation & Professionalisierung', 'Frauen': 'Anti Dismkriminierung', 'Fundraising': 'Organisation & Professionalisierung', 'Geflüchtete': 'Flucht & Migration', 'Genderneutrale Sprache': '', 'Gleichberechtigung': 'Anti Dismkriminierung', 'Gleichstellung': 'Anti Dismkriminierung', 'Gesundheit': 'Gesundheit', 'Humanitäre Hilfe': 'Internationale Projekte', 'Indien': 'Internationale Projekte', 'Inklusion': 'Inklusion & Teilhabe', 'Integration': 'Inklusion & Teilhabe', 'International': 'Internationale Projekte', 'Jugendarbeit': 'Jugendhilfe', 'Jugendbeteiligung': 'Jugendhilfe', 'Jugendhilfe': 'Jugendhilfe', 'Kamerun': 'Internationale Projekte', 'Katastrophenschutz': 'Gesundheit', 'Kältehilfe': 'Soziale Dienste', 'Kinderschutz': 'Jugendhilfe', 'Kinder- und Jugendhilfe': 'Jugendhilfe', 'KI': 'Gesundheit', 'Kongo': 'Internationale Projekte', 'Kroatien': 'Internationale Projekte', 'Landwirtschaft': 'Klima & Umwelt', 'Meeresschutz': 'Klima & Umwelt', 'Mentale Gesundheit': 'Gesundheit', 'Mentoring': 'Bildung', 'Menschen mit Behinderung': 'Inklusion & Teilhabe', 'Menschenrechte': 'Demokratie & Soziale Rechte', 'Migration': 'Flucht & Migration', 'Migrationsberatung': 'Flucht & Migration', 'Nachhaltigkeit': 'Klima & Umwelt', 'Offene Daten': '', 'Partizipation': 'Inklusion & Teilhabe', 'Patenschaft': 'Organisation & Professionalisierung', 'Pflege': 'Gesundheit', 'Pflegende Angehörige': '', 'Queere Sichtbarkeit': 'Anti Dismkriminierung', 'Rettungsdienst': 'Gesundheit', 'Senioren': 'Soziale Dienste', 'Soziale Arbeit': 'Soziale Dienste', 'Sport': 'Sport', 'Stadt': 'Stadtentwicklung', 'Stadtplanung': 'Stadtentwicklung', 'Teilhabe': 'Inklusion & Teilhabe', 'Telemedizin': 'Gesundheit', 'Transparenz': 'Inklusion & Teilhabe', 'Türkei': 'Internationale Projekte', 'Umwelt': 'Klima & Umwelt', 'Umweltschutz': 'Klima & Umwelt', 'Vernetzung': 'Organisation & Professionalisierung', 'Verwaltung': 'Organisation & Professionalisierung', 'Wirkungsmessung': 'Organisation & Professionalisierung', 'Wohlfahrt': 'Soziale Dienste', 'Wohnen': 'Stadtentwicklung', 'Wohnungslosenhilfe': 'Soziale Dienste', 'Wissensmanagement': 'Organisation & Professionalisierung'};https://www.civic-coding.de/community-information/projekte/vorschauseite-projekt/barrierefreie-informationen-end-to-end-auf-knopfdruck-inhalte-in-leichter-sprache-inklusive-bebilderung-erstellen/763;Civic Coding;Unbekannt;Leicht verständlicher Text ist nur ein Element von barrierefreien Inhalten in Leichter Sprache. Mit dazu gehört ebenfalls eine anschauliche Bebilderung! Diese wollen wir mithilfe von KI automatisieren, sodass Informationen für alle gleichberechtigt zugänglich sind.;;CC-BY-NC-ND 4.0;https://www.civic-coding.de;91.0
https://www.civic-coding.de/community-information/projekte/vorschauseite-projekt/tagged-ki-teilhabe-fur-menschen-mit-geistiger-behinderung-durch-ki-fur-ambient-assisted-living-resilienz-austausch/762;TAGGED-KI – Teilhabe für Menschen mit Geistiger Behinderung durch KI für Ambient Assisted Living, Resilienz, Austausch;{};{};https://www.civic-coding.de/community-information/projekte/vorschauseite-projekt/tagged-ki-teilhabe-fur-menschen-mit-geistiger-behinderung-durch-ki-fur-ambient-assisted-living-resilienz-austausch/762;Civic Coding;Unbekannt;Menschen mit geistiger Behinderung (Zielgr. 1) werden unterstützt, um tägliche Anforderungen sicherer zu meistern und stärker teilzuhaben. Betreuende (Zielgr. 2) werden entlastet und in ihrer Dokumentationspflicht unterstützt, sodass mehr Zeit für hochwertige Interaktion bleibt.;;CC-BY-NC-ND 4.0;https://www.civic-coding.de;92.0
https://www.civic-coding.de/community-information/projekte/vorschauseite-projekt/dementia-voicebot/760;Dementia VoiceBot;{};{};https://www.civic-coding.de/community-information/projekte/vorschauseite-projekt/dementia-voicebot/760;Civic Coding;Unbekannt;KI-basierter ChatBot zur Telefonkommunikation (VoiceBot) für die Anwendung bei Demenzkranken oder alleinstehenden älteren Menschen zur Entlastung von Angehörigen und Pflegepersonal mit dem Ziel den Krankheitsverlauf positiv zu beeinflussen.;;CC-BY-NC-ND 4.0;https://www.civic-coding.de;93.0
https://www.civic-coding.de/community-information/projekte/vorschauseite-projekt/ant-e-antisemitismus-erkennen-handy-app-fur-junge-menschen-zur-erkennung-von-antisemitismus-im-medienalltag/759;ANT-E: ANTISEMITISMUS ERKENNEN! Handy-App für junge Menschen zur Erkennung von Antisemitismus im Medienalltag;{};{};https://www.civic-coding.de/community-information/projekte/vorschauseite-projekt/ant-e-antisemitismus-erkennen-handy-app-fur-junge-menschen-zur-erkennung-von-antisemitismus-im-medienalltag/759;Civic Coding;Unbekannt;Entwicklung eines KI-basierten Tools, das junge Menschen bild- sprach- und gaming-basiert dazu befähigt, antisemitische Kommunikationsinhalte und -Muster durch einen Selbsttest zu erkennen, zu reflektieren und sich dagegen stark zu machen.;;CC-BY-NC-ND 4.0;https://www.civic-coding.de;94.0
https://www.civic-coding.de/community-information/projekte/vorschauseite-projekt/ki-leicht-gemacht-mit-dem-humanoiden-roboter-zum-selberbauen-ki-anwendungen-einfach-verstehen-und-selbst-anwenden/757;KI leicht gemacht - mit dem humanoiden Roboter zum Selberbauen KI-Anwendungen einfach verstehen und selbst anwenden;{};{};https://www.civic-coding.de/community-information/projekte/vorschauseite-projekt/ki-leicht-gemacht-mit-dem-humanoiden-roboter-zum-selberbauen-ki-anwendungen-einfach-verstehen-und-selbst-anwenden/757;Civic Coding;Unbekannt;Mit Hilfe von pib, einem humanoiden Roboter zum Selberbauen, können Jugendliche durch ein neu konzipiertes KI-Modul spielend einfach KI verstehen lernen und selbst anwenden. Der Einsatz ist im Rahmen des Projektes pib@school an Schulen und Bildungseinrichtungen geplant.;;CC-BY-NC-ND 4.0;https://www.civic-coding.de;95.0
https://www.civic-coding.de/community-information/projekte/vorschauseite-projekt/automatisiert-lernendes-und-selbst-optimierendes-personal-vertretungsmanagement-system-inklusion-und-schulbegleitung/756;Automatisiert lernendes und selbst optimierendes Personal-Vertretungsmanagement-System (Inklusion und Schulbegleitung).;{};{};https://www.civic-coding.de/community-information/projekte/vorschauseite-projekt/automatisiert-lernendes-und-selbst-optimierendes-personal-vertretungsmanagement-system-inklusion-und-schulbegleitung/756;Civic Coding;Unbekannt;System für organisationsübergreifendes Personalvertretungsmanagement für die Schulbegleitung (im Rahmen von Inklusion) mit KI-basierten Algorithmen, welches Vertretungszuordnungen in Echtzeit als Entscheidungsgrundlage für das Vertretungsmanagement zur Verfügung stellt.;;CC-BY-NC-ND 4.0;https://www.civic-coding.de;96.0
https://www.civic-coding.de/community-information/projekte/vorschauseite-projekt/objekterkennung-zum-erkennen-und-warnen-vor-gefahren/754;Objekterkennung zum Erkennen und Warnen vor Gefahren;{};{};https://www.civic-coding.de/community-information/projekte/vorschauseite-projekt/objekterkennung-zum-erkennen-und-warnen-vor-gefahren/754;Civic Coding;Unbekannt;Wir wollen ein KI-System entwickeln, welches Objekte in Bildern erkennt und kenntlich macht, ob z.B. -Personen FFP2-Masken tragen -Mitarbeiter persönliche Schutzausrüstung tragen (Baustellenhelme, Haarnetze in der Gastronomie, Sicherheitsbrillen);;CC-BY-NC-ND 4.0;https://www.civic-coding.de;97.0
https://www.civic-coding.de/community-information/projekte/vorschauseite-projekt/digitaler-lehr-und-lernassistent/752;Digitaler Lehr- und Lernassistent;{};{};https://www.civic-coding.de/community-information/projekte/vorschauseite-projekt/digitaler-lehr-und-lernassistent/752;Civic Coding;Unbekannt;Für Schüler: Humanoider Avatar, der Verständnisfragen zum Unterrichtsstoff beantwortet, bei den Hausaufgaben hilft und weiterführende Informationen bereitstellt. Für Lehrer: Chatbot zur Auswahl und Generierung von Unterrichtsmaterialien, Vorprüfung von Schülerarbeiten etc.;;CC-BY-NC-ND 4.0;https://www.civic-coding.de;98.0
https://www.civic-coding.de/community-information/projekte/vorschauseite-projekt/kultur-fur-alle-software-zur-vermittlung-von-kostenlosen-karten-fur-kulturveranstaltungen/747;Kultur für alle - Software zur Vermittlung von kostenlosen Karten für Kulturveranstaltungen;{};{};https://www.civic-coding.de/community-information/projekte/vorschauseite-projekt/kultur-fur-alle-software-zur-vermittlung-von-kostenlosen-karten-fur-kulturveranstaltungen/747;Civic Coding;Unbekannt;Software zur telefonischen Vermittlung von Karten für Kulturveranstaltungen an Menschen mit geringem Einkommen - kulturelle Teilhabe ermöglichen!;;CC-BY-NC-ND 4.0;https://www.civic-coding.de;99.0
https://www.civic-coding.de/community-information/projekte/vorschauseite-projekt/cybercraft-die-vernetzung-von-mensch-maschine-und-idee/743;Cybercraft - die Vernetzung von Mensch, Maschine und Idee.;{};{};https://www.civic-coding.de/community-information/projekte/vorschauseite-projekt/cybercraft-die-vernetzung-von-mensch-maschine-und-idee/743;Civic Coding;Unbekannt;Ein Update für den Werkzeugkasten Im Handwerk! Künstliche Intelligenzen in Zusammenspiel mit Robotik und Maschinen können von Handwerkern kreativ genutzt werden, um neue Lösungen für alte Probleme zu finden, innovative Ideen umzusetzen und Arbeitsprozesse zu optimieren.;;CC-BY-NC-ND 4.0;https://www.civic-coding.de;100.0
https://www.civic-coding.de/community-information/projekte/vorschauseite-projekt/ki-ampelsteuerung/742;KI Ampelsteuerung;{};{};https://www.civic-coding.de/community-information/projekte/vorschauseite-projekt/ki-ampelsteuerung/742;Civic Coding;Unbekannt;Die Erschaffung einer vernetzten KI basierten Steuerung von Ampeln zur Verbesserung des Verkehrsflusses. Der Weg zur Arbeitstelle nimmt einen grossen Teil der Zeit ein. Ziel ist es die Wegezeit durch eine optimale Auslastung der vorhandenen Verkehrsinfrastruktur zu verkürzen.;;CC-BY-NC-ND 4.0;https://www.civic-coding.de;101.0
https://www.civic-coding.de/community-information/projekte/vorschauseite-projekt/persoinformation/741;PersoInformation;{};{};https://www.civic-coding.de/community-information/projekte/vorschauseite-projekt/persoinformation/741;Civic Coding;Unbekannt;Welche Ident-Apps gibt es bereits auf dem Markt? Auf Grund der Erfahrungen aus den Pandemie-Jahren, möchte ich eine App entwickeln, worin sich die Angehörigen durch eine App legitimieren, um den Gesundheitszustand des Angehörigen zu erfragen.;;CC-BY-NC-ND 4.0;https://www.civic-coding.de;102.0
https://www.civic-coding.de/community-information/projekte/vorschauseite-projekt/ethischer-rahmen-zur-unterstutzung-von-innovationen/738;Ethischer Rahmen zur Unterstützung von Innovationen;{};{};https://www.civic-coding.de/community-information/projekte/vorschauseite-projekt/ethischer-rahmen-zur-unterstutzung-von-innovationen/738;Civic Coding;Unbekannt;Wie kann ein adäquater ethischer Rahmen zur Unterstützung von gemeinwohlorientierten Innovationen gestaltet werden?;;CC-BY-NC-ND 4.0;https://www.civic-coding.de;103.0
https://www.civic-coding.de/community-information/projekte/vorschauseite-projekt/jeder-kann-ki-einfach-und-sicher-texte-und-bilder-mit-ki-generieren-und-audio-transkribieren/736;Jeder kann KI - Einfach und sicher Texte und Bilder mit KI generieren und Audio transkribieren;{};{};https://www.civic-coding.de/community-information/projekte/vorschauseite-projekt/jeder-kann-ki-einfach-und-sicher-texte-und-bilder-mit-ki-generieren-und-audio-transkribieren/736;Civic Coding;Unbekannt;KI, die Texte zusammenfasst, Lerninhalte einfach erklärt oder Fragen beantwortet, oder vielleicht ein Logo oder ein Bild erstellt ist aktuell in aller Munde. Für kleine Unternehmen oder Vereine ist solche Technologie aber nicht einfach zugänglich - und das wollen wir ändern.;;CC-BY-NC-ND 4.0;https://www.civic-coding.de;104.0
https://www.civic-coding.de/community-information/projekte/vorschauseite-projekt/firework-das-erste-charakterbasierte-netzwerk-der-welt/733;Firework - Das erste charakterbasierte Netzwerk der Welt;{};{};https://www.civic-coding.de/community-information/projekte/vorschauseite-projekt/firework-das-erste-charakterbasierte-netzwerk-der-welt/733;Civic Coding;Unbekannt;Hast du dich schon einmal gefragt, wie heftig das wäre, wenn jeder Mensch nicht nur seinen Traumpartner findet, sondern auch seine Traum-Freunde, Traum-Arbeitskollegen usw.? Genau dafür entwickeln wir ein soziales Netzwerk. Es ist wie Instagram, nur auf Basis deines Charakters;;CC-BY-NC-ND 4.0;https://www.civic-coding.de;105.0
https://www.civic-coding.de/community-information/projekte/vorschauseite-projekt/surfbuddy/732;Surfbuddy;{};{};https://www.civic-coding.de/community-information/projekte/vorschauseite-projekt/surfbuddy/732;Civic Coding;Unbekannt;Browserplugin welches Kinder/Jugendliche beim Surfen vor nicht ihrer Entwicklungsstufe entsprechenden Inhalten schützt. Surfbuddy (KI) sperrt den entsprechenden Zugriff. Die Festlegung der psychEntwicklungsstufe des Nutzers kann durch noch festzulegende Kriterien bestimmt werden.;;CC-BY-NC-ND 4.0;https://www.civic-coding.de;106.0
https://www.civic-coding.de/community-information/projekte/vorschauseite-projekt/gemeinsame-nutzung-von-arbeits-und-wohnraum-zur-foerderung-des-mobilen-arbeitens-und-gesellschaftlichen-zusammenhalts/730;Gemeinsame Nutzung von Arbeits- und Wohnraum zur Förderung des mobilen Arbeitens und gesellschaftlichen Zusammenhalts;{};{};https://www.civic-coding.de/community-information/projekte/vorschauseite-projekt/gemeinsame-nutzung-von-arbeits-und-wohnraum-zur-foerderung-des-mobilen-arbeitens-und-gesellschaftlichen-zusammenhalts/730;Civic Coding;Unbekannt;Erstellen und Betreiben einer KI-Plattform für Menschen, die Arbeits- und/oder Wohnraum zum Mitnutzung anbieten und Suchende von wohnortnahem Raum für mobiles Arbeiten und/oder Wohnraum in Arbeitsplatznähe. Es werden das mobile Arbeiten und der soziale Zusammenhalt gefördert.;;CC-BY-NC-ND 4.0;https://www.civic-coding.de;107.0
https://www.civic-coding.de/community-information/projekte/vorschauseite-projekt/intelligentes-management-von-elektroenergieverbrauchern-unter-berucksichtigung-des-voraussichtlichen-angebots/729;Intelligentes Management von Elektroenergieverbrauchern unter Berücksichtigung des voraussichtlichen Angebots;{};{};https://www.civic-coding.de/community-information/projekte/vorschauseite-projekt/intelligentes-management-von-elektroenergieverbrauchern-unter-berucksichtigung-des-voraussichtlichen-angebots/729;Civic Coding;Unbekannt;Nachhaltig erzeugte Energie ist zeitlich unterschiedlich verfügbar. E-Energiespeicherung ist teuer und ineffizient. Sinnvoll wäre es, Verbraucher gezielt zu schalten, z.B. zur Spitzenlastzeit Kühlgeräte abzuschalten oder bei Überangebot Warmwasserboiler etwas höher zu heizen.;;CC-BY-NC-ND 4.0;https://www.civic-coding.de;108.0
https://www.civic-coding.de/community-information/projekte/vorschauseite-projekt/software-als-infrastruktur-verstehen-und-einfuhren/728;Software als Infrastruktur verstehen und einführen;{};{};https://www.civic-coding.de/community-information/projekte/vorschauseite-projekt/software-als-infrastruktur-verstehen-und-einfuhren/728;Civic Coding;Unbekannt;Schaffung von europäischen und damit weitestgehend demokratischen Alternativen zu den bisherigen werbebasierten Formaten. Konkret Social Media i.S. von Facebook Suchmaschine Messenger wie Signal Kaufen bzw. integrieren statt neu machen ist das Motto;;CC-BY-NC-ND 4.0;https://www.civic-coding.de;109.0
https://www.civic-coding.de/community-information/projekte/vorschauseite-projekt/offene-datenplattform-zur-skalierung-der-energiewende/727;Offene Datenplattform zur Skalierung der Energiewende;{};{};https://www.civic-coding.de/community-information/projekte/vorschauseite-projekt/offene-datenplattform-zur-skalierung-der-energiewende/727;Civic Coding;Unbekannt;Eine offene Datenplattform die Bürger, Kommunen, Unternehmen etc. nutzen können, um lokale Potentiale der Enerergiewende zu erkennen und skalierend in die Praxis zu überführen. Nutzende sind insbesondere die kommunale Energieplanung und plattformbasierte Energiewende-Unternehmen.;;CC-BY-NC-ND 4.0;https://www.civic-coding.de;110.0
https://www.civic-coding.de/community-information/projekte/vorschauseite-projekt/bewerbungen-fur-jeden/726;Bewerbungen für Jede*n;{};{};https://www.civic-coding.de/community-information/projekte/vorschauseite-projekt/bewerbungen-fur-jeden/726;Civic Coding;Unbekannt;Bewerbungen auf Arbeitsplätze sind eine ziemlich aufwändige Angelegenheit, für Menschen mit Migrationshintergrund oder Handicaps umso mehr. Wir entwickeln eine KI-gestützte Anwendung, die auf Basis des Lebenslaufs und dem Link zu einer Stelle automatisch eine Bewerbung generiert.;;CC-BY-NC-ND 4.0;https://www.civic-coding.de;111.0
https://www.civic-coding.de/community-information/projekte/vorschauseite-projekt/barrierefreies-bewegen-im-netz-der-editor-fur-leichte-sprache/689;Barrierefreies Bewegen im Netz - der Editor für LEICHTE SPRACHE;{'Analyse von Sensordaten und ML': 'Künstliche Intelligenz', 'Automatisierte Datenübermittlung': 'Datenmanagement', 'Bericht': 'Datenreporting', 'Crowd-Sourced Daten': 'Öffentliche Daten', 'Dashboard': 'Datenreporting', 'Datenanalyse': 'Datenanalyse', 'Datenerhebung': 'Datenerhebung', 'Datenanwendung für Öffentlichkeit': 'Datenanwendung für Öffentlichkeit', 'Datenstandards': 'Datenmanagement', 'Datensatz und Visualisierung': 'Datenreporting', 'Digitale Plattform': 'Digitale Plattformen', 'Dokumentations- und Netzwerktool': 'Unterstützungstools', 'Entscheidungsassistent': 'Virtuelle Assistenz', 'Festival und Studie': 'Datenreporting', 'Generative KI': 'Künstliche Intelligenz', 'Interaktive App': 'Webanwendungen', 'Interaktive Karte': 'Karten & Verzeichnisse', 'Interaktiver Fragebogen': 'Datenerhebung', 'Interne Datenanwendung': 'Interne Datenanwendung', 'KI Anwendung': '', 'Karte': 'Karten & Verzeichnisse', 'Knowledge Graph': 'Wissensorganisation', 'Large Language Model (LLM)': 'Sprachtechnologie', 'Matching': 'Datenanalyse', 'Monitoring': 'Wirkungsmessung', 'Offene Daten': 'Öffentliche Daten', 'Output Monitoring': 'Wirkungsmessung', 'Plattform für Wahlentscheidungen': 'Digitale Plattformen', 'Prozessautomatisierung': 'Automatisierung', 'Reporting': 'Datenreporting', 'Skalierung der Wirkungsmessung': 'Wirkungsmessung', 'Sprach-Editor': 'Sprachtechnologie', 'Umfrage': 'Datenerhebung', 'Übersetzungsassistent': 'Sprachtechnologie', 'Vernetzungsassistent': 'Virtuelle Assistenz', 'Verzeichnis / Karte': 'Karten & Verzeichnisse', 'Visualisierung mit Karten': 'Karten & Verzeichnisse', 'Zugänglichkeit Offene Daten des Statistischen Bundesamts': 'Öffentliche Daten'};{'Afrika': 'Internationale Projekte', 'Antidiskriminierung': 'Anti Dismkriminierung', 'Antirassismus': 'Anti Dismkriminierung', 'Arbeit mit Kindern': 'Jugendhilfe', 'Armut': 'Arbeit & Soziales', 'Barrierefreiheit': 'Inklusion & Teilhabe', 'Beratung': 'Soziale Dienste', 'Chancengleichheit': 'Anti Dismkriminierung', 'Demokratie': 'Demokratie & Soziale Rechte', 'Demenz': 'Gesundheit', 'Datenschutz': '', 'Energie': 'Klima & Umwelt', 'Ethik': 'Demokratie & Soziale Rechte', 'Evaluation': 'Organisation & Professionalisierung', 'Frauen': 'Anti Dismkriminierung', 'Fundraising': 'Organisation & Professionalisierung', 'Geflüchtete': 'Flucht & Migration', 'Genderneutrale Sprache': '', 'Gleichberechtigung': 'Anti Dismkriminierung', 'Gleichstellung': 'Anti Dismkriminierung', 'Gesundheit': 'Gesundheit', 'Humanitäre Hilfe': 'Internationale Projekte', 'Indien': 'Internationale Projekte', 'Inklusion': 'Inklusion & Teilhabe', 'Integration': 'Inklusion & Teilhabe', 'International': 'Internationale Projekte', 'Jugendarbeit': 'Jugendhilfe', 'Jugendbeteiligung': 'Jugendhilfe', 'Jugendhilfe': 'Jugendhilfe', 'Kamerun': 'Internationale Projekte', 'Katastrophenschutz': 'Gesundheit', 'Kältehilfe': 'Soziale Dienste', 'Kinderschutz': 'Jugendhilfe', 'Kinder- und Jugendhilfe': 'Jugendhilfe', 'KI': 'Gesundheit', 'Kongo': 'Internationale Projekte', 'Kroatien': 'Internationale Projekte', 'Landwirtschaft': 'Klima & Umwelt', 'Meeresschutz': 'Klima & Umwelt', 'Mentale Gesundheit': 'Gesundheit', 'Mentoring': 'Bildung', 'Menschen mit Behinderung': 'Inklusion & Teilhabe', 'Menschenrechte': 'Demokratie & Soziale Rechte', 'Migration': 'Flucht & Migration', 'Migrationsberatung': 'Flucht & Migration', 'Nachhaltigkeit': 'Klima & Umwelt', 'Offene Daten': '', 'Partizipation': 'Inklusion & Teilhabe', 'Patenschaft': 'Organisation & Professionalisierung', 'Pflege': 'Gesundheit', 'Pflegende Angehörige': '', 'Queere Sichtbarkeit': 'Anti Dismkriminierung', 'Rettungsdienst': 'Gesundheit', 'Senioren': 'Soziale Dienste', 'Soziale Arbeit': 'Soziale Dienste', 'Sport': 'Sport', 'Stadt': 'Stadtentwicklung', 'Stadtplanung': 'Stadtentwicklung', 'Teilhabe': 'Inklusion & Teilhabe', 'Telemedizin': 'Gesundheit', 'Transparenz': 'Inklusion & Teilhabe', 'Türkei': 'Internationale Projekte', 'Umwelt': 'Klima & Umwelt', 'Umweltschutz': 'Klima & Umwelt', 'Vernetzung': 'Organisation & Professionalisierung', 'Verwaltung': 'Organisation & Professionalisierung', 'Wirkungsmessung': 'Organisation & Professionalisierung', 'Wohlfahrt': 'Soziale Dienste', 'Wohnen': 'Stadtentwicklung', 'Wohnungslosenhilfe': 'Soziale Dienste', 'Wissensmanagement': 'Organisation & Professionalisierung'};https://www.civic-coding.de/community-information/projekte/vorschauseite-projekt/barrierefreies-bewegen-im-netz-der-editor-fur-leichte-sprache/689;Civic Coding;Unbekannt;Im Bereich der digitalen Barrierefreiheit ist die Weiterverbreitung von leichter Sprache ein wichtiger Bestandteil der gesellschaftlichen Teilhabe. Unsere Projektidee fokussiert sich daher auf die automatisierte Erstellung, Umwandlung und Ausgabe von Texten in leichter Sprache.;;CC-BY-NC-ND 4.0;https://www.civic-coding.de;112.0
https://www.civic-coding.de/community-information/projekte/vorschauseite-projekt/die-herzenswunsch-team-app-schnelle-einsatzplanung-u-kommunikation-mit-der-app-fur-die-herzenswunsch-initiative/685;"Die ""Herzenswunsch Team App"" - Schnelle Einsatzplanung u. Kommunikation mit der App für die Herzenswunsch Initiative";{};{};https://www.civic-coding.de/community-information/projekte/vorschauseite-projekt/die-herzenswunsch-team-app-schnelle-einsatzplanung-u-kommunikation-mit-der-app-fur-die-herzenswunsch-initiative/685;Civic Coding;Unbekannt;Die Cross-Plattform App professionalisiert Planung u. interne Kommunikation der Initiative. Hier erfüllen speziell geschulte Ehrenamtliche unheilbar erkrankten Kindern, Jugendlichen und Erwachsenen letzte Wünsche. Durch die App kann schneller reagiert und gehandelt werden.;;CC-BY-NC-ND 4.0;https://www.civic-coding.de;113.0
https://www.civic-coding.de/community-information/projekte/vorschauseite-projekt/corona-schnelltesterkennung-fur-blinde-und-sehbeeintraechtige-menschen/626;Corona Schnelltesterkennung für blinde und sehbeeinträchtige Menschen;{'Analyse von Sensordaten und ML': 'Künstliche Intelligenz', 'Automatisierte Datenübermittlung': 'Datenmanagement', 'Bericht': 'Datenreporting', 'Crowd-Sourced Daten': 'Öffentliche Daten', 'Dashboard': 'Datenreporting', 'Datenanalyse': 'Datenanalyse', 'Datenerhebung': 'Datenerhebung', 'Datenanwendung für Öffentlichkeit': 'Datenanwendung für Öffentlichkeit', 'Datenstandards': 'Datenmanagement', 'Datensatz und Visualisierung': 'Datenreporting', 'Digitale Plattform': 'Digitale Plattformen', 'Dokumentations- und Netzwerktool': 'Unterstützungstools', 'Entscheidungsassistent': 'Virtuelle Assistenz', 'Festival und Studie': 'Datenreporting', 'Generative KI': 'Künstliche Intelligenz', 'Interaktive App': 'Webanwendungen', 'Interaktive Karte': 'Karten & Verzeichnisse', 'Interaktiver Fragebogen': 'Datenerhebung', 'Interne Datenanwendung': 'Interne Datenanwendung', 'KI Anwendung': '', 'Karte': 'Karten & Verzeichnisse', 'Knowledge Graph': 'Wissensorganisation', 'Large Language Model (LLM)': 'Sprachtechnologie', 'Matching': 'Datenanalyse', 'Monitoring': 'Wirkungsmessung', 'Offene Daten': 'Öffentliche Daten', 'Output Monitoring': 'Wirkungsmessung', 'Plattform für Wahlentscheidungen': 'Digitale Plattformen', 'Prozessautomatisierung': 'Automatisierung', 'Reporting': 'Datenreporting', 'Skalierung der Wirkungsmessung': 'Wirkungsmessung', 'Sprach-Editor': 'Sprachtechnologie', 'Umfrage': 'Datenerhebung', 'Übersetzungsassistent': 'Sprachtechnologie', 'Vernetzungsassistent': 'Virtuelle Assistenz', 'Verzeichnis / Karte': 'Karten & Verzeichnisse', 'Visualisierung mit Karten': 'Karten & Verzeichnisse', 'Zugänglichkeit Offene Daten des Statistischen Bundesamts': 'Öffentliche Daten'};{'Arbeit mit Kindern': 'Jugendhilfe', 'Armut': 'Arbeit & Soziales', 'Barrierefreiheit': 'Inklusion & Teilhabe', 'Beratung': 'Soziale Dienste', 'Chancengleichheit': 'Anti Dismkriminierung', 'Demokratie': 'Demokratie & Soziale Rechte', 'Demenz': 'Gesundheit', 'Datenschutz': '', 'Energie': 'Klima & Umwelt', 'Ethik': 'Demokratie & Soziale Rechte', 'Evaluation': 'Organisation & Professionalisierung', 'Frauen': 'Anti Dismkriminierung', 'Fundraising': 'Organisation & Professionalisierung', 'Geflüchtete': 'Flucht & Migration', 'Genderneutrale Sprache': '', 'Gleichberechtigung': 'Anti Dismkriminierung', 'Gleichstellung': 'Anti Dismkriminierung', 'Gesundheit': 'Gesundheit', 'Humanitäre Hilfe': 'Internationale Projekte', 'Inklusion': 'Inklusion & Teilhabe', 'Integration': 'Inklusion & Teilhabe', 'International': 'Internationale Projekte', 'Jugendarbeit': 'Jugendhilfe', 'Jugendbeteiligung': 'Jugendhilfe', 'Jugendhilfe': 'Jugendhilfe', 'KI': 'Gesundheit', 'Kältehilfe': 'Soziale Dienste', 'Kinderschutz': 'Jugendhilfe', 'Kinder- und Jugendhilfe': 'Jugendhilfe', 'Kongo': 'Internationale Projekte', 'Kroatien': 'Internationale Projekte', 'Landwirtschaft': 'Klima & Umwelt', 'Meeresschutz': 'Klima & Umwelt', 'Mentale Gesundheit': 'Gesundheit', 'Mentoring': 'Bildung', 'Menschen mit Behinderung': 'Inklusion & Teilhabe', 'Menschenrechte': 'Demokratie & Soziale Rechte', 'Migration': 'Flucht & Migration', 'Migrationsberatung': 'Flucht & Migration', 'Nachhaltigkeit': 'Klima & Umwelt', 'Offene Daten': '', 'Partizipation': 'Inklusion & Teilhabe', 'Patenschaft': 'Organisation & Professionalisierung', 'Pflege': 'Gesundheit', 'Pflegende Angehörige': '', 'Queere Sichtbarkeit': 'Anti Dismkriminierung', 'Rettungsdienst': 'Gesundheit', 'Senioren': 'Soziale Dienste', 'Soziale Arbeit': 'Soziale Dienste', 'Sport': 'Sport', 'Stadt': 'Stadtentwicklung', 'Stadtplanung': 'Stadtentwicklung', 'Teilhabe': 'Inklusion & Teilhabe', 'Telemedizin': 'Gesundheit', 'Transparenz': 'Inklusion & Teilhabe', 'Umwelt': 'Klima & Umwelt', 'Umweltschutz': 'Klima & Umwelt', 'Vernetzung': 'Organisation & Professionalisierung', 'Verwaltung': 'Organisation & Professionalisierung', 'Wirkungsmessung': 'Organisation & Professionalisierung', 'Wohlfahrt': 'Soziale Dienste', 'Wohnen': 'Stadtentwicklung', 'Wohnungslosenhilfe': 'Soziale Dienste', 'Wissensmanagement': 'Organisation & Professionalisierung'};https://www.civic-coding.de/community-information/projekte/vorschauseite-projekt/corona-schnelltesterkennung-fur-blinde-und-sehbeeintraechtige-menschen/626;Civic Coding;Unbekannt;Blinde Personen sind in der Corona-Pandemie bei der Auswertung von Sars-CoV-2-Schnelltests auf die Hilfe ihrer Mitmenschen angewiesen. Mit Hilfe einer App basierend auf Objekterkennungsmodellen soll eine automatische Auswertung von Fotos der Schnelltestergebnisse möglich werden.;;CC-BY-NC-ND 4.0;https://www.civic-coding.de;114.0
https://www.civic-coding.de/community-information/projekte/vorschauseite-projekt/untlitz-de-indentifizierung-von-personenbildern-fur-verbesserte-oeffentlichkeitsarbeit/618;UNTLITZ De-indentifizierung von Personenbildern für verbesserte Öffentlichkeitsarbeit;{'Unbekannt': ''};{'Unbekannt': ''};https://www.civic-coding.de/community-information/projekte/vorschauseite-projekt/untlitz-de-indentifizierung-von-personenbildern-fur-verbesserte-oeffentlichkeitsarbeit/618;Civic Coding;Unbekannt;Sommerfest im Familienzentrum: volle Hütte, super Stimmung, tolle Fotos entstehen. Der tolle Event könnte öffentlichkeitswirksam dokumentiert werden, doch: es gilt die Persönlichkeitsrechte der Besucher zu waren, die man keinesfalls verletzen möchte. 2022 und kein workaround?;;CC-BY-NC-ND 4.0;https://www.civic-coding.de;115.0
https://www.civic-coding.de/community-information/projekte/vorschauseite-projekt/cpu-architekture-etwas-anders/588;CPU Architekture etwas anders;{};{};https://www.civic-coding.de/community-information/projekte/vorschauseite-projekt/cpu-architekture-etwas-anders/588;Civic Coding;Unbekannt;Computer benutzten wie vor 30 Jahren immer noch Assembler mit immer wieder überholten Funktionen.;;CC-BY-NC-ND 4.0;https://www.civic-coding.de;116.0
https://www.civic-coding.de/community-information/projekte/vorschauseite-projekt/learning-machine-into-own-direction/587;Learning Machine into own direction;{};{};https://www.civic-coding.de/community-information/projekte/vorschauseite-projekt/learning-machine-into-own-direction/587;Civic Coding;Unbekannt;Eine Maschine die sich selber analysiert, Sinne erstellt, Denkprozesse benutzt aus logischen Abläufen die Interagieren. Es kann sich unterhalten. Es treibt sich selber an . Und ist über C++ mit SQL innerhalb von 4 Wochen umsetzbar.;;CC-BY-NC-ND 4.0;https://www.civic-coding.de;117.0
https://www.civic-coding.de/community-information/projekte/vorschauseite-projekt/digistadtv-digitale-souveraenitaet-fur-alle-kommunalen-und-staedtischen-verwaltungen/565;DigiStadtV - Digitale Souveränität für alle kommunalen und städtischen Verwaltungen;{};{};https://www.civic-coding.de/community-information/projekte/vorschauseite-projekt/digistadtv-digitale-souveraenitaet-fur-alle-kommunalen-und-staedtischen-verwaltungen/565;Civic Coding;Unbekannt;In keiner deutschen kommunalen oder städtischen Verwaltung soll irgendjemand größere Texte abtippen müssen, aber die Daten sollten auch sicher und souverän verarbeitet werden. Daher soll ein digitaler Dienst aufgebaut und angeboten werden, wie onlineocr.net bzw Google Lens.;;CC-BY-NC-ND 4.0;https://www.civic-coding.de;118.0
https://www.civic-coding.de/community-information/projekte/vorschauseite-projekt/ai-for-addressing-urban-inequality/564;AI for addressing urban inequality;{};{};https://www.civic-coding.de/community-information/projekte/vorschauseite-projekt/ai-for-addressing-urban-inequality/564;Civic Coding;Unbekannt;Urban inequality is a critical issue for Western societies: unequal distributions of income within cities has negative impact on well-being, segregation, and individual development. We develop a new, highly granular mapping of urban inequality through AI to support policy-makers.;;CC-BY-NC-ND 4.0;https://www.civic-coding.de;119.0
https://www.civic-coding.de/community-information/projekte/vorschauseite-projekt/onda-one-deafworld-app/563;OnDA (One Deafworld App);{};{};https://www.civic-coding.de/community-information/projekte/vorschauseite-projekt/onda-one-deafworld-app/563;Civic Coding;Unbekannt;Next Generation Cross-Plattform-App! Eine App für viele Einsatzbereiche in der Kommunikation zw. Hörbehinderten, Taubblinden und Normalhörenden Menschen. Dazu gehören die Automatisierte Termin-Koordination (inkl. Routing) & barrierefreie Video- & Telefonfunktionen.;;CC-BY-NC-ND 4.0;https://www.civic-coding.de;120.0
https://www.civic-coding.de/community-information/projekte/vorschauseite-projekt/der-nutzen-ki-basierter-sprachanalysen-bei-einer-mediation/562;Der Nutzen KI-basierter Sprachanalysen bei einer Mediation;{};{};https://www.civic-coding.de/community-information/projekte/vorschauseite-projekt/der-nutzen-ki-basierter-sprachanalysen-bei-einer-mediation/562;Civic Coding;Unbekannt;In Mediationsverfahren sind sich wiederholende sprachliche Auffälligkeiten mit Sprachanalysen zu erheben und auszuwerten. Deeskalierenden und eskalierenden Sprachmuster sind zu analysieren und auszuwerten, um den Konflikt gezielter zu schlichten.;;CC-BY-NC-ND 4.0;https://www.civic-coding.de;121.0
https://www.civic-coding.de/community-information/projekte/vorschauseite-projekt/telemarie/561;Telemarie;{};{};https://www.civic-coding.de/community-information/projekte/vorschauseite-projekt/telemarie/561;Civic Coding;Unbekannt;Telemarie ist ein Seniorentablet, das auf einfachste Weise die Kommunikation sowie das Teilen von Medien zwischen SeniorInnen und ihren Familien und FreundInnen ermöglicht - ohne Anmeldung, ohne Passwörter, ohne Social Media.;;CC-BY-NC-ND 4.0;https://www.civic-coding.de;122.0
https://www.civic-innovation.de/wettbewerb/praemierte-ideen/runde-2/ebenbild-mit-ki-sich-selbst-begegnen;EBENBILD - Mit KI sich selbst begegnen;{};{};https://www.civic-innovation.de/wettbewerb/praemierte-ideen/runde-2/ebenbild-mit-ki-sich-selbst-begegnen;Civic Coding;Unbekannt;Durch die Verzahnung von gegenwärtigen Coaching-Setups (räumliche Erfahrung) mit DeepFake-Formaten (Video- und Sprachsynthese) entstehen innovative persönlichkeitsentwickelnde Angebote, die soziale Kompetenzen und emotionale Intelligenz fördern.;;CC-BY-NC-ND 4.0;https://www.civic-coding.de;123.0
https://www.civic-innovation.de/wettbewerb/praemierte-ideen/runde-2/barrierefreie-app-des-bundesverband-kinderhospiz-ev;Barrierefreie App des Bundesverband Kinderhospiz e.V.;{};{};https://www.civic-innovation.de/wettbewerb/praemierte-ideen/runde-2/barrierefreie-app-des-bundesverband-kinderhospiz-ev;Civic Coding;Unbekannt;Wir möchten eine barrierefreie App für den Bundesverband Kinderhospiz e.V. entwickeln, in der aktuelle wichtige Inhalte, Informationen und Austauschmöglichkeiten für Familien mit einem unheilbar kranken Kind, Kinderhospizeinrichtungen und Interessierte bereitgestellt werden.;;CC-BY-NC-ND 4.0;https://www.civic-coding.de;124.0
https://www.civic-coding.de/community-information/projekte/vorschauseite-projekt/schreibenlernen-mit-ki/553;Schreibenlernen mit KI;{};{};https://www.civic-coding.de/community-information/projekte/vorschauseite-projekt/schreibenlernen-mit-ki/553;Civic Coding;Unbekannt;Ziel ist die Entwicklung eines virtuellen Lernpartners, mit dem Kinder autark schreiben lernen. Der analoge Unterbau liegt mit dem Buch ISBN 978-3-8991-288-7 vor. Next step: ein Lern-Font, der heutiges Type-Design voll ausreizt und sich für zukünftige digitale Anwendungen eignet.;;CC-BY-NC-ND 4.0;https://www.civic-coding.de;125.0
https://www.civic-innovation.de/wettbewerb/praemierte-ideen/runde-2/hyper-ki-hypothesenbildende-erklaerbare-ki;Hyper KI - Hypothesenbildende erklärbare KI;{};{};https://www.civic-innovation.de/wettbewerb/praemierte-ideen/runde-2/hyper-ki-hypothesenbildende-erklaerbare-ki;Civic Coding;Unbekannt;"Erklärbarkeit heutiger KI-Systeme ist ihre Schwäche, da sie das Entstehen eigener Ergebnisse nicht erklären können. KI-Lernen ist Hypothesenbildung. Was KI ""weiß"", sind hypothetische Datenbeziehungen. Durch Sprachelernen soll eine lernende KI das Erklären ihrer Hypothesen lernen.";;CC-BY-NC-ND 4.0;https://www.civic-coding.de;126.0
https://www.civic-coding.de/community-information/projekte/vorschauseite-projekt/schmusebaer-mit-knopf-im-ohr/548;Schmusebär mit Knopf im Ohr;{};{};https://www.civic-coding.de/community-information/projekte/vorschauseite-projekt/schmusebaer-mit-knopf-im-ohr/548;Civic Coding;Unbekannt;Kinder, die mit dem Sterben von sich selbst, eines Geschwisters oder der Eltern konfrontiert sind, stehen oft im 'OFF' mit ihren Sorgen. Ein Teddy mit Knopf im Ohr tröstet und verbindet zum OSKAR Telefon. Der Chip verrät, wo ich bin und ob meine Kommunikation eingeschränkt ist;;CC-BY-NC-ND 4.0;https://www.civic-coding.de;127.0
https://www.civic-innovation.de/wettbewerb/praemierte-ideen/runde-2/ai-on-the-fly;AI on the Fly;{};{};https://www.civic-innovation.de/wettbewerb/praemierte-ideen/runde-2/ai-on-the-fly;Civic Coding;Unbekannt;„Gemeinwohlorientierte und innovative KI-Anwendungen“ müssen eine breite Öffentlichkeit erreichen. Sie müssen attraktiv sein, Rezipienten faszinieren und sich viral verbreiten. Im „Fliegenden Klassenzimmer“, der IL 18 in Erfurt, werden KI-Varianten erlebt und gemeinsam ausgebaut.;;CC-BY-NC-ND 4.0;https://www.civic-coding.de;128.0
https://www.civic-coding.de/community-information/projekte/vorschauseite-projekt/selbstlernendes-barrierefreies-kommunikations-tablet/546;Selbstlernendes, barrierefreies Kommunikations-Tablet;{};{};https://www.civic-coding.de/community-information/projekte/vorschauseite-projekt/selbstlernendes-barrierefreies-kommunikations-tablet/546;Civic Coding;Unbekannt;"Tablet / App für Kinder / Erwachsene mit Einschränkungen: Umsetzung Sprache => Schrift und umgekehrt; Hilfsfunktionen: Erkennung, wenn Hilfe benötigt wird => Benachrichtigung an Bezugsperson, Selbstlernend, Lern-, Beschäftigungs- und Spiele-Apps; Translator; Komm. mit Smartphone";;CC-BY-NC-ND 4.0;https://www.civic-coding.de;129.0
https://www.civic-coding.de/community-information/projekte/vorschauseite-projekt/pia-persoenlicher-informations-assistent/544;Pia - Persönlicher Informations Assistent;{};{};https://www.civic-coding.de/community-information/projekte/vorschauseite-projekt/pia-persoenlicher-informations-assistent/544;Civic Coding;Unbekannt;Als Start-Up arbeitet die Perfect-iD GmbH seit 2021 an einer Lösung zur sicheren Verwaltung und Speicherung personenbezogener und biometrischer Daten von Privatpersonen zur zweckgebundenen temporären Freigabe über eine sichere Kommunikationsschnittstelle und einer Infrastruktur.;;CC-BY-NC-ND 4.0;https://www.civic-coding.de;130.0
https://www.civic-innovation.de/wettbewerb/praemierte-ideen/runde-2/ki-modul-fuer-mobile-roboter-zur-unterstuetzung-der-fachkraefte-auf-baustellen;KI-Modul für mobile Roboter zur Unterstützung der Fachkräfte auf Baustellen;{};{};https://www.civic-innovation.de/wettbewerb/praemierte-ideen/runde-2/ki-modul-fuer-mobile-roboter-zur-unterstuetzung-der-fachkraefte-auf-baustellen;Civic Coding;Unbekannt;Mit KI wird ermöglicht, dass mobile Roboter trotz Hindernissen und der sich stetig verändernden Umgebung auf der Baustelle autonom navigieren können. Dadurch werden eine sichere Mensch-Roboter-Kooperation (MRK) auf der Baustelle gewährleistet und Fachkräfte wirksam unterstützt.;;CC-BY-NC-ND 4.0;https://www.civic-coding.de;131.0
https://www.civic-innovation.de/wettbewerb/praemierte-ideen/runde-2/ki-basiertes-peer-to-peer-p2p-lernprogramm-fuer-angehende-software-entwicklerinnen;KI basiertes Peer-to-Peer (P2P-) Lernprogramm für angehende Software Entwickler*innen;{};{};https://www.civic-innovation.de/wettbewerb/praemierte-ideen/runde-2/ki-basiertes-peer-to-peer-p2p-lernprogramm-fuer-angehende-software-entwicklerinnen;Civic Coding;Unbekannt;Wir entwickeln ein KI gestütztes P2P-Lernprogramm, um ressourcenschwache IT-Fachkräfte zu qualifizieren. Durch einen Matching Algorithmus können Peer-Collaboration und -Review optimiert und durch KI skaliert werden. So können mehr Lernende auf hohem Niveau qualifiziert werden.;;CC-BY-NC-ND 4.0;https://www.civic-coding.de;132.0
https://www.civic-innovation.de/wettbewerb/praemierte-ideen/runde-2/ki-assist-112-ki-gestuetztes-assistenzsystem-zur-notrufannahme-der-112-der-leitstelle-fuer-feuerwehr-rettungsdienst;KI-Assist 112: KI-gestütztes Assistenzsystem zur Notrufannahme der „112“ der Leitstelle für Feuerwehr & Rettungsdienst;{};{};https://www.civic-innovation.de/wettbewerb/praemierte-ideen/runde-2/ki-assist-112-ki-gestuetztes-assistenzsystem-zur-notrufannahme-der-112-der-leitstelle-fuer-feuerwehr-rettungsdienst;Civic Coding;Unbekannt;KI-Assist 112 wird Möglichkeiten KI-gestützter Stresserkennung sowie weitere Kontextdaten nutzen, um die Mitarbeiter*innen der Integrierten Leitstellen „112 – Feuerwehr & Rettungsdienst“ zu unterstützen, möglichst schnell und fehlerarm Notfallprozesse auszulösen.;;CC-BY-NC-ND 4.0;https://www.civic-coding.de;133.0
https://www.civic-coding.de/community-information/projekte/vorschauseite-projekt/respeak-powerful-dialogs-for-better-relationships/537;Respeak – Powerful Dialogs for Better Relationships;{'Analyse von Sensordaten und ML': 'Künstliche Intelligenz', 'Automatisierte Datenübermittlung': 'Datenmanagement', 'Bericht': 'Datenreporting', 'Crowd-Sourced Daten': 'Öffentliche Daten', 'Dashboard': 'Datenreporting', 'Datenanalyse': 'Datenanalyse', 'Datenerhebung': 'Datenerhebung', 'Datenanwendung für Öffentlichkeit': 'Datenanwendung für Öffentlichkeit', 'Datenstandards': 'Datenmanagement', 'Datensatz und Visualisierung': 'Datenreporting', 'Digitale Plattform': 'Digitale Plattformen', 'Dokumentations- und Netzwerktool': 'Unterstützungstools', 'Entscheidungsassistent': 'Virtuelle Assistenz', 'Festival und Studie': 'Datenreporting', 'Generative KI': 'Künstliche Intelligenz', 'Interaktive App': 'Webanwendungen', 'Interaktive Karte': 'Karten & Verzeichnisse', 'Interaktiver Fragebogen': 'Datenerhebung', 'Interne Datenanwendung': 'Interne Datenanwendung', 'KI Anwendung': '', 'Karte': 'Karten & Verzeichnisse', 'Knowledge Graph': 'Wissensorganisation', 'Large Language Model (LLM)': 'Sprachtechnologie', 'Matching': 'Datenanalyse', 'Monitoring': 'Wirkungsmessung', 'Offene Daten': 'Öffentliche Daten', 'Output Monitoring': 'Wirkungsmessung', 'Plattform für Wahlentscheidungen': 'Digitale Plattformen', 'Prozessautomatisierung': 'Automatisierung', 'Reporting': 'Datenreporting', 'Skalierung der Wirkungsmessung': 'Wirkungsmessung', 'Sprach-Editor': 'Sprachtechnologie', 'Umfrage': 'Datenerhebung', 'Übersetzungsassistent': 'Sprachtechnologie', 'Vernetzungsassistent': 'Virtuelle Assistenz', 'Verzeichnis / Karte': 'Karten & Verzeichnisse', 'Visualisierung mit Karten': 'Karten & Verzeichnisse', 'Zugänglichkeit Offene Daten des Statistischen Bundesamts': 'Öffentliche Daten'};{'Afrika': 'Internationale Projekte', 'Antidiskriminierung': 'Anti Dismkriminierung', 'Antirassismus': 'Anti Dismkriminierung', 'Arbeit mit Kindern': 'Jugendhilfe', 'Armut': 'Arbeit & Soziales', 'Barrierefreiheit': 'Inklusion & Teilhabe', 'Beratung': 'Soziale Dienste', 'Chancengleichheit': 'Anti Dismkriminierung', 'Demokratie': 'Demokratie & Soziale Rechte', 'Demenz': 'Gesundheit', 'Datenschutz': '', 'Energie': 'Klima & Umwelt', 'Ethik': 'Demokratie & Soziale Rechte', 'Evaluation': 'Organisation & Professionalisierung', 'Frauen': 'Anti Dismkriminierung', 'Fundraising': 'Organisation & Professionalisierung', 'Geflüchtete': 'Flucht & Migration', 'Genderneutrale Sprache': '', 'Gleichberechtigung': 'Anti Dismkriminierung', 'Gleichstellung': 'Anti Dismkriminierung', 'Gesundheit': 'Gesundheit', 'Humanitäre Hilfe': 'Internationale Projekte', 'Indien': 'Internationale Projekte', 'Inklusion': 'Inklusion & Teilhabe', 'Integration': 'Inklusion & Teilhabe', 'International': 'Internationale Projekte', 'Jugendarbeit': 'Jugendhilfe', 'Jugendbeteiligung': 'Jugendhilfe', 'Jugendhilfe': 'Jugendhilfe', 'Kamerun': 'Internationale Projekte', 'Katastrophenschutz': 'Gesundheit', 'Kältehilfe': 'Soziale Dienste', 'Kinderschutz': 'Jugendhilfe', 'Kinder- und Jugendhilfe': 'Jugendhilfe', 'KI': 'Gesundheit', 'Kongo': 'Internationale Projekte', 'Kroatien': 'Internationale Projekte', 'Landwirtschaft': 'Klima & Umwelt', 'Meeresschutz': 'Klima & Umwelt', 'Mentale Gesundheit': 'Gesundheit', 'Mentoring': 'Bildung', 'Menschen mit Behinderung': 'Inklusion & Teilhabe', 'Menschenrechte': 'Demokratie & Soziale Rechte', 'Migration': 'Flucht & Migration', 'Migrationsberatung': 'Flucht & Migration', 'Nachhaltigkeit': 'Klima & Umwelt', 'Offene Daten': '', 'Partizipation': 'Inklusion & Teilhabe', 'Patenschaft': 'Organisation & Professionalisierung', 'Pflege': 'Gesundheit', 'Pflegende Angehörige': '', 'Queere Sichtbarkeit': 'Anti Dismkriminierung', 'Rettungsdienst': 'Gesundheit', 'Senioren': 'Soziale Dienste', 'Soziale Arbeit': 'Soziale Dienste', 'Sport': 'Sport', 'Stadt': 'Stadtentwicklung', 'Stadtplanung': 'Stadtentwicklung', 'Teilhabe': 'Inklusion & Teilhabe', 'Telemedizin': 'Gesundheit', 'Transparenz': 'Inklusion & Teilhabe', 'Türkei': 'Internationale Projekte', 'Umwelt': 'Klima & Umwelt', 'Umweltschutz': 'Klima & Umwelt', 'Vernetzung': 'Organisation & Professionalisierung', 'Verwaltung': 'Organisation & Professionalisierung', 'Wirkungsmessung': 'Organisation & Professionalisierung', 'Wohlfahrt': 'Soziale Dienste', 'Wohnen': 'Stadtentwicklung', 'Wohnungslosenhilfe': 'Soziale Dienste', 'Wissensmanagement': 'Organisation & Professionalisierung'};https://www.civic-coding.de/community-information/projekte/vorschauseite-projekt/respeak-powerful-dialogs-for-better-relationships/537;Civic Coding;Unbekannt;Weniger Fragen, mehr Antworten – unsere KI „Respeak“ nutzt kraftvolle Dialoge für eine bessere und nachhaltige Beziehungsentwicklung in einer digitalen Welt.;;CC-BY-NC-ND 4.0;https://www.civic-coding.de;134.0
https://www.civic-coding.de/community-information/projekte/vorschauseite-projekt/sgb-antraege-vernetzen/534;SGB Anträge vernetzen;{};{};https://www.civic-coding.de/community-information/projekte/vorschauseite-projekt/sgb-antraege-vernetzen/534;Civic Coding;Unbekannt;Der Einsatz der KI soll die Bürokratie und Antragsflut vereinfachen. Langfristig sollte es möglich sein, aufgrund der ICD (International Statistical Classification of Diseases and Related Health Problem) die entsprechenden Anträge bearbeitungsreif zu initiieren.;;CC-BY-NC-ND 4.0;https://www.civic-coding.de;135.0
https://www.civic-coding.de/community-information/projekte/vorschauseite-projekt/universal-app-fur-freie-smartphone-netzwerk-verbindungen-ohne-unmittelbaren-internetzugang/533;UNIVERSAL-APP für freie SMARTPHONE-Netzwerk Verbindungen ohne unmittelbaren Internetzugang;{'Unbekannt': ''};{'Unbekannt': ''};https://www.civic-coding.de/community-information/projekte/vorschauseite-projekt/universal-app-fur-freie-smartphone-netzwerk-verbindungen-ohne-unmittelbaren-internetzugang/533;Civic Coding;Unbekannt;Im Katastrophenfall hilft kein Smartphone mehr, wenn im näherem Umkreis die Funkmasten ausgefallen sind. Notwendig wäre eine Universal-App, die Smartphones mit Peer-2-Peer Mesh-Netzwerken mit kombinierten W-Lan, Wi-Fi-Direct, Bluetooth, LoRaWAN schnell und sicher verbindet.;;CC-BY-NC-ND 4.0;https://www.civic-coding.de;136.0
https://www.civic-coding.de/community-information/projekte/vorschauseite-projekt/beezle-bug-ki-gesteuertes-assistenzsystem-fur-jugendliche/526;Beezle-Bug: KI gesteuertes Assistenzsystem für Jugendliche;{};{};https://www.civic-coding.de/community-information/projekte/vorschauseite-projekt/beezle-bug-ki-gesteuertes-assistenzsystem-fur-jugendliche/526;Civic Coding;Unbekannt;Wir alle kennen Siri - don't like her - als Assistenzsystem (AS) für SmartHomes, Musikspieler etc. In Short: Beezle-Bug ist ein AS für Kinder/Jugendliche das mit den Interessen des Nutzers wachsen soll. Beezle-Bug (Robot) hat ein UI(APP/VR/AR) und Bild- und Spracherkennung.;;CC-BY-NC-ND 4.0;https://www.civic-coding.de;137.0
https://www.civic-innovation.de/wettbewerb/praemierte-ideen/runde-2/ordnung-im-dokumenten-dschungel;Ordnung im Dokumenten-Dschungel;{};{};https://www.civic-innovation.de/wettbewerb/praemierte-ideen/runde-2/ordnung-im-dokumenten-dschungel;Civic Coding;Unbekannt;Verwaltungen in ganz Deutschland digitalisieren ihre Aktensysteme - Millionen von Papierakten sind aber noch immer nicht digitalisiert. Wir entwickeln für diesen Prozess einen strukturierten Ansatz für die einfache Lesbarkeit, Klassifizierung und Ordnung von Dokumenten.;;CC-BY-NC-ND 4.0;https://www.civic-coding.de;138.0
https://www.civic-coding.de/community-information/projekte/vorschauseite-projekt/digital-flow-smart-education-mit-ki/507;Digital Flow | Smart Education mit KI;{};{};https://www.civic-coding.de/community-information/projekte/vorschauseite-projekt/digital-flow-smart-education-mit-ki/507;Civic Coding;Unbekannt;Der Lernort Technik macht analoges Begreifen und digitales Verstehen mit Hilfe bildungspädagogischer Lernmittel möglich und verknüpft das Erlernte im Reallabor SMART Factory durch die Integration einer digitalen Plattform mit der Praxis.;;CC-BY-NC-ND 4.0;https://www.civic-coding.de;139.0
https://www.civic-innovation.de/wettbewerb/praemierte-ideen/runde-2/kompetenzbooster-future-skills-fuer-studierende-nachhaltig-und-spielerisch-trainieren;Kompetenzbooster: Future Skills für Studierende nachhaltig und spielerisch trainieren!;{};{};https://www.civic-innovation.de/wettbewerb/praemierte-ideen/runde-2/kompetenzbooster-future-skills-fuer-studierende-nachhaltig-und-spielerisch-trainieren;Civic Coding;Unbekannt;Wir unterstützen Studierende beim Training von Future Skills, indem wir Kompetenzanalyse und nachhaltiges Training in einer App vereinen. Inhalte werden passend nach Persönlichkeit und bestehenden Kompetenzen durch Machine Learning ausgewählt und in tägl. Challenges trainiert.;;CC-BY-NC-ND 4.0;https://www.civic-coding.de;140.0
https://www.civic-innovation.de/wettbewerb/praemierte-ideen/runde-2/inklusiver-ki-lernassistent;Inklusiver KI Lernassistent;{};{};https://www.civic-innovation.de/wettbewerb/praemierte-ideen/runde-2/inklusiver-ki-lernassistent;Civic Coding;Unbekannt;Wir möchten einen KI Lernassistenten entwickeln, welcher in digitalen Plattformen integriert werden und individuelle Lerninhalte auswählen und empfehlen kann - mit dem Ziel, im Alltag für Inklusion zu sensibilisieren (wie Grammerly für Inklusion).;;CC-BY-NC-ND 4.0;https://www.civic-coding.de;141.0
https://www.civic-innovation.de/wettbewerb/praemierte-ideen/runde-2/eifel-barrierefrei-erleben;Eifel barrierefrei erleben;{};{};https://www.civic-innovation.de/wettbewerb/praemierte-ideen/runde-2/eifel-barrierefrei-erleben;Civic Coding;Unbekannt;Ziel ist die Entwicklung einer digitalen Anwendung, in Form einer Progressive Web App, welche, mit Hilfe eines Recommender Systems, Empfehlungen für barrierefreie Reiseerlebnisse anbietet und hierbei die Bedürfnisse und Anforderungen der Nutzer:innen beachtet.;;CC-BY-NC-ND 4.0;https://www.civic-coding.de;142.0
https://www.civic-innovation.de/wettbewerb/praemierte-ideen/runde-1/kuenstliche-intelligenz-fuer-antragsmanagement-in-der-oeffentlichen-verwaltung;Künstliche Intelligenz für Antragsmanagement in der Öffentlichen Verwaltung (KIA-ÖV);{};{};https://www.civic-innovation.de/wettbewerb/praemierte-ideen/runde-1/kuenstliche-intelligenz-fuer-antragsmanagement-in-der-oeffentlichen-verwaltung;Civic Coding;Unbekannt;Ein intelligentes Antragsmanagement soll Behörden ermöglichen, einen differenzierten Überblick über die Art und Menge eingegangener Anträge zu erhalten und Arbeitsabläufe effizient auszugestalten.;;CC-BY-NC-ND 4.0;https://www.civic-coding.de;143.0
https://www.civic-coding.de/community-information/projekte/vorschauseite-projekt/techmentor-ki-gestutztes-matching-mit-it-mentoren/443;TechMentor - KI-gestütztes Matching mit IT-Mentoren;{'KI Anwendung': ''};{'Jugendarbeit': 'Jugendhilfe', 'Jugendbeteiligung': 'Jugendhilfe', 'Jugendhilfe': 'Jugendhilfe'};https://www.civic-coding.de/community-information/projekte/vorschauseite-projekt/techmentor-ki-gestutztes-matching-mit-it-mentoren/443;Civic Coding;Unbekannt;IT gehört heute in jedem Bereich der Arbeitswelt. Doch für viele ist die Benutzung neuer Technologien eine Hürde. In der Gesellschaft gibt es aber viele IT-Experten, die helfen können und wollen. Dank einer KI-Plattform können diese sicher und bequem gematcht werden und helfen.;;CC-BY-NC-ND 4.0;https://www.civic-coding.de;144.0
https://www.civic-coding.de/community-information/projekte/vorschauseite-projekt/rechtsberatung-und-sematische-suchmaschine-fur-gesetze/442;Rechtsberatung und sematische Suchmaschine für Gesetze;{};{};https://www.civic-coding.de/community-information/projekte/vorschauseite-projekt/rechtsberatung-und-sematische-suchmaschine-fur-gesetze/442;Civic Coding;Unbekannt;Rechts- und Gesetzesfragen sind ohne Experten nicht einfach zu beantworten (Honorarberatung). KI basierte Systemen wie GPT3 könnten Gesetze semantisch durchsuchen. Erst für die Prüfung auf Rechtssicherheit würde ein Jurist konsultiert.;;CC-BY-NC-ND 4.0;https://www.civic-coding.de;145.0
https://www.civic-coding.de/community-information/projekte/vorschauseite-projekt/agorai-update-democracy/440;Agorai | Update Democracy;{};{};https://www.civic-coding.de/community-information/projekte/vorschauseite-projekt/agorai-update-democracy/440;Civic Coding;Unbekannt;Wir glauben, dass jeder Mensch im Herzen politisch ist. Mithilfe unserer App wollen wir Bürger*innen dazu befähigen, das Land aktiv zu gestalten sowie unkompliziert und unmittelbar ihre Interessen zu formulieren. Es wird höchste Zeit unserer Demokratie ein Update zu verpassen!;;CC-BY-NC-ND 4.0;https://www.civic-coding.de;146.0
https://www.civic-innovation.de/wettbewerb/praemierte-ideen/runde-2/pandemic-robot-orchestra;„Pandemic Robot Orchestra“ (PaRoO, hinduistisch: Sonne, Feuer, Anmut, Fluss );{};{};https://www.civic-innovation.de/wettbewerb/praemierte-ideen/runde-2/pandemic-robot-orchestra;Civic Coding;Unbekannt;Generatives, kollaboratives Kunstwerk, das aus virtueller Interaktion zwischen co-kreativen Zuhörern & KI ständig neue Musik schöpft. Das Orchester der Solenoid Roboter konzertiert mit realen Instrumenten live & streamt zur weiteren Interaktion zwischen KI & Zuhörer ins Web.;;CC-BY-NC-ND 4.0;https://www.civic-coding.de;147.0
https://www.civic-innovation.de/wettbewerb/praemierte-ideen/runde-1/ki-basierte-wissensgraphen-fuer-die-oev-kiwi;KI-basierte Wissensgraphen für die öffentliche Verwaltung (Bund, Länder, Kommunen) - KIWI;{};{};https://www.civic-innovation.de/wettbewerb/praemierte-ideen/runde-1/ki-basierte-wissensgraphen-fuer-die-oev-kiwi;Civic Coding;Unbekannt;Durch Machine Teaching aufgebaute Wissensgraphen stellen Verwaltungen strukturierte und in Beziehung stehende Informationen bereit. Unstrukturierte Datenbestände werden KI-basiert konsolidiert, Informationen können schnell abgerufen und zu neuem Wissen kombiniert werden.;;CC-BY-NC-ND 4.0;https://www.civic-coding.de;148.0
https://www.civic-coding.de/community-information/projekte/vorschauseite-projekt/meta-der-weltweit-erste-antidiskriminierungschatbot/359;Meta - der weltweit erste Antidiskriminierungschatbot;{};{};https://www.civic-coding.de/community-information/projekte/vorschauseite-projekt/meta-der-weltweit-erste-antidiskriminierungschatbot/359;Civic Coding;Unbekannt;Meta ist der weltweit erste Antidiskriminierungschatbot mit der Mission Betroffenen von Diskriminierungen digital und barrierefreie zu beraten. Meta ist für Betroffene kostenlos, kann eine Vielzahl an NutzerInnen parallel beraten, jederzeit, anonym übers Handy oder am PC.;;CC-BY-NC-ND 4.0;https://www.civic-coding.de;149.0
https://www.civic-coding.de/community-information/projekte/vorschauseite-projekt/merlin-aio-das-freie-all-in-one-ki-system-fur-alle/350;Merlin AIO – Das freie All-in-One KI-System für alle;{'Unbekannt': ''};{'Unbekannt': ''};https://www.civic-coding.de/community-information/projekte/vorschauseite-projekt/merlin-aio-das-freie-all-in-one-ki-system-fur-alle/350;Civic Coding;Unbekannt;Merlin AIO (kurz: Merlin) ist ein auf Open-Source-Software basierender, lernender, digitaler Sprachassistent, der im Gegensatz zu anderen bekannten Systemen auch ohne Internetverbindung auskommt, so dass man die volle Kontrolle über alle Daten behält.;;CC-BY-NC-ND 4.0;https://www.civic-coding.de;150.0
https://www.civic-coding.de/community-information/projekte/vorschauseite-projekt/flying-eye-die-autonom-fliegende-baustellenuberwachungsdrohne/349;Flying Eye - Die autonom fliegende Baustellenüberwachungsdrohne;{'Automatisierte Datenübermittlung': 'Datenmanagement', 'Monitoring': 'Wirkungsmessung', 'Drohnen-Technologie': ''};{'Baustellenüberwachung': '', 'Bauwesen': '', 'Architektur': ''};https://www.civic-coding.de/community-information/projekte/vorschauseite-projekt/flying-eye-die-autonom-fliegende-baustellenuberwachungsdrohne/349;Civic Coding;Unbekannt;Flying Eye ist eine autonom fliegende Drohne, welche auf Baustellen den Arbeitsschutz überprüft. Die autonom fliegende Drohne fliegt über Baustellen, sobald ein Bauarbeiter kein Helm auf hat wird dieser fotografiert (AI) und dieser bekommt eine SMS mit einem Foto von sich ...;;CC-BY-NC-ND 4.0;https://www.civic-coding.de;151.0
https://www.civic-coding.de/community-information/projekte/vorschauseite-projekt/key2beme-community-zur-berufsorientierung/348;KEY2BE.ME Community zur Berufsorientierung;{};{};https://www.civic-coding.de/community-information/projekte/vorschauseite-projekt/key2beme-community-zur-berufsorientierung/348;Civic Coding;Unbekannt;"KEY2BE.ME - Berufsorientierung im Netzwerk. Zu den bestehenden Online Netzwerk Events soll eine Plattform entstehen, in der die Community zusammen kommt, Wissen zur Berufsorientierung teilt und die ""passenden"" Menschen zueinander finden und voneinander lernen. Dafür braucht es KI";;CC-BY-NC-ND 4.0;https://www.civic-coding.de;152.0
https://www.civic-innovation.de/wettbewerb/praemierte-ideen/runde-1/sozialleistungsrechner;Sozialleistungsrechner;{};{};https://www.civic-innovation.de/wettbewerb/praemierte-ideen/runde-1/sozialleistungsrechner;Civic Coding;Unbekannt;Wir erstellen ein mehrsprachiges webbasiertes Tool, das Nutzer:innen anhand einfacher Fragen individualisiert rückmeldet, auf welche Sozialleistungen sie in welcher Höhe Anspruch haben, und das beim Ausfüllen der Anträge unterstützt.;;CC-BY-NC-ND 4.0;https://www.civic-coding.de;153.0
https://www.civic-coding.de/community-information/projekte/vorschauseite-projekt/mehr-chancengleichheit-durch-bias-erkennung-und-bereinigung-in-datensaetzen/346;Mehr Chancengleichheit durch Bias-Erkennung und Bereinigung in Datensätzen;{};{};https://www.civic-coding.de/community-information/projekte/vorschauseite-projekt/mehr-chancengleichheit-durch-bias-erkennung-und-bereinigung-in-datensaetzen/346;Civic Coding;Unbekannt;Viele Datensätze spiegeln unsere Wirklichkeit aufgrund von Verzerrungen und unbewussten Diskriminierungen nicht äquivalent wider. Für mehr Chancengleichheit und Gleichberechtigung unterstützt die KI basierte Anwendung die Erkennung und Bereinigung von Bias in Datensätzen.;;CC-BY-NC-ND 4.0;https://www.civic-coding.de;154.0
https://www.civic-coding.de/community-information/projekte/vorschauseite-projekt/explainable-ai-made-simple/345;Explainable AI made simple!;{};{};https://www.civic-coding.de/community-information/projekte/vorschauseite-projekt/explainable-ai-made-simple/345;Civic Coding;Unbekannt;Das Ziel ist es, die Funktionalität von Erklärbarer KI anderen Entwicklern und Data Scientists durch open-source Technologie so einfach, stabil und integriert wie möglich verfügbar zu machen. Dabei wollen wir eine möglichst weite Verbreitung von vorhandenen Verfahren ermöglichen.;;CC-BY-NC-ND 4.0;https://www.civic-coding.de;155.0
https://www.civic-coding.de/community-information/projekte/vorschauseite-projekt/she-leaders-at/344;S/HE LEADERS (AT);{'Unbekannt': ''};{'Unbekannt': ''};https://www.civic-coding.de/community-information/projekte/vorschauseite-projekt/she-leaders-at/344;Civic Coding;Unbekannt;Unser KI-Projekt hilft weiblichen Führungspersönlichkeiten dabei, in kniffligen Karrierefragen, die richtige strategische Entscheidung zu treffen. Mehr Frauen in Führungspositionen helfen zugleich Unternehmen, ihre konzerneigenen Führungsstrukturen divers aufzustellen.;;CC-BY-NC-ND 4.0;https://www.civic-coding.de;156.0
https://www.civic-coding.de/community-information/projekte/vorschauseite-projekt/addressing-diverse-learners-challenges-by-leveraging-ki-technologies/341;Addressing diverse learners' challenges by leveraging KI technologies;{};{};https://www.civic-coding.de/community-information/projekte/vorschauseite-projekt/addressing-diverse-learners-challenges-by-leveraging-ki-technologies/341;Civic Coding;Unbekannt;Learners from diverse cultural and linguistic backgrounds need adequate support in terms of emotional wellbeing and academic achievement at educational institutions. An AI agent helps universities and schools with fostering students' integration and supporting mental health.;;CC-BY-NC-ND 4.0;https://www.civic-coding.de;157.0
https://www.civic-coding.de/community-information/projekte/vorschauseite-projekt/home-office-arbeitssicherheit-und-gesundheitsschutz-von-remote-arbeitsplaetzen/340;Home Office - Arbeitssicherheit und Gesundheitsschutz von Remote-Arbeitsplätzen;{};{};https://www.civic-coding.de/community-information/projekte/vorschauseite-projekt/home-office-arbeitssicherheit-und-gesundheitsschutz-von-remote-arbeitsplaetzen/340;Civic Coding;Unbekannt;Gesundheitsschutz und Arbeitssicherheit wird schon im normalen Arbeitsleben oft nicht genau genommen. Bei Remotearbeit schon gar nicht. Mit AI-Apps können Themen wie Sitzposition, Monitorabstand, Beleuchtung, Lautstärke, BewegungsPausen, Trink und Essgewohnheit verbessert werden;;CC-BY-NC-ND 4.0;https://www.civic-coding.de;158.0
https://www.civic-coding.de/community-information/projekte/vorschauseite-projekt/ki-unterstutzten-job-suche/339;KI-unterstützten Job-Suche;{};{};https://www.civic-coding.de/community-information/projekte/vorschauseite-projekt/ki-unterstutzten-job-suche/339;Civic Coding;Unbekannt;Bei vielen Angeboten zur Job-Suche, insbesondere dem der Arbeitsagentur, ist nur eine einfache Stichwortsuche realisiert. Auch die Suche mittels eines Bewerberprofils scheint einfach realisiert zu sein. Im Projekt soll eine Job-Suche entwickelt werden, die KI-Verfahren nutzt.;;CC-BY-NC-ND 4.0;https://www.civic-coding.de;159.0
https://www.civic-innovation.de/wettbewerb/praemierte-ideen/runde-1/von-talenten-zu-machern-ki-basierter-skill-kompass-fuer-jugendliche-mit-migrationserfahrung;Von Talenten zu Machern: KI-basierter „Skill-Kompass“ für Jugendliche mit Migrationserfahrung;{};{};https://www.civic-innovation.de/wettbewerb/praemierte-ideen/runde-1/von-talenten-zu-machern-ki-basierter-skill-kompass-fuer-jugendliche-mit-migrationserfahrung;Civic Coding;Unbekannt;Der KI-basierte digitale „Skill-Kompass“ der Uni Ulm in Kooperation mit START-Stiftung sowie Kiron empfiehlt Jugendlichen mit Migrationserfahrung passgenau und individuell begründet Bildungsangebote und MentorInnen, um Engagement und gesellschaftliches Potenzial zu erschließen.;;CC-BY-NC-ND 4.0;https://www.civic-coding.de;160.0
https://www.civic-coding.de/community-information/projekte/vorschauseite-projekt/kidia-ki-demonstrator-fur-lebenswerte-industriearbeit/337;"""KIDIA"": KI-Demonstrator für lebenswerte Industriearbeit";{};{};https://www.civic-coding.de/community-information/projekte/vorschauseite-projekt/kidia-ki-demonstrator-fur-lebenswerte-industriearbeit/337;Civic Coding;Unbekannt;Eine Mitarbeiter-APP nutzt KI, um Industriearbeit lebenswert zu machen. Bei laufender Produktion gibt sie Auskunft über freie Zeitslots für die Erledigung lebensnaher Aufgaben wie Weiterbildung, Kinderbetreuung, Pflege von Angehörigen innerhalb der regulären Arbeitstätigkeit.;;CC-BY-NC-ND 4.0;https://www.civic-coding.de;161.0
https://www.civic-coding.de/community-information/projekte/vorschauseite-projekt/teachers-match-eine-plattform-die-lehrerinnen-ein-netzwerk-zur-optimierung-des-digitalen-unterrichts-anbietet/333;Teacher‘s Match - Eine Plattform, die LehrerInnen ein Netzwerk zur Optimierung des digitalen Unterrichts anbietet;{};{};https://www.civic-coding.de/community-information/projekte/vorschauseite-projekt/teachers-match-eine-plattform-die-lehrerinnen-ein-netzwerk-zur-optimierung-des-digitalen-unterrichts-anbietet/333;Civic Coding;Unbekannt;Zur Verbesserung des digitalen Unterrichts -gerade in Zeiten der Corona-Pandemie- soll die Plattform den Lehrern eine Möglichkeit geben, einen Partner zu finden, der sie beim digitalen Unterricht in kleinen Gruppen unterstützt.;;CC-BY-NC-ND 4.0;https://www.civic-coding.de;162.0
https://www.civic-coding.de/community-information/projekte/vorschauseite-projekt/kollaborative-strategieentwicklung-auf-basis-ki-generierter-informationen/331;Kollaborative Strategieentwicklung auf Basis KI-generierter Informationen;{};{};https://www.civic-coding.de/community-information/projekte/vorschauseite-projekt/kollaborative-strategieentwicklung-auf-basis-ki-generierter-informationen/331;Civic Coding;Unbekannt;Online-Plattform für Planer und Entscheider (Forschung, Politik, Wirtschaft, Gesellschaft) zur kollaborativen Strategieentwicklung auf Basis KI-generierter und menschlich validierter Informationen aus heterogenen Spezialgebieten (z.B. soziokulturell, technologisch, ökonomisch).;;CC-BY-NC-ND 4.0;https://www.civic-coding.de;163.0
https://www.civic-coding.de/community-information/projekte/vorschauseite-projekt/casablancaai/323;Casablanca.AI;{};{};https://www.civic-coding.de/community-information/projekte/vorschauseite-projekt/casablancaai/323;Civic Coding;Unbekannt;Unser zum Patent angemeldetes Casablanca-Verfahren nutzt neueste KI-Technologien (GANs mit zusätzlichen Diskriminatoren), um die Kamera virtuell hinter die Augen des Gesprächspartners zu bewegen und somit Videoconferencing zu revolutionieren. Voilà, der Blickkontakt ist zurück!;;CC-BY-NC-ND 4.0;https://www.civic-coding.de;164.0
https://www.civic-coding.de/community-information/projekte/vorschauseite-projekt/flottenintelligenz-mittels-federated-learning/320;Flottenintelligenz mittels Federated Learning;{};{};https://www.civic-coding.de/community-information/projekte/vorschauseite-projekt/flottenintelligenz-mittels-federated-learning/320;Civic Coding;Unbekannt;Adap entwickelt eine AI basierte Flottenplatform, um einheitliche Einblicke in verteilte Datentöpfe zu erhalten. Dies geschieht durch gemeinschaftliches Lernen der teilnehmenden Partner und unter vollen Einhaltung der Privatsphäre.;;CC-BY-NC-ND 4.0;https://www.civic-coding.de;165.0
https://www.civic-coding.de/community-information/projekte/vorschauseite-projekt/fraeulein-digital-automatisierte-kontrolle-und-korrektur-differenzierter-freiarbeitsaufgaben-fur-erstklaessler-mit-ipad/316;Fräulein Digital - Automatisierte Kontrolle und Korrektur differenzierter Freiarbeitsaufgaben für Erstklässler mit iPad;{'Automatisierte Datenübermittlung': 'Datenmanagement', 'Bericht': 'Datenreporting', 'Crowd-Sourced Daten': 'Öffentliche Daten', 'Dashboard': 'Datenreporting', 'Datenanalyse': 'Datenanalyse', 'Datenerhebung': 'Datenerhebung', 'Datenanwendung für Öffentlichkeit': 'Datenanwendung für Öffentlichkeit', 'Datenstandards': 'Datenmanagement', 'Datensatz und Visualisierung': 'Datenreporting', 'Digitale Plattform': 'Digitale Plattformen', 'Dokumentations- und Netzwerktool': 'Unterstützungstools', 'Entscheidungsassistent': 'Virtuelle Assistenz', 'Festival und Studie': 'Datenreporting', 'Generative KI': 'Künstliche Intelligenz', 'Interaktive App': 'Webanwendungen', 'Interaktive Karte': 'Karten & Verzeichnisse', 'Interaktiver Fragebogen': 'Datenerhebung', 'Interne Datenanwendung': 'Interne Datenanwendung', 'KI Anwendung': '', 'Karte': 'Karten & Verzeichnisse', 'Knowledge Graph': 'Wissensorganisation', 'Large Language Model (LLM)': 'Sprachtechnologie', 'Matching': 'Datenanalyse', 'Monitoring': 'Wirkungsmessung', 'Offene Daten': 'Öffentliche Daten', 'Output Monitoring': 'Wirkungsmessung', 'Plattform für Wahlentscheidungen': 'Digitale Plattformen', 'Prozessautomatisierung': 'Automatisierung', 'Reporting': 'Datenreporting', 'Skalierung der Wirkungsmessung': 'Wirkungsmessung', 'Sprach-Editor': 'Sprachtechnologie', 'Umfrage': 'Datenerhebung', 'Übersetzungsassistent': 'Sprachtechnologie', 'Vernetzungsassistent': 'Virtuelle Assistenz', 'Verzeichnis / Karte': 'Karten & Verzeichnisse', 'Visualisierung mit Karten': 'Karten & Verzeichnisse', 'Zugänglichkeit Offene Daten des Statistischen Bundesamts': 'Öffentliche Daten'};{'Afrika': 'Internationale Projekte', 'Antidiskriminierung': 'Anti Dismkriminierung', 'Antirassismus': 'Anti Dismkriminierung', 'Arbeit mit Kindern': 'Jugendhilfe', 'Armut': 'Arbeit & Soziales', 'Barrierefreiheit': 'Inklusion & Teilhabe', 'Beratung': 'Soziale Dienste', 'Chancengleichheit': 'Anti Dismkriminierung', 'Demokratie': 'Demokratie & Soziale Rechte', 'Demenz': 'Gesundheit', 'Datenschutz': '', 'Energie': 'Klima & Umwelt', 'Ethik': 'Demokratie & Soziale Rechte', 'Evaluation': 'Organisation & Professionalisierung', 'Frauen': 'Anti Dismkriminierung', 'Fundraising': 'Organisation & Professionalisierung', 'Geflüchtete': 'Flucht & Migration', 'Genderneutrale Sprache': '', 'Gleichberechtigung': 'Anti Dismkriminierung', 'Gleichstellung': 'Anti Dismkriminierung', 'Gesundheit': 'Gesundheit', 'Humanitäre Hilfe': 'Internationale Projekte', 'Indien': 'Internationale Projekte', 'Inklusion': 'Inklusion & Teilhabe', 'Integration': 'Inklusion & Teilhabe', 'International': 'Internationale Projekte', 'Jugendarbeit': 'Jugendhilfe', 'Jugendbeteiligung': 'Jugendhilfe', 'Jugendhilfe': 'Jugendhilfe', 'Kamerun': 'Internationale Projekte', 'Katastrophenschutz': 'Gesundheit', 'Kältehilfe': 'Soziale Dienste', 'Kinderschutz': 'Jugendhilfe', 'Kinder- und Jugendhilfe': 'Jugendhilfe', 'KI': 'Gesundheit', 'Kongo': 'Internationale Projekte', 'Kroatien': 'Internationale Projekte', 'Landwirtschaft': 'Klima & Umwelt', 'Meeresschutz': 'Klima & Umwelt', 'Mentale Gesundheit': 'Gesundheit', 'Mentoring': 'Bildung', 'Menschen mit Behinderung': 'Inklusion & Teilhabe', 'Menschenrechte': 'Demokratie & Soziale Rechte', 'Migration': 'Flucht & Migration', 'Migrationsberatung': 'Flucht & Migration', 'Nachhaltigkeit': 'Klima & Umwelt', 'Offene Daten': '', 'Partizipation': 'Inklusion & Teilhabe', 'Patenschaft': 'Organisation & Professionalisierung', 'Pflege': 'Gesundheit', 'Pflegende Angehörige': '', 'Queere Sichtbarkeit': 'Anti Dismkriminierung', 'Rettungsdienst': 'Gesundheit', 'Senioren': 'Soziale Dienste', 'Soziale Arbeit': 'Soziale Dienste', 'Sport': 'Sport', 'Stadt': 'Stadtentwicklung', 'Stadtplanung': 'Stadtentwicklung', 'Teilhabe': 'Inklusion & Teilhabe', 'Telemedizin': 'Gesundheit', 'Transparenz': 'Inklusion & Teilhabe', 'Türkei': 'Internationale Projekte', 'Umwelt': 'Klima & Umwelt', 'Umweltschutz': 'Klima & Umwelt', 'Vernetzung': 'Organisation & Professionalisierung', 'Verwaltung': 'Organisation & Professionalisierung', 'Wirkungsmessung': 'Organisation & Professionalisierung', 'Wohlfahrt': 'Soziale Dienste', 'Wohnen': 'Stadtentwicklung', 'Wohnungslosenhilfe': 'Soziale Dienste', 'Wissensmanagement': 'Organisation & Professionalisierung'};https://www.civic-coding.de/community-information/projekte/vorschauseite-projekt/fraeulein-digital-automatisierte-kontrolle-und-korrektur-differenzierter-freiarbeitsaufgaben-fur-erstklaessler-mit-ipad/316;Civic Coding;Unbekannt;Corona nervt - und beschneidet unsere Möglichkeiten, in unserer inklusiv geführten Partnerklasse Kinder mit und ohne geistige Behinderung da abhzuholen, wo sie stehen. Wir brauchen Unterstützung durch KI, die uns die Freiarbeit kontrolliert, korrigiert und individuell fördert.;;CC-BY-NC-ND 4.0;https://www.civic-coding.de;166.0
https://www.civic-coding.de/community-information/projekte/vorschauseite-projekt/personalisierte-finanzplanung-fur-soloselbststaendige/314;Personalisierte Finanzplanung für Soloselbstständige;{};{};https://www.civic-coding.de/community-information/projekte/vorschauseite-projekt/personalisierte-finanzplanung-fur-soloselbststaendige/314;Civic Coding;Unbekannt;Unser Ziel ist es, Soloselbstständige zu nachhaltigen finanziellen Entscheidungen befähigen. Unsere Lösung ermöglicht, es einen Finanzplan zu definieren, und warnt automatisch bei Budgetüberschreitungen oder dem Risiko, selbst gesteckte Geschäftsziele zu verfehlen.;;CC-BY-NC-ND 4.0;https://www.civic-coding.de;167.0
https://www.civic-coding.de/community-information/projekte/vorschauseite-projekt/find-the-best-therapist-for-you/313;Find the Best Therapist for You;{};{};https://www.civic-coding.de/community-information/projekte/vorschauseite-projekt/find-the-best-therapist-for-you/313;Civic Coding;Unbekannt;"Therapy. It's there. It's free. However, it's not easy. Many emails and phone calls just to find the page for booking; only to find options that don't suit us. One app; neurolinguistic programming for conversational search; AI for appointment matching and document collection.";;CC-BY-NC-ND 4.0;https://www.civic-coding.de;168.0
https://www.civic-innovation.de/wettbewerb/praemierte-ideen/runde-1/smartcsr-die-intelligente-managementsoftware-fuer-mehr-nachhaltigkeit-in-unternehmen;Smart|CSR - Die intelligente Managementsoftware für mehr Nachhaltigkeit in Unternehmen;{};{};https://www.civic-innovation.de/wettbewerb/praemierte-ideen/runde-1/smartcsr-die-intelligente-managementsoftware-fuer-mehr-nachhaltigkeit-in-unternehmen;Civic Coding;Unbekannt;Smart|CSR hilft Unternehmen ihre individuelle Nachhaltigkeitsstrategie zu planen und zu managen. Die Software unterstützt die verantwortlichen Stellen von der Auswahl relevanter Schwerpunkte über die Festlegung entsprechender Maßnahmen bis zur Umsetzung und Evaluierung.;;CC-BY-NC-ND 4.0;https://www.civic-coding.de;169.0
https://www.civic-coding.de/community-information/projekte/vorschauseite-projekt/intelligente-app-zur-staerkung-der-mentalen-gesundheit-von-jugendlichen/310;Intelligente App zur Stärkung der mentalen Gesundheit von Jugendlichen;{};{};https://www.civic-coding.de/community-information/projekte/vorschauseite-projekt/intelligente-app-zur-staerkung-der-mentalen-gesundheit-von-jugendlichen/310;Civic Coding;Unbekannt;Wir erschaffen eine(n) digitale(n) Freund*in als App für jeden Jugendlichen zur Stärkung der Persönlichkeitsentwicklung und der mentalen Gesundheit. Empowerment auf Augenhöhe, denn wir Sprechen die Sprache der Teenies.;;CC-BY-NC-ND 4.0;https://www.civic-coding.de;170.0
https://www.civic-innovation.de/wettbewerb/praemierte-ideen/runde-1/mit-toni-on-tour-inklusive-kulturelle-jugend-weiterbildung-durch-ki-gestuetzte-bilderkennung;Den Tönen auf der Spur – Mit Toni on Tour;{};{};https://www.civic-innovation.de/wettbewerb/praemierte-ideen/runde-1/mit-toni-on-tour-inklusive-kulturelle-jugend-weiterbildung-durch-ki-gestuetzte-bilderkennung;Civic Coding;Unbekannt;Reale Rundgänge/Audioleitsysteme der Notenspur als digitales Lehrangebot für Schulen/Familien, virtuelle Karte mit Notenspurstationen, Stationen eröffnen Informationen, Hörtexte, weiterführende Aufgaben im Unterricht, spielerische Elemente/augmented reality auf realer Notenspur;;CC-BY-NC-ND 4.0;https://www.civic-coding.de;171.0
https://www.civic-coding.de/community-information/projekte/vorschauseite-projekt/der-dusb-schutzt-den-arbeitnehmer-vor-ueberraschungen-er-liefert-die-wichtigsten-absicherungen-gegen-risiken-aller-art/304;Der DUSB schützt den Arbeitnehmer vor Überraschungen! Er liefert die wichtigsten Absicherungen gegen Risiken aller Art!;{};{};https://www.civic-coding.de/community-information/projekte/vorschauseite-projekt/der-dusb-schutzt-den-arbeitnehmer-vor-ueberraschungen-er-liefert-die-wichtigsten-absicherungen-gegen-risiken-aller-art/304;Civic Coding;Unbekannt;Der DUSB e.V.(i.Gr.) ist ein Dienstleistungsverein für Unternehmer (KMU)! Wir schützen (Jung-)Unternehmer*Innen und ihre Arbeitnehmer*Innen gegen alle Risiken in der Arbeitswelt mittels Gesundheits-, Arbeits-& Datenschutz, finanzielle Sicherung, Rentenfragen + Einkommensschutz.;;CC-BY-NC-ND 4.0;https://www.civic-coding.de;172.0
https://www.civic-coding.de/community-information/projekte/vorschauseite-projekt/digitalisierungsinitiative-kmu-datenschutz-ist-arbeitnehmerschutz/300;Digitalisierungsinitiative KMU - Datenschutz ist Arbeitnehmerschutz;{};{};https://www.civic-coding.de/community-information/projekte/vorschauseite-projekt/digitalisierungsinitiative-kmu-datenschutz-ist-arbeitnehmerschutz/300;Civic Coding;Unbekannt;Schaffung von Bewusstsein für die Notwendigkeit von Datenschutz aus der Erkenntnis, dass auch eigene Daten im Unternehmen des Arbeitgebers erfasst und verarbeitet werden können.;;CC-BY-NC-ND 4.0;https://www.civic-coding.de;173.0
https://www.civic-coding.de/community-information/projekte/vorschauseite-projekt/lets-listen-der-online-raum-in-dem-menschen-sich-zuhoeren/299;Lets listen! Der online Raum in dem Menschen sich zuhören.;{};{};https://www.civic-coding.de/community-information/projekte/vorschauseite-projekt/lets-listen-der-online-raum-in-dem-menschen-sich-zuhoeren/299;Civic Coding;Unbekannt;Ich werde gehört und gesehen. Mit allem wie ich bin. Hierfür schaffen wir einen Rahmen in dem wir eine KI unterstütze Online-Video-Platform entwickeln. Wo Menschen sich sicher, wertfrei und offen begegnen. Achtsam und auf Augenhöhe. Gelingende Gesellschaft beginnt mit Beziehung.;;CC-BY-NC-ND 4.0;https://www.civic-coding.de;174.0
https://www.civic-innovation.de/wettbewerb/praemierte-ideen/runde-1/stolpersteine-erleben-gegen-das-vergessen-ki-gestuetzte-ar-app;"""Stolpersteine erleben - Gegen das Vergessen"": KI-gestützte AR-App";{};{};https://www.civic-innovation.de/wettbewerb/praemierte-ideen/runde-1/stolpersteine-erleben-gegen-das-vergessen-ki-gestuetzte-ar-app;Civic Coding;Unbekannt;KI- und AR-basierte App für Stolpersteine: Die App gibt den Namen der NS-Ermordeten ein Gesicht und eine Geschichte. Die Technologien ermöglichen zeitgemäße, zielgruppenorientierte Benutzbarkeit und Didaktik, indem sie Bilder und Informationen in die reale Umgebung einblendet.;;CC-BY-NC-ND 4.0;https://www.civic-coding.de;175.0
https://www.civic-innovation.de/wettbewerb/praemierte-ideen/runde-1/reflectanetwork;reflecta.network - Bedarfsgerechtes, dazulernendes KI-Matchmaking zur Lösung gesellschaftlicher Herausforderungen.;{};{};https://www.civic-innovation.de/wettbewerb/praemierte-ideen/runde-1/reflectanetwork;Civic Coding;Unbekannt;Mittels KI-basiertem Matching verbinden sich soziale Ideenträger:innen auf einer digitalen Plattform mit Möglichmacher:innen, Wissensträger:innen und Projektpartnern, professionalisieren ihre Arbeit und stoßen Projekte an. Social Entrepreneurship wird so gefördert.;;CC-BY-NC-ND 4.0;https://www.civic-coding.de;176.0
https://www.civic-innovation.de/wettbewerb/praemierte-ideen/runde-1/unkafka-behoerdliche-schreiben-einfach-und-verstaendlich;Unkafka - Behördliche Schreiben einfach und verständlich;{};{};https://www.civic-innovation.de/wettbewerb/praemierte-ideen/runde-1/unkafka-behoerdliche-schreiben-einfach-und-verstaendlich;Civic Coding;Unbekannt;Unkafka übersetzt behördliche Schreiben wie Bescheide, Rechtsbehelfsbelehrungen, Verordnungen und Erlasse in kompakte, einfach verständliche und strukturierte Texte. Dazu nutzt es einen einzigartigen Mechanismus basierend auf validen Einschätzungen von Juristen und Fachexperten.;;CC-BY-NC-ND 4.0;https://www.civic-coding.de;177.0
https://www.civic-coding.de/community-information/projekte/vorschauseite-projekt/intelligentes-wahrnehmen-und-handeln-fur-kooperative-roboter-zur-unterstutzung-der-fachkraefte-auf-baustellen/265;Intelligentes Wahrnehmen und Handeln für kooperative Roboter zur Unterstützung der Fachkräfte auf Baustellen;{};{};https://www.civic-coding.de/community-information/projekte/vorschauseite-projekt/intelligentes-wahrnehmen-und-handeln-fur-kooperative-roboter-zur-unterstutzung-der-fachkraefte-auf-baustellen/265;Civic Coding;Unbekannt;Mit KI wird eine flexible Steuerung für mobile Roboter erschaffen, damit dieser vorausschauend handelt und intelligent mit seiner Umwelt interagiert. Dadurch wird eine sichere Mensch-Roboter-Kooperation (MRK) auf der Baustelle gewährleistet und Fachkräfte wirksam unterstützt.;;CC-BY-NC-ND 4.0;https://www.civic-coding.de;178.0
https://www.civic-coding.de/community-information/projekte/vorschauseite-projekt/lernprogramm-unsere-ki/263;Lernprogramm „Unsere KI“;{};{};https://www.civic-coding.de/community-information/projekte/vorschauseite-projekt/lernprogramm-unsere-ki/263;Civic Coding;Unbekannt;Ein kompaktes Lernprogramm für den Einstieg in das Thema Künstliche Intelligenz. Die Lernplattform ermöglicht mittels KI individuelle Lernwege für unterschiedlich vorgebildete Nutzer. Auf diese Weise wird Grundwissen für die Einschätzung von Chancen und Risiken der KI vermittelt.;;CC-BY-NC-ND 4.0;https://www.civic-coding.de;179.0
https://www.civic-coding.de/community-information/projekte/vorschauseite-projekt/fallacy-ai/256;Fallacy ai;{'Unbekannt': ''};{'Unbekannt': ''};https://www.civic-coding.de/community-information/projekte/vorschauseite-projekt/fallacy-ai/256;Civic Coding;Unbekannt;"Rolf Dobelli hat seinen Buch ""Die Kunst des klaren Denkens: 52 Denkfehler, die Sie besser anderen überlassen"" gezeigt das meinschliche Entscheidungen fehlerhaft sein können. Die AI versucht den User mit diesem Wissen bei Entscheidungen zu unterstützen.";;CC-BY-NC-ND 4.0;https://www.civic-coding.de;180.0
https://www.civic-coding.de/community-information/projekte/vorschauseite-projekt/simplfai-texte-fur-alle-verstaendlich/251;Simplfai - Texte für alle Verständlich;{};{};https://www.civic-coding.de/community-information/projekte/vorschauseite-projekt/simplfai-texte-fur-alle-verstaendlich/251;Civic Coding;Unbekannt;Durch die Umwandlung von sprachlich-komplizierten Texten, mittels künstlicher Intelligenz (KI), in Texte mit einfacher Sprache wollen wir Menschen mit Sprachbarrieren eine bessere Teilhabe an der Gesellschaft ermöglichen.;;CC-BY-NC-ND 4.0;https://www.civic-coding.de;181.0
https://www.civic-innovation.de/wettbewerb/praemierte-ideen/runde-1/social-knowledge-hub-regionale-digitalisierung-und-vernetzung;"""Social Knowledge Hub"" - Regionale Digitalisierung und Vernetzung";{};{};https://www.civic-innovation.de/wettbewerb/praemierte-ideen/runde-1/social-knowledge-hub-regionale-digitalisierung-und-vernetzung;Civic Coding;Unbekannt;In ländlichen Regionen besteht das digital bereitgestellte soziale Informationsangebot aus Insellösungen. Ein offenes, übergreifendes Informationsnetz soll diese Angebote verknüpfen. Gleichberechtigte digitale Teilhabe für alle. Das ist unser Ziel.;;CC-BY-NC-ND 4.0;https://www.civic-coding.de;182.0
https://www.civic-coding.de/community-information/projekte/vorschauseite-projekt/nutzung-intelligenter-technik-als-ergaenzende-assistenz-zum-selbstbestimmten-wohnen-von-menschen-mit-behinderungen/249;Nutzung intelligenter Technik als ergänzende Assistenz zum selbstbestimmten Wohnen von Menschen mit Behinderungen;{'Assistenztechnologie': '', 'Barrierefreiheit': '', 'KI Anwendung': '', 'Prozessautomatisierung': 'Automatisierung'};{'Inklusion': 'Inklusion & Teilhabe', 'Integration': 'Inklusion & Teilhabe', 'Menschen mit Behinderung': 'Inklusion & Teilhabe', 'Teilhabe': 'Inklusion & Teilhabe'};https://www.civic-coding.de/community-information/projekte/vorschauseite-projekt/nutzung-intelligenter-technik-als-ergaenzende-assistenz-zum-selbstbestimmten-wohnen-von-menschen-mit-behinderungen/249;Civic Coding;Unbekannt;KI basierte Techniken und Anwendungen ergänzen personale Assistenzen für Menschen mit Behinderung und versetzen diese so in die Lage, selbstbestimmt in einer eigenen Wohnung zu leben. KI, der behinderte Mensch und sein Assistent entwickeln gemeinsam neue Assistenzmuster;;CC-BY-NC-ND 4.0;https://www.civic-coding.de;183.0
https://www.civic-coding.de/community-information/projekte/vorschauseite-projekt/navigable-knowledge-spaces-and-personalised-learning-paths-to-approach-global-challenges-with-21st-century-skills/248;Navigable knowledge spaces and personalised learning paths to approach global challenges with 21st century skills;{'Unbekannt': ''};{'Unbekannt': ''};https://www.civic-coding.de/community-information/projekte/vorschauseite-projekt/navigable-knowledge-spaces-and-personalised-learning-paths-to-approach-global-challenges-with-21st-century-skills/248;Civic Coding;Unbekannt;Leveraging AI, we create an exploration and learning space that enables learners to navigate complex economic, political and scientific issues intuitively by providing personalized learning pathways based on the background knowledge, interests, and preferences of the user.;;CC-BY-NC-ND 4.0;https://www.civic-coding.de;184.0
https://www.civic-coding.de/community-information/projekte/vorschauseite-projekt/the-presentation-trainer-goes-ai/247;The Presentation Trainer goes AI;{};{};https://www.civic-coding.de/community-information/projekte/vorschauseite-projekt/the-presentation-trainer-goes-ai/247;Civic Coding;Unbekannt;The Presentation Trainer (PT) is a tool designed to train basic public speaking skills by giving feedback on nonverbal communication. The idea to add an NLP module to the PT, so that it can help users to train also verbal aspects. https://www.youtube.com/watch?v=ElB6OvbL8fA;;CC-BY-NC-ND 4.0;https://www.civic-coding.de;185.0
https://www.civic-coding.de/community-information/projekte/vorschauseite-projekt/emotionserkennung-durch-analyse-der-koerperpose/246;Emotionserkennung durch Analyse der Körperpose;{};{};https://www.civic-coding.de/community-information/projekte/vorschauseite-projekt/emotionserkennung-durch-analyse-der-koerperpose/246;Civic Coding;Unbekannt;Mit dem Einsatz von Künstlicher Intelligenz soll ein System entwickelt werden für die Erkennung von Emotionen. Dabei wird Bild- und Videomaterial des gesamten Körpers einer Person verwendet, um so durch die Körperpose eine Analyse durchzuführen.;;CC-BY-NC-ND 4.0;https://www.civic-coding.de;186.0
https://www.civic-coding.de/community-information/projekte/vorschauseite-projekt/der-digitale-ingenieur-als-assistent-fur-technische-weiterbildung/245;"Der ""digitale Ingenieur"" als Assistent für technische Weiterbildung";{};{};https://www.civic-coding.de/community-information/projekte/vorschauseite-projekt/der-digitale-ingenieur-als-assistent-fur-technische-weiterbildung/245;Civic Coding;Unbekannt;Die Informationsflut stellt für Ingenieure eine große Herausforderung dar, relevante Inhalte für ihre Weiterbildung zu finden.Unsere Idee ist eine KI,die technische Fachinformationen im Internet monitort und einem Ingenieur neue und relevante Beiträge für sein Fachgebiet liefert.;;CC-BY-NC-ND 4.0;https://www.civic-coding.de;187.0
https://www.civic-coding.de/community-information/projekte/vorschauseite-projekt/guta-praegnanter-austausch-guter-arbeitspraktiken-in-dezentralen-fachgruppen-chats/244;? Guta: Prägnanter Austausch guter Arbeitspraktiken in dezentralen Fachgruppen-Chats.;{};{};https://www.civic-coding.de/community-information/projekte/vorschauseite-projekt/guta-praegnanter-austausch-guter-arbeitspraktiken-in-dezentralen-fachgruppen-chats/244;Civic Coding;Unbekannt;Austausch guter Arbeitspraktiken in forumartigen Chats unter Fachkollegen, von Tipps bis Weisheiten, prägnant und einprägsam in <140 Zeichen. Kollektive Bewertung. Das Beste steht oben. Optimierung der Lernkurve z.B. durch wiederholte Einblendung wichtiger Praktiken.;;CC-BY-NC-ND 4.0;https://www.civic-coding.de;188.0
https://www.civic-innovation.de/wettbewerb/praemierte-ideen/runde-1/ki-baukasten-kreativ-und-handwerklich-den-umgang-mit-ki-erlernen;KI-Baukasten: Kinder und Jugendliche in Schule und Ausbildung lernen kreativ und handwerklich den Umgang mit KI;{};{};https://www.civic-innovation.de/wettbewerb/praemierte-ideen/runde-1/ki-baukasten-kreativ-und-handwerklich-den-umgang-mit-ki-erlernen;Civic Coding;Unbekannt;Kernstück des Projekts ist ein Baukasten mit Sensoren, Schaltflächen und Aktoren, die in Bildungsprojekten und Workshops benutzt werden, um Künstliche Intelligenz und Internet der Dinge praktisch erlebbar zu machen.;;CC-BY-NC-ND 4.0;https://www.civic-coding.de;189.0
https://www.civic-coding.de/community-information/projekte/vorschauseite-projekt/ki-basierte-optimierung-der-arbeitsablaeufe-in-webanwendungen/240;KI-basierte Optimierung der Arbeitsabläufe in Webanwendungen;{};{};https://www.civic-coding.de/community-information/projekte/vorschauseite-projekt/ki-basierte-optimierung-der-arbeitsablaeufe-in-webanwendungen/240;Civic Coding;Unbekannt;Im Bereich User Experience sind Effizienzsteigerungen in häufigen Arbeitsabläufen in nahezu jeder Anwendung möglich. Auf Basis echter Nutzungsdaten können KI-basierte Optimierungen in die jeweilige Anwendung einfließen. Dieser Ansatz bietet echte Vorteile für die Nutzer.;;CC-BY-NC-ND 4.0;https://www.civic-coding.de;190.0
https://www.civic-coding.de/community-information/projekte/vorschauseite-projekt/cocreate-network-semantisches-wissensnetz/239;CoCreate Network - semantisches WissensNetz;{};{};https://www.civic-coding.de/community-information/projekte/vorschauseite-projekt/cocreate-network-semantisches-wissensnetz/239;Civic Coding;Unbekannt;Es soll ein semantisches Netz über das Wissen eines Themenfeldes aufgebaut werden. Ohne Programmierkenntnisse können dann von jeder/-m leicht, natürlichsprachliche Abfragen erstellt werden. Die Inhalte können sowohl von Menschen, als auch von Maschinen verarbeitet werden.;;CC-BY-NC-ND 4.0;https://www.civic-coding.de;191.0
https://www.civic-coding.de/community-information/projekte/vorschauseite-projekt/soulmate-ein-smarter-und-interaktiver-achtsamkeits-spiegel-mental-stark-in-zeiten-der-unsicherheit/237;“Soulmate” ein smarter und interaktiver Achtsamkeits-Spiegel - mental stark in Zeiten der Unsicherheit!;{};{};https://www.civic-coding.de/community-information/projekte/vorschauseite-projekt/soulmate-ein-smarter-und-interaktiver-achtsamkeits-spiegel-mental-stark-in-zeiten-der-unsicherheit/237;Civic Coding;Unbekannt;"Der ""Soulmate"" ein smarter und interaktiver Achtsamkeits-Spiegel soll Menschen dabei unterstützen 6 Minuten am Tag (je 3 Minuten morgens und abends vor dem Spiegel) bewusst Ihrem eigenen Körper und Gedanken zu schenken und Achtsamkeitstraining in Ihren Alltag zu integrieren.";;CC-BY-NC-ND 4.0;https://www.civic-coding.de;192.0
https://www.civic-coding.de/community-information/projekte/vorschauseite-projekt/ask-know-create-berufsorientierung-motivation-und-netzwerken-fur-eine-kreative-zukunft/235;"ask * know * create - Berufsorientierung, Motivation und Netzwerken für eine ""kreative"" Zukunft.";{};{};https://www.civic-coding.de/community-information/projekte/vorschauseite-projekt/ask-know-create-berufsorientierung-motivation-und-netzwerken-fur-eine-kreative-zukunft/235;Civic Coding;Unbekannt;Jugendlichen digitale Begegnungen mit Menschen, Berufen, Gründern und Zukunfts-Themen ermöglichen zu denen sie im familiären/schul. Umfeld wenig Zugang haben. Kreatives, kritisches, konstruktives, vernetztes Denken, das gemeinsame Lösen von Problemen sind die Zukunft.;;CC-BY-NC-ND 4.0;https://www.civic-coding.de;193.0
https://www.civic-innovation.de/wettbewerb/praemierte-ideen/runde-1/physio-fuer-die-hosentasche;Physio für die Hosentasche - therapeutisches KI-Training für die Reha zuhause;{};{};https://www.civic-innovation.de/wettbewerb/praemierte-ideen/runde-1/physio-fuer-die-hosentasche;Civic Coding;Unbekannt;Eine eHealth-App für physiotherapeutisches Heimtraining wird durch Sensorik und KI so erweitert, dass Patienten Echtzeit-Feedback zur Bewegungsausführung erhalten. Weiterhin werden bestehende Therapiekonzepte auf Basis von Therapie- und Bewegungsdaten evaluiert und verbessert.;;CC-BY-NC-ND 4.0;https://www.civic-coding.de;194.0
https://www.civic-innovation.de/wettbewerb/praemierte-ideen/runde-1/gegenstaende-sprechen-lassen-ki-kiste-fuer-kinder;Gegenstände sprechen lassen - eine KI-Kiste für Kinder;{};{};https://www.civic-innovation.de/wettbewerb/praemierte-ideen/runde-1/gegenstaende-sprechen-lassen-ki-kiste-fuer-kinder;Civic Coding;Unbekannt;Die KI-Kiste ermöglicht es Kindern in Kindertageseinrichtungen, sich spielerisch mit KI als einem lernenden System zu beschäftigen. Die KI-Kiste erkennt Objekte, die von Kindern mit einer Geschichte belegt werden. So können die Kinder kreatives, soziales Storytelling betreiben.;;CC-BY-NC-ND 4.0;https://www.civic-coding.de;195.0
https://www.civic-coding.de/community-information/projekte/vorschauseite-projekt/vielfalt-diversity-footprint-tool-fur-unternehmen-inklusive-ki-basierter-auswertung-von-handlungsempfehlungen/230;Vielfalt+, Diversity-Footprint-Tool für Unternehmen inklusive KI-basierter Auswertung von Handlungsempfehlungen;{};{};https://www.civic-coding.de/community-information/projekte/vorschauseite-projekt/vielfalt-diversity-footprint-tool-fur-unternehmen-inklusive-ki-basierter-auswertung-von-handlungsempfehlungen/230;Civic Coding;Unbekannt;Entwicklung eines ganzheitlichen Diversity-Footprint-Tools für Unternehmen mittels KI-gestützter Auswertung der Datenbank wirfürvielfalt.de. Die Ergebnisse sind passgenaue Handlungsempfehlungen für das betriebliche Diversity-Management.;;CC-BY-NC-ND 4.0;https://www.civic-coding.de;196.0
https://www.civic-coding.de/community-information/projekte/vorschauseite-projekt/understandr-plattform-fur-aggregierte-argumente-und-differenzierte-meinungen/229;understandR - Plattform für aggregierte Argumente und differenzierte Meinungen;{};{};https://www.civic-coding.de/community-information/projekte/vorschauseite-projekt/understandr-plattform-fur-aggregierte-argumente-und-differenzierte-meinungen/229;Civic Coding;Unbekannt;Durch Filterblasen und Social Media scheint es meistens nur eine Wahrheit zu geben - und zwar die eigene. Auf understandR können Nutzer zu konkreten Fragen pro und contra Argumente bewerten und so spielerisch neue Argumente entdecken, die eine differenzierte Meinung fördern.;;CC-BY-NC-ND 4.0;https://www.civic-coding.de;197.0
https://www.civic-coding.de/community-information/projekte/vorschauseite-projekt/arttemis/228;ARTTEMIS;{};{};https://www.civic-coding.de/community-information/projekte/vorschauseite-projekt/arttemis/228;Civic Coding;Unbekannt;ARTTEMIS ist ein Assistent für den Büroalltag, er ist in der Lage Dokumentations- Such- und Kommunikationsaufgaben zu übernehmen. Mit Hilfe von KI und Big Data Analytics ist er in der Lage sich selbst und sein Umfeld laufend zu verbessern.;;CC-BY-NC-ND 4.0;https://www.civic-coding.de;198.0
https://www.civic-coding.de/community-information/projekte/vorschauseite-projekt/intelligente-smartphone-hoer-app-die-rauchmelder-hausturklingel-telefon-und-andere-sounds-erkennt-und-informiert/225;Intelligente Smartphone 'Hör'-App, die Rauchmelder-, Haustürklingel-, Telefon- und andere Sounds erkennt und informiert;{'Analyse von Sensordaten und ML': 'Künstliche Intelligenz'};{'Barrierefreiheit': 'Inklusion & Teilhabe', 'Gesundheit': 'Gesundheit'};https://www.civic-coding.de/community-information/projekte/vorschauseite-projekt/intelligente-smartphone-hoer-app-die-rauchmelder-hausturklingel-telefon-und-andere-sounds-erkennt-und-informiert/225;Civic Coding;Unbekannt;Eine App, die lokal auf einem 'alten' Smartphone zuhause läuft und dort Vorort via Machine Learning Sounds wie Rauchmelder-, Kühlschrankalarme als auch Türklingel- oder Telefonklingel-Ereignisse lokal verarbeitet und den Anwender (mit Hörbehinderung oder ohne ) informiert.;;CC-BY-NC-ND 4.0;https://www.civic-coding.de;199.0
https://www.civic-coding.de/community-information/projekte/vorschauseite-projekt/trutzwerk-ein-digitaler-agent-zum-schutz-der-privatsphaere-in-digitalen-welten/224;Trutzwerk - ein digitaler Agent zum Schutz der Privatsphäre in digitalen Welten;{'Datenschutz': 'Datenmanagement', 'KI Anwendung': '', 'Digitale Plattform': 'Digitale Plattformen'};{'Datenschutz': '', 'Privatsphäre': ''};https://www.civic-coding.de/community-information/projekte/vorschauseite-projekt/trutzwerk-ein-digitaler-agent-zum-schutz-der-privatsphaere-in-digitalen-welten/224;Civic Coding;Unbekannt;Wir möchten uns frei in digitalen Welten bewegen, ohne ständig beobachtet oder beeinflusst zu werden. Manchmal möchte wir unerkannt bleiben oder unter Pseudonym handeln. Bei Rechtsgeschäften darf sich niemand für uns ausgeben. Ein KI-unterstützter Agent ermöglicht uns dies.;;CC-BY-NC-ND 4.0;https://www.civic-coding.de;200.0
https://www.civic-coding.de/community-information/projekte/vorschauseite-projekt/digitalisierung-der-arbeit-mit-ehrenamtlichen/220;Digitalisierung der Arbeit mit Ehrenamtlichen;{};{};https://www.civic-coding.de/community-information/projekte/vorschauseite-projekt/digitalisierung-der-arbeit-mit-ehrenamtlichen/220;Civic Coding;Unbekannt;Bei diesem Projekt geht es darum, intelligente, digitale Technologie einzusetzen, um Nachwuchs und Ehrenamt zu verwalten. Wir können so besser neue Helfer gewinnen, sie motivieren und in die Organisation integrieren.;;CC-BY-NC-ND 4.0;https://www.civic-coding.de;201.0
https://www.civic-coding.de/community-information/projekte/vorschauseite-projekt/mit-ki-lebensmittelverschwendung-vermeiden-und-nachhaltig-wirtschaften/216;Mit KI Lebensmittelverschwendung vermeiden und nachhaltig wirtschaften;{};{};https://www.civic-coding.de/community-information/projekte/vorschauseite-projekt/mit-ki-lebensmittelverschwendung-vermeiden-und-nachhaltig-wirtschaften/216;Civic Coding;Unbekannt;In deutschen Supermärkten werden jährlich 2,6 Mio t Lebensmittel weggeworfen. Das Bestellsystem im LEH ist vor allem erfahrungsbasiert. Mit KI kann das Kundenkaufverhalten (z.B. anhand des Wetters, hist. Daten, etc.) prognostiziert und Lebensmittelverschwendung minimiert werden.;;CC-BY-NC-ND 4.0;https://www.civic-coding.de;202.0
https://www.civic-coding.de/community-information/projekte/vorschauseite-projekt/kontakt-telefon-gegen-einsamkeit/215;Kontakt-Telefon gegen Einsamkeit;{};{};https://www.civic-coding.de/community-information/projekte/vorschauseite-projekt/kontakt-telefon-gegen-einsamkeit/215;Civic Coding;Unbekannt;Menschen, die ein Gespräch führen wollen, sollen auf andere treffen können, die zur gleichen Zeit das Bedürfnis haben. Die Teilnahme soll über das Telefonnetz oder online zugänglich sein. Interessen sollen hinterlegt werden können um auf gleichgesinnte Personen zu treffen.;;CC-BY-NC-ND 4.0;https://www.civic-coding.de;203.0
https://www.civic-coding.de/community-information/projekte/vorschauseite-projekt/ki-leseanalytik-fur-kinder-die-technologie-fur-die-lesefoerderung-des-21-jahrhunderts/214;KI-Leseanalytik für Kinder - Die Technologie für die Leseförderung des 21. Jahrhunderts;{};{};https://www.civic-coding.de/community-information/projekte/vorschauseite-projekt/ki-leseanalytik-fur-kinder-die-technologie-fur-die-lesefoerderung-des-21-jahrhunderts/214;Civic Coding;Unbekannt;Eine Sprachtechnologie, die Kindern beim lauten Lesen zuhört und dabei objektiv ihre Lesefähigkeit misst. Die Analyseergebnisse stehen dann Menschen oder Applikationen zur Verfügung, um gezielt zu fördern. Gepaart mit Gamification entstehen so Lösungen, die wirken und Spaß machen;;CC-BY-NC-ND 4.0;https://www.civic-coding.de;204.0
https://www.civic-coding.de/community-information/projekte/vorschauseite-projekt/erroff-arbeitstitel-adaptive-fehler-vermeidungs-plattform/212;errOff [ Arbeitstitel ] Adaptive Fehler-Vermeidungs-Plattform;{};{};https://www.civic-coding.de/community-information/projekte/vorschauseite-projekt/erroff-arbeitstitel-adaptive-fehler-vermeidungs-plattform/212;Civic Coding;Unbekannt;"Jeder Fehler, der als solcher verstanden wird, macht die fehlerhaft handelnde Person ""klüger"". Jeden Fehler sollten Noch-Nicht-Eingearbeitete möglichst NUR 1 x machen. errOff [ Arbeitstitel ] lernt jeden (neuen) Fehler (parallel zur Arbeit) und hilft ihn danach zu vermeiden.";;CC-BY-NC-ND 4.0;https://www.civic-coding.de;205.0
https://www.civic-coding.de/community-information/projekte/vorschauseite-projekt/hybrid-praesentation-laserpointer/210;Hybrid-Präsentation-Laserpointer;{};{};https://www.civic-coding.de/community-information/projekte/vorschauseite-projekt/hybrid-praesentation-laserpointer/210;Civic Coding;Unbekannt;Eine KI wird darauf trainiert zu erkennen, wohin eine Person mit dem Laserpointer physisch auf der Präsentation zeigt. Dies wird übertragen auf den geteilten Bildschirm (Skype, Zoom, BBB etc.). Dadurch wird die hybride Präsentation interaktiver und anschaulicher.;;CC-BY-NC-ND 4.0;https://www.civic-coding.de;206.0
https://www.civic-coding.de/community-information/projekte/vorschauseite-projekt/das-portal-fur-die-gesunde-psyche-start-gesunde-psyche-als-wirtschaftsfaktor/209;Das Portal für die gesunde Psyche (Start: Gesunde Psyche als Wirtschaftsfaktor);{};{};https://www.civic-coding.de/community-information/projekte/vorschauseite-projekt/das-portal-fur-die-gesunde-psyche-start-gesunde-psyche-als-wirtschaftsfaktor/209;Civic Coding;Unbekannt;Speziell entwickelte PsyingU-Module stärken das Bewusstsein für die Gesunde Psyche. Im ersten Schritt entstigmatisieren wir Belastungen in Unternehmen, finden co-kreativ dort Lösungen und berechnen eine PsyingU-Quote. Kostenträger, Anbieter werden in einer Plattform gebündelt.;;CC-BY-NC-ND 4.0;https://www.civic-coding.de;207.0
https://www.civic-coding.de/community-information/projekte/vorschauseite-projekt/ad-on-zum-zwangslaeufig-in-der-anzahl-der-teilnehmer-und-in-der-dauer-limitierten-pilotprojekt-grundeinkommen/203;ad-on zum zwangsläufig in der Anzahl der Teilnehmer und in der Dauer limitierten Pilotprojekt-Grundeinkommen;{};{};https://www.civic-coding.de/community-information/projekte/vorschauseite-projekt/ad-on-zum-zwangslaeufig-in-der-anzahl-der-teilnehmer-und-in-der-dauer-limitierten-pilotprojekt-grundeinkommen/203;Civic Coding;Unbekannt;"Kann man die wissenschaftliche Analyse der Abhängigkeit von Arbeit (- lieber ""Tätigkeit"") und Geld (- lieber ""Lohn"") von der anderen Seite füttern, indem Tätigkeiten unabhängig von Verträgen und garantierten Geldleistungen stimuliert und erfasst werden?";;CC-BY-NC-ND 4.0;https://www.civic-coding.de;208.0
https://www.civic-coding.de/community-information/projekte/vorschauseite-projekt/how-to-erlange-digitale-faehigkeiten-durch-individualisierte-personalisierte-weiterbildungmoeglichkeiten/202;How To - Erlange digitale Fähigkeiten durch individualisierte, personalisierte Weiterbildungmöglichkeiten.;{};{};https://www.civic-coding.de/community-information/projekte/vorschauseite-projekt/how-to-erlange-digitale-faehigkeiten-durch-individualisierte-personalisierte-weiterbildungmoeglichkeiten/202;Civic Coding;Unbekannt;"Mit digitalen Fähigkeiten steht und fällt die Digitalisierung in deutschen Organisationen. ""How To"", eine KI-basierte Weiterbildungsplattform, ermöglicht es ArbeitnehmerInnen auf Basis ihres angegebenen Profils einen individualisierten Fortbildungsplan zu erhalten.";;CC-BY-NC-ND 4.0;https://www.civic-coding.de;209.0
https://www.civic-coding.de/community-information/projekte/vorschauseite-projekt/tracking-algorithmic-discrimination-in-the-platform-economy/201;Tracking algorithmic discrimination in the Platform Economy;{};{};https://www.civic-coding.de/community-information/projekte/vorschauseite-projekt/tracking-algorithmic-discrimination-in-the-platform-economy/201;Civic Coding;Unbekannt;Collecting and assessing data to identify discriminatory patterns in the platform economy. To amend the problematic variables and to ensure an inclusive labour market in the digital world.;;CC-BY-NC-ND 4.0;https://www.civic-coding.de;210.0
https://www.civic-coding.de/community-information/projekte/vorschauseite-projekt/content-management-zur-darstellung-und-ki-gestutzter-dokumentation-von-lebensraeumen/196;Content Management zur Darstellung und KI-gestützter Dokumentation von Lebensräumen;{};{};https://www.civic-coding.de/community-information/projekte/vorschauseite-projekt/content-management-zur-darstellung-und-ki-gestutzter-dokumentation-von-lebensraeumen/196;Civic Coding;Unbekannt;"Wir leben in einem komplexen Lebensraum mit vielen Chancen, Möglichkeiten und Angeboten. Gerade soziale Projekte werden aber häufig als ""Content-Inseln"" realisiert. Also ohne digitale Verknüpfung mit anderen Projekten, Initiativen und Angeboten. Dies möchten wir ändern.";;CC-BY-NC-ND 4.0;https://www.civic-coding.de;211.0
https://www.civic-coding.de/community-information/projekte/vorschauseite-projekt/expertensystem-soziale-stadt/195;Expertensystem Soziale Stadt;{};{};https://www.civic-coding.de/community-information/projekte/vorschauseite-projekt/expertensystem-soziale-stadt/195;Civic Coding;Unbekannt;Expertensystemmodellierung sozialer Wirkungsbeziehungen auf die Arbeitswelt betreffend Wohn-, Arbeits- und Freizeitsituationen in differenzierten räumlichen Stadtstrukturen mit diversen Segregationseffekten im Kontext von heterogenen (Weiter-)Bildungs- und Kulturangeboten;;CC-BY-NC-ND 4.0;https://www.civic-coding.de;212.0
https://www.civic-coding.de/community-information/projekte/vorschauseite-projekt/gesetze-durch-ki-auf-plausibilitaet-und-wirksamkeit-uberprufen-und-kontrollieren/193;Gesetze durch KI auf Plausibilität und Wirksamkeit überprüfen und kontrollieren.;{};{};https://www.civic-coding.de/community-information/projekte/vorschauseite-projekt/gesetze-durch-ki-auf-plausibilitaet-und-wirksamkeit-uberprufen-und-kontrollieren/193;Civic Coding;Unbekannt;"Zieldefinition, Plausibilitätsprüfung, Wirkungskontrolle und Festlegung eines ""Verfalltermins"" aller neuen und bestehenden Gesetze. Zum Verfalltermin entsprechende Überprüfung, Anpassung bzw. Aufhebung.";;CC-BY-NC-ND 4.0;https://www.civic-coding.de;213.0
https://www.civic-coding.de/community-information/projekte/vorschauseite-projekt/wwwresearchupeu/191;www.ResearchUp.eu;{};{};https://www.civic-coding.de/community-information/projekte/vorschauseite-projekt/wwwresearchupeu/191;Civic Coding;Unbekannt;KI- gestützter, EU-weiter Auf- und Ausbau von Verbindungen (F&E) zwischen Forschung u. Industrie auf Personal- und Sachebene, als F&E Plattform: zur Kontaktaufnahme, Kooperations- Anbahnung über die F&E – Auftragssteuerung bis zur gemeinsamen Patententwicklung und -verwertung;;CC-BY-NC-ND 4.0;https://www.civic-coding.de;214.0
https://www.civic-coding.de/community-information/projekte/vorschauseite-projekt/foerderplattform-fur-akteurinnen-aus-dem-bereich-sport-und-sozialem-wandel/190;Förderplattform für Akteur*innen aus dem Bereich Sport und sozialem Wandel;{};{};https://www.civic-coding.de/community-information/projekte/vorschauseite-projekt/foerderplattform-fur-akteurinnen-aus-dem-bereich-sport-und-sozialem-wandel/190;Civic Coding;Unbekannt;Die Plattform soll Akteur*innen, die Sport als Instrument für gesellschaftlichen Wandel nutzen, helfen, einfacher relevante Fördermöglichkeiten zu finden. Mit einem Matching werden soziale Ideen und Initiativen mit Förderern zusammen gebracht.;;CC-BY-NC-ND 4.0;https://www.civic-coding.de;215.0
https://www.civic-coding.de/community-information/projekte/vorschauseite-projekt/gemeinschaftsentscheidungen/189;Gemeinschaftsentscheidungen;{};{};https://www.civic-coding.de/community-information/projekte/vorschauseite-projekt/gemeinschaftsentscheidungen/189;Civic Coding;Unbekannt;Mehr Mitbestimmung bei Entscheidungen, die uns alle betreffen: z.B. Autobahnbau, Nutzung öffentlicher Verkehrswege, Energienutzung, Schulen, Universitäten;;CC-BY-NC-ND 4.0;https://www.civic-coding.de;216.0
https://www.civic-coding.de/community-information/projekte/vorschauseite-projekt/ki-entwurfsassistent-fur-die-industrielle-produktion-und-erstellung-von-wohnungs-schul-und-kitagebaeuden/187;KI-Entwurfsassistent für die industrielle Produktion und Erstellung von Wohnungs-Schul- und Kitagebäuden.;{};{};https://www.civic-coding.de/community-information/projekte/vorschauseite-projekt/ki-entwurfsassistent-fur-die-industrielle-produktion-und-erstellung-von-wohnungs-schul-und-kitagebaeuden/187;Civic Coding;Unbekannt;Die Idee ist, Wohn-, Schul- und Kita-Gebäude industriell zu produzieren und zu erstellen und durch einen KI-unterstützten Entwurfsprozess durch die Integration von sozialen, ökologischen und wirtschaftlichen Qualitäten zu optimieren.;;CC-BY-NC-ND 4.0;https://www.civic-coding.de;217.0
https://www.civic-coding.de/community-information/projekte/vorschauseite-projekt/ki-gestutzte-personalentwicklungstrainings-mit-dem-didakischen-konzept-von-neacos/186;KI-gestützte Personalentwicklungstrainings mit dem didakischen Konzept von neacos;{};{};https://www.civic-coding.de/community-information/projekte/vorschauseite-projekt/ki-gestutzte-personalentwicklungstrainings-mit-dem-didakischen-konzept-von-neacos/186;Civic Coding;Unbekannt;Wir, die neacos GmbH, haben mit einem eigenen didaktischen Konzept große Erfolg bei der Weiterbildung und im Coaching von Mitarbeitenden und Führungskräften. Unser Ansatz erlaubt eine deutliche Zeitreduzierung und fördert die individuellen Ressourcen. Sprechen Sie uns gerne an!;;CC-BY-NC-ND 4.0;https://www.civic-coding.de;218.0
https://www.civic-coding.de/community-information/projekte/vorschauseite-projekt/attract-hire-develop-promote-kann-ki-helfen-damit-unbewusste-vorurteile-minimiert-talent-sich-max-entfaltet/185;"""Attract, hire, develop, promote"": kann KI helfen damit (unbewusste) Vorurteile minimiert & Talent sich max. entfaltet?";{};{};https://www.civic-coding.de/community-information/projekte/vorschauseite-projekt/attract-hire-develop-promote-kann-ki-helfen-damit-unbewusste-vorurteile-minimiert-talent-sich-max-entfaltet/185;Civic Coding;Unbekannt;Das unterentwickelte erkennen, verstehen und nutzen von Talenten, Fachwissen und Erfahrungen von Arbeitnehmern ist multidimensionale Verschwendung, die sich niemand leisten kann und darf. KI soll hier helfen diese Verschwendung zu minimieren.;;CC-BY-NC-ND 4.0;https://www.civic-coding.de;219.0
https://www.civic-coding.de/community-information/projekte/vorschauseite-projekt/explore-spann-ein-informationsnetz-uber-deine-stadt/183;eXPLORE - Spann ein Informationsnetz über Deine Stadt.;{};{};https://www.civic-coding.de/community-information/projekte/vorschauseite-projekt/explore-spann-ein-informationsnetz-uber-deine-stadt/183;Civic Coding;Unbekannt;Wir helfen Dir, ein echtes Netz über alle Themen Deiner Stadt oder Region zu spannen. Alle Informationen werden mit KI automatisch inhaltlich miteinander verknüpft und sind kontextsensitiv verfügbar. Nutzbar als Service aus der Cloud. | https://getrequest.de/smartcountry;;CC-BY-NC-ND 4.0;https://www.civic-coding.de;220.0
https://www.civic-coding.de/community-information/projekte/vorschauseite-projekt/einsatz-von-adaptiven-assistenzsystemen-in-werkstaetten-fur-behinderte-menschen/179;Einsatz von adaptiven Assistenzsystemen in Werkstätten für behinderte Menschen;{};{};https://www.civic-coding.de/community-information/projekte/vorschauseite-projekt/einsatz-von-adaptiven-assistenzsystemen-in-werkstaetten-fur-behinderte-menschen/179;Civic Coding;Unbekannt;Ein anpassungsfähiges Assistenzsystem, das die jeweilige Behinderungen einer Person erkennt und beim Durchführen der Arbeit dort unterstützt, wo die Person Unterstützung benötigt. So können die Menschen auch Aufgaben übernehmen, die für sie ansonsten nicht möglich gewesen wären.;;CC-BY-NC-ND 4.0;https://www.civic-coding.de;221.0
https://www.civic-coding.de/community-information/projekte/vorschauseite-projekt/einkaufsservice-mit-gemeinnutzigen-zwecken-verbinden-einkaufbotede-eb/168;Einkaufsservice mit Gemeinnützigen Zwecken verbinden (Einkaufbote.de = EB);{};{};https://www.civic-coding.de/community-information/projekte/vorschauseite-projekt/einkaufsservice-mit-gemeinnutzigen-zwecken-verbinden-einkaufbotede-eb/168;Civic Coding;Unbekannt;"EB nutzt eigene Zustellboxen. Welche wöchentlich ausgetauscht wird. EB bietet die komplette örtliche Warenvielfalt an EB fördert die Landwirte aus der Region, (Endverbraucher - Landwirt) EB Nutzt ""Serviceabokarten"" um keinerlei Verträge mit Kundschaft zu schließen.";;CC-BY-NC-ND 4.0;https://www.civic-coding.de;222.0
https://www.civic-coding.de/community-information/projekte/vorschauseite-projekt/jobs-von-morgen-als-karte/159;Jobs von morgen als Karte;{};{};https://www.civic-coding.de/community-information/projekte/vorschauseite-projekt/jobs-von-morgen-als-karte/159;Civic Coding;Unbekannt;Immer mehr Menschen suchen erfüllende Tätigkeiten in integralen, innovativen Unternehmen von morgen. Wie können wir deren Profile auf der Karte von morgen so aufbereiten, dass sie besser gefunden werden können? Eine KI-Jobsuche, die zielsicher erkennt, was gebraucht wird.;;CC-BY-NC-ND 4.0;https://www.civic-coding.de;223.0
https://www.civic-coding.de/community-information/projekte/vorschauseite-projekt/bildungsfabrik/151;Bildungsfabrik;{};{};https://www.civic-coding.de/community-information/projekte/vorschauseite-projekt/bildungsfabrik/151;Civic Coding;Unbekannt;Wir möchten allen Anderslernern die Chance geben, sich den Weg ihrer Qualifikation selbst auszuwählen. Damit auch die Möglichkeit geben, mit verwertbaren Prüfungen und Qualifikationen, ihre Fähigkeiten und Fertigkeiten auch in der Arbeitswelt sichtbar/wertvoll zu platzieren.;;CC-BY-NC-ND 4.0;https://www.civic-coding.de;224.0
https://www.civic-coding.de/community-information/projekte/vorschauseite-projekt/pen-product-enlightenment-network/150;PEN - Product Enlightenment Network;{};{};https://www.civic-coding.de/community-information/projekte/vorschauseite-projekt/pen-product-enlightenment-network/150;Civic Coding;Unbekannt;Durch den Einsatz verschiedener, bereits vorhandener technologischer Werkzeuge, könnte ein Informationssystem (vgl. Wikipedia) aufgebaut werden, welches die Konsumenten über den CO2e-Fußabdruck der Ge- & Verbrauchsgüter aufklärt, die er oder sie konsumiert.;;CC-BY-NC-ND 4.0;https://www.civic-coding.de;225.0
